1784275093920,Ant,Explore,null,true
1784275093922,bear,Explore,null,false
1784275094339,alice,Play,http://localhost:3251@Bee,false
1784275094340,Bee,Play,http://localhost:3251@alice,false
1784275094554,Bat,Explore,null,true
1784275095192,Ant,Walk,http://localhost:3251@brice,true
1784275095193,brice,Walk,http://localhost:3251@Ant,true
1784275095684,Ant,Exercise,http://localhost:3251@bear,false
1784275095687,bear,Exercise,http://localhost:3251@Ant,false
1784275096084,Bat,Explore,null,true
1784275097293,alice,Explore,null,false
1784275097347,brice,Explore,null,false
1784275097763,Bee,Explore,null,true
1784275097945,bear,Fight,http://localhost:3251@brice,false
1784275097946,brice,Fight,http://localhost:3251@bear,true
1784275098296,Bat,Explore,null,false
1784275099137,Ant,Walk,http://localhost:3251@Bee,false
1784275099138,Bee,Walk,http://localhost:3251@Ant,true
1784275099304,bear,Walk,http://localhost:3251@brice,true
1784275099305,brice,Walk,http://localhost:3251@bear,true
1784275100480,Ant,Play,http://localhost:3251@bear,true
1784275100483,bear,Play,http://localhost:3251@Ant,false
1784275100543,Bat,Explore,null,true
1784275100733,Bee,Explore,null,true
1784275101745,alice,Exercise,http://localhost:3251@bear,true
1784275101746,Ant,Exercise,http://localhost:3251@brice,true
1784275101747,bear,Exercise,http://localhost:3251@Ant,true
1784275101748,brice,Exercise,http://localhost:3251@Ant,false
1784275102252,Bat,Explore,null,false
1784275102801,Bee,Play,http://localhost:3251@alice,false
1784275102803,brice,Play,http://localhost:3251@Bee,true
1784275103495,Ant,Fight,http://localhost:3251@Bee,true
1784275103497,Bee,Fight,http://localhost:3251@Ant,false
1784275103685,alice,Exercise,http://localhost:3251@Bat,false
1784275103687,Bat,Exercise,http://localhost:3251@alice,true
1784275104064,bear,Exercise,http://localhost:3251@brice,true
1784275104065,brice,Exercise,http://localhost:3251@bear,true
1784275104760,alice,Exercise,http://localhost:3251@Bee,false
1784275104762,Bee,Exercise,http://localhost:3251@alice,false
1784275105775,Ant,Play,http://localhost:3251@bear,false
1784275105776,brice,Play,http://localhost:3251@Ant,true
1784275106269,Bat,Explore,null,true
1784275106522,bear,Explore,null,false
1784275106965,alice,Walk,http://localhost:3251@Bee,false
1784275106967,Bee,Walk,http://localhost:3251@alice,false
1784275107029,Ant,Exercise,http://localhost:3251@brice,false
1784275107030,Bat,Exercise,http://localhost:3251@Ant,true
1784275107927,Bat,Walk,http://localhost:3251@bear,true
1784275107928,bear,Walk,http://localhost:3251@Bat,true
1784275108227,Bee,Exercise,http://localhost:3251@alice,true
1784275108228,brice,Exercise,http://localhost:3251@Bee,true
1784275108672,alice,Explore,null,true
1784275109367,alice,Sing,http://localhost:3251@Bat,true
1784275109370,Bat,Sing,http://localhost:3251@alice,true
1784275109494,bear,Exercise,http://localhost:3251@Bee,true
1784275109495,Bee,Exercise,http://localhost:3251@alice,false
1784275110310,Bee,Play,http://localhost:3251@brice,false
1784275110312,brice,Play,http://localhost:3251@Bee,false
1784275111453,Bat,Sing,http://localhost:3251@alice,false
1784275111454,brice,Sing,http://localhost:3251@Bat,false
1784275111643,Ant,Fight,http://localhost:3251@Bee,true
1784275111645,Bee,Fight,http://localhost:3251@Ant,false
1784275112337,bear,Exercise,http://localhost:3251@Ant,false
1784275112340,brice,Exercise,http://localhost:3251@bear,false
1784275112527,Ant,Talk,http://localhost:3251@Bat,true
1784275112528,Bat,Talk,http://localhost:3251@Ant,false
1784275113598,Ant,Exercise,http://localhost:3251@brice,false
1784275113599,brice,Exercise,http://localhost:3251@bear,true
1784275113851,alice,Explore,null,true
1784275114039,Bee,Explore,null,true
1784275114231,Bat,Explore,null,true
1784275114990,alice,Exercise,http://localhost:3251@bear,false
1784275114992,bear,Exercise,http://localhost:3251@Ant,false
1784275115305,Ant,Explore,null,false
1784275115812,Bee,Explore,null,true
1784275115929,Bat,Explore,null,false
1784275116684,alice,Explore,null,false
1784275116686,Ant,Dance,http://localhost:3251@Bat,true
1784275116686,Bat,Dance,http://localhost:3251@Ant,true
1784275117381,bear,Explore,null,false
1784275117758,alice,Talk,http://localhost:3251@bear,true
1784275117759,bear,Talk,http://localhost:3251@alice,false
1784275117821,Ant,Talk,http://localhost:3251@Bat,true
1784275117822,Bat,Talk,http://localhost:3251@Ant,false
1784275118250,Bee,Explore,null,true
1784275118761,brice,Explore,null,true
1784275119141,alice,Walk,http://localhost:3251@Bee,true
1784275119144,Bee,Walk,http://localhost:3251@alice,false
1784275120155,alice,Sing,http://localhost:3251@brice,false
1784275120156,brice,Sing,http://localhost:3251@alice,true
1784275120344,Bat,Explore,null,true
1784275120710,bear,Walk,http://localhost:3251@Bat,false
1784275120713,Bee,Walk,http://localhost:3251@bear,false
1784275121848,brice,Explore,null,true
1784275121911,alice,Fight,http://localhost:3251@Bat,true
1784275121912,Bat,Fight,http://localhost:3251@alice,true
1784275122291,Ant,Explore,null,true
1784275122418,Bee,Explore,null,true
1784275122989,Bat,Fight,http://localhost:3251@bear,true
1784275122990,bear,Fight,http://localhost:3251@Bat,true
1784275123531,brice,Explore,null,false
1784275123847,Bat,Walk,http://localhost:3251@Bee,true
1784275123848,Bee,Walk,http://localhost:3251@Ant,false
1784275124036,alice,Dance,http://localhost:3251@bear,true
1784275124038,bear,Dance,http://localhost:3251@alice,true
1784275124924,Ant,Dance,http://localhost:3251@brice,false
1784275124926,brice,Dance,http://localhost:3251@Ant,true
1784275125304,Bat,Sing,http://localhost:3251@Bee,true
1784275125305,Bee,Sing,http://localhost:3251@Bat,true
1784275125747,alice,Explore,null,true
1784275126618,brice,Explore,null,true
1784275126739,Bat,Dance,http://localhost:3251@Bee,true
1784275126740,Bee,Dance,http://localhost:3251@Bat,true
1784275127016,Ant,Dance,http://localhost:3251@Bat,false
1784275127018,bear,Dance,http://localhost:3251@Ant,true
1784275127436,alice,Explore,null,true
1784275127884,Bee,Dance,http://localhost:3251@brice,false
1784275127885,brice,Dance,http://localhost:3251@Ant,true
1784275128283,alice,Dance,http://localhost:3251@bear,true
1784275128285,bear,Dance,http://localhost:3251@alice,false
1784275128820,Ant,Exercise,http://localhost:3251@brice,false
1784275128821,bear,Exercise,http://localhost:3251@Ant,false
1784275129449,alice,Walk,http://localhost:3251@Bat,false
1784275129450,Bat,Walk,http://localhost:3251@alice,true
1784275130460,Bat,Exercise,http://localhost:3251@brice,true
1784275130462,brice,Exercise,http://localhost:3251@bear,false
1784275130587,alice,Talk,http://localhost:3251@bear,false
1784275130588,bear,Talk,http://localhost:3251@alice,true
1784275130906,Bee,Explore,null,false
1784275131285,Ant,Talk,http://localhost:3251@Bat,true
1784275131287,brice,Talk,http://localhost:3251@Ant,false
1784275131806,bear,Exercise,http://localhost:3251@Ant,true
1784275131807,Bee,Exercise,http://localhost:3251@bear,false
1784275132101,Bat,Explore,null,false
1784275132215,alice,Explore,null,true
1784275132993,alice,Exercise,http://localhost:3251@bear,true
1784275132994,bear,Exercise,http://localhost:3251@Ant,true
1784275133111,Bat,Sing,http://localhost:3251@Bee,false
1784275133112,Bee,Sing,http://localhost:3251@Bat,true
1784275133884,bear,Dance,http://localhost:3251@brice,false
1784275133885,brice,Dance,http://localhost:3251@Ant,false
1784275134189,Ant,Explore,null,true
1784275134625,alice,Explore,null,false
1784275134749,Bee,Explore,null,false
1784275135224,Bat,Walk,http://localhost:3251@bear,true
1784275135225,bear,Walk,http://localhost:3251@Bat,false
1784275135580,Bee,Fight,http://localhost:3251@brice,true
1784275135581,brice,Fight,http://localhost:3251@Bee,true
1784275135934,alice,Play,http://localhost:3251@Bat,true
1784275135935,Bat,Play,http://localhost:3251@alice,false
1784275136844,Ant,Play,http://localhost:3251@bear,false
1784275136845,Bat,Play,http://localhost:3251@Ant,true
1784275137466,bear,Exercise,http://localhost:3251@Bee,true
1784275137468,Bee,Exercise,http://localhost:3251@alice,false
1784275137576,alice,Walk,http://localhost:3251@brice,false
1784275137578,brice,Walk,http://localhost:3251@bear,false
1784275138194,Ant,Dance,http://localhost:3251@Bat,true
1784275138195,bear,Dance,http://localhost:3251@Ant,true
1784275138615,bear,Talk,http://localhost:3251@brice,true
1784275138617,brice,Talk,http://localhost:3251@bear,true
1784275139164,Bat,Fight,http://localhost:3251@Bee,false
1784275139165,Bee,Fight,http://localhost:3251@Bat,true
1784275139705,Ant,Talk,http://localhost:3251@brice,false
1784275139706,brice,Talk,http://localhost:3251@bear,false
1784275139954,alice,Walk,http://localhost:3251@bear,true
1784275139955,bear,Walk,http://localhost:3251@Bat,true
1784275140496,Ant,Walk,http://localhost:3251@Bat,false
1784275140497,Bat,Walk,http://localhost:3251@alice,true
1784275140498,Bee,Walk,http://localhost:3251@Ant,false
1784275140499,brice,Walk,http://localhost:3251@Bee,false
1784275141277,alice,Play,http://localhost:3251@Bat,true
1784275141279,Bat,Play,http://localhost:3251@alice,false
1784275141658,bear,Explore,null,true
1784275142252,Ant,Talk,http://localhost:3251@Bat,true
1784275142255,bear,Talk,http://localhost:3251@Ant,true
1784275142850,Bee,Fight,http://localhost:3251@Bat,true
1784275142851,brice,Fight,http://localhost:3251@Bee,true
1784275143721,alice,Explore,null,false
1784275143903,Ant,Explore,null,false
1784275143904,Bat,Talk,http://localhost:3251@Bee,true
1784275143905,Bee,Talk,http://localhost:3251@Bat,true
1784275144512,brice,Explore,null,true
1784275145082,alice,Sing,http://localhost:3251@Bat,true
1784275145085,Bat,Sing,http://localhost:3251@alice,false
1784275145254,bear,Explore,null,true
1784275145594,Ant,Talk,http://localhost:3251@Bat,true
1784275145596,Bat,Talk,http://localhost:3251@Ant,false
1784275146185,brice,Explore,null,true
1784275146630,Ant,Walk,http://localhost:3251@bear,true
1784275146633,bear,Walk,http://localhost:3251@Bat,false
1784275146882,Bee,Explore,null,false
1784275146946,Bat,Walk,http://localhost:3251@alice,true
1784275146947,brice,Walk,http://localhost:3251@Bat,false
1784275147834,alice,Dance,http://localhost:3251@bear,false
1784275147836,Ant,Dance,http://localhost:3251@alice,true
1784275147961,Bee,Fight,http://localhost:3251@Bat,false
1784275147963,brice,Fight,http://localhost:3251@Bee,true
1784275148340,bear,Explore,null,true
1784275148594,alice,Dance,http://localhost:3251@Bat,true
1784275148595,Bat,Dance,http://localhost:3251@alice,false
1784275149352,Bat,Sing,http://localhost:3251@Bee,false
1784275149353,Bee,Sing,http://localhost:3251@Bat,false
1784275149479,bear,Fight,http://localhost:3251@brice,false
1784275149480,brice,Fight,http://localhost:3251@bear,false
1784275149796,alice,Exercise,http://localhost:3251@Ant,false
1784275149797,Ant,Exercise,http://localhost:3251@brice,false
1784275151059,Bee,Explore,null,false
1784275151122,Bat,Explore,null,false
1784275151183,alice,Walk,http://localhost:3251@Bee,false
1784275151185,bear,Explore,null,true
1784275151186,brice,Walk,http://localhost:3251@alice,true
1784275151867,Ant,Dance,http://localhost:3251@Bat,true
1784275151869,Bee,Dance,http://localhost:3251@Ant,true
1784275152803,Bat,Explore,null,false
1784275152866,brice,Explore,null,false
1784275153243,Ant,Walk,http://localhost:3251@brice,true
1784275153245,bear,Walk,http://localhost:3251@Ant,true
1784275153624,alice,Talk,http://localhost:3251@bear,true
1784275153625,Bat,Talk,http://localhost:3251@alice,true
1784275154320,bear,Fight,http://localhost:3251@brice,false
1784275154322,brice,Fight,http://localhost:3251@bear,false
1784275154698,alice,Talk,http://localhost:3251@bear,false
1784275154700,brice,Talk,http://localhost:3251@alice,true
1784275154950,Ant,Explore,null,false
1784275155707,Bee,Explore,null,false
1784275156023,bear,Explore,null,false
1784275156152,Bat,Explore,null,false
1784275156469,alice,Talk,http://localhost:3251@bear,false
1784275156470,Ant,Talk,http://localhost:3251@alice,true
1784275156785,bear,Walk,http://localhost:3251@brice,false
1784275156789,brice,Walk,http://localhost:3251@bear,true
1784275157481,bear,Fight,http://localhost:3251@Bee,false
1784275157483,Bee,Fight,http://localhost:3251@Bat,false
1784275157544,Bat,Walk,http://localhost:3251@alice,false
1784275157545,brice,Walk,http://localhost:3251@Bat,true
1784275158242,alice,Fight,http://localhost:3251@Bat,true
1784275158244,Bat,Fight,http://localhost:3251@alice,true
1784275159189,bear,Explore,null,false
1784275159244,Bee,Explore,null,false
1784275160222,alice,Play,http://localhost:3251@Bat,false
1784275160223,brice,Play,http://localhost:3251@alice,true
1784275160728,bear,Explore,null,true
1784275161192,alice,Fight,http://localhost:3251@Bat,false
1784275161193,Ant,Talk,http://localhost:3251@brice,true
1784275161194,Bat,Fight,http://localhost:3251@alice,false
1784275161194,brice,Talk,http://localhost:3251@bear,false
1784275161722,alice,Talk,http://localhost:3251@bear,false
1784275161723,bear,Talk,http://localhost:3251@alice,false
1784275162055,Bee,Explore,null,true
1784275162778,Ant,Explore,null,true
1784275162779,brice,Explore,null,false
1784275163032,alice,Walk,http://localhost:3251@Bee,false
1784275163033,Bat,Walk,http://localhost:3251@alice,false
1784275163791,Bee,Explore,null,true
1784275164040,Ant,Exercise,http://localhost:3251@brice,true
1784275164043,Bat,Exercise,http://localhost:3251@Ant,true
1784275164865,Ant,Talk,http://localhost:3251@bear,true
1784275164867,bear,Talk,http://localhost:3251@alice,true
1784275164991,alice,Exercise,http://localhost:3251@Bat,true
1784275164993,Bat,Exercise,http://localhost:3251@alice,true
1784275165532,alice,Talk,http://localhost:3251@Bee,false
1784275165533,Bee,Talk,http://localhost:3251@Bat,false
1784275166098,alice,Exercise,http://localhost:3251@bear,false
1784275166100,bear,Exercise,http://localhost:3251@Ant,true
1784275166826,alice,Sing,http://localhost:3251@Bee,true
1784275166827,Bee,Sing,http://localhost:3251@Bat,true
1784275167043,Ant,Explore,null,false
1784275167333,Bat,Walk,http://localhost:3251@bear,true
1784275167334,bear,Walk,http://localhost:3251@Bat,true
1784275168002,alice,Exercise,http://localhost:3251@Bat,false
1784275168004,bear,Exercise,http://localhost:3251@alice,false
1784275168371,Ant,Walk,http://localhost:3251@brice,true
1784275168373,brice,Walk,http://localhost:3251@Ant,true
1784275169066,Bee,Explore,null,true
1784275169313,alice,Play,http://localhost:3251@Bat,false
1784275169314,Ant,Play,http://localhost:3251@alice,false
1784275169631,Bat,Explore,null,true
1784275169634,bear,Explore,null,false
1784275170580,alice,Exercise,http://localhost:3251@Bat,true
1784275170580,brice,Exercise,http://localhost:3251@alice,false
1784275170771,Bee,Explore,null,true
1784275171339,Bat,Explore,null,false
1784275171403,alice,Sing,http://localhost:3251@Ant,false
1784275171404,Ant,Sing,http://localhost:3251@alice,true
1784275171846,Bat,Talk,http://localhost:3251@Bee,true
1784275171847,Bee,Talk,http://localhost:3251@Bat,false
1784275172287,brice,Explore,null,true
1784275173110,alice,Explore,null,true
1784275173235,Bat,Dance,http://localhost:3251@alice,true
1784275173237,brice,Dance,http://localhost:3251@Bat,true
1784275173487,bear,Explore,null,false
1784275173614,Ant,Fight,http://localhost:3251@Bee,true
1784275173615,Bee,Fight,http://localhost:3251@Bat,false
1784275174502,alice,Walk,http://localhost:3251@Bee,false
1784275174504,Bat,Walk,http://localhost:3251@alice,false
1784275174629,Bee,Play,http://localhost:3251@brice,false
1784275174630,brice,Play,http://localhost:3251@Bee,true
1784275175768,Ant,Walk,http://localhost:3251@brice,true
1784275175770,brice,Walk,http://localhost:3251@Ant,false
1784275175958,alice,Play,http://localhost:3251@Bat,false
1784275175960,Bat,Play,http://localhost:3251@alice,false
1784275175961,bear,Explore,null,false
1784275176700,bear,Play,http://localhost:3251@Bee,true
1784275176703,Bee,Play,http://localhost:3251@alice,false
1784275177649,alice,Explore,null,false
1784275177651,Bat,Explore,null,true
1784275178092,Ant,Play,http://localhost:3251@bear,false
1784275178093,bear,Play,http://localhost:3251@Ant,true
1784275178408,Bee,Explore,null,false
1784275178662,Bat,Walk,http://localhost:3251@brice,false
1784275178664,brice,Walk,http://localhost:3251@bear,false
1784275179799,Bat,Play,http://localhost:3251@Bee,true
1784275179801,Bee,Play,http://localhost:3251@alice,false
1784275179863,Ant,Explore,null,true
1784275181062,brice,Explore,null,true
1784275181176,bear,Explore,null,false
1784275181475,Bat,Explore,null,false
1784275181648,alice,Exercise,http://localhost:3251@Bat,false
1784275181649,Ant,Exercise,http://localhost:3251@alice,true
1784275182217,Bee,Explore,null,false
1784275182407,alice,Play,http://localhost:3251@brice,true
1784275182408,brice,Play,http://localhost:3251@Bee,false
1784275182532,Bat,Sing,http://localhost:3251@bear,false
1784275182533,bear,Sing,http://localhost:3251@Bat,false
1784275183734,Ant,Sing,http://localhost:3251@alice,true
1784275183736,brice,Sing,http://localhost:3251@Ant,false
1784275184240,alice,Talk,http://localhost:3251@bear,false
1784275184241,bear,Talk,http://localhost:3251@alice,false
1784275184618,Bat,Walk,http://localhost:3251@alice,true
1784275184620,brice,Walk,http://localhost:3251@Bat,false
1784275184682,Bee,Explore,null,false
1784275185442,Ant,Explore,null,false
1784275185884,alice,Exercise,http://localhost:3251@Bat,true
1784275185885,Bat,Exercise,http://localhost:3251@alice,false
1784275186154,bear,Exercise,http://localhost:3251@Ant,false
1784275186155,Bee,Exercise,http://localhost:3251@bear,false
1784275186710,alice,Play,http://localhost:3251@brice,true
1784275186711,brice,Play,http://localhost:3251@Bee,true
1784275186983,Ant,Explore,null,false
1784275187394,Bat,Sing,http://localhost:3251@Bee,false
1784275187397,Bee,Sing,http://localhost:3251@Bat,false
1784275187810,Bat,Talk,http://localhost:3251@bear,false
1784275187811,bear,Talk,http://localhost:3251@alice,true
1784275188255,alice,Explore,null,false
1784275188256,brice,Explore,null,false
1784275188666,Ant,Sing,http://localhost:3251@Bee,true
1784275188667,Bee,Sing,http://localhost:3251@Bat,true
1784275188838,Bat,Talk,http://localhost:3251@Ant,true
1784275188839,brice,Talk,http://localhost:3251@Bat,true
1784275189817,Bat,Sing,http://localhost:3251@bear,true
1784275189818,bear,Sing,http://localhost:3251@Bat,false
1784275190007,Bee,Sing,http://localhost:3251@Bat,true
1784275190008,brice,Sing,http://localhost:3251@Bee,true
1784275191143,bear,Sing,http://localhost:3251@Bat,false
1784275191144,brice,Sing,http://localhost:3251@bear,true
1784275191199,alice,Explore,null,true
1784275191420,Bat,Explore,null,false
1784275191906,Bee,Play,http://localhost:3251@alice,false
1784275191908,brice,Play,http://localhost:3251@Bee,false
1784275192030,Ant,Walk,http://localhost:3251@brice,false
1784275192031,Bat,Walk,http://localhost:3251@Ant,true
1784275193344,alice,Dance,http://localhost:3251@Ant,false
1784275193345,Ant,Dance,http://localhost:3251@Bat,false
1784275193466,Bee,Explore,null,false
1784275193632,bear,Walk,http://localhost:3251@Bat,false
1784275193633,brice,Walk,http://localhost:3251@bear,true
1784275194960,Bat,Walk,http://localhost:3251@brice,false
1784275194963,brice,Walk,http://localhost:3251@bear,true
1784275195084,Bee,Explore,null,false
1784275195657,Ant,Explore,null,true
1784275196353,bear,Exercise,http://localhost:3251@Bee,true
1784275196355,Bee,Exercise,http://localhost:3251@alice,false
1784275196736,alice,Play,http://localhost:3251@Bat,false
1784275196737,Ant,Play,http://localhost:3251@alice,false
1784275197889,Bee,Dance,http://localhost:3251@brice,false
1784275197891,brice,Dance,http://localhost:3251@Ant,false
1784275197952,Ant,Walk,http://localhost:3251@Bat,true
1784275197954,Bat,Walk,http://localhost:3251@alice,false
1784275198079,bear,Explore,null,false
1784275198460,alice,Explore,null,false
1784275199280,Bat,Sing,http://localhost:3251@brice,true
1784275199282,brice,Sing,http://localhost:3251@alice,false
1784275199979,bear,Dance,http://localhost:3251@Bee,false
1784275199981,Bee,Dance,http://localhost:3251@Bat,false
1784275200673,Ant,Dance,http://localhost:3251@Bat,true
1784275200674,Bat,Dance,http://localhost:3251@alice,true
1784275200675,Bee,Dance,http://localhost:3251@brice,true
1784275200675,brice,Dance,http://localhost:3251@Ant,false
1784275201369,Bat,Dance,http://localhost:3251@bear,false
1784275201370,bear,Dance,http://localhost:3251@alice,true
1784275202190,Ant,Play,http://localhost:3251@bear,true
1784275202192,brice,Play,http://localhost:3251@Ant,true
1784275202380,Bee,Explore,null,false
1784275203317,alice,Sing,http://localhost:3251@Bat,false
1784275203318,bear,Sing,http://localhost:3251@alice,false
1784275203823,Bat,Fight,http://localhost:3251@bear,false
1784275203824,brice,Fight,http://localhost:3251@Bat,false
1784275204391,alice,Talk,http://localhost:3251@bear,true
1784275204393,Bat,Talk,http://localhost:3251@alice,false
1784275204894,Ant,Talk,http://localhost:3251@brice,false
1784275204896,brice,Talk,http://localhost:3251@bear,true
1784275205462,Ant,Fight,http://localhost:3251@Bat,true
1784275205464,Bat,Fight,http://localhost:3251@bear,true
1784275205904,bear,Dance,http://localhost:3251@Bee,true
1784275205905,Bee,Dance,http://localhost:3251@Bat,true
1784275206537,Bat,Fight,http://localhost:3251@bear,false
1784275206538,bear,Fight,http://localhost:3251@Bat,false
1784275207197,Ant,Explore,null,false
1784275207261,Bat,Play,http://localhost:3251@Bee,true
1784275207263,Bee,Play,http://localhost:3251@alice,true
1784275207515,alice,Explore,null,false
1784275207957,Ant,Walk,http://localhost:3251@bear,false
1784275207959,bear,Walk,http://localhost:3251@Bat,true
1784275208970,Bat,Explore,null,false
1784275209349,alice,Sing,http://localhost:3251@Ant,false
1784275209351,Ant,Sing,http://localhost:3251@alice,false
1784275210363,Ant,Play,http://localhost:3251@Bat,true
1784275210366,Bat,Play,http://localhost:3251@alice,true
1784275210427,alice,Dance,http://localhost:3251@brice,true
1784275210428,brice,Dance,http://localhost:3251@Ant,true
1784275210807,bear,Play,http://localhost:3251@Bee,false
1784275210808,Bee,Play,http://localhost:3251@alice,true
1784275211443,Ant,Fight,http://localhost:3251@Bee,true
1784275211444,brice,Fight,http://localhost:3251@Ant,true
1784275212039,Bat,Exercise,http://localhost:3251@Bee,false
1784275212040,Bee,Exercise,http://localhost:3251@alice,false
1784275212536,bear,Talk,http://localhost:3251@alice,true
1784275212538,Bee,Talk,http://localhost:3251@bear,false
1784275213294,alice,Play,http://localhost:3251@Bat,true
1784275213297,Bat,Play,http://localhost:3251@alice,false
1784275213930,Ant,Fight,http://localhost:3251@Bee,false
1784275213933,Bee,Fight,http://localhost:3251@Ant,true
1784275214117,bear,Exercise,http://localhost:3251@brice,false
1784275214119,brice,Exercise,http://localhost:3251@bear,false
1784275215002,alice,Explore,null,false
1784275215319,Ant,Sing,http://localhost:3251@alice,true
1784275215320,brice,Sing,http://localhost:3251@Ant,true
1784275215637,Bee,Explore,null,true
1784275216191,alice,Play,http://localhost:3251@bear,false
1784275216192,bear,Play,http://localhost:3251@Ant,false
1784275216383,Bat,Explore,null,false
1784275217016,alice,Sing,http://localhost:3251@Bee,true
1784275217018,Bee,Sing,http://localhost:3251@Bat,true
1784275217765,Bat,Walk,http://localhost:3251@alice,true
1784275217768,Bee,Walk,http://localhost:3251@Bat,false
1784275218517,bear,Explore,null,false
1784275218948,alice,Play,http://localhost:3251@Bat,true
1784275218949,brice,Play,http://localhost:3251@alice,false
1784275219112,Bat,Play,http://localhost:3251@Bee,true
1784275219114,Bee,Play,http://localhost:3251@alice,false
1784275219680,Ant,Explore,null,true
1784275220005,bear,Explore,null,false
1784275220740,alice,Exercise,http://localhost:3251@Bat,false
1784275220742,Ant,Exercise,http://localhost:3251@alice,false
1784275221268,Ant,Talk,http://localhost:3251@brice,true
1784275221270,brice,Talk,http://localhost:3251@bear,false
1784275221340,Bee,Explore,null,true
1784275221395,Bat,Explore,null,false
1784275221682,Ant,Fight,http://localhost:3251@bear,false
1784275221683,bear,Fight,http://localhost:3251@brice,true
1784275222049,alice,Sing,http://localhost:3251@Bat,true
1784275222050,brice,Sing,http://localhost:3251@alice,true
1784275222406,Bat,Talk,http://localhost:3251@Ant,false
1784275222407,brice,Talk,http://localhost:3251@Bat,true
1784275222967,Bee,Explore,null,false
1784275223080,alice,Talk,http://localhost:3251@bear,false
1784275223081,Bat,Talk,http://localhost:3251@alice,false
1784275223760,Ant,Walk,http://localhost:3251@brice,false
1784275223762,Bat,Walk,http://localhost:3251@Ant,false
1784275223950,bear,Explore,null,false
1784275224775,alice,Fight,http://localhost:3251@Bat,false
1784275224777,brice,Fight,http://localhost:3251@alice,false
1784275225089,Bat,Sing,http://localhost:3251@Bee,true
1784275225091,Bee,Sing,http://localhost:3251@Bat,false
1784275225535,Ant,Talk,http://localhost:3251@Bat,true
1784275225536,bear,Talk,http://localhost:3251@Ant,true
1784275226170,Bee,Dance,http://localhost:3251@brice,true
1784275226172,brice,Dance,http://localhost:3251@Ant,false
1784275226993,alice,Dance,http://localhost:3251@bear,false
1784275226996,Bee,Dance,http://localhost:3251@alice,false
1784275227183,Bat,Play,http://localhost:3251@alice,false
1784275227184,brice,Play,http://localhost:3251@Bat,true
1784275228074,Ant,Explore,null,false
1784275228389,alice,Walk,http://localhost:3251@Bee,true
1784275228391,Bat,Walk,http://localhost:3251@alice,false
1784275228392,Bee,Walk,http://localhost:3251@Ant,false
1784275228393,brice,Walk,http://localhost:3251@Bee,false
1784275228642,bear,Explore,null,false
1784275230093,Bee,Explore,null,false
1784275230156,Ant,Walk,http://localhost:3251@brice,true
1784275230158,brice,Walk,http://localhost:3251@Ant,false
1784275230787,Bat,Explore,null,true
1784275231357,bear,Exercise,http://localhost:3251@Ant,true
1784275231358,brice,Exercise,http://localhost:3251@bear,true
1784275232165,Bat,Play,http://localhost:3251@alice,false
1784275232167,bear,Play,http://localhost:3251@Bat,true
1784275232481,Bee,Explore,null,true
1784275232544,Ant,Explore,null,false
1784275233051,alice,Fight,http://localhost:3251@Bat,false
1784275233052,Bee,Fight,http://localhost:3251@alice,false
1784275233548,Ant,Sing,http://localhost:3251@Bat,false
1784275233550,Bat,Sing,http://localhost:3251@alice,true
1784275234245,Bat,Play,http://localhost:3251@bear,false
1784275234246,bear,Play,http://localhost:3251@Ant,false
1784275235197,brice,Explore,null,true
1784275235261,Ant,Explore,null,false
1784275236149,Bee,Explore,null,false
1784275236403,alice,Walk,http://localhost:3251@bear,true
1784275236405,bear,Walk,http://localhost:3251@Bat,true
1784275237038,Ant,Talk,http://localhost:3251@Bat,false
1784275237039,bear,Talk,http://localhost:3251@Ant,false
1784275237717,Bat,Sing,http://localhost:3251@alice,true
1784275237718,Bee,Sing,http://localhost:3251@Bat,false
1784275238288,brice,Explore,null,true
1784275238541,alice,Play,http://localhost:3251@Bat,true
1784275238543,Bat,Play,http://localhost:3251@alice,true
1784275238731,bear,Explore,null,true
1784275239491,Bee,Explore,null,true
1784275239680,alice,Sing,http://localhost:3251@brice,true
1784275239681,brice,Sing,http://localhost:3251@alice,false
1784275239870,Ant,Talk,http://localhost:3251@bear,false
1784275239871,bear,Talk,http://localhost:3251@alice,true
1784275240885,Bee,Sing,http://localhost:3251@Bat,true
1784275240886,brice,Sing,http://localhost:3251@Bee,true
1784275240949,Bat,Explore,null,true
1784275241266,alice,Sing,http://localhost:3251@bear,false
1784275241267,bear,Sing,http://localhost:3251@Bat,true
1784275242278,alice,Sing,http://localhost:3251@Bee,false
1784275242280,Bee,Sing,http://localhost:3251@Bat,true
1784275242405,Ant,Fight,http://localhost:3251@Bee,true
1784275242406,Bat,Fight,http://localhost:3251@Ant,false
1784275243419,brice,Explore,null,true
1784275244048,alice,Talk,http://localhost:3251@bear,false
1784275244050,brice,Talk,http://localhost:3251@alice,true
1784275244682,Bee,Explore,null,false
1784275245189,Ant,Walk,http://localhost:3251@brice,true
1784275245190,bear,Walk,http://localhost:3251@Ant,true
1784275245567,Bat,Talk,http://localhost:3251@Ant,true
1784275245568,Bee,Talk,http://localhost:3251@Bat,true
1784275246140,alice,Dance,http://localhost:3251@bear,false
1784275246141,Ant,Dance,http://localhost:3251@alice,false
1784275246457,brice,Explore,null,false
1784275246886,bear,Explore,null,true
1784275246950,Ant,Walk,http://localhost:3251@Bat,true
1784275246951,Bat,Walk,http://localhost:3251@alice,true
1784275247836,alice,Sing,http://localhost:3251@brice,false
1784275247839,brice,Sing,http://localhost:3251@alice,true
1784275248025,Ant,Fight,http://localhost:3251@Bat,true
1784275248027,Bat,Fight,http://localhost:3251@bear,false
1784275248658,Bee,Explore,null,true
1784275249865,alice,Fight,http://localhost:3251@Ant,false
1784275249866,Ant,Fight,http://localhost:3251@Bee,false
1784275249983,Bat,Exercise,http://localhost:3251@alice,true
1784275249984,brice,Exercise,http://localhost:3251@Bat,true
1784275251185,Bee,Explore,null,false
1784275251410,Bat,Sing,http://localhost:3251@alice,false
1784275251411,brice,Sing,http://localhost:3251@Bat,true
1784275252233,Ant,Explore,null,true
1784275252738,alice,Walk,http://localhost:3251@Bee,false
1784275252739,Bat,Walk,http://localhost:3251@alice,false
1784275252803,Bee,Sing,http://localhost:3251@brice,true
1784275252803,brice,Sing,http://localhost:3251@alice,true
1784275253688,Ant,Sing,http://localhost:3251@alice,true
1784275253689,Bat,Sing,http://localhost:3251@Ant,true
1784275254129,alice,Sing,http://localhost:3251@Bat,false
1784275254130,brice,Sing,http://localhost:3251@alice,false
1784275254494,bear,Fight,http://localhost:3251@brice,false
1784275254495,brice,Fight,http://localhost:3251@bear,false
1784275255813,Bee,Explore,null,false
1784275255876,alice,Fight,http://localhost:3251@Bat,false
1784275255877,brice,Fight,http://localhost:3251@alice,false
1784275256319,Bat,Dance,http://localhost:3251@alice,true
1784275256320,bear,Dance,http://localhost:3251@Bat,false
1784275256888,Ant,Talk,http://localhost:3251@Bee,false
1784275256889,Bee,Talk,http://localhost:3251@Bat,false
1784275257585,alice,Explore,null,true
1784275258279,alice,Exercise,http://localhost:3251@Bat,false
1784275258280,Bat,Exercise,http://localhost:3251@alice,true
1784275258281,Bee,Walk,http://localhost:3251@Ant,false
1784275258282,brice,Walk,http://localhost:3251@Bee,false
1784275258976,alice,Dance,http://localhost:3251@Ant,true
1784275258978,Ant,Dance,http://localhost:3251@Bat,true
1784275259404,bear,Explore,null,false
1784275260037,bear,Talk,http://localhost:3251@Bee,true
1784275260038,Bee,Talk,http://localhost:3251@Bat,false
1784275260100,alice,Talk,http://localhost:3251@brice,true
1784275260101,brice,Talk,http://localhost:3251@bear,true
1784275260417,Ant,Sing,http://localhost:3251@Bat,true
1784275260417,Bat,Sing,http://localhost:3251@alice,false
1784275261812,alice,Explore,null,true
1784275262127,Bat,Explore,null,true
1784275262129,Bee,Dance,http://localhost:3251@Bat,true
1784275262130,brice,Dance,http://localhost:3251@Bee,false
1784275263519,alice,Play,http://localhost:3251@brice,false
1784275263521,brice,Play,http://localhost:3251@Bee,false
1784275264087,Bat,Exercise,http://localhost:3251@alice,true
1784275264088,brice,Exercise,http://localhost:3251@Bat,true
1784275264907,Bee,Sing,http://localhost:3251@Bat,false
1784275264908,brice,Sing,http://localhost:3251@Bee,true
1784275264970,Ant,Fight,http://localhost:3251@Bee,true
1784275264972,bear,Fight,http://localhost:3251@Ant,true
1784275265749,Bat,Explore,null,false
1784275266560,Bee,Explore,null,false
1784275266622,bear,Fight,http://localhost:3251@brice,true
1784275266623,brice,Fight,http://localhost:3251@Bee,true
1784275267127,Ant,Walk,http://localhost:3251@Bat,true
1784275267127,Bat,Walk,http://localhost:3251@alice,true
1784275267949,Bat,Dance,http://localhost:3251@Bee,true
1784275267950,Bee,Dance,http://localhost:3251@Bat,false
1784275268012,alice,Play,http://localhost:3251@bear,true
1784275268013,bear,Play,http://localhost:3251@Ant,false
1784275269009,brice,Explore,null,true
1784275269704,Ant,Fight,http://localhost:3251@Bee,true
1784275269705,bear,Fight,http://localhost:3251@Ant,false
1784275270083,Bat,Sing,http://localhost:3251@Bee,false
1784275270084,Bee,Sing,http://localhost:3251@Bat,false
1784275271410,Bat,Exercise,http://localhost:3251@Bee,false
1784275271411,Bee,Exercise,http://localhost:3251@alice,true
1784275271846,alice,Explore,null,false
1784275272920,bear,Explore,null,true
1784275273301,alice,Play,http://localhost:3251@Bat,false
1784275273302,Bat,Play,http://localhost:3251@alice,true
1784275273492,Ant,Sing,http://localhost:3251@Bee,false
1784275273493,Bee,Sing,http://localhost:3251@Bat,true
1784275273555,brice,Explore,null,true
1784275274698,Bat,Play,http://localhost:3251@alice,true
1784275274700,bear,Play,http://localhost:3251@Bat,true
1784275274887,Ant,Sing,http://localhost:3251@alice,true
1784275274889,brice,Sing,http://localhost:3251@Ant,false
1784275275203,Bee,Explore,null,false
1784275275773,alice,Talk,http://localhost:3251@bear,true
1784275275774,brice,Talk,http://localhost:3251@alice,false
1784275276090,Ant,Walk,http://localhost:3251@Bat,false
1784275276092,Bat,Walk,http://localhost:3251@alice,false
1784275277473,brice,Explore,null,false
1784275277851,alice,Sing,http://localhost:3251@Bat,true
1784275277852,Ant,Sing,http://localhost:3251@alice,true
1784275278865,Ant,Dance,http://localhost:3251@Bat,false
1784275278866,Bat,Dance,http://localhost:3251@alice,true
1784275279626,alice,Play,http://localhost:3251@brice,false
1784275279628,brice,Play,http://localhost:3251@Bee,false
1784275279926,bear,Exercise,http://localhost:3251@Bee,false
1784275279928,Bee,Exercise,http://localhost:3251@alice,true
1784275280690,alice,Talk,http://localhost:3251@bear,false
1784275280692,bear,Talk,http://localhost:3251@alice,false
1784275281324,Bat,Play,http://localhost:3251@Bee,false
1784275281326,Bee,Play,http://localhost:3251@alice,false
1784275282052,Bat,Walk,http://localhost:3251@bear,true
1784275282053,bear,Walk,http://localhost:3251@Bat,false
1784275282365,Bee,Exercise,http://localhost:3251@brice,true
1784275282367,brice,Exercise,http://localhost:3251@bear,true
1784275282810,Ant,Talk,http://localhost:3251@Bat,true
1784275282811,Bat,Talk,http://localhost:3251@Ant,false
1784275283127,alice,Talk,http://localhost:3251@bear,true
1784275283128,bear,Talk,http://localhost:3251@alice,true
1784275284076,brice,Explore,null,true
1784275284203,alice,Walk,http://localhost:3251@Bat,true
1784275284204,Bat,Walk,http://localhost:3251@alice,false
1784275285530,Bee,Explore,null,true
1784275285593,Bat,Dance,http://localhost:3251@alice,false
1784275285595,brice,Dance,http://localhost:3251@Bat,true
1784275285910,alice,Explore,null,false
1784275286292,Bat,Talk,http://localhost:3251@bear,true
1784275286293,bear,Talk,http://localhost:3251@alice,true
1784275286736,Ant,Fight,http://localhost:3251@brice,true
1784275286737,brice,Fight,http://localhost:3251@Bee,true
1784275287298,Ant,Fight,http://localhost:3251@Bee,false
1784275287300,Bee,Fight,http://localhost:3251@Bat,false
1784275287996,bear,Exercise,http://localhost:3251@brice,true
1784275287998,brice,Exercise,http://localhost:3251@bear,true
1784275288691,Bee,Sing,http://localhost:3251@Bat,true
1784275288693,brice,Sing,http://localhost:3251@Bee,true
1784275289006,alice,Explore,null,true
1784275289009,Ant,Explore,null,true
1784275289261,bear,Exercise,http://localhost:3251@Ant,false
1784275289263,brice,Exercise,http://localhost:3251@bear,true
1784275290716,alice,Explore,null,false
1784275290780,Ant,Talk,http://localhost:3251@Bat,true
1784275290781,Bat,Walk,http://localhost:3251@Bee,true
1784275290781,Bee,Walk,http://localhost:3251@Ant,false
1784275290781,brice,Talk,http://localhost:3251@Ant,false
1784275291665,bear,Explore,null,false
1784275291792,alice,Fight,http://localhost:3251@Bat,false
1784275291793,brice,Fight,http://localhost:3251@alice,false
1784275292852,Bat,Play,http://localhost:3251@alice,true
1784275292854,brice,Play,http://localhost:3251@Bat,false
1784275293723,Ant,Walk,http://localhost:3251@brice,true
1784275293724,bear,Sing,http://localhost:3251@Bat,true
1784275293724,Bee,Sing,http://localhost:3251@bear,false
1784275293725,brice,Walk,http://localhost:3251@Ant,false
1784275294673,alice,Dance,http://localhost:3251@bear,false
1784275294676,brice,Dance,http://localhost:3251@alice,true
1784275294799,Bat,Exercise,http://localhost:3251@alice,false
1784275294800,bear,Exercise,http://localhost:3251@Bat,false
1784275295434,Bee,Explore,null,false
1784275295940,Ant,Walk,http://localhost:3251@brice,true
1784275295942,bear,Walk,http://localhost:3251@Ant,false
1784275296449,brice,Explore,null,false
1784275297329,alice,Sing,http://localhost:3251@bear,false
1784275297330,Ant,Dance,http://localhost:3251@Bat,false
1784275297331,bear,Sing,http://localhost:3251@Bat,false
1784275297332,Bee,Dance,http://localhost:3251@Ant,false
1784275297895,Bat,Explore,null,false
1784275298402,Ant,Talk,http://localhost:3251@Bat,true
1784275298403,brice,Talk,http://localhost:3251@Ant,false
1784275299034,alice,Explore,null,false
1784275299733,bear,Explore,null,true
1784275299985,Bat,Exercise,http://localhost:3251@alice,false
1784275299986,brice,Exercise,http://localhost:3251@Bat,false
1784275300111,Ant,Explore,null,true
1784275300431,Bee,Explore,null,false
1784275301444,Bat,Play,http://localhost:3251@alice,false
1784275301446,Bee,Play,http://localhost:3251@Bat,true
1784275301697,brice,Explore,null,false
1784275302769,Ant,Exercise,http://localhost:3251@brice,false
1784275302770,Bat,Exercise,http://localhost:3251@Ant,true
1784275302832,Bee,Sing,http://localhost:3251@Bat,false
1784275302833,brice,Sing,http://localhost:3251@Bee,false
1784275304142,Bat,Sing,http://localhost:3251@alice,true
1784275304145,Bee,Sing,http://localhost:3251@Bat,true
1784275305406,alice,Walk,http://localhost:3251@Bee,false
1784275305408,brice,Walk,http://localhost:3251@alice,true
1784275305470,bear,Walk,http://localhost:3251@Bat,true
1784275305472,Bee,Walk,http://localhost:3251@bear,false
1784275306229,Ant,Sing,http://localhost:3251@Bat,false
1784275306230,Bat,Sing,http://localhost:3251@alice,false
1784275306798,alice,Sing,http://localhost:3251@Bat,true
1784275306799,bear,Play,http://localhost:3251@brice,false
1784275306800,Bee,Sing,http://localhost:3251@alice,false
1784275306801,brice,Play,http://localhost:3251@Bee,false
1784275308186,alice,Play,http://localhost:3251@Bat,false
1784275308187,Ant,Play,http://localhost:3251@alice,true
1784275308499,Bee,Explore,null,true
1784275308561,brice,Explore,null,false
1784275308615,Bat,Fight,http://localhost:3251@bear,false
1784275308617,bear,Fight,http://localhost:3251@brice,false
1784275309305,alice,Talk,http://localhost:3251@bear,false
1784275309306,brice,Talk,http://localhost:3251@alice,false
1784275309433,Ant,Exercise,http://localhost:3251@brice,true
1784275309435,bear,Exercise,http://localhost:3251@Ant,false
1784275309876,Bat,Play,http://localhost:3251@Bee,true
1784275309878,Bee,Play,http://localhost:3251@alice,true
1784275310696,alice,Walk,http://localhost:3251@Bee,true
1784275310698,Ant,Walk,http://localhost:3251@alice,false
1784275310698,Bat,Dance,http://localhost:3251@brice,true
1784275310699,brice,Dance,http://localhost:3251@Ant,true
1784275311203,bear,Explore,null,false
1784275311647,Bat,Talk,http://localhost:3251@Bee,false
1784275311648,Bee,Talk,http://localhost:3251@Bat,false
1784275312383,Ant,Explore,null,true
1784275312574,alice,Dance,http://localhost:3251@bear,true
1784275312576,bear,Dance,http://localhost:3251@alice,false
1784275312890,Bee,Exercise,http://localhost:3251@alice,true
1784275312891,brice,Exercise,http://localhost:3251@Bee,false
1784275313587,Ant,Exercise,http://localhost:3251@Bat,false
1784275313588,Bat,Exercise,http://localhost:3251@alice,false
1784275314158,bear,Exercise,http://localhost:3251@Bee,false
1784275314159,Bee,Exercise,http://localhost:3251@alice,true
1784275314284,Ant,Dance,http://localhost:3251@brice,true
1784275314286,brice,Dance,http://localhost:3251@Ant,false
1784275315612,Ant,Exercise,http://localhost:3251@brice,true
1784275315614,brice,Exercise,http://localhost:3251@Ant,false
1784275315933,bear,Explore,null,false
1784275316739,alice,Sing,http://localhost:3251@Bat,true
1784275316741,bear,Sing,http://localhost:3251@alice,true
1784275316802,Ant,Exercise,http://localhost:3251@Bee,false
1784275316803,Bee,Exercise,http://localhost:3251@alice,false
1784275317750,Bee,Walk,http://localhost:3251@brice,true
1784275317754,brice,Walk,http://localhost:3251@bear,false
1784275318445,Ant,Sing,http://localhost:3251@Bat,false
1784275318447,Bat,Sing,http://localhost:3251@alice,false
1784275319457,Bee,Explore,null,false
1784275319519,Ant,Fight,http://localhost:3251@Bee,true
1784275319520,bear,Fight,http://localhost:3251@Ant,false
1784275319900,alice,Explore,null,true
1784275320532,Ant,Walk,http://localhost:3251@Bat,true
1784275320533,Bat,Walk,http://localhost:3251@alice,true
1784275321532,Bat,Sing,http://localhost:3251@Bee,false
1784275321533,Bee,Sing,http://localhost:3251@Bat,false
1784275321595,alice,Explore,null,true
1784275321596,Ant,Walk,http://localhost:3251@bear,true
1784275321597,bear,Walk,http://localhost:3251@Bat,false
1784275322922,Ant,Play,http://localhost:3251@Bat,true
1784275322924,Bat,Play,http://localhost:3251@alice,true
1784275322926,brice,Explore,null,false
1784275323299,alice,Explore,null,false
1784275323681,Bat,Play,http://localhost:3251@bear,true
1784275323681,bear,Play,http://localhost:3251@Ant,false
1784275324911,alice,Explore,null,true
1784275324912,Ant,Play,http://localhost:3251@brice,true
1784275324912,brice,Play,http://localhost:3251@Bee,true
1784275326246,alice,Walk,http://localhost:3251@Bee,false
1784275326247,Bat,Walk,http://localhost:3251@alice,true
1784275326986,alice,Play,http://localhost:3251@Ant,true
1784275326987,Ant,Play,http://localhost:3251@bear,false
1784275326987,Bat,Sing,http://localhost:3251@Bee,false
1784275326988,Bee,Sing,http://localhost:3251@Bat,true
1784275327364,bear,Fight,http://localhost:3251@brice,false
1784275327365,brice,Fight,http://localhost:3251@bear,true
1784275328752,Ant,Fight,http://localhost:3251@Bee,false
1784275328753,Bee,Fight,http://localhost:3251@Bat,false
1784275329066,alice,Dance,http://localhost:3251@bear,true
1784275329067,bear,Dance,http://localhost:3251@alice,true
1784275330266,alice,Walk,http://localhost:3251@Ant,false
1784275330267,Ant,Walk,http://localhost:3251@brice,true
1784275330520,brice,Explore,null,false
1784275330836,Bat,Explore,null,false
1784275331532,Ant,Exercise,http://localhost:3251@brice,false
1784275331535,brice,Exercise,http://localhost:3251@Ant,false
1784275332224,bear,Exercise,http://localhost:3251@Bee,true
1784275332225,Bee,Exercise,http://localhost:3251@alice,true
1784275332975,Ant,Sing,http://localhost:3251@alice,false
1784275332977,bear,Sing,http://localhost:3251@Ant,true
1784275332978,Bee,Sing,http://localhost:3251@brice,false
1784275332978,brice,Sing,http://localhost:3251@alice,false
1784275333356,Ant,Talk,http://localhost:3251@Bat,false
1784275333358,Bat,Talk,http://localhost:3251@Ant,true
1784275334176,alice,Talk,http://localhost:3251@bear,true
1784275334178,brice,Talk,http://localhost:3251@alice,true
1784275334240,Bat,Exercise,http://localhost:3251@Bee,false
1784275334242,Bee,Exercise,http://localhost:3251@alice,true
1784275335442,Ant,Walk,http://localhost:3251@brice,true
1784275335445,Bat,Walk,http://localhost:3251@Ant,false
1784275335446,bear,Talk,http://localhost:3251@alice,false
1784275335446,brice,Talk,http://localhost:3251@bear,true
1784275336134,alice,Exercise,http://localhost:3251@Bat,false
1784275336137,bear,Exercise,http://localhost:3251@alice,false
1784275337181,alice,Talk,http://localhost:3251@bear,true
1784275337183,Ant,Talk,http://localhost:3251@alice,true
1784275338128,Bat,Exercise,http://localhost:3251@brice,true
1784275338129,Bee,Explore,null,false
1784275338129,brice,Exercise,http://localhost:3251@bear,true
1784275338700,alice,Walk,http://localhost:3251@Ant,false
1784275338703,Ant,Walk,http://localhost:3251@brice,true
1784275339460,bear,Exercise,http://localhost:3251@Bee,false
1784275339462,Bee,Exercise,http://localhost:3251@alice,true
1784275339522,Ant,Sing,http://localhost:3251@Bat,false
1784275339523,Bat,Sing,http://localhost:3251@alice,false
1784275340470,alice,Explore,null,true
1784275340534,bear,Talk,http://localhost:3251@alice,false
1784275340536,brice,Talk,http://localhost:3251@bear,false
1784275341411,Bat,Exercise,http://localhost:3251@Bee,false
1784275341412,Bee,Exercise,http://localhost:3251@alice,false
1784275341922,Ant,Explore,null,false
1784275342231,brice,Explore,null,false
1784275343479,alice,Dance,http://localhost:3251@Bee,false
1784275343481,Ant,Walk,http://localhost:3251@Bat,false
1784275343482,Bat,Walk,http://localhost:3251@alice,false
1784275343482,Bee,Dance,http://localhost:3251@Bat,true
1784275344175,Bee,Exercise,http://localhost:3251@brice,true
1784275344176,brice,Exercise,http://localhost:3251@bear,false
1784275344803,Bat,Play,http://localhost:3251@bear,false
1784275344805,bear,Play,http://localhost:3251@Ant,false
1784275345435,Bat,Exercise,http://localhost:3251@Bee,true
1784275345437,Bee,Exercise,http://localhost:3251@alice,true
1784275345688,alice,Dance,http://localhost:3251@bear,true
1784275345690,brice,Dance,http://localhost:3251@alice,true
1784275347547,bear,Sing,http://localhost:3251@Bat,false
1784275347548,brice,Sing,http://localhost:3251@bear,false
1784275347799,Bat,Explore,null,false
1784275348935,Ant,Dance,http://localhost:3251@brice,true
1784275348936,brice,Dance,http://localhost:3251@Ant,false
1784275349379,Bee,Explore,null,true
1784275349820,alice,Dance,http://localhost:3251@bear,true
1784275349820,bear,Dance,http://localhost:3251@alice,true
1784275350328,Bat,Dance,http://localhost:3251@brice,false
1784275350330,brice,Dance,http://localhost:3251@Ant,true
1784275351088,Bat,Exercise,http://localhost:3251@bear,false
1784275351090,bear,Exercise,http://localhost:3251@Ant,false
1784275351091,Bee,Explore,null,false
1784275351704,alice,Dance,http://localhost:3251@brice,true
1784275351705,brice,Dance,http://localhost:3251@Ant,false
1784275352461,alice,Dance,http://localhost:3251@Bee,true
1784275352462,Bat,Walk,http://localhost:3251@alice,true
1784275352463,Bee,Dance,http://localhost:3251@Bat,false
1784275352464,brice,Walk,http://localhost:3251@Bat,false
1784275353156,Ant,Walk,http://localhost:3251@bear,true
1784275353158,bear,Walk,http://localhost:3251@Bat,false
1784275354859,alice,Explore,null,false
1784275354860,bear,Explore,null,false
1784275354986,Ant,Talk,http://localhost:3251@Bat,true
1784275354987,Bat,Talk,http://localhost:3251@Ant,false
1784275355680,Bee,Talk,http://localhost:3251@Bat,false
1784275355681,brice,Talk,http://localhost:3251@Bee,false
1784275356377,Bat,Dance,http://localhost:3251@alice,true
1784275356379,bear,Dance,http://localhost:3251@Bat,true
1784275357080,Ant,Play,http://localhost:3251@bear,true
1784275357082,Bat,Play,http://localhost:3251@Ant,false
1784275357206,bear,Play,http://localhost:3251@brice,false
1784275357208,brice,Play,http://localhost:3251@Bee,false
1784275357397,Bee,Explore,null,true
1784275358470,Bat,Walk,http://localhost:3251@alice,false
1784275358472,brice,Walk,http://localhost:3251@Bat,true
1784275358659,alice,Explore,null,false
1784275359984,alice,Dance,http://localhost:3251@bear,false
1784275359985,bear,Dance,http://localhost:3251@alice,true
1784275360175,brice,Explore,null,true
1784275361374,alice,Walk,http://localhost:3251@Bee,true
1784275361375,brice,Walk,http://localhost:3251@alice,true
1784275361805,Ant,Talk,http://localhost:3251@bear,false
1784275361806,bear,Talk,http://localhost:3251@alice,false
1784275361869,Bee,Explore,null,false
1784275362622,Ant,Dance,http://localhost:3251@Bat,false
1784275362623,Bat,Dance,http://localhost:3251@alice,false
1784275363126,alice,Exercise,http://localhost:3251@Bee,true
1784275363127,Bee,Exercise,http://localhost:3251@alice,false
1784275363756,brice,Explore,null,false
1784275364198,bear,Explore,null,true
1784275364577,alice,Play,http://localhost:3251@Bat,true
1784275364578,Bat,Play,http://localhost:3251@alice,true
1784275365717,Ant,Explore,null,true
1784275366605,alice,Sing,http://localhost:3251@brice,true
1784275366606,brice,Sing,http://localhost:3251@alice,false
1784275366731,Ant,Fight,http://localhost:3251@bear,true
1784275366732,bear,Fight,http://localhost:3251@brice,true
1784275367027,Bat,Explore,null,true
1784275367657,alice,Fight,http://localhost:3251@Bat,true
1784275367659,bear,Fight,http://localhost:3251@alice,false
1784275367845,Bee,Exercise,http://localhost:3251@brice,false
1784275367847,brice,Exercise,http://localhost:3251@bear,false
1784275368730,Bat,Explore,null,false
1784275369803,Bat,Exercise,http://localhost:3251@brice,false
1784275369805,brice,Exercise,http://localhost:3251@bear,true
1784275370182,Bat,Talk,http://localhost:3251@bear,false
1784275370183,bear,Talk,http://localhost:3251@alice,false
1784275370497,alice,Walk,http://localhost:3251@Bee,true
1784275370498,Bee,Walk,http://localhost:3251@alice,false
1784275372261,Bat,Play,http://localhost:3251@alice,true
1784275372263,brice,Play,http://localhost:3251@Bat,true
1784275372539,bear,Explore,null,false
1784275372836,Bee,Explore,null,true
1784275373152,alice,Exercise,http://localhost:3251@Bat,true
1784275373154,brice,Exercise,http://localhost:3251@alice,true
1784275373343,Ant,Walk,http://localhost:3251@brice,false
1784275373346,bear,Walk,http://localhost:3251@Ant,true
1784275374609,Bat,Exercise,http://localhost:3251@bear,true
1784275374610,bear,Exercise,http://localhost:3251@Ant,false
1784275375735,brice,Explore,null,false
1784275375798,Ant,Explore,null,false
1784275376337,Bat,Walk,http://localhost:3251@Bee,false
1784275376338,Bee,Walk,http://localhost:3251@Ant,true
1784275376674,alice,Dance,http://localhost:3251@bear,true
1784275376675,Ant,Dance,http://localhost:3251@alice,true
1784275377040,bear,Dance,http://localhost:3251@brice,false
1784275377041,brice,Dance,http://localhost:3251@Ant,false
1784275378351,alice,Play,http://localhost:3251@Bat,true
1784275378352,Ant,Dance,http://localhost:3251@Bee,true
1784275378352,Bat,Play,http://localhost:3251@alice,false
1784275378353,Bee,Dance,http://localhost:3251@Bat,false
1784275379051,Bee,Exercise,http://localhost:3251@brice,false
1784275379052,brice,Exercise,http://localhost:3251@bear,false
1784275379114,alice,Play,http://localhost:3251@bear,true
1784275379118,bear,Play,http://localhost:3251@Ant,false
1784275379495,alice,Talk,http://localhost:3251@Bat,true
1784275379497,Bat,Talk,http://localhost:3251@Ant,true
1784275380130,alice,Fight,http://localhost:3251@Bee,true
1784275380131,Ant,Explore,null,true
1784275380131,Bee,Fight,http://localhost:3251@Bat,true
1784275381206,Bat,Explore,null,true
1784275381270,bear,Dance,http://localhost:3251@alice,true
1784275381271,brice,Dance,http://localhost:3251@bear,true
1784275382441,Bat,Exercise,http://localhost:3251@alice,false
1784275382442,brice,Exercise,http://localhost:3251@Bat,true
1784275382503,alice,Explore,null,true
1784275383581,alice,Play,http://localhost:3251@Bee,true
1784275383582,Bee,Play,http://localhost:3251@alice,true
1784275383644,bear,Explore,null,true
1784275384149,Ant,Explore,null,false
1784275384655,Bat,Walk,http://localhost:3251@alice,true
1784275384656,Bee,Walk,http://localhost:3251@Bat,true
1784275384973,alice,Dance,http://localhost:3251@bear,false
1784275384974,Ant,Dance,http://localhost:3251@alice,false
1784275385600,brice,Explore,null,false
1784275385725,alice,Play,http://localhost:3251@bear,false
1784275385726,bear,Play,http://localhost:3251@Ant,false
1784275386413,Bee,Explore,null,true
1784275386793,Bat,Talk,http://localhost:3251@bear,false
1784275386794,bear,Talk,http://localhost:3251@alice,true
1784275387916,alice,Play,http://localhost:3251@Bat,false
1784275387917,Bat,Play,http://localhost:3251@alice,false
1784275388930,bear,Walk,http://localhost:3251@Bat,true
1784275388931,brice,Walk,http://localhost:3251@bear,true
1784275389183,alice,Play,http://localhost:3251@Bee,true
1784275389184,Bee,Play,http://localhost:3251@alice,true
1784275389883,alice,Exercise,http://localhost:3251@Bat,false
1784275389883,Bat,Exercise,http://localhost:3251@alice,false
1784275390009,Ant,Walk,http://localhost:3251@brice,true
1784275390010,bear,Walk,http://localhost:3251@Ant,false
1784275390452,Bee,Play,http://localhost:3251@brice,false
1784275390454,brice,Play,http://localhost:3251@Bee,false
1784275390958,alice,Talk,http://localhost:3251@bear,true
1784275390959,brice,Talk,http://localhost:3251@alice,false
1784275391975,Bat,Dance,http://localhost:3251@alice,false
1784275391976,brice,Dance,http://localhost:3251@Bat,true
1784275392539,alice,Dance,http://localhost:3251@Bee,false
1784275392541,Bee,Dance,http://localhost:3251@Bat,true
1784275393038,alice,Fight,http://localhost:3251@brice,false
1784275393039,brice,Fight,http://localhost:3251@Bee,false
1784275393100,Ant,Explore,null,false
1784275393799,alice,Exercise,http://localhost:3251@Bee,true
1784275393801,Bee,Exercise,http://localhost:3251@alice,false
1784275394052,Bat,Walk,http://localhost:3251@alice,true
1784275394054,brice,Walk,http://localhost:3251@Bat,false
1784275395570,Ant,Explore,null,false
1784275395634,bear,Dance,http://localhost:3251@alice,false
1784275395637,brice,Dance,http://localhost:3251@bear,false
1784275395760,Bat,Explore,null,false
1784275396901,alice,Explore,null,false
1784275397345,brice,Explore,null,true
1784275397585,Bee,Explore,null,false
1784275398396,Bat,Exercise,http://localhost:3251@alice,false
1784275398397,Bee,Exercise,http://localhost:3251@Bat,false
1784275398587,alice,Walk,http://localhost:3251@bear,true
1784275398588,bear,Walk,http://localhost:3251@Bat,true
1784275398714,Ant,Explore,null,true
1784275399780,alice,Sing,http://localhost:3251@Bee,false
1784275399783,Bat,Dance,http://localhost:3251@alice,true
1784275399784,Bee,Sing,http://localhost:3251@Bat,true
1784275399784,brice,Dance,http://localhost:3251@Bat,false
1784275400661,alice,Play,http://localhost:3251@bear,true
1784275400662,bear,Play,http://localhost:3251@Ant,true
1784275401486,Ant,Exercise,http://localhost:3251@brice,true
1784275401487,brice,Exercise,http://localhost:3251@Ant,true
1784275402592,Bat,Play,http://localhost:3251@alice,false
1784275402593,brice,Play,http://localhost:3251@Bat,false
1784275402656,Ant,Exercise,http://localhost:3251@Bee,false
1784275402657,Bee,Exercise,http://localhost:3251@alice,false
1784275402707,alice,Walk,http://localhost:3251@Bee,true
1784275402707,bear,Walk,http://localhost:3251@alice,true
1784275404346,Ant,Explore,null,false
1784275404348,Bee,Explore,null,false
1784275404982,brice,Explore,null,false
1784275405805,alice,Walk,http://localhost:3251@Ant,true
1784275405806,Ant,Walk,http://localhost:3251@brice,true
1784275406059,Bee,Explore,null,true
1784275406314,Bat,Sing,http://localhost:3251@bear,false
1784275406315,bear,Sing,http://localhost:3251@Bat,true
1784275406948,Ant,Exercise,http://localhost:3251@brice,false
1784275406949,brice,Exercise,http://localhost:3251@bear,false
1784275408134,Ant,Sing,http://localhost:3251@Bee,true
1784275408135,Bee,Sing,http://localhost:3251@Bat,false
1784275408198,alice,Explore,null,true
1784275408764,brice,Explore,null,true
1784275409065,alice,Play,http://localhost:3251@bear,false
1784275409066,bear,Play,http://localhost:3251@Ant,true
1784275410410,Bee,Explore,null,false
1784275410713,alice,Dance,http://localhost:3251@brice,false
1784275410715,brice,Dance,http://localhost:3251@Ant,false
1784275411273,bear,Explore,null,false
1784275411443,Bee,Talk,http://localhost:3251@Bat,true
1784275411444,brice,Talk,http://localhost:3251@Bee,false
1784275411696,Ant,Explore,null,false
1784275412389,alice,Walk,http://localhost:3251@Bat,true
1784275412391,Bat,Walk,http://localhost:3251@alice,true
1784275412644,bear,Walk,http://localhost:3251@Bat,true
1784275412646,Bee,Walk,http://localhost:3251@bear,false
1784275413468,bear,Dance,http://localhost:3251@brice,false
1784275413470,brice,Dance,http://localhost:3251@Ant,false
1784275414415,alice,Walk,http://localhost:3251@Bee,false
1784275414416,Ant,Walk,http://localhost:3251@alice,false
1784275414734,Bat,Explore,null,false
1784275415241,Ant,Fight,http://localhost:3251@bear,true
1784275415242,bear,Fight,http://localhost:3251@brice,true
1784275415684,alice,Play,http://localhost:3251@brice,true
1784275415685,brice,Play,http://localhost:3251@Bee,true
1784275416254,Bee,Exercise,http://localhost:3251@alice,false
1784275416255,brice,Exercise,http://localhost:3251@Bee,true
1784275417143,Bat,Explore,null,false
1784275417395,alice,Explore,null,false
1784275417650,bear,Dance,http://localhost:3251@Bee,true
1784275417652,Bee,Dance,http://localhost:3251@Bat,true
1784275417964,brice,Explore,null,false
1784275418028,Ant,Fight,http://localhost:3251@Bee,false
1784275418029,Bee,Fight,http://localhost:3251@Ant,false
1784275418526,alice,Walk,http://localhost:3251@Bat,false
1784275418527,Bat,Walk,http://localhost:3251@alice,true
1784275419160,bear,Fight,http://localhost:3251@Bee,false
1784275419163,Bee,Fight,http://localhost:3251@Bat,false
1784275419921,Bat,Sing,http://localhost:3251@alice,true
1784275419923,Bee,Sing,http://localhost:3251@Bat,false
1784275420616,Bat,Dance,http://localhost:3251@bear,false
1784275420617,bear,Dance,http://localhost:3251@alice,false
1784275420869,alice,Sing,http://localhost:3251@Ant,false
1784275420871,Ant,Sing,http://localhost:3251@alice,false
1784275421745,brice,Explore,null,true
1784275421999,alice,Play,http://localhost:3251@bear,false
1784275422000,bear,Play,http://localhost:3251@Ant,true
1784275422437,alice,Talk,http://localhost:3251@Bee,false
1784275422438,Bee,Talk,http://localhost:3251@Bat,false
1784275422691,Ant,Talk,http://localhost:3251@Bat,false
1784275422693,bear,Talk,http://localhost:3251@Ant,false
1784275423579,brice,Explore,null,false
1784275423958,Bat,Dance,http://localhost:3251@Bee,true
1784275423959,Bee,Dance,http://localhost:3251@Bat,false
1784275424396,Ant,Explore,null,false
1784275424397,bear,Explore,null,true
1784275424523,alice,Walk,http://localhost:3251@Bee,true
1784275424524,brice,Walk,http://localhost:3251@alice,false
1784275425345,alice,Play,http://localhost:3251@Bee,true
1784275425347,Bee,Play,http://localhost:3251@alice,true
1784275425599,Ant,Fight,http://localhost:3251@brice,true
1784275425600,brice,Fight,http://localhost:3251@Bee,true
1784275426801,bear,Explore,null,false
1784275427094,Bee,Explore,null,false
1784275427404,alice,Sing,http://localhost:3251@Bat,false
1784275427405,brice,Sing,http://localhost:3251@alice,false
1784275428154,Bat,Walk,http://localhost:3251@alice,true
1784275428157,brice,Walk,http://localhost:3251@Bat,false
1784275428469,alice,Dance,http://localhost:3251@Bee,false
1784275428470,Bee,Dance,http://localhost:3251@Bat,false
1784275428849,Ant,Sing,http://localhost:3251@bear,true
1784275428850,bear,Sing,http://localhost:3251@Bat,true
1784275429419,bear,Exercise,http://localhost:3251@brice,false
1784275429420,brice,Exercise,http://localhost:3251@bear,false
1784275429609,alice,Fight,http://localhost:3251@Bat,true
1784275429611,Bat,Fight,http://localhost:3251@alice,true
1784275430307,Ant,Play,http://localhost:3251@bear,true
1784275430309,Bat,Play,http://localhost:3251@Ant,true
1784275430433,bear,Exercise,http://localhost:3251@Bee,true
1784275430434,Bee,Exercise,http://localhost:3251@alice,true
1784275430876,alice,Exercise,http://localhost:3251@Bat,false
1784275430878,brice,Exercise,http://localhost:3251@alice,false
1784275431827,Bat,Sing,http://localhost:3251@Bee,false
1784275431829,Bee,Sing,http://localhost:3251@Bat,true
1784275433204,bear,Walk,http://localhost:3251@Bat,true
1784275433205,brice,Walk,http://localhost:3251@bear,true
1784275433325,alice,Explore,null,true
1784275433452,Ant,Explore,null,false
1784275433579,Bee,Explore,null,true
1784275434273,alice,Talk,http://localhost:3251@bear,true
1784275434274,bear,Talk,http://localhost:3251@alice,false
1784275434589,Bee,Dance,http://localhost:3251@brice,true
1784275434590,brice,Dance,http://localhost:3251@Ant,true
1784275434652,Ant,Dance,http://localhost:3251@Bat,false
1784275434653,Bat,Dance,http://localhost:3251@alice,true
1784275435350,alice,Talk,http://localhost:3251@bear,false
1784275435351,Bee,Talk,http://localhost:3251@alice,true
1784275435668,Bat,Walk,http://localhost:3251@bear,true
1784275435669,bear,Walk,http://localhost:3251@Bat,true
1784275435984,Ant,Sing,http://localhost:3251@brice,true
1784275435985,brice,Sing,http://localhost:3251@alice,false
1784275436744,alice,Sing,http://localhost:3251@Bat,false
1784275436744,bear,Sing,http://localhost:3251@alice,false
1784275436745,Bee,Play,http://localhost:3251@alice,false
1784275436745,brice,Play,http://localhost:3251@Bee,false
1784275437440,alice,Fight,http://localhost:3251@Bat,false
1784275437441,Bat,Fight,http://localhost:3251@bear,false
1784275438139,alice,Play,http://localhost:3251@Bee,true
1784275438141,Bee,Play,http://localhost:3251@alice,true
1784275439637,Ant,Walk,http://localhost:3251@brice,true
1784275439638,bear,Walk,http://localhost:3251@Ant,true
1784275440268,alice,Play,http://localhost:3251@Bat,true
1784275440269,Bee,Play,http://localhost:3251@alice,true
1784275441214,Bat,Explore,null,false
1784275441657,alice,Dance,http://localhost:3251@bear,false
1784275441658,Ant,Dance,http://localhost:3251@alice,true
1784275442605,Ant,Walk,http://localhost:3251@Bat,true
1784275442607,Bat,Walk,http://localhost:3251@alice,true
1784275442668,Bee,Explore,null,true
1784275443490,alice,Explore,null,true
1784275443491,Bee,Talk,http://localhost:3251@brice,true
1784275443492,brice,Talk,http://localhost:3251@bear,true
1784275443868,Ant,Sing,http://localhost:3251@bear,true
1784275443869,bear,Sing,http://localhost:3251@Bat,true
1784275444693,alice,Dance,http://localhost:3251@Bat,true
1784275444694,Bat,Dance,http://localhost:3251@alice,true
1784275444882,Ant,Dance,http://localhost:3251@brice,false
1784275444883,brice,Dance,http://localhost:3251@Ant,false
1784275445763,alice,Talk,http://localhost:3251@bear,true
1784275445765,Ant,Talk,http://localhost:3251@alice,false
1784275445952,bear,Play,http://localhost:3251@Ant,true
1784275445953,Bee,Play,http://localhost:3251@bear,false
1784275446651,Bat,Exercise,http://localhost:3251@alice,true
1784275446655,brice,Exercise,http://localhost:3251@Bat,true
1784275447217,alice,Dance,http://localhost:3251@bear,true
1784275447219,bear,Dance,http://localhost:3251@alice,true
1784275448168,Ant,Explore,null,false
1784275448614,bear,Play,http://localhost:3251@Ant,false
1784275448618,brice,Play,http://localhost:3251@bear,true
1784275449309,alice,Play,http://localhost:3251@Bat,false
1784275449310,Bee,Play,http://localhost:3251@alice,false
1784275450007,Ant,Dance,http://localhost:3251@bear,false
1784275450008,bear,Dance,http://localhost:3251@alice,false
1784275450197,alice,Walk,http://localhost:3251@Bat,false
1784275450198,Bat,Walk,http://localhost:3251@alice,false
1784275451131,alice,Fight,http://localhost:3251@Bee,true
1784275451132,Bee,Fight,http://localhost:3251@Bat,false
1784275451574,Bat,Play,http://localhost:3251@alice,false
1784275451575,brice,Play,http://localhost:3251@Bat,true
1784275452776,Ant,Play,http://localhost:3251@bear,false
1784275452777,Bee,Play,http://localhost:3251@Ant,true
1784275452840,alice,Explore,null,false
1784275452956,bear,Sing,http://localhost:3251@brice,true
1784275452957,brice,Sing,http://localhost:3251@alice,true
1784275453634,Bat,Play,http://localhost:3251@alice,true
1784275453636,bear,Play,http://localhost:3251@Bat,false
1784275454014,Bat,Fight,http://localhost:3251@brice,false
1784275454016,brice,Fight,http://localhost:3251@Bee,false
1784275454900,alice,Play,http://localhost:3251@Bat,false
1784275454901,Bee,Play,http://localhost:3251@alice,false
1784275455090,Ant,Play,http://localhost:3251@bear,true
1784275455090,bear,Play,http://localhost:3251@Ant,false
1784275456103,alice,Walk,http://localhost:3251@Bat,false
1784275456104,Bat,Walk,http://localhost:3251@alice,true
1784275456104,bear,Walk,http://localhost:3251@brice,false
1784275456104,brice,Walk,http://localhost:3251@bear,false
1784275456865,Ant,Explore,null,false
1784275457563,Bat,Dance,http://localhost:3251@alice,false
1784275457564,brice,Dance,http://localhost:3251@Bat,true
1784275458386,alice,Play,http://localhost:3251@Ant,false
1784275458387,Ant,Play,http://localhost:3251@bear,false
1784275458514,bear,Explore,null,true
1784275458831,Bee,Fight,http://localhost:3251@Bat,true
1784275458832,brice,Fight,http://localhost:3251@Bee,false
1784275459465,alice,Talk,http://localhost:3251@bear,false
1784275459467,bear,Talk,http://localhost:3251@alice,false
1784275459969,Bat,Explore,null,false
1784275460223,Ant,Play,http://localhost:3251@brice,false
1784275460226,brice,Play,http://localhost:3251@Bee,false
1784275460604,Ant,Talk,http://localhost:3251@bear,true
1784275460605,bear,Talk,http://localhost:3251@alice,true
1784275461495,Ant,Exercise,http://localhost:3251@Bee,true
1784275461497,Bee,Exercise,http://localhost:3251@alice,false
1784275461874,alice,Explore,null,false
1784275462188,Bee,Exercise,http://localhost:3251@brice,false
1784275462189,brice,Exercise,http://localhost:3251@bear,true
1784275462695,alice,Walk,http://localhost:3251@bear,false
1784275462698,bear,Walk,http://localhost:3251@Bat,false
1784275463009,Ant,Play,http://localhost:3251@bear,true
1784275463011,Bat,Play,http://localhost:3251@Ant,true
1784275463442,alice,Exercise,http://localhost:3251@brice,true
1784275463443,brice,Exercise,http://localhost:3251@bear,true
1784275463863,Bee,Explore,null,false
1784275464052,alice,Talk,http://localhost:3251@Ant,true
1784275464053,Ant,Talk,http://localhost:3251@Bat,true
1784275464370,Bat,Walk,http://localhost:3251@alice,false
1784275464372,bear,Walk,http://localhost:3251@Bat,false
1784275464814,Ant,Play,http://localhost:3251@brice,true
1784275464816,brice,Play,http://localhost:3251@Bee,false
1784275465576,Bee,Explore,null,true
1784275465890,Bat,Talk,http://localhost:3251@brice,true
1784275465891,brice,Talk,http://localhost:3251@bear,true
1784275466460,alice,Explore,null,false
1784275466715,Ant,Talk,http://localhost:3251@Bat,false
1784275466717,brice,Talk,http://localhost:3251@Ant,false
1784275467541,bear,Fight,http://localhost:3251@brice,false
1784275467542,Bee,Fight,http://localhost:3251@bear,true
1784275467857,Bat,Exercise,http://localhost:3251@alice,true
1784275467859,brice,Exercise,http://localhost:3251@Bat,true
1784275468233,alice,Talk,http://localhost:3251@bear,false
1784275468234,Ant,Talk,http://localhost:3251@alice,false
1784275469245,Ant,Dance,http://localhost:3251@Bat,true
1784275469246,Bat,Dance,http://localhost:3251@alice,false
1784275469246,Bee,Explore,null,true
1784275469753,Ant,Fight,http://localhost:3251@brice,true
1784275469754,brice,Fight,http://localhost:3251@Bee,false
1784275470704,alice,Explore,null,true
1784275471209,bear,Dance,http://localhost:3251@brice,true
1784275471210,brice,Dance,http://localhost:3251@Ant,false
1784275472094,alice,Dance,http://localhost:3251@bear,false
1784275472095,Bee,Dance,http://localhost:3251@alice,true
1784275472535,Ant,Sing,http://localhost:3251@alice,false
1784275472536,brice,Sing,http://localhost:3251@Ant,true
1784275473916,bear,Sing,http://localhost:3251@brice,true
1784275473917,brice,Sing,http://localhost:3251@alice,false
1784275474919,Ant,Explore,null,false
1784275475614,Ant,Dance,http://localhost:3251@Bat,false
1784275475616,Bat,Dance,http://localhost:3251@alice,false
1784275476564,Bee,Exercise,http://localhost:3251@brice,false
1784275476565,brice,Exercise,http://localhost:3251@bear,true
1784275477700,bear,Explore,null,false
1784275477763,Ant,Dance,http://localhost:3251@Bat,false
1784275477765,Bat,Dance,http://localhost:3251@alice,true
1784275478333,brice,Explore,null,false
1784275478459,alice,Play,http://localhost:3251@Bat,true
1784275478463,Bee,Play,http://localhost:3251@alice,false
1784275479216,Bat,Walk,http://localhost:3251@alice,false
1784275479217,bear,Walk,http://localhost:3251@Bat,false
1784275480803,brice,Explore,null,false
1784275480929,Ant,Explore,null,true
1784275480929,bear,Explore,null,true
1784275481624,alice,Explore,null,true
1784275482506,brice,Explore,null,false
1784275482633,Ant,Explore,null,false
1784275482634,bear,Explore,null,true
1784275483393,alice,Walk,http://localhost:3251@Bat,false
1784275483394,Bat,Walk,http://localhost:3251@alice,true
1784275483582,Ant,Play,http://localhost:3251@Bee,false
1784275483583,Bee,Play,http://localhost:3251@alice,false
1784275484343,Bat,Talk,http://localhost:3251@brice,false
1784275484344,brice,Talk,http://localhost:3251@bear,false
1784275484960,bear,Play,http://localhost:3251@Bee,false
1784275484961,Bee,Play,http://localhost:3251@alice,false
1784275485339,alice,Exercise,http://localhost:3251@Bat,true
1784275485341,brice,Exercise,http://localhost:3251@alice,true
1784275485719,Ant,Walk,http://localhost:3251@Bat,false
1784275485721,Bat,Walk,http://localhost:3251@alice,false
1784275486412,Ant,Walk,http://localhost:3251@bear,true
1784275486414,bear,Walk,http://localhost:3251@Bat,false
1784275487423,alice,Sing,http://localhost:3251@Bat,false
1784275487426,Bee,Sing,http://localhost:3251@alice,true
1784275487867,Ant,Walk,http://localhost:3251@brice,false
1784275487868,Bat,Walk,http://localhost:3251@Ant,false
1784275488689,Ant,Exercise,http://localhost:3251@brice,true
1784275488690,brice,Exercise,http://localhost:3251@bear,false
1784275489482,Bat,Sing,http://localhost:3251@Bee,false
1784275489483,Bee,Sing,http://localhost:3251@Bat,false
1784275489972,Ant,Sing,http://localhost:3251@bear,false
1784275489974,bear,Sing,http://localhost:3251@Bat,true
1784275490225,alice,Walk,http://localhost:3251@Bee,true
1784275490226,Bee,Walk,http://localhost:3251@alice,false
1784275490750,bear,Dance,http://localhost:3251@brice,true
1784275490751,brice,Dance,http://localhost:3251@Ant,true
1784275490915,Ant,Walk,http://localhost:3251@Bat,false
1784275490915,Bat,Walk,http://localhost:3251@alice,false
1784275492057,Ant,Walk,http://localhost:3251@bear,false
1784275492058,bear,Walk,http://localhost:3251@Bat,true
1784275492059,Bee,Exercise,http://localhost:3251@alice,true
1784275492059,brice,Exercise,http://localhost:3251@Bee,true
1784275493343,alice,Sing,http://localhost:3251@brice,false
1784275493344,Ant,Walk,http://localhost:3251@bear,true
1784275493344,bear,Walk,http://localhost:3251@Bat,false
1784275493345,brice,Sing,http://localhost:3251@alice,false
1784275493714,Bee,Explore,null,false
1784275494381,Ant,Fight,http://localhost:3251@Bee,false
1784275494382,Bat,Fight,http://localhost:3251@Ant,true
1784275494688,bear,Sing,http://localhost:3251@Bat,false
1784275494689,Bee,Sing,http://localhost:3251@bear,true
1784275496071,Ant,Explore,null,false
1784275496135,Bat,Talk,http://localhost:3251@Ant,false
1784275496136,bear,Talk,http://localhost:3251@Bat,false
1784275496450,Bee,Explore,null,true
1784275496766,Ant,Walk,http://localhost:3251@brice,true
1784275496766,brice,Walk,http://localhost:3251@bear,false
1784275497401,Bat,Exercise,http://localhost:3251@alice,false
1784275497402,brice,Exercise,http://localhost:3251@Bat,false
1784275497780,alice,Explore,null,true
1784275497843,Ant,Dance,http://localhost:3251@Bee,false
1784275497845,Bee,Dance,http://localhost:3251@Bat,true
1784275498224,bear,Walk,http://localhost:3251@Bat,false
1784275498225,brice,Walk,http://localhost:3251@bear,true
1784275499237,Ant,Sing,http://localhost:3251@alice,true
1784275499237,bear,Sing,http://localhost:3251@Ant,true
1784275500178,Bat,Walk,http://localhost:3251@alice,true
1784275500179,brice,Walk,http://localhost:3251@Bat,true
1784275500241,alice,Explore,null,false
1784275500242,Bee,Explore,null,false
1784275501384,Ant,Sing,http://localhost:3251@alice,false
1784275501385,Bat,Sing,http://localhost:3251@Ant,false
1784275501636,bear,Sing,http://localhost:3251@Bee,true
1784275501639,Bee,Sing,http://localhost:3251@Bat,true
1784275502458,alice,Dance,http://localhost:3251@bear,false
1784275502459,Bat,Dance,http://localhost:3251@alice,false
1784275502951,Bee,Exercise,http://localhost:3251@alice,false
1784275502953,brice,Exercise,http://localhost:3251@Bee,true
1784275503330,bear,Explore,null,false
1784275503710,Ant,Exercise,http://localhost:3251@Bat,false
1784275503710,Bat,Exercise,http://localhost:3251@alice,false
1784275504151,alice,Explore,null,true
1784275504403,Ant,Dance,http://localhost:3251@brice,false
1784275504404,brice,Dance,http://localhost:3251@Ant,false
1784275505371,Bat,Explore,null,false
1784275505687,bear,Explore,null,false
1784275506001,Bee,Explore,null,false
1784275506443,Ant,Play,http://localhost:3251@bear,false
1784275506444,Bat,Play,http://localhost:3251@Ant,false
1784275507521,alice,Exercise,http://localhost:3251@Bat,false
1784275507521,brice,Exercise,http://localhost:3251@alice,false
1784275507647,bear,Exercise,http://localhost:3251@Ant,true
1784275507649,Bee,Exercise,http://localhost:3251@bear,false
1784275508531,Ant,Dance,http://localhost:3251@Bat,true
1784275508532,Bat,Dance,http://localhost:3251@alice,false
1784275509671,Bat,Play,http://localhost:3251@brice,true
1784275509673,brice,Play,http://localhost:3251@Bee,true
1784275510039,Bee,Explore,null,true
1784275510270,Ant,Explore,null,true
1784275511345,alice,Explore,null,false
1784275511725,bear,Dance,http://localhost:3251@brice,true
1784275511726,Bee,Explore,null,false
1784275511727,brice,Dance,http://localhost:3251@Ant,true
1784275512045,Bat,Explore,null,true
1784275512420,alice,Talk,http://localhost:3251@bear,true
1784275512421,bear,Talk,http://localhost:3251@alice,true
1784275513115,bear,Walk,http://localhost:3251@Bee,false
1784275513117,Bee,Walk,http://localhost:3251@Ant,true
1784275513493,alice,Fight,http://localhost:3251@Bat,true
1784275513494,brice,Fight,http://localhost:3251@alice,true
1784275514128,Bat,Dance,http://localhost:3251@alice,false
1784275514129,bear,Dance,http://localhost:3251@Bat,false
1784275515186,bear,Sing,http://localhost:3251@Bee,true
1784275515187,Bee,Sing,http://localhost:3251@Bat,false
1784275515542,alice,Dance,http://localhost:3251@brice,true
1784275515543,brice,Dance,http://localhost:3251@Ant,false
1784275516936,bear,Sing,http://localhost:3251@brice,true
1784275516937,brice,Sing,http://localhost:3251@alice,false
1784275518328,Bat,Dance,http://localhost:3251@brice,true
1784275518330,brice,Dance,http://localhost:3251@Ant,false
1784275518959,Bee,Explore,null,true
1784275519403,Ant,Walk,http://localhost:3251@brice,false
1784275519404,bear,Walk,http://localhost:3251@Ant,true
1784275520341,alice,Play,http://localhost:3251@Bee,true
1784275520342,Bee,Play,http://localhost:3251@alice,true
1784275520468,bear,Talk,http://localhost:3251@alice,false
1784275520470,brice,Talk,http://localhost:3251@bear,true
1784275521162,Bat,Sing,http://localhost:3251@alice,false
1784275521162,brice,Sing,http://localhost:3251@Bat,true
1784275521731,bear,Dance,http://localhost:3251@Bee,false
1784275521732,Bee,Dance,http://localhost:3251@Bat,true
1784275521857,Ant,Explore,null,true
1784275522551,Bat,Play,http://localhost:3251@alice,false
1784275522552,bear,Play,http://localhost:3251@Bat,false
1784275522867,brice,Explore,null,true
1784275523119,alice,Dance,http://localhost:3251@Bee,true
1784275523121,Bee,Dance,http://localhost:3251@Bat,true
1784275523941,Bat,Sing,http://localhost:3251@alice,false
1784275523942,brice,Sing,http://localhost:3251@Bat,false
1784275524248,Ant,Explore,null,false
1784275524513,bear,Sing,http://localhost:3251@Bee,true
1784275524514,Bee,Sing,http://localhost:3251@Bat,true
1784275525020,Bat,Talk,http://localhost:3251@Ant,false
1784275525021,Bee,Talk,http://localhost:3251@Bat,false
1784275525637,Ant,Sing,http://localhost:3251@alice,true
1784275525639,brice,Sing,http://localhost:3251@Ant,false
1784275526207,alice,Explore,null,true
1784275526587,Ant,Walk,http://localhost:3251@bear,true
1784275526588,bear,Walk,http://localhost:3251@Bat,false
1784275526777,alice,Fight,http://localhost:3251@Bee,false
1784275526777,Bee,Fight,http://localhost:3251@Bat,false
1784275527345,brice,Explore,null,true
1784275527661,bear,Fight,http://localhost:3251@brice,false
1784275527664,Bee,Fight,http://localhost:3251@bear,false
1784275528168,Bat,Explore,null,false
1784275528865,alice,Walk,http://localhost:3251@Bee,false
1784275528867,Bat,Walk,http://localhost:3251@alice,true
1784275529353,Bee,Explore,null,false
1784275529733,brice,Explore,null,false
1784275529797,Ant,Sing,http://localhost:3251@bear,true
1784275529797,bear,Sing,http://localhost:3251@Bat,true
1784275530239,alice,Dance,http://localhost:3251@bear,false
1784275530240,Bee,Dance,http://localhost:3251@alice,true
1784275531633,bear,Sing,http://localhost:3251@Bee,true
1784275531634,Bee,Sing,http://localhost:3251@Bat,true
1784275533004,Ant,Play,http://localhost:3251@bear,false
1784275533005,bear,Play,http://localhost:3251@Ant,true
1784275533636,brice,Explore,null,true
1784275533700,alice,Play,http://localhost:3251@Bat,true
1784275533702,Bat,Play,http://localhost:3251@alice,false
1784275534397,bear,Sing,http://localhost:3251@Bat,false
1784275534399,brice,Sing,http://localhost:3251@bear,true
1784275534840,Ant,Talk,http://localhost:3251@Bee,true
1784275534842,Bee,Talk,http://localhost:3251@Bat,false
1784275535097,Bat,Walk,http://localhost:3251@alice,true
1784275535100,brice,Walk,http://localhost:3251@Bat,true
1784275536551,Bee,Explore,null,false
1784275537245,bear,Dance,http://localhost:3251@alice,true
1784275537246,brice,Dance,http://localhost:3251@bear,false
1784275537307,Ant,Explore,null,false
1784275538255,Bee,Explore,null,false
1784275538635,alice,Play,http://localhost:3251@Bat,true
1784275538636,Ant,Play,http://localhost:3251@alice,true
1784275539332,bear,Dance,http://localhost:3251@alice,false
1784275539334,Bee,Dance,http://localhost:3251@bear,false
1784275540094,Bat,Play,http://localhost:3251@alice,false
1784275540096,brice,Play,http://localhost:3251@Bat,true
1784275540473,Ant,Explore,null,false
1784275541422,alice,Play,http://localhost:3251@Bat,false
1784275541423,Ant,Play,http://localhost:3251@alice,false
1784275542117,alice,Sing,http://localhost:3251@Bee,true
1784275542117,Ant,Walk,http://localhost:3251@bear,true
1784275542119,bear,Walk,http://localhost:3251@Bat,false
1784275542119,Bee,Sing,http://localhost:3251@Bat,false
1784275542494,Bat,Explore,null,false
1784275543573,Bat,Talk,http://localhost:3251@Ant,true
1784275543575,brice,Talk,http://localhost:3251@Bat,false
1784275544540,alice,Explore,null,false
1784275545300,Bat,Explore,null,false
1784275545616,bear,Sing,http://localhost:3251@Bat,false
1784275545617,Bee,Sing,http://localhost:3251@bear,false
1784275546378,alice,Sing,http://localhost:3251@Ant,false
1784275546379,Ant,Sing,http://localhost:3251@alice,true
1784275546381,Bee,Walk,http://localhost:3251@brice,false
1784275546382,brice,Walk,http://localhost:3251@bear,false
1784275547391,Ant,Play,http://localhost:3251@Bat,false
1784275547392,Bat,Play,http://localhost:3251@alice,true
1784275548279,Ant,Exercise,http://localhost:3251@bear,false
1784275548280,bear,Exercise,http://localhost:3251@Ant,true
1784275548784,alice,Sing,http://localhost:3251@Bat,false
1784275548784,Bat,Sing,http://localhost:3251@alice,true
1784275549165,bear,Sing,http://localhost:3251@Bee,false
1784275549166,Bee,Sing,http://localhost:3251@Bat,true
1784275549987,Ant,Explore,null,false
1784275550179,alice,Play,http://localhost:3251@Bat,false
1784275550181,bear,Play,http://localhost:3251@alice,true
1784275550182,brice,Explore,null,true
1784275551254,Bee,Sing,http://localhost:3251@Bat,true
1784275551255,brice,Sing,http://localhost:3251@Bee,true
1784275551382,Ant,Walk,http://localhost:3251@brice,true
1784275551385,Bat,Walk,http://localhost:3251@Ant,false
1784275551888,alice,Explore,null,true
1784275552961,alice,Dance,http://localhost:3251@bear,false
1784275552963,bear,Dance,http://localhost:3251@alice,false
1784275553152,Ant,Fight,http://localhost:3251@Bat,true
1784275553154,Bat,Fight,http://localhost:3251@bear,true
1784275553405,Bee,Sing,http://localhost:3251@Bat,true
1784275553407,brice,Sing,http://localhost:3251@Bee,true
1784275554717,bear,Fight,http://localhost:3251@brice,true
1784275554718,brice,Fight,http://localhost:3251@bear,true
1784275554843,alice,Walk,http://localhost:3251@Bee,false
1784275554844,Bee,Walk,http://localhost:3251@Ant,false
1784275554906,Ant,Explore,null,true
1784275555922,Bat,Play,http://localhost:3251@alice,true
1784275555923,Bee,Play,http://localhost:3251@Bat,true
1784275556112,Ant,Walk,http://localhost:3251@bear,true
1784275556113,bear,Walk,http://localhost:3251@Bat,false
1784275556808,bear,Sing,http://localhost:3251@brice,false
1784275556808,brice,Sing,http://localhost:3251@alice,true
1784275557566,Ant,Play,http://localhost:3251@bear,false
1784275557567,Bee,Play,http://localhost:3251@Ant,true
1784275559085,Bat,Talk,http://localhost:3251@Ant,true
1784275559086,brice,Talk,http://localhost:3251@Bat,false
1784275559276,Ant,Explore,null,false
1784275559473,alice,Explore,null,true
1784275560486,bear,Sing,http://localhost:3251@brice,false
1784275560487,brice,Sing,http://localhost:3251@alice,true
1784275561246,Bat,Sing,http://localhost:3251@alice,true
1784275561247,brice,Sing,http://localhost:3251@Bat,true
1784275561500,Ant,Dance,http://localhost:3251@Bat,true
1784275561501,Bee,Dance,http://localhost:3251@Ant,false
1784275562257,alice,Play,http://localhost:3251@Bat,false
1784275562258,Bee,Play,http://localhost:3251@alice,false
1784275563331,Bat,Play,http://localhost:3251@alice,true
1784275563333,brice,Play,http://localhost:3251@Bat,false
1784275564709,Ant,Walk,http://localhost:3251@bear,false
1784275564710,bear,Walk,http://localhost:3251@Bat,false
1784275565085,bear,Talk,http://localhost:3251@brice,false
1784275565086,brice,Talk,http://localhost:3251@bear,true
1784275566721,alice,Explore,null,false
1784275566785,brice,Explore,null,false
1784275567166,Ant,Walk,http://localhost:3251@bear,true
1784275567167,bear,Walk,http://localhost:3251@Bat,true
1784275568049,Bat,Exercise,http://localhost:3251@alice,false
1784275568050,Bee,Exercise,http://localhost:3251@Bat,false
1784275569123,alice,Explore,null,true
1784275569314,Bee,Exercise,http://localhost:3251@alice,false
1784275569315,brice,Exercise,http://localhost:3251@Bee,true
1784275569377,Ant,Walk,http://localhost:3251@bear,true
1784275569378,bear,Walk,http://localhost:3251@Bat,true
1784275570170,alice,Fight,http://localhost:3251@Bat,true
1784275570171,Bee,Fight,http://localhost:3251@alice,true
1784275570424,Bat,Explore,null,true
1784275570996,brice,Explore,null,true
1784275571436,Ant,Fight,http://localhost:3251@Bee,false
1784275571437,Bat,Fight,http://localhost:3251@Ant,false
1784275572133,bear,Dance,http://localhost:3251@alice,false
1784275572134,brice,Dance,http://localhost:3251@bear,false
1784275572828,Bee,Exercise,http://localhost:3251@alice,false
1784275572830,brice,Exercise,http://localhost:3251@Bee,false
1784275573396,alice,Fight,http://localhost:3251@Bat,true
1784275573398,Ant,Fight,http://localhost:3251@alice,true
1784275574276,Bat,Sing,http://localhost:3251@alice,true
1784275574278,brice,Sing,http://localhost:3251@Bat,false
1784275574593,bear,Explore,null,false
1784275575668,alice,Dance,http://localhost:3251@Bat,true
1784275575669,Bat,Dance,http://localhost:3251@alice,false
1784275576740,brice,Explore,null,false
1784275576929,Ant,Walk,http://localhost:3251@brice,true
1784275576930,bear,Walk,http://localhost:3251@Ant,false
1784275577752,Ant,Play,http://localhost:3251@Bat,true
1784275577753,Bat,Play,http://localhost:3251@alice,false
1784275578067,alice,Exercise,http://localhost:3251@brice,true
1784275578068,brice,Exercise,http://localhost:3251@bear,false
1784275579144,Bat,Play,http://localhost:3251@alice,false
1784275579146,brice,Play,http://localhost:3251@Bat,false
1784275579842,alice,Fight,http://localhost:3251@Bat,false
1784275579843,Ant,Fight,http://localhost:3251@alice,true
1784275579843,Bat,Walk,http://localhost:3251@Bee,false
1784275579843,Bee,Walk,http://localhost:3251@Ant,false
1784275580541,Bat,Sing,http://localhost:3251@brice,false
1784275580543,brice,Sing,http://localhost:3251@alice,false
1784275581856,alice,Dance,http://localhost:3251@bear,true
1784275581857,bear,Dance,http://localhost:3251@alice,true
1784275582930,Bee,Explore,null,true
1784275583489,Ant,Walk,http://localhost:3251@brice,true
1784275583490,brice,Walk,http://localhost:3251@Ant,false
1784275583553,bear,Explore,null,true
1784275583679,Bat,Explore,null,true
1784275584563,Bee,Fight,http://localhost:3251@brice,true
1784275584564,brice,Fight,http://localhost:3251@Bee,true
1784275584851,Ant,Walk,http://localhost:3251@brice,true
1784275584853,Bat,Walk,http://localhost:3251@Ant,false
1784275585610,Ant,Dance,http://localhost:3251@bear,true
1784275585612,bear,Dance,http://localhost:3251@alice,false
1784275586751,alice,Exercise,http://localhost:3251@Bat,false
1784275586755,brice,Exercise,http://localhost:3251@alice,false
1784275587005,Bee,Explore,null,true
1784275587259,Bat,Explore,null,true
1784275588717,Bee,Explore,null,false
1784275588907,alice,Sing,http://localhost:3251@brice,true
1784275588908,brice,Sing,http://localhost:3251@alice,false
1784275588970,Bat,Explore,null,false
1784275589794,bear,Dance,http://localhost:3251@alice,false
1784275589796,brice,Dance,http://localhost:3251@bear,true
1784275590301,Ant,Fight,http://localhost:3251@Bee,false
1784275590302,Bee,Fight,http://localhost:3251@Ant,false
1784275590616,alice,Explore,null,false
1784275591856,Ant,Dance,http://localhost:3251@bear,true
1784275591857,bear,Dance,http://localhost:3251@alice,false
1784275592296,alice,Explore,null,false
1784275592613,Bee,Dance,http://localhost:3251@brice,false
1784275592614,brice,Dance,http://localhost:3251@Ant,false
1784275593248,Bat,Play,http://localhost:3251@bear,true
1784275593249,bear,Play,http://localhost:3251@Ant,true
1784275593945,Ant,Dance,http://localhost:3251@Bat,false
1784275593948,bear,Dance,http://localhost:3251@Ant,false
1784275594009,Bat,Walk,http://localhost:3251@Bee,true
1784275594010,Bee,Walk,http://localhost:3251@Ant,false
1784275595019,brice,Explore,null,true
1784275595400,bear,Sing,http://localhost:3251@Bee,false
1784275595402,Bee,Sing,http://localhost:3251@Bat,false
1784275596096,alice,Explore,null,true
1784275596413,Bat,Play,http://localhost:3251@brice,false
1784275596415,brice,Play,http://localhost:3251@Bee,true
1784275596701,Ant,Sing,http://localhost:3251@alice,false
1784275596701,bear,Sing,http://localhost:3251@Ant,true
1784275598154,brice,Explore,null,false
1784275598344,Bat,Exercise,http://localhost:3251@alice,true
1784275598345,Bee,Exercise,http://localhost:3251@Bat,true
1784275599800,Ant,Walk,http://localhost:3251@Bat,false
1784275599802,Bat,Walk,http://localhost:3251@alice,false
1784275599991,brice,Explore,null,false
1784275601004,Ant,Sing,http://localhost:3251@bear,true
1784275601006,bear,Sing,http://localhost:3251@Bat,true
1784275601131,alice,Play,http://localhost:3251@Bee,true
1784275601133,Bee,Play,http://localhost:3251@alice,true
1784275601928,Bat,Play,http://localhost:3251@alice,false
1784275601929,Bee,Play,http://localhost:3251@Bat,false
1784275602871,alice,Talk,http://localhost:3251@bear,true
1784275602872,Ant,Talk,http://localhost:3251@alice,false
1784275603312,Bat,Dance,http://localhost:3251@alice,true
1784275603313,bear,Dance,http://localhost:3251@Bat,false
1784275603946,brice,Explore,null,false
1784275604706,Bee,Dance,http://localhost:3251@Bat,true
1784275604707,brice,Dance,http://localhost:3251@Bee,true
1784275605274,alice,Explore,null,true
1784275605276,Ant,Explore,null,false
1784275606099,Ant,Sing,http://localhost:3251@brice,false
1784275606101,brice,Sing,http://localhost:3251@alice,false
1784275606986,alice,Explore,null,false
1784275607239,Bat,Explore,null,true
1784275607682,bear,Sing,http://localhost:3251@Bat,false
1784275607685,brice,Sing,http://localhost:3251@bear,false
1784275608315,Bat,Talk,http://localhost:3251@Ant,true
1784275608317,Bee,Talk,http://localhost:3251@Bat,false
1784275608696,alice,Explore,null,false
1784275608884,Ant,Sing,http://localhost:3251@alice,true
1784275608885,bear,Sing,http://localhost:3251@Ant,false
1784275610008,Bee,Explore,null,true
1784275610325,alice,Exercise,http://localhost:3251@Bat,true
1784275610326,Bat,Exercise,http://localhost:3251@alice,true
1784275610499,bear,Play,http://localhost:3251@brice,false
1784275610500,brice,Play,http://localhost:3251@Bee,false
1784275611948,Ant,Explore,null,false
1784275612011,alice,Explore,null,true
1784275612012,Bat,Explore,null,true
1784275612581,Bee,Dance,http://localhost:3251@brice,false
1784275612582,brice,Dance,http://localhost:3251@Ant,true
1784275612896,bear,Explore,null,true
1784275613274,Bat,Exercise,http://localhost:3251@alice,true
1784275613275,Bee,Exercise,http://localhost:3251@Bat,false
1784275614096,alice,Dance,http://localhost:3251@bear,false
1784275614098,Bat,Dance,http://localhost:3251@alice,true
1784275614411,Ant,Talk,http://localhost:3251@Bat,false
1784275614413,brice,Talk,http://localhost:3251@Ant,false
1784275614602,bear,Explore,null,true
1784275615038,Bee,Talk,http://localhost:3251@Bat,true
1784275615039,brice,Talk,http://localhost:3251@Bee,false
1784275615642,alice,Talk,http://localhost:3251@bear,false
1784275615643,bear,Talk,http://localhost:3251@alice,true
1784275615769,Bat,Explore,null,false
1784275616465,alice,Sing,http://localhost:3251@Bee,false
1784275616468,Bee,Sing,http://localhost:3251@Bat,false
1784275617603,alice,Fight,http://localhost:3251@Bat,false
1784275617604,Ant,Explore,null,true
1784275617605,brice,Fight,http://localhost:3251@alice,false
1784275617855,Bat,Sing,http://localhost:3251@alice,true
1784275617857,bear,Sing,http://localhost:3251@Bat,true
1784275618554,Bee,Walk,http://localhost:3251@Ant,false
1784275618555,brice,Walk,http://localhost:3251@Bee,true
1784275619248,Bat,Sing,http://localhost:3251@alice,false
1784275619250,brice,Sing,http://localhost:3251@Bat,false
1784275619312,Ant,Explore,null,false
1784275619566,bear,Explore,null,false
1784275620076,alice,Explore,null,false
1784275620266,Bee,Explore,null,false
1784275620938,Ant,Sing,http://localhost:3251@bear,false
1784275620940,Bat,Explore,null,true
1784275620941,bear,Sing,http://localhost:3251@Bat,false
1784275621638,brice,Explore,null,false
1784275621764,alice,Explore,null,false
1784275622710,alice,Fight,http://localhost:3251@Bat,true
1784275622711,Bat,Fight,http://localhost:3251@bear,false
1784275623030,Bee,Exercise,http://localhost:3251@alice,false
1784275623033,brice,Exercise,http://localhost:3251@Bee,true
1784275623726,Ant,Play,http://localhost:3251@bear,false
1784275623727,bear,Play,http://localhost:3251@Ant,true
1784275624296,alice,Exercise,http://localhost:3251@brice,true
1784275624297,brice,Exercise,http://localhost:3251@bear,true
1784275624740,Bee,Explore,null,true
1784275625122,Bat,Explore,null,false
1784275626383,alice,Exercise,http://localhost:3251@bear,true
1784275626384,bear,Exercise,http://localhost:3251@Ant,true
1784275626690,brice,Explore,null,false
1784275627196,alice,Talk,http://localhost:3251@Bee,false
1784275627198,Bee,Talk,http://localhost:3251@Bat,true
1784275628081,Ant,Play,http://localhost:3251@bear,false
1784275628083,bear,Play,http://localhost:3251@Ant,true
1784275629601,Bat,Explore,null,false
1784275630107,alice,Play,http://localhost:3251@Bat,true
1784275630108,Ant,Play,http://localhost:3251@alice,false
1784275630283,Bee,Explore,null,false
1784275630978,Bat,Dance,http://localhost:3251@alice,true
1784275630979,brice,Dance,http://localhost:3251@Bat,false
1784275632020,alice,Fight,http://localhost:3251@Bee,false
1784275632021,Bee,Fight,http://localhost:3251@Bat,true
1784275632081,bear,Exercise,http://localhost:3251@Ant,false
1784275632082,brice,Exercise,http://localhost:3251@bear,false
1784275633090,Bat,Walk,http://localhost:3251@alice,false
1784275633093,brice,Walk,http://localhost:3251@Bat,true
1784275633851,Ant,Explore,null,true
1784275634484,bear,Explore,null,false
1784275634611,Ant,Fight,http://localhost:3251@Bee,false
1784275634613,Bee,Fight,http://localhost:3251@Bat,true
1784275635120,alice,Explore,null,false
1784275635564,bear,Talk,http://localhost:3251@alice,false
1784275635565,brice,Talk,http://localhost:3251@bear,true
1784275636704,Ant,Fight,http://localhost:3251@bear,false
1784275636706,bear,Fight,http://localhost:3251@brice,true
1784275636929,Bat,Walk,http://localhost:3251@brice,true
1784275636931,brice,Walk,http://localhost:3251@bear,false
1784275638950,alice,Explore,null,true
1784275639394,bear,Exercise,http://localhost:3251@Ant,true
1784275639395,brice,Exercise,http://localhost:3251@bear,false
1784275640029,Bee,Explore,null,false
1784275640473,alice,Fight,http://localhost:3251@brice,false
1784275640474,brice,Fight,http://localhost:3251@Bee,false
1784275641109,bear,Explore,null,false
1784275641614,Ant,Walk,http://localhost:3251@brice,false
1784275641615,brice,Walk,http://localhost:3251@Ant,true
1784275642426,Bee,Explore,null,true
1784275642680,alice,Talk,http://localhost:3251@Ant,false
1784275642681,Ant,Talk,http://localhost:3251@Bat,true
1784275643633,Bat,Explore,null,true
1784275643889,bear,Walk,http://localhost:3251@Bat,true
1784275643890,Bee,Walk,http://localhost:3251@bear,false
1784275644522,Ant,Talk,http://localhost:3251@Bat,false
1784275644523,Bat,Talk,http://localhost:3251@Ant,true
1784275645091,alice,Explore,null,false
1784275645584,alice,Fight,http://localhost:3251@Bat,true
1784275645585,Bat,Fight,http://localhost:3251@bear,true
1784275645585,bear,Explore,null,true
1784275645837,Ant,Exercise,http://localhost:3251@Bee,false
1784275645838,Bee,Exercise,http://localhost:3251@alice,false
1784275646724,alice,Play,http://localhost:3251@brice,true
1784275646726,brice,Play,http://localhost:3251@Bee,true
1784275646978,Ant,Sing,http://localhost:3251@bear,true
1784275646980,bear,Sing,http://localhost:3251@Bat,true
1784275647295,Bat,Explore,null,true
1784275648370,Ant,Dance,http://localhost:3251@Bat,true
1784275648371,Bat,Dance,http://localhost:3251@Ant,false
1784275649115,brice,Explore,null,true
1784275649496,alice,Play,http://localhost:3251@Bat,true
1784275649499,Bat,Play,http://localhost:3251@alice,true
1784275650129,bear,Fight,http://localhost:3251@brice,true
1784275650130,brice,Fight,http://localhost:3251@bear,false
1784275650890,Bat,Play,http://localhost:3251@alice,false
1784275650891,brice,Play,http://localhost:3251@Bat,false
1784275651524,Ant,Explore,null,true
1784275652159,alice,Dance,http://localhost:3251@Bee,false
1784275652160,Bee,Dance,http://localhost:3251@Bat,false
1784275652222,Ant,Sing,http://localhost:3251@bear,false
1784275652222,bear,Sing,http://localhost:3251@Bat,false
1784275652981,Bat,Sing,http://localhost:3251@alice,true
1784275652982,Bee,Sing,http://localhost:3251@Bat,true
1784275654664,bear,Explore,null,true
1784275654983,alice,Dance,http://localhost:3251@bear,true
1784275654985,Bat,Dance,http://localhost:3251@alice,false
1784275655744,alice,Sing,http://localhost:3251@brice,false
1784275655746,brice,Sing,http://localhost:3251@alice,true
1784275656312,Ant,Exercise,http://localhost:3251@brice,true
1784275656313,bear,Exercise,http://localhost:3251@Ant,false
1784275656376,Bat,Exercise,http://localhost:3251@Bee,true
1784275656379,Bee,Exercise,http://localhost:3251@alice,true
1784275656822,alice,Talk,http://localhost:3251@bear,true
1784275656823,Ant,Talk,http://localhost:3251@alice,true
1784275657768,Bat,Walk,http://localhost:3251@alice,false
1784275657770,brice,Walk,http://localhost:3251@Bat,false
1784275658087,Bee,Explore,null,true
1784275658657,Ant,Sing,http://localhost:3251@bear,true
1784275658658,bear,Sing,http://localhost:3251@Bat,true
1784275659164,Bee,Talk,http://localhost:3251@Bat,true
1784275659165,brice,Talk,http://localhost:3251@Bee,true
1784275659291,alice,Explore,null,false
1784275660868,Bee,Explore,null,false
1784275661119,alice,Exercise,http://localhost:3251@brice,true
1784275661120,brice,Exercise,http://localhost:3251@bear,true
1784275661374,Ant,Walk,http://localhost:3251@Bat,false
1784275661374,Bat,Walk,http://localhost:3251@alice,true
1784275662006,bear,Explore,null,true
1784275662196,Bee,Exercise,http://localhost:3251@alice,false
1784275662198,brice,Exercise,http://localhost:3251@Bee,false
1784275662762,Ant,Dance,http://localhost:3251@Bat,false
1784275662763,bear,Dance,http://localhost:3251@Ant,false
1784275663078,alice,Exercise,http://localhost:3251@Bat,false
1784275663079,brice,Exercise,http://localhost:3251@alice,true
1784275663900,Bee,Explore,null,true
1784275664472,alice,Dance,http://localhost:3251@bear,true
1784275664473,Ant,Explore,null,true
1784275664474,Bat,Dance,http://localhost:3251@alice,true
1784275664474,bear,Explore,null,false
1784275665296,alice,Walk,http://localhost:3251@brice,true
1784275665300,brice,Walk,http://localhost:3251@bear,false
1784275666437,Bee,Fight,http://localhost:3251@Bat,false
1784275666438,brice,Fight,http://localhost:3251@Bee,true
1784275666679,alice,Sing,http://localhost:3251@Bat,true
1784275666680,bear,Sing,http://localhost:3251@alice,false
1784275666990,Bat,Explore,null,false
1784275668073,Bat,Talk,http://localhost:3251@Ant,true
1784275668075,bear,Talk,http://localhost:3251@Bat,false
1784275668581,Ant,Sing,http://localhost:3251@Bee,false
1784275668582,Bee,Sing,http://localhost:3251@Bat,false
1784275668835,brice,Explore,null,true
1784275669087,alice,Explore,null,false
1784275669532,Bat,Dance,http://localhost:3251@alice,true
1784275669534,Bee,Dance,http://localhost:3251@Bat,false
1784275670230,bear,Walk,http://localhost:3251@brice,false
1784275670232,brice,Walk,http://localhost:3251@bear,false
1784275671246,Bat,Explore,null,true
1784275671247,Bee,Explore,null,false
1784275671561,bear,Exercise,http://localhost:3251@Ant,false
1784275671562,brice,Exercise,http://localhost:3251@bear,true
1784275671687,Ant,Explore,null,false
1784275672592,alice,Sing,http://localhost:3251@Bat,true
1784275672593,bear,Sing,http://localhost:3251@alice,true
1784275672908,Bee,Sing,http://localhost:3251@brice,false
1784275672909,brice,Sing,http://localhost:3251@alice,false
1784275673983,alice,Dance,http://localhost:3251@Bat,false
1784275673985,Bat,Dance,http://localhost:3251@alice,false
1784275674300,bear,Explore,null,false
1784275674362,Bee,Play,http://localhost:3251@alice,true
1784275674363,brice,Play,http://localhost:3251@Bee,true
1784275675059,Bat,Talk,http://localhost:3251@Ant,true
1784275675062,brice,Talk,http://localhost:3251@Bat,true
1784275675502,Ant,Walk,http://localhost:3251@brice,true
1784275675503,bear,Walk,http://localhost:3251@Ant,true
1784275676070,alice,Walk,http://localhost:3251@Bee,true
1784275676071,brice,Walk,http://localhost:3251@alice,false
1784275676572,alice,Fight,http://localhost:3251@bear,true
1784275676573,bear,Fight,http://localhost:3251@brice,true
1784275677126,Bee,Walk,http://localhost:3251@Ant,true
1784275677128,brice,Walk,http://localhost:3251@Bee,true
1784275677931,alice,Play,http://localhost:3251@Bat,false
1784275677932,brice,Play,http://localhost:3251@alice,true
1784275678374,bear,Explore,null,true
1784275678880,Ant,Explore,null,true
1784275679639,alice,Explore,null,true
1784275679956,Ant,Talk,http://localhost:3251@Bat,false
1784275679957,bear,Talk,http://localhost:3251@Ant,true
1784275680275,Bee,Explore,null,false
1784275680590,Bat,Play,http://localhost:3251@alice,false
1784275680591,brice,Play,http://localhost:3251@Bat,false
1784275681663,bear,Explore,null,false
1784275681977,Bee,Explore,null,true
1784275682029,alice,Explore,null,true
1784275682510,Ant,Explore,null,false
1784275683014,Bat,Talk,http://localhost:3251@Ant,true
1784275683016,bear,Talk,http://localhost:3251@Bat,false
1784275683331,Ant,Sing,http://localhost:3251@Bee,false
1784275683331,Bee,Sing,http://localhost:3251@Bat,true
1784275684216,alice,Walk,http://localhost:3251@Bee,false
1784275684219,Ant,Walk,http://localhost:3251@alice,false
1784275684406,brice,Explore,null,false
1784275685146,bear,Walk,http://localhost:3251@Bat,false
1784275685150,brice,Walk,http://localhost:3251@bear,true
1784275685399,Bat,Explore,null,false
1784275685967,alice,Fight,http://localhost:3251@Ant,true
1784275685968,Ant,Fight,http://localhost:3251@Bee,true
1784275687227,Bee,Fight,http://localhost:3251@Bat,true
1784275687228,brice,Fight,http://localhost:3251@Bee,true
1784275687846,Bat,Explore,null,false
1784275687908,bear,Sing,http://localhost:3251@Bat,true
1784275687910,brice,Sing,http://localhost:3251@bear,true
1784275688606,alice,Walk,http://localhost:3251@Bee,false
1784275688608,Bee,Walk,http://localhost:3251@Ant,true
1784275689177,Ant,Exercise,http://localhost:3251@bear,false
1784275689178,bear,Exercise,http://localhost:3251@Ant,false
1784275690317,brice,Explore,null,true
1784275690380,alice,Talk,http://localhost:3251@bear,true
1784275690382,bear,Talk,http://localhost:3251@alice,false
1784275691963,Ant,Sing,http://localhost:3251@alice,true
1784275691964,Bee,Sing,http://localhost:3251@Ant,true
1784275692839,brice,Explore,null,false
1784275693580,alice,Explore,null,false
1784275693643,Ant,Explore,null,false
1784275694087,Bat,Exercise,http://localhost:3251@brice,true
1784275694089,brice,Exercise,http://localhost:3251@bear,true
1784275694719,Ant,Talk,http://localhost:3251@Bat,true
1784275694722,bear,Talk,http://localhost:3251@Ant,true
1784275694783,Bee,Sing,http://localhost:3251@Bat,false
1784275694784,brice,Sing,http://localhost:3251@Bee,true
1784275695477,Bat,Dance,http://localhost:3251@alice,true
1784275695478,brice,Dance,http://localhost:3251@Bat,true
1784275695855,Bee,Fight,http://localhost:3251@Bat,true
1784275695856,brice,Fight,http://localhost:3251@Bee,true
1784275696046,Ant,Exercise,http://localhost:3251@brice,true
1784275696047,bear,Exercise,http://localhost:3251@Ant,false
1784275697120,alice,Play,http://localhost:3251@Bat,true
1784275697121,brice,Play,http://localhost:3251@alice,true
1784275697754,Ant,Explore,null,true
1784275697756,bear,Explore,null,true
1784275698517,Bee,Sing,http://localhost:3251@brice,false
1784275698518,brice,Sing,http://localhost:3251@alice,true
1784275699592,Ant,Explore,null,false
1784275700096,alice,Talk,http://localhost:3251@Bat,true
1784275700097,Bat,Talk,http://localhost:3251@Ant,true
1784275701296,alice,Play,http://localhost:3251@Bee,false
1784275701297,Bee,Play,http://localhost:3251@alice,false
1784275701992,Bee,Walk,http://localhost:3251@brice,true
1784275701993,brice,Walk,http://localhost:3251@bear,true
1784275702493,Ant,Fight,http://localhost:3251@bear,true
1784275702494,bear,Fight,http://localhost:3251@brice,false
1784275703678,alice,Explore,null,false
1784275703680,Bee,Explore,null,true
1784275704242,bear,Fight,http://localhost:3251@brice,false
1784275704243,brice,Fight,http://localhost:3251@bear,false
1784275706124,bear,Explore,null,true
1784275706250,Ant,Explore,null,true
1784275707825,bear,Explore,null,false
1784275707887,Bee,Dance,http://localhost:3251@Bat,true
1784275707889,brice,Dance,http://localhost:3251@Bee,false
1784275708194,Bat,Explore,null,false
1784275708825,alice,Explore,null,false
1784275709899,Ant,Walk,http://localhost:3251@bear,false
1784275709901,bear,Walk,http://localhost:3251@Bat,true
1784275709962,Bat,Explore,null,true
1784275710278,brice,Explore,null,false
1784275710531,Bat,Exercise,http://localhost:3251@Bee,false
1784275710531,Bee,Exercise,http://localhost:3251@alice,true
1784275710974,Ant,Fight,http://localhost:3251@Bee,false
1784275710976,brice,Fight,http://localhost:3251@Ant,false
1784275712425,bear,Explore,null,true
1784275712679,Ant,Explore,null,true
1784275712680,brice,Explore,null,true
1784275713235,alice,Play,http://localhost:3251@Bat,false
1784275713236,Bat,Play,http://localhost:3251@alice,true
1784275714054,alice,Play,http://localhost:3251@Bee,true
1784275714056,Bee,Play,http://localhost:3251@alice,true
1784275714434,alice,Talk,http://localhost:3251@Ant,false
1784275714435,Ant,Talk,http://localhost:3251@Bat,false
1784275714875,bear,Explore,null,false
1784275714939,Bat,Explore,null,true
1784275715826,brice,Explore,null,true
1784275716646,Bat,Explore,null,false
1784275717277,bear,Explore,null,true
1784275717908,Bee,Play,http://localhost:3251@brice,false
1784275717909,brice,Play,http://localhost:3251@Bee,true
1784275718273,alice,Explore,null,true
1784275719157,alice,Fight,http://localhost:3251@Ant,false
1784275719159,Ant,Fight,http://localhost:3251@Bee,false
1784275719412,bear,Sing,http://localhost:3251@Bat,false
1784275719414,brice,Sing,http://localhost:3251@bear,true
1784275719978,Bat,Exercise,http://localhost:3251@alice,false
1784275719979,brice,Exercise,http://localhost:3251@Bat,false
1784275720674,bear,Dance,http://localhost:3251@Bee,true
1784275720675,Bee,Dance,http://localhost:3251@Bat,false
1784275721243,alice,Dance,http://localhost:3251@bear,false
1784275721246,brice,Dance,http://localhost:3251@alice,true
1784275722680,Bee,Walk,http://localhost:3251@Ant,false
1784275722680,brice,Walk,http://localhost:3251@Bee,true
1784275723222,bear,Exercise,http://localhost:3251@Ant,true
1784275723223,brice,Exercise,http://localhost:3251@bear,true
1784275723572,Ant,Talk,http://localhost:3251@Bat,false
1784275723573,bear,Talk,http://localhost:3251@Ant,true
1784275723854,alice,Dance,http://localhost:3251@bear,false
1784275723855,Bee,Dance,http://localhost:3251@alice,false
1784275724846,brice,Explore,null,true
1784275725541,Bee,Explore,null,true
1784275725603,bear,Walk,http://localhost:3251@Bat,true
1784275725603,brice,Walk,http://localhost:3251@bear,false
1784275725666,alice,Talk,http://localhost:3251@bear,true
1784275725668,Bat,Talk,http://localhost:3251@alice,false
1784275726045,Ant,Explore,null,false
1784275726931,Bat,Play,http://localhost:3251@Bee,false
1784275726932,Bee,Play,http://localhost:3251@alice,true
1784275727373,alice,Fight,http://localhost:3251@brice,false
1784275727374,bear,Explore,null,true
1784275727374,brice,Fight,http://localhost:3251@Bee,true
1784275728132,Ant,Sing,http://localhost:3251@alice,false
1784275728135,brice,Sing,http://localhost:3251@Ant,false
1784275728639,Bee,Explore,null,false
1784275729020,alice,Play,http://localhost:3251@Bat,false
1784275729021,Bat,Play,http://localhost:3251@alice,false
1784275730159,bear,Sing,http://localhost:3251@Bat,true
1784275730160,brice,Sing,http://localhost:3251@bear,false
1784275730542,Ant,Explore,null,false
1784275730796,alice,Dance,http://localhost:3251@Bee,false
1784275730797,Bee,Dance,http://localhost:3251@Bat,true
1784275731800,Bat,Sing,http://localhost:3251@alice,false
1784275731802,brice,Sing,http://localhost:3251@Bat,true
1784275732243,Ant,Explore,null,true
1784275732495,alice,Explore,null,false
1784275733271,Ant,Walk,http://localhost:3251@brice,false
1784275733274,brice,Walk,http://localhost:3251@bear,true
1784275733521,bear,Explore,null,false
1784275734267,Ant,Sing,http://localhost:3251@Bee,true
1784275734271,Bee,Sing,http://localhost:3251@Bat,false
1784275734964,Bat,Explore,null,true
1784275736042,bear,Explore,null,true
1784275736699,alice,Play,http://localhost:3251@Bat,false
1784275736708,brice,Play,http://localhost:3251@alice,true
1784275736763,Bee,Explore,null,false
1784275737824,Bat,Fight,http://localhost:3251@brice,true
1784275737825,brice,Fight,http://localhost:3251@Bee,false
1784275738089,Ant,Walk,http://localhost:3251@bear,true
1784275738089,bear,Walk,http://localhost:3251@Bat,false
1784275738909,Bee,Fight,http://localhost:3251@brice,true
1784275738912,brice,Fight,http://localhost:3251@Bee,false
1784275739216,alice,Play,http://localhost:3251@Bat,true
1784275739218,Bat,Play,http://localhost:3251@alice,true
1784275740230,Ant,Walk,http://localhost:3251@brice,true
1784275740233,Bat,Walk,http://localhost:3251@Ant,false
1784275741242,alice,Exercise,http://localhost:3251@Bat,false
1784275741244,brice,Exercise,http://localhost:3251@alice,false
1784275741306,Ant,Talk,http://localhost:3251@Bat,true
1784275741306,Bee,Talk,http://localhost:3251@Ant,false
1784275742384,Bat,Play,http://localhost:3251@alice,true
1784275742393,brice,Play,http://localhost:3251@Bat,false
1784275742436,Ant,Dance,http://localhost:3251@bear,false
1784275742438,bear,Dance,http://localhost:3251@alice,false
1784275743150,alice,Exercise,http://localhost:3251@Bat,true
1784275743153,brice,Exercise,http://localhost:3251@alice,true
1784275743650,Bee,Explore,null,false
1784275744159,bear,Talk,http://localhost:3251@alice,true
1784275744160,brice,Talk,http://localhost:3251@bear,false
1784275744728,Bee,Fight,http://localhost:3251@Bat,false
1784275744729,brice,Fight,http://localhost:3251@Bee,false
1784275745360,Ant,Play,http://localhost:3251@bear,true
1784275745361,bear,Play,http://localhost:3251@Ant,true
1784275745671,alice,Explore,null,true
1784275746230,Ant,Sing,http://localhost:3251@brice,true
1784275746232,brice,Sing,http://localhost:3251@alice,false
1784275747203,bear,Explore,null,false
1784275747267,Bee,Explore,null,true
1784275747455,Ant,Dance,http://localhost:3251@Bat,true
1784275747457,Bat,Dance,http://localhost:3251@alice,false
1784275748403,Bat,Fight,http://localhost:3251@Bee,true
1784275748404,Bee,Fight,http://localhost:3251@Bat,true
1784275748910,bear,Explore,null,true
1784275749730,Ant,Play,http://localhost:3251@brice,true
1784275749731,brice,Play,http://localhost:3251@Bee,false
1784275750363,Bat,Exercise,http://localhost:3251@alice,false
1784275750364,brice,Exercise,http://localhost:3251@Bat,true
1784275750995,Ant,Walk,http://localhost:3251@bear,true
1784275750996,bear,Walk,http://localhost:3251@Bat,true
1784275751816,Bee,Exercise,http://localhost:3251@alice,true
1784275751818,brice,Exercise,http://localhost:3251@Bee,true
1784275752697,bear,Explore,null,false
1784275752824,alice,Play,http://localhost:3251@Bat,false
1784275752824,Bat,Play,http://localhost:3251@alice,true
1784275754090,Bee,Explore,null,false
1784275754142,alice,Fight,http://localhost:3251@brice,false
1784275754143,brice,Fight,http://localhost:3251@Bee,true
1784275754257,bear,Explore,null,false
1784275754991,Bat,Dance,http://localhost:3251@alice,false
1784275754992,bear,Dance,http://localhost:3251@Bat,true
1784275755379,Ant,Explore,null,true
1784275755658,alice,Explore,null,true
1784275756260,Bat,Play,http://localhost:3251@alice,true
1784275756261,Bee,Explore,null,true
1784275756261,brice,Play,http://localhost:3251@Bat,false
1784275756623,bear,Explore,null,false
1784275757034,alice,Walk,http://localhost:3251@Bee,true
1784275757036,brice,Walk,http://localhost:3251@alice,true
1784275758335,Ant,Explore,null,false
1784275758336,bear,Play,http://localhost:3251@brice,false
1784275758337,brice,Play,http://localhost:3251@Bee,false
1784275758623,alice,Explore,null,true
1784275759569,Ant,Play,http://localhost:3251@Bat,false
1784275759570,Bat,Play,http://localhost:3251@alice,true
1784275760447,Bat,Walk,http://localhost:3251@bear,true
1784275760448,bear,Walk,http://localhost:3251@Bat,true
1784275760637,Ant,Talk,http://localhost:3251@Bat,false
1784275760638,brice,Talk,http://localhost:3251@Ant,true
1784275761579,Ant,Talk,http://localhost:3251@Bat,false
1784275761580,bear,Talk,http://localhost:3251@Ant,false
1784275761636,alice,Play,http://localhost:3251@Bee,false
1784275761637,Bee,Play,http://localhost:3251@alice,false
1784275761863,Bat,Play,http://localhost:3251@brice,true
1784275761863,brice,Play,http://localhost:3251@Bee,true
1784275762735,Bat,Fight,http://localhost:3251@Bee,true
1784275762736,Bee,Fight,http://localhost:3251@Bat,true
1784275762963,Ant,Sing,http://localhost:3251@alice,true
1784275762963,brice,Sing,http://localhost:3251@Ant,true
1784275763117,bear,Explore,null,false
1784275763294,alice,Explore,null,false
1784275764239,Ant,Dance,http://localhost:3251@Bat,false
1784275764240,bear,Dance,http://localhost:3251@Ant,false
1784275764297,Bat,Walk,http://localhost:3251@brice,true
1784275764298,brice,Walk,http://localhost:3251@bear,true
1784275765032,Bee,Explore,null,true
1784275765276,alice,Dance,http://localhost:3251@bear,false
1784275765277,brice,Dance,http://localhost:3251@alice,true
1784275766169,Ant,Exercise,http://localhost:3251@brice,false
1784275766170,bear,Exercise,http://localhost:3251@Ant,false
1784275766609,alice,Dance,http://localhost:3251@bear,false
1784275766610,brice,Dance,http://localhost:3251@alice,true
1784275766666,bear,Talk,http://localhost:3251@Bee,true
1784275766666,Bee,Talk,http://localhost:3251@Bat,true
1784275767076,Ant,Walk,http://localhost:3251@Bat,true
1784275767077,Bat,Walk,http://localhost:3251@alice,false
1784275767580,Ant,Fight,http://localhost:3251@brice,true
1784275767581,brice,Fight,http://localhost:3251@Bee,true
1784275767923,Bat,Dance,http://localhost:3251@bear,true
1784275767925,bear,Dance,http://localhost:3251@alice,false
1784275768201,Bee,Explore,null,false
1784275768368,alice,Exercise,http://localhost:3251@Bat,true
1784275768368,Ant,Exercise,http://localhost:3251@alice,false
1784275769090,brice,Explore,null,true
1784275769482,Bat,Explore,null,false
1784275769930,alice,Talk,http://localhost:3251@bear,true
1784275769931,Ant,Talk,http://localhost:3251@alice,true
1784275769931,Bee,Exercise,http://localhost:3251@alice,true
1784275769932,brice,Exercise,http://localhost:3251@Bee,false
1784275770453,Bat,Dance,http://localhost:3251@bear,true
1784275770454,bear,Dance,http://localhost:3251@alice,true
1784275770901,Ant,Talk,http://localhost:3251@Bat,false
1784275770902,bear,Talk,http://localhost:3251@Ant,true
1784275771545,Ant,Fight,http://localhost:3251@brice,true
1784275771546,brice,Fight,http://localhost:3251@Bee,false
1784275771778,Bat,Walk,http://localhost:3251@alice,false
1784275771779,bear,Walk,http://localhost:3251@Bat,true
1784275772824,alice,Walk,http://localhost:3251@brice,true
1784275772826,Ant,Dance,http://localhost:3251@Bat,false
1784275772826,Bat,Dance,http://localhost:3251@Ant,false
1784275772827,brice,Walk,http://localhost:3251@bear,true
1784275773443,Bat,Talk,http://localhost:3251@Bee,false
1784275773445,Bee,Talk,http://localhost:3251@Bat,false
1784275774062,bear,Explore,null,true
1784275774742,alice,Sing,http://localhost:3251@Bat,true
1784275774743,Bat,Sing,http://localhost:3251@alice,false
1784275775336,Ant,Dance,http://localhost:3251@bear,false
1784275775337,bear,Dance,http://localhost:3251@alice,false
1784275775401,Bat,Play,http://localhost:3251@Bee,false
1784275775402,Bee,Play,http://localhost:3251@alice,true
1784275775763,alice,Fight,http://localhost:3251@Bat,true
1784275775767,brice,Fight,http://localhost:3251@alice,false
1784275776713,Bat,Dance,http://localhost:3251@alice,true
1784275776715,brice,Dance,http://localhost:3251@Bat,true
1784275776955,Ant,Explore,null,false
1784275777083,Bat,Talk,http://localhost:3251@Bee,false
1784275777084,Bee,Talk,http://localhost:3251@Bat,true
1784275777845,alice,Walk,http://localhost:3251@Bee,true
1784275777846,brice,Walk,http://localhost:3251@alice,true
1784275777970,Bat,Exercise,http://localhost:3251@bear,false
1784275777971,bear,Exercise,http://localhost:3251@Ant,true
1784275778708,Ant,Talk,http://localhost:3251@Bat,true
1784275778709,brice,Talk,http://localhost:3251@Ant,true
1784275779019,alice,Exercise,http://localhost:3251@Bee,false
1784275779020,Bee,Exercise,http://localhost:3251@alice,false
1784275779761,bear,Explore,null,false
1784275781011,brice,Explore,null,true
1784275781455,Bat,Talk,http://localhost:3251@bear,true
1784275781456,bear,Talk,http://localhost:3251@alice,true
1784275782081,alice,Explore,null,true
1784275782841,brice,Explore,null,false
1784275783143,alice,Talk,http://localhost:3251@bear,true
1784275783146,bear,Talk,http://localhost:3251@alice,false
1784275783206,Ant,Explore,null,false
1784275783208,Bat,Fight,http://localhost:3251@bear,true
1784275783208,brice,Fight,http://localhost:3251@Bat,false
1784275783451,Bee,Explore,null,false
1784275784151,Ant,Talk,http://localhost:3251@bear,false
1784275784152,bear,Talk,http://localhost:3251@alice,false
1784275784377,alice,Exercise,http://localhost:3251@Bat,false
1784275784378,Bee,Exercise,http://localhost:3251@alice,true
1784275784817,brice,Explore,null,true
1784275785297,Ant,Sing,http://localhost:3251@Bat,true
1784275785299,Bat,Sing,http://localhost:3251@alice,false
1784275785539,bear,Sing,http://localhost:3251@Bat,false
1784275785542,brice,Sing,http://localhost:3251@bear,true
1784275786095,bear,Talk,http://localhost:3251@Bee,true
1784275786098,Bee,Talk,http://localhost:3251@Bat,false
1784275786623,Ant,Dance,http://localhost:3251@Bat,false
1784275786625,brice,Dance,http://localhost:3251@Ant,false
1784275786793,alice,Explore,null,false
1784275786957,Bat,Fight,http://localhost:3251@bear,true
1784275786958,Bee,Fight,http://localhost:3251@Bat,true
1784275787584,Ant,Fight,http://localhost:3251@Bee,false
1784275787585,Bat,Fight,http://localhost:3251@Ant,true
1784275788027,bear,Walk,http://localhost:3251@Bat,true
1784275788029,brice,Walk,http://localhost:3251@bear,false
1784275788713,Bat,Talk,http://localhost:3251@Ant,false
1784275788715,brice,Talk,http://localhost:3251@Bat,true
1784275789278,Bee,Explore,null,true
1784275789782,Bat,Talk,http://localhost:3251@bear,false
1784275789783,bear,Talk,http://localhost:3251@alice,false
1784275790539,alice,Explore,null,false
1784275791968,Ant,Walk,http://localhost:3251@brice,true
1784275791969,bear,Walk,http://localhost:3251@Ant,true
1784275792153,Bat,Explore,null,true
1784275792645,alice,Walk,http://localhost:3251@Bee,true
1784275792648,Bee,Walk,http://localhost:3251@alice,false
1784275793484,Bat,Walk,http://localhost:3251@alice,true
1784275793487,brice,Walk,http://localhost:3251@Bat,true
1784275793848,bear,Exercise,http://localhost:3251@Bee,true
1784275793849,Bee,Exercise,http://localhost:3251@alice,false
1784275794380,Ant,Explore,null,true
1784275794796,Bat,Sing,http://localhost:3251@alice,false
1784275794798,bear,Sing,http://localhost:3251@Bat,false
1784275795038,alice,Talk,http://localhost:3251@bear,false
1784275795040,brice,Talk,http://localhost:3251@alice,false
1784275796433,Ant,Exercise,http://localhost:3251@brice,false
1784275796434,brice,Exercise,http://localhost:3251@Ant,true
1784275796496,Bat,Explore,null,true
1784275796983,Bee,Explore,null,false
1784275797484,alice,Fight,http://localhost:3251@brice,true
1784275797486,brice,Fight,http://localhost:3251@Bee,false
1784275797846,Bat,Dance,http://localhost:3251@alice,true
1784275797847,Bee,Dance,http://localhost:3251@Bat,false
1784275799076,alice,Explore,null,false
1784275799134,Bat,Play,http://localhost:3251@alice,false
1784275799135,bear,Explore,null,false
1784275799135,brice,Play,http://localhost:3251@Bat,true
1784275799481,Ant,Explore,null,false
1784275800680,bear,Explore,null,true
1784275800948,Ant,Fight,http://localhost:3251@Bee,false
1784275800949,Bee,Fight,http://localhost:3251@Bat,false
1784275801023,Bat,Dance,http://localhost:3251@brice,true
1784275801024,brice,Dance,http://localhost:3251@Ant,true
1784275801411,alice,Fight,http://localhost:3251@Bat,false
1784275801412,Bat,Fight,http://localhost:3251@alice,false
1784275801646,bear,Talk,http://localhost:3251@alice,true
1784275801647,brice,Talk,http://localhost:3251@bear,true
1784275802667,alice,Walk,http://localhost:3251@Bee,true
1784275802669,brice,Walk,http://localhost:3251@alice,true
1784275802921,Ant,Sing,http://localhost:3251@bear,true
1784275802922,bear,Sing,http://localhost:3251@Bat,true
1784275803236,Bee,Explore,null,false
1784275803929,alice,Exercise,http://localhost:3251@Bat,true
1784275803930,bear,Exercise,http://localhost:3251@alice,true
1784275804434,Bat,Explore,null,false
1784275804937,Bee,Explore,null,false
1784275804989,alice,Talk,http://localhost:3251@bear,true
1784275804990,Bat,Talk,http://localhost:3251@alice,false
1784275805209,bear,Talk,http://localhost:3251@brice,true
1784275805209,brice,Talk,http://localhost:3251@bear,true
1784275805265,Ant,Explore,null,true
1784275806212,bear,Sing,http://localhost:3251@Bee,true
1784275806213,Bee,Sing,http://localhost:3251@Bat,false
1784275806515,alice,Sing,http://localhost:3251@brice,true
1784275806516,brice,Sing,http://localhost:3251@alice,false
1784275806579,Ant,Dance,http://localhost:3251@Bat,true
1784275806580,Bat,Dance,http://localhost:3251@Ant,true
1784275807645,Ant,Fight,http://localhost:3251@Bee,false
1784275807646,Bee,Fight,http://localhost:3251@Ant,false
1784275808276,alice,Explore,null,true
1784275808334,Bat,Fight,http://localhost:3251@bear,false
1784275808335,bear,Fight,http://localhost:3251@Bat,false
1784275808957,bear,Walk,http://localhost:3251@Bee,false
1784275808958,Bee,Walk,http://localhost:3251@Ant,false
1784275809210,alice,Sing,http://localhost:3251@brice,true
1784275809210,brice,Sing,http://localhost:3251@alice,false
1784275809734,Ant,Sing,http://localhost:3251@alice,false
1784275809734,bear,Sing,http://localhost:3251@Ant,false
1784275809942,alice,Fight,http://localhost:3251@Bee,true
1784275809943,Bee,Fight,http://localhost:3251@Bat,true
1784275810556,Bat,Explore,null,true
1784275810716,alice,Talk,http://localhost:3251@bear,true
1784275810717,bear,Talk,http://localhost:3251@alice,true
1784275811380,brice,Explore,null,false
1784275811571,Bat,Fight,http://localhost:3251@bear,true
1784275811573,Bee,Fight,http://localhost:3251@Bat,true
1784275812742,Ant,Play,http://localhost:3251@brice,true
1784275812743,brice,Play,http://localhost:3251@Bee,false
1784275812966,bear,Explore,null,true
1784275813133,Bat,Explore,null,true
1784275813629,alice,Explore,null,false
1784275813794,Bee,Fight,http://localhost:3251@Bat,false
1784275813795,brice,Fight,http://localhost:3251@Bee,true
1784275813956,Ant,Talk,http://localhost:3251@bear,false
1784275813957,bear,Talk,http://localhost:3251@alice,false
1784275814869,alice,Play,http://localhost:3251@Bat,false
1784275814870,Bat,Play,http://localhost:3251@alice,false
1784275815842,Ant,Sing,http://localhost:3251@alice,true
1784275815844,brice,Sing,http://localhost:3251@Ant,true
1784275815900,alice,Fight,http://localhost:3251@Bat,true
1784275815901,Bat,Fight,http://localhost:3251@alice,true
1784275815954,Bee,Explore,null,false
1784275816564,alice,Sing,http://localhost:3251@bear,false
1784275816566,bear,Sing,http://localhost:3251@Bat,true
1784275817454,Ant,Explore,null,true
1784275817572,bear,Talk,http://localhost:3251@alice,false
1784275817573,brice,Talk,http://localhost:3251@bear,false
1784275818245,alice,Fight,http://localhost:3251@Bat,false
1784275818246,brice,Fight,http://localhost:3251@alice,false
1784275819142,Ant,Explore,null,false
1784275819869,bear,Explore,null,true
1784275820217,Bat,Explore,null,true
1784275820322,Bee,Explore,null,false
1784275820561,alice,Talk,http://localhost:3251@bear,false
1784275820562,bear,Talk,http://localhost:3251@alice,false
1784275820722,Ant,Explore,null,false
1784275821548,alice,Fight,http://localhost:3251@Bat,true
1784275821549,Ant,Fight,http://localhost:3251@alice,false
1784275822297,Ant,Talk,http://localhost:3251@bear,true
1784275822298,bear,Talk,http://localhost:3251@alice,true
1784275822531,Bee,Explore,null,true
1784275823411,Ant,Fight,http://localhost:3251@Bee,true
1784275823412,brice,Fight,http://localhost:3251@Ant,true
1784275824233,Bee,Explore,null,true
1784275824360,alice,Walk,http://localhost:3251@Bee,false
1784275824360,Bat,Walk,http://localhost:3251@alice,true
1784275825370,bear,Explore,null,true
1784275826019,Ant,Exercise,http://localhost:3251@brice,true
1784275826020,brice,Exercise,http://localhost:3251@bear,true
1784275826074,Bat,Explore,null,true
1784275826577,Bat,Fight,http://localhost:3251@Bee,true
1784275826579,Bee,Fight,http://localhost:3251@Bat,false
1784275827738,alice,Dance,http://localhost:3251@bear,true
1784275827739,Bat,Dance,http://localhost:3251@alice,false
1784275828643,Ant,Sing,http://localhost:3251@alice,true
1784275828644,bear,Sing,http://localhost:3251@Ant,true
1784275828701,Bat,Dance,http://localhost:3251@Bee,true
1784275828703,Bee,Dance,http://localhost:3251@Bat,true
1784275829044,alice,Walk,http://localhost:3251@Bee,true
1784275829045,brice,Walk,http://localhost:3251@alice,false
1784275830098,Bee,Sing,http://localhost:3251@Bat,true
1784275830099,brice,Sing,http://localhost:3251@Bee,false
1784275830977,Ant,Explore,null,false
1784275831479,bear,Sing,http://localhost:3251@Bee,false
1784275831480,Bee,Sing,http://localhost:3251@Bat,false
1784275831792,Bat,Explore,null,true
1784275832044,Ant,Fight,http://localhost:3251@Bee,false
1784275832046,Bee,Fight,http://localhost:3251@Ant,false
1784275832164,bear,Walk,http://localhost:3251@brice,true
1784275832165,brice,Walk,http://localhost:3251@bear,true
1784275833444,Bat,Explore,null,false
1784275833508,alice,Explore,null,true
1784275834176,Ant,Dance,http://localhost:3251@bear,false
1784275834177,Bat,Play,http://localhost:3251@brice,false
1784275834177,bear,Dance,http://localhost:3251@alice,false
1784275834178,brice,Play,http://localhost:3251@Bee,true
1784275834791,alice,Dance,http://localhost:3251@Bee,true
1784275834792,Bee,Dance,http://localhost:3251@Bat,true
1784275836148,alice,Sing,http://localhost:3251@Bat,false
1784275836149,Ant,Sing,http://localhost:3251@Bee,false
1784275836150,Bee,Sing,http://localhost:3251@Bat,true
1784275836150,brice,Sing,http://localhost:3251@alice,true
1784275836527,Bat,Explore,null,false
1784275837556,Bat,Walk,http://localhost:3251@brice,false
1784275837557,brice,Walk,http://localhost:3251@bear,false
1784275837790,Bee,Explore,null,false
1784275838100,bear,Talk,http://localhost:3251@alice,false
1784275838101,brice,Talk,http://localhost:3251@bear,false
1784275838477,alice,Explore,null,true
1784275838784,Ant,Fight,http://localhost:3251@Bee,false
1784275838785,bear,Fight,http://localhost:3251@Ant,true
1784275839202,Bat,Explore,null,true
1784275839814,alice,Play,http://localhost:3251@Bat,false
1784275839815,brice,Play,http://localhost:3251@alice,true
1784275840834,Bat,Play,http://localhost:3251@bear,true
1784275840835,bear,Play,http://localhost:3251@Ant,false
1784275841224,alice,Exercise,http://localhost:3251@Bee,true
1784275841227,Bee,Exercise,http://localhost:3251@alice,false
1784275841975,Ant,Talk,http://localhost:3251@Bat,false
1784275841976,brice,Talk,http://localhost:3251@Ant,false
1784275842209,bear,Play,http://localhost:3251@Ant,false
1784275842210,Bee,Play,http://localhost:3251@bear,true
1784275843229,Bat,Fight,http://localhost:3251@Bee,false
1784275843231,Bee,Fight,http://localhost:3251@Bat,false
1784275843293,Ant,Sing,http://localhost:3251@alice,false
1784275843294,bear,Sing,http://localhost:3251@Ant,true
1784275845032,Bat,Fight,http://localhost:3251@bear,true
1784275845034,bear,Fight,http://localhost:3251@brice,false
1784275845351,alice,Sing,http://localhost:3251@Bat,true
1784275845355,brice,Sing,http://localhost:3251@alice,false
1784275845706,Ant,Talk,http://localhost:3251@Bat,false
1784275845707,bear,Talk,http://localhost:3251@Ant,true
1784275845959,Bat,Dance,http://localhost:3251@Bee,false
1784275845961,Bee,Dance,http://localhost:3251@Bat,true
1784275846642,Ant,Walk,http://localhost:3251@brice,true
1784275846644,brice,Walk,http://localhost:3251@bear,false
1784275846753,Bat,Fight,http://localhost:3251@bear,true
1784275846753,bear,Fight,http://localhost:3251@brice,false
1784275848317,Bee,Fight,http://localhost:3251@brice,false
1784275848318,brice,Fight,http://localhost:3251@Bee,true
1784275848815,alice,Explore,null,true
1784275849337,Bat,Play,http://localhost:3251@alice,true
1784275849338,brice,Play,http://localhost:3251@Bat,false
1784275849593,bear,Explore,null,true
1784275850433,Bat,Fight,http://localhost:3251@bear,false
1784275850434,Bee,Fight,http://localhost:3251@Bat,false
1784275850977,Ant,Walk,http://localhost:3251@bear,false
1784275850978,bear,Walk,http://localhost:3251@Bat,false
1784275851363,alice,Exercise,http://localhost:3251@Bat,false
1784275851363,Bat,Exercise,http://localhost:3251@alice,false
1784275851937,Bat,Fight,http://localhost:3251@bear,false
1784275851937,bear,Fight,http://localhost:3251@brice,false
1784275852400,brice,Explore,null,false
1784275853064,Bat,Play,http://localhost:3251@Bee,false
1784275853065,Bee,Play,http://localhost:3251@alice,true
1784275853244,alice,Talk,http://localhost:3251@Ant,false
1784275853245,Ant,Talk,http://localhost:3251@Bat,false
1784275853532,bear,Explore,null,false
1784275854333,alice,Dance,http://localhost:3251@Bee,true
1784275854334,Bee,Dance,http://localhost:3251@Bat,true
1784275854649,brice,Explore,null,false
1784275855156,bear,Explore,null,false
1784275855596,Bat,Explore,null,false
1784275855912,Ant,Dance,http://localhost:3251@Bat,false
1784275855914,brice,Dance,http://localhost:3251@Ant,false
1784275856796,alice,Explore,null,false
1784275856860,Bee,Explore,null,true
1784275857049,Bat,Dance,http://localhost:3251@alice,true
1784275857050,bear,Dance,http://localhost:3251@Bat,true
1784275858061,Bat,Walk,http://localhost:3251@brice,true
1784275858064,brice,Walk,http://localhost:3251@bear,true
1784275858376,alice,Fight,http://localhost:3251@Ant,true
1784275858377,Ant,Fight,http://localhost:3251@Bee,false
1784275858566,Bee,Explore,null,false
1784275858756,bear,Explore,null,false
1784275859451,Bee,Play,http://localhost:3251@brice,true
1784275859452,brice,Play,http://localhost:3251@Bee,true
1784275859765,Ant,Walk,http://localhost:3251@brice,true
1784275859767,bear,Walk,http://localhost:3251@Ant,false
1784275860207,alice,Fight,http://localhost:3251@Bat,true
1784275860208,Bee,Fight,http://localhost:3251@alice,true
1784275861151,Ant,Sing,http://localhost:3251@alice,false
1784275861153,Bat,Explore,null,false
1784275861154,brice,Sing,http://localhost:3251@Ant,true
1784275861974,alice,Talk,http://localhost:3251@bear,true
1784275861976,bear,Talk,http://localhost:3251@alice,true
1784275862597,Bee,Explore,null,true
1784275862822,Bat,Explore,null,false
1784275862877,alice,Talk,http://localhost:3251@brice,true
1784275862878,brice,Talk,http://localhost:3251@bear,true
1784275863577,bear,Explore,null,true
1784275864119,Ant,Talk,http://localhost:3251@Bat,true
1784275864120,Bat,Dance,http://localhost:3251@alice,true
1784275864120,Bee,Dance,http://localhost:3251@Bat,true
1784275864121,brice,Talk,http://localhost:3251@Ant,true
1784275865666,Ant,Explore,null,false
1784275865777,alice,Talk,http://localhost:3251@bear,true
1784275865778,Bee,Talk,http://localhost:3251@alice,false
1784275866330,bear,Explore,null,false
1784275866614,Ant,Fight,http://localhost:3251@Bee,true
1784275866615,brice,Fight,http://localhost:3251@Ant,false
1784275866997,Bat,Dance,http://localhost:3251@Bee,false
1784275866998,Bee,Dance,http://localhost:3251@Bat,true
1784275867376,alice,Explore,null,false
1784275867886,alice,Talk,http://localhost:3251@bear,true
1784275867886,bear,Talk,http://localhost:3251@alice,false
1784275869122,alice,Sing,http://localhost:3251@Bat,false
1784275869123,Ant,Sing,http://localhost:3251@alice,false
1784275869288,Bee,Fight,http://localhost:3251@Bat,true
1784275869289,brice,Fight,http://localhost:3251@Bee,true
1784275869745,Ant,Walk,http://localhost:3251@bear,false
1784275869746,bear,Walk,http://localhost:3251@Bat,true
1784275870243,Bat,Talk,http://localhost:3251@Bee,true
1784275870244,Bee,Talk,http://localhost:3251@Bat,true
1784275870533,alice,Walk,http://localhost:3251@brice,false
1784275870533,brice,Walk,http://localhost:3251@bear,true
1784275871789,Bee,Dance,http://localhost:3251@brice,true
1784275871790,brice,Dance,http://localhost:3251@Ant,true
1784275872122,Bat,Play,http://localhost:3251@alice,true
1784275872123,bear,Play,http://localhost:3251@Bat,false
1784275873632,alice,Play,http://localhost:3251@Bee,true
1784275873634,Bee,Play,http://localhost:3251@alice,true
1784275873694,bear,Explore,null,true
1784275873944,brice,Explore,null,true
1784275874661,Bat,Play,http://localhost:3251@alice,true
1784275874662,Bee,Play,http://localhost:3251@Bat,true
1784275875637,Ant,Play,http://localhost:3251@bear,false
1784275875638,bear,Play,http://localhost:3251@Ant,true
1784275875825,alice,Explore,null,true
1784275875939,Bat,Walk,http://localhost:3251@alice,false
1784275875940,brice,Walk,http://localhost:3251@Bat,true
1784275876791,alice,Talk,http://localhost:3251@bear,false
1784275876792,Bat,Talk,http://localhost:3251@alice,false
1784275876842,Bee,Explore,null,false
1784275877799,Bat,Sing,http://localhost:3251@brice,false
1784275877800,brice,Sing,http://localhost:3251@alice,true
1784275878121,alice,Play,http://localhost:3251@Bee,false
1784275878122,Bee,Play,http://localhost:3251@alice,true
1784275878439,Ant,Explore,null,true
1784275878776,alice,Talk,http://localhost:3251@brice,true
1784275878778,brice,Talk,http://localhost:3251@bear,true
1784275879345,Bat,Explore,null,false
1784275879403,alice,Walk,http://localhost:3251@bear,true
1784275879404,bear,Walk,http://localhost:3251@Bat,true
1784275879955,Ant,Explore,null,false
1784275880008,Bat,Dance,http://localhost:3251@brice,true
1784275880010,brice,Dance,http://localhost:3251@Ant,false
1784275880710,alice,Dance,http://localhost:3251@bear,true
1784275880712,Bat,Play,http://localhost:3251@bear,true
1784275880713,bear,Play,http://localhost:3251@Ant,true
1784275880713,Bee,Dance,http://localhost:3251@alice,true
1784275881738,Ant,Exercise,http://localhost:3251@brice,false
1784275881739,brice,Exercise,http://localhost:3251@Ant,true
1784275882317,Bat,Explore,null,true
1784275882910,bear,Explore,null,true
1784275883049,alice,Play,http://localhost:3251@brice,false
1784275883051,Ant,Play,http://localhost:3251@bear,true
1784275883052,Bat,Play,http://localhost:3251@Ant,false
1784275883052,brice,Play,http://localhost:3251@Bee,true
1784275884121,alice,Fight,http://localhost:3251@Bat,false
1784275884122,Ant,Fight,http://localhost:3251@alice,true
1784275884177,Bee,Play,http://localhost:3251@alice,false
1784275884177,brice,Play,http://localhost:3251@Bee,false
1784275885456,Bat,Walk,http://localhost:3251@Bee,false
1784275885457,Bee,Walk,http://localhost:3251@Ant,true
1784275885678,Ant,Explore,null,true
1784275885788,bear,Explore,null,false
1784275886346,alice,Explore,null,true
1784275887261,Ant,Explore,null,true
1784275887325,bear,Sing,http://localhost:3251@brice,false
1784275887327,brice,Sing,http://localhost:3251@alice,true
1784275887610,Bat,Explore,null,false
1784275888565,Bat,Dance,http://localhost:3251@brice,true
1784275888566,brice,Dance,http://localhost:3251@Ant,true
1784275888621,Ant,Sing,http://localhost:3251@bear,false
1784275888622,bear,Sing,http://localhost:3251@Bat,false
1784275889732,alice,Explore,null,true
1784275890442,alice,Walk,http://localhost:3251@Bat,true
1784275890442,Bat,Walk,http://localhost:3251@alice,true
1784275891364,Bat,Fight,http://localhost:3251@bear,false
1784275891365,bear,Fight,http://localhost:3251@Bat,false
1784275891698,alice,Walk,http://localhost:3251@Ant,false
1784275891699,Ant,Walk,http://localhost:3251@brice,false
1784275892151,Bee,Fight,http://localhost:3251@Bat,true
1784275892152,brice,Fight,http://localhost:3251@Bee,false
1784275892672,Ant,Talk,http://localhost:3251@Bat,false
1784275892673,bear,Talk,http://localhost:3251@Ant,true
1784275893110,Bat,Fight,http://localhost:3251@Bee,false
1784275893111,Bee,Fight,http://localhost:3251@Bat,true
1784275893755,brice,Explore,null,true
1784275894563,Ant,Sing,http://localhost:3251@alice,false
1784275894565,Bat,Sing,http://localhost:3251@Ant,true
1784275894979,Bat,Fight,http://localhost:3251@bear,true
1784275894980,bear,Fight,http://localhost:3251@brice,true
1784275895699,bear,Walk,http://localhost:3251@brice,true
1784275895700,brice,Walk,http://localhost:3251@bear,false
1784275896310,bear,Play,http://localhost:3251@Bee,true
1784275896311,Bee,Play,http://localhost:3251@alice,true
1784275896476,Ant,Walk,http://localhost:3251@brice,false
1784275896478,brice,Walk,http://localhost:3251@Ant,true
1784275896981,alice,Sing,http://localhost:3251@Bat,true
1784275896982,Bee,Sing,http://localhost:3251@alice,true
1784275897265,bear,Talk,http://localhost:3251@alice,true
1784275897266,brice,Talk,http://localhost:3251@bear,true
1784275898143,Bat,Sing,http://localhost:3251@alice,false
1784275898144,brice,Sing,http://localhost:3251@Bat,true
1784275899421,Ant,Walk,http://localhost:3251@brice,true
1784275899422,brice,Walk,http://localhost:3251@bear,true
1784275899759,Bat,Dance,http://localhost:3251@Bee,false
1784275899760,Bee,Dance,http://localhost:3251@Bat,true
1784275900082,bear,Explore,null,true
1784275900490,alice,Explore,null,true
1784275901048,brice,Explore,null,true
1784275901428,alice,Fight,http://localhost:3251@Bee,false
1784275901431,Bee,Fight,http://localhost:3251@Bat,true
1784275901739,bear,Explore,null,false
1784275902142,Bat,Talk,http://localhost:3251@Ant,false
1784275902143,bear,Talk,http://localhost:3251@Bat,false
1784275902309,Ant,Explore,null,true
1784275902722,Bee,Play,http://localhost:3251@alice,true
1784275902722,brice,Play,http://localhost:3251@Bee,false
1784275903478,Ant,Play,http://localhost:3251@bear,false
1784275903479,bear,Play,http://localhost:3251@Ant,true
1784275903704,alice,Explore,null,true
1784275903704,Bat,Explore,null,true
1784275903754,Bee,Talk,http://localhost:3251@brice,false
1784275903754,brice,Talk,http://localhost:3251@bear,true
1784275904775,Ant,Fight,http://localhost:3251@Bat,true
1784275904776,Bat,Fight,http://localhost:3251@bear,true
1784275904839,bear,Walk,http://localhost:3251@Bat,true
1784275904840,Bee,Walk,http://localhost:3251@bear,false
1784275905576,alice,Sing,http://localhost:3251@Bat,false
1784275905577,Ant,Sing,http://localhost:3251@alice,true
1784275905739,Bee,Dance,http://localhost:3251@brice,false
1784275905740,brice,Dance,http://localhost:3251@Ant,true
1784275906897,Ant,Exercise,http://localhost:3251@brice,true
1784275906898,brice,Exercise,http://localhost:3251@bear,true
1784275907076,bear,Explore,null,false
1784275907127,alice,Explore,null,true
1784275908075,alice,Walk,http://localhost:3251@Bat,true
1784275908076,Bat,Walk,http://localhost:3251@alice,false
1784275908259,Bee,Sing,http://localhost:3251@Bat,false
1784275908260,brice,Sing,http://localhost:3251@Bee,true
1784275908775,Ant,Sing,http://localhost:3251@alice,false
1784275908776,bear,Sing,http://localhost:3251@Ant,true
1784275909371,alice,Play,http://localhost:3251@Bat,false
1784275909372,brice,Play,http://localhost:3251@alice,true
1784275910061,Bat,Walk,http://localhost:3251@alice,true
1784275910063,brice,Walk,http://localhost:3251@Bat,true
1784275910703,alice,Walk,http://localhost:3251@Bee,false
1784275910706,brice,Walk,http://localhost:3251@alice,false
1784275910754,Ant,Dance,http://localhost:3251@Bat,true
1784275910754,Bee,Dance,http://localhost:3251@Ant,false
1784275911668,bear,Explore,null,false
1784275912593,Ant,Dance,http://localhost:3251@brice,false
1784275912594,brice,Dance,http://localhost:3251@Ant,false
1784275913505,alice,Explore,null,true
1784275913958,bear,Dance,http://localhost:3251@Bee,true
1784275913959,Bee,Dance,http://localhost:3251@Bat,true
1784275914763,alice,Sing,http://localhost:3251@Bat,false
1784275914764,brice,Sing,http://localhost:3251@alice,true
1784275915096,Bat,Play,http://localhost:3251@alice,false
1784275915098,bear,Play,http://localhost:3251@Bat,true
1784275915886,Ant,Exercise,http://localhost:3251@brice,false
1784275915887,Bat,Exercise,http://localhost:3251@Ant,false
1784275916013,bear,Play,http://localhost:3251@Bee,false
1784275916016,Bee,Play,http://localhost:3251@alice,true
1784275917091,alice,Explore,null,true
1784275917204,Bat,Dance,http://localhost:3251@alice,false
1784275917205,Bee,Dance,http://localhost:3251@Bat,true
1784275918058,alice,Sing,http://localhost:3251@bear,false
1784275918059,bear,Sing,http://localhost:3251@Bat,true
1784275918249,Bat,Fight,http://localhost:3251@bear,true
1784275918250,brice,Fight,http://localhost:3251@Bat,false
1784275919099,Ant,Fight,http://localhost:3251@bear,false
1784275919100,bear,Fight,http://localhost:3251@brice,true
1784275919215,alice,Dance,http://localhost:3251@Bee,true
1784275919215,Bee,Dance,http://localhost:3251@Bat,false
1784275920266,Bat,Dance,http://localhost:3251@alice,true
1784275920267,bear,Dance,http://localhost:3251@Bat,true
1784275920765,alice,Explore,null,true
1784275920766,Bee,Explore,null,true
1784275921482,bear,Sing,http://localhost:3251@Bat,false
1784275921483,Bee,Sing,http://localhost:3251@bear,true
1784275921921,brice,Explore,null,true
1784275922254,alice,Explore,null,false
1784275922720,Ant,Sing,http://localhost:3251@Bee,true
1784275922722,Bee,Sing,http://localhost:3251@Bat,true
1784275923220,alice,Exercise,http://localhost:3251@bear,false
1784275923221,bear,Exercise,http://localhost:3251@Ant,true
1784275923954,Bat,Walk,http://localhost:3251@alice,true
1784275923955,brice,Walk,http://localhost:3251@Bat,true
1784275924293,Ant,Talk,http://localhost:3251@Bat,false
1784275924294,brice,Talk,http://localhost:3251@Ant,false
1784275924515,alice,Dance,http://localhost:3251@bear,true
1784275924516,Bee,Dance,http://localhost:3251@alice,false
1784275924791,Ant,Talk,http://localhost:3251@bear,true
1784275924791,bear,Talk,http://localhost:3251@alice,true
1784275925305,alice,Dance,http://localhost:3251@Bat,true
1784275925306,Bat,Dance,http://localhost:3251@alice,false
1784275925520,Bee,Play,http://localhost:3251@brice,false
1784275925521,brice,Play,http://localhost:3251@Bee,true
1784275926063,alice,Play,http://localhost:3251@bear,true
1784275926066,bear,Play,http://localhost:3251@Ant,false
1784275926314,Bat,Fight,http://localhost:3251@bear,true
1784275926314,Bee,Fight,http://localhost:3251@Bat,false
1784275926744,Ant,Play,http://localhost:3251@bear,true
1784275926745,brice,Play,http://localhost:3251@Ant,false
1784275927396,alice,Dance,http://localhost:3251@bear,true
1784275927398,Ant,Dance,http://localhost:3251@alice,false
1784275927399,Bat,Dance,http://localhost:3251@bear,true
1784275927399,bear,Dance,http://localhost:3251@alice,false
1784275928262,bear,Dance,http://localhost:3251@Bee,true
1784275928263,Bee,Dance,http://localhost:3251@Bat,false
1784275928320,brice,Explore,null,false
1784275928969,alice,Explore,null,false
1784275929095,Ant,Talk,http://localhost:3251@Bat,false
1784275929096,bear,Talk,http://localhost:3251@Ant,false
1784275929726,Bee,Sing,http://localhost:3251@brice,false
1784275929726,brice,Sing,http://localhost:3251@alice,false
1784275930496,Ant,Walk,http://localhost:3251@brice,true
1784275930496,brice,Walk,http://localhost:3251@Ant,true
1784275930683,alice,Explore,null,false
1784275931222,Ant,Walk,http://localhost:3251@bear,false
1784275931223,bear,Walk,http://localhost:3251@Bat,true
1784275931412,Bee,Explore,null,true
1784275932336,alice,Explore,null,true
1784275932841,Bee,Play,http://localhost:3251@alice,true
1784275932843,brice,Play,http://localhost:3251@Bee,true
1784275933526,alice,Walk,http://localhost:3251@Bat,false
1784275933542,Ant,Explore,null,false
1784275933543,Bat,Walk,http://localhost:3251@alice,false
1784275933580,bear,Talk,http://localhost:3251@alice,false
1784275933581,brice,Talk,http://localhost:3251@bear,true
1784275934368,Bee,Explore,null,false
1784275934487,alice,Talk,http://localhost:3251@bear,true
1784275934488,brice,Talk,http://localhost:3251@alice,false
1784275935087,Bat,Explore,null,false
1784275935151,bear,Explore,null,true
1784275935499,alice,Dance,http://localhost:3251@Ant,true
1784275935500,Ant,Dance,http://localhost:3251@Bat,false
1784275935773,Bat,Walk,http://localhost:3251@brice,false
1784275935775,brice,Walk,http://localhost:3251@bear,false
1784275936393,bear,Play,http://localhost:3251@Ant,true
1784275936394,Bee,Play,http://localhost:3251@bear,true
1784275936725,Ant,Walk,http://localhost:3251@brice,false
1784275936726,brice,Walk,http://localhost:3251@Ant,true
1784275937007,Bat,Play,http://localhost:3251@alice,true
1784275937009,Bee,Play,http://localhost:3251@Bat,false
1784275937696,alice,Talk,http://localhost:3251@brice,false
1784275937697,Ant,Talk,http://localhost:3251@Bat,true
1784275937697,bear,Talk,http://localhost:3251@Ant,false
1784275937697,brice,Talk,http://localhost:3251@bear,false
1784275938525,Bat,Explore,null,true
1784275939026,Ant,Dance,http://localhost:3251@bear,false
1784275939027,bear,Dance,http://localhost:3251@alice,false
1784275939267,alice,Explore,null,true
1784275940143,Bat,Talk,http://localhost:3251@Ant,true
1784275940143,bear,Talk,http://localhost:3251@Bat,false
1784275940144,Bee,Sing,http://localhost:3251@Bat,false
1784275940144,brice,Sing,http://localhost:3251@Bee,false
1784275940803,alice,Explore,null,false
1784275940907,Ant,Walk,http://localhost:3251@brice,true
1784275940908,brice,Walk,http://localhost:3251@Ant,true
1784275942075,bear,Dance,http://localhost:3251@alice,false
1784275942076,brice,Dance,http://localhost:3251@bear,true
1784275942968,Bat,Explore,null,false
1784275943642,bear,Explore,null,true
1784275943936,Bat,Dance,http://localhost:3251@brice,false
1784275943937,brice,Dance,http://localhost:3251@Ant,false
1784275944046,alice,Sing,http://localhost:3251@Bat,false
1784275944047,Bee,Sing,http://localhost:3251@alice,true
1784275945156,alice,Walk,http://localhost:3251@brice,true
1784275945156,bear,Explore,null,true
1784275945157,brice,Walk,http://localhost:3251@bear,false
1784275945431,Bat,Explore,null,true
1784275945603,Bee,Fight,http://localhost:3251@Bat,false
1784275945604,brice,Fight,http://localhost:3251@Bee,true
1784275946248,Ant,Talk,http://localhost:3251@Bat,true
1784275946249,brice,Talk,http://localhost:3251@Ant,true
1784275946716,alice,Explore,null,false
1784275947149,Ant,Fight,http://localhost:3251@Bat,true
1784275947150,Bat,Fight,http://localhost:3251@bear,true
1784275947338,bear,Explore,null,true
1784275948254,alice,Explore,null,true
1784275948420,Ant,Dance,http://localhost:3251@Bat,true
1784275948422,bear,Dance,http://localhost:3251@Ant,false
1784275949435,alice,Walk,http://localhost:3251@brice,true
1784275949436,brice,Walk,http://localhost:3251@bear,true
1784275949998,Ant,Explore,null,true
1784275950511,Bee,Explore,null,false
1784275950964,alice,Explore,null,false
1784275950966,Ant,Fight,http://localhost:3251@Bee,true
1784275950967,bear,Fight,http://localhost:3251@Ant,true
1784275951202,Bat,Explore,null,true
1784275951902,Ant,Dance,http://localhost:3251@brice,true
1784275951903,brice,Dance,http://localhost:3251@Ant,true
1784275952068,alice,Exercise,http://localhost:3251@Bat,false
1784275952069,Bee,Exercise,http://localhost:3251@alice,true
1784275953014,bear,Talk,http://localhost:3251@Bee,true
1784275953015,Bee,Talk,http://localhost:3251@Bat,true
1784275953313,alice,Dance,http://localhost:3251@bear,true
1784275953315,Bat,Explore,null,false
1784275953315,brice,Dance,http://localhost:3251@alice,false
1784275953652,Ant,Fight,http://localhost:3251@Bee,true
1784275953654,Bat,Fight,http://localhost:3251@Ant,false
1784275954562,alice,Dance,http://localhost:3251@bear,false
1784275954563,Bat,Dance,http://localhost:3251@alice,true
1784275954564,Bee,Explore,null,true
1784275955197,alice,Walk,http://localhost:3251@brice,false
1784275955200,bear,Explore,null,true
1784275955201,brice,Walk,http://localhost:3251@bear,false
1784275955564,Bat,Talk,http://localhost:3251@Ant,true
1784275955565,brice,Talk,http://localhost:3251@Bat,true
1784275955845,alice,Dance,http://localhost:3251@Bee,false
1784275955846,Bee,Dance,http://localhost:3251@Bat,true
1784275956499,bear,Play,http://localhost:3251@Ant,false
1784275956500,brice,Play,http://localhost:3251@bear,false
1784275957444,Bat,Talk,http://localhost:3251@brice,false
1784275957445,brice,Talk,http://localhost:3251@bear,false
1784275957722,Ant,Dance,http://localhost:3251@Bee,true
1784275957722,Bee,Dance,http://localhost:3251@Bat,false
1784275958034,bear,Explore,null,true
1784275958666,Bat,Dance,http://localhost:3251@alice,true
1784275958668,Bee,Dance,http://localhost:3251@Bat,false
1784275958982,brice,Explore,null,true
1784275959725,Bee,Talk,http://localhost:3251@Bat,true
1784275959726,brice,Talk,http://localhost:3251@Bee,true
1784275959790,alice,Walk,http://localhost:3251@Ant,true
1784275959792,Ant,Walk,http://localhost:3251@brice,true
1784275960660,alice,Exercise,http://localhost:3251@Bat,false
1784275960661,Bat,Exercise,http://localhost:3251@alice,true
1784275961102,Ant,Sing,http://localhost:3251@brice,true
1784275961103,brice,Sing,http://localhost:3251@alice,false
1784275961682,Bat,Talk,http://localhost:3251@Ant,true
1784275961683,brice,Talk,http://localhost:3251@Bat,false
1784275961843,bear,Play,http://localhost:3251@Bee,false
1784275961844,Bee,Play,http://localhost:3251@alice,false
1784275962443,Ant,Sing,http://localhost:3251@alice,false
1784275962444,brice,Sing,http://localhost:3251@Ant,false
1784275962551,alice,Play,http://localhost:3251@Bat,false
1784275962552,Bee,Play,http://localhost:3251@alice,false
1784275962957,Bat,Sing,http://localhost:3251@alice,true
1784275962958,bear,Sing,http://localhost:3251@Bat,true
1784275963696,Bat,Walk,http://localhost:3251@brice,false
1784275963697,brice,Walk,http://localhost:3251@bear,false
1784275964298,Ant,Sing,http://localhost:3251@alice,false
1784275964325,bear,Sing,http://localhost:3251@Ant,false
1784275964754,alice,Explore,null,false
1784275964926,Ant,Walk,http://localhost:3251@brice,true
1784275964928,brice,Walk,http://localhost:3251@bear,false
1784275964989,Bat,Walk,http://localhost:3251@alice,false
1784275964990,bear,Walk,http://localhost:3251@Bat,false
1784275965415,bear,Fight,http://localhost:3251@Bee,false
1784275965416,Bee,Fight,http://localhost:3251@Bat,true
1784275966548,Bat,Explore,null,true
1784275966988,bear,Explore,null,true
1784275967215,brice,Explore,null,false
1784275967791,alice,Explore,null,true
1784275967916,Ant,Explore,null,false
1784275968163,Bat,Explore,null,false
1784275968352,bear,Dance,http://localhost:3251@alice,false
1784275968353,Bee,Dance,http://localhost:3251@bear,false
1784275968593,alice,Walk,http://localhost:3251@brice,false
1784275968595,brice,Walk,http://localhost:3251@bear,true
1784275969188,alice,Talk,http://localhost:3251@Bat,false
1784275969189,Bat,Talk,http://localhost:3251@Ant,false
1784275969600,Ant,Explore,null,true
1784275969789,bear,Exercise,http://localhost:3251@brice,true
1784275969791,brice,Exercise,http://localhost:3251@bear,false
1784275970398,Ant,Exercise,http://localhost:3251@Bat,false
1784275970399,Bat,Exercise,http://localhost:3251@alice,true
1784275970520,alice,Play,http://localhost:3251@Bat,true
1784275970521,Bee,Play,http://localhost:3251@alice,true
1784275971611,Ant,Exercise,http://localhost:3251@brice,true
1784275971612,Bee,Exercise,http://localhost:3251@Ant,false
1784275971738,Bat,Dance,http://localhost:3251@alice,false
1784275971740,brice,Dance,http://localhost:3251@Bat,false
1784275972171,Bat,Talk,http://localhost:3251@bear,false
1784275972172,bear,Talk,http://localhost:3251@alice,true
1784275972877,Ant,Play,http://localhost:3251@bear,false
1784275972878,brice,Play,http://localhost:3251@Ant,false
1784275973474,alice,Explore,null,false
1784275973877,bear,Talk,http://localhost:3251@Bee,false
1784275973878,Bee,Talk,http://localhost:3251@Bat,false
1784275974042,Bat,Dance,http://localhost:3251@alice,false
1784275974043,brice,Dance,http://localhost:3251@Bat,true
1784275974710,alice,Dance,http://localhost:3251@bear,false
1784275974711,Bee,Dance,http://localhost:3251@alice,true
1784275975354,Bat,Sing,http://localhost:3251@alice,false
1784275975355,bear,Sing,http://localhost:3251@Bat,true
1784275976565,Ant,Walk,http://localhost:3251@brice,true
1784275976567,brice,Walk,http://localhost:3251@bear,true
1784275976620,alice,Walk,http://localhost:3251@Bee,false
1784275976621,Bee,Walk,http://localhost:3251@Ant,false
1784275976953,Bat,Fight,http://localhost:3251@bear,false
1784275976954,brice,Fight,http://localhost:3251@Bat,true
1784275977809,Ant,Play,http://localhost:3251@bear,true
1784275977810,Bee,Play,http://localhost:3251@Ant,false
1784275977871,alice,Walk,http://localhost:3251@Bee,false
1784275977873,brice,Walk,http://localhost:3251@alice,true
1784275978214,Bat,Sing,http://localhost:3251@alice,true
1784275978214,bear,Sing,http://localhost:3251@Bat,false
1784275979473,Ant,Explore,null,false
1784275979536,alice,Fight,http://localhost:3251@Bee,false
1784275979537,Bee,Fight,http://localhost:3251@Bat,true
1784275979913,bear,Explore,null,false
1784275980040,Bat,Talk,http://localhost:3251@Ant,true
1784275980040,Bee,Talk,http://localhost:3251@Bat,false
1784275980334,Ant,Talk,http://localhost:3251@brice,true
1784275980335,brice,Talk,http://localhost:3251@bear,true
1784275980620,alice,Talk,http://localhost:3251@bear,true
1784275980621,bear,Talk,http://localhost:3251@alice,false
1784275981567,Bat,Explore,null,false
1784275981865,Ant,Explore,null,true
1784275981915,bear,Play,http://localhost:3251@Bee,true
1784275981916,Bee,Play,http://localhost:3251@alice,true
1784275982942,alice,Dance,http://localhost:3251@brice,true
1784275982944,brice,Dance,http://localhost:3251@Ant,true
1784275983141,Bat,Explore,null,true
1784275983491,Ant,Explore,null,false
1784275984128,bear,Explore,null,true
1784275984129,Bee,Explore,null,false
1784275984820,Ant,Sing,http://localhost:3251@alice,false
1784275984821,bear,Sing,http://localhost:3251@Ant,true
1784275985246,brice,Explore,null,false
1784275985736,Bee,Explore,null,true
1784275985846,alice,Explore,null,true
1784275986222,Ant,Talk,http://localhost:3251@brice,false
1784275986223,brice,Talk,http://localhost:3251@bear,true
1784275986798,Ant,Fight,http://localhost:3251@Bat,true
1784275986799,Bat,Fight,http://localhost:3251@bear,false
1784275987540,alice,Talk,http://localhost:3251@bear,false
1784275987541,brice,Talk,http://localhost:3251@alice,false
1784275988509,Bat,Fight,http://localhost:3251@bear,true
1784275988511,Bee,Fight,http://localhost:3251@Bat,false
1784275988732,bear,Walk,http://localhost:3251@Bat,false
1784275988734,brice,Walk,http://localhost:3251@bear,true
1784275989185,alice,Explore,null,true
1784275989736,alice,Talk,http://localhost:3251@brice,false
1784275989738,brice,Talk,http://localhost:3251@bear,true
1784275989862,Ant,Explore,null,false
1784275990159,Bat,Talk,http://localhost:3251@Ant,true
1784275990161,brice,Talk,http://localhost:3251@Bat,false
1784275990348,bear,Explore,null,true
1784275990746,Bee,Explore,null,false
1784275991320,alice,Explore,null,false
1784275991498,Bat,Play,http://localhost:3251@alice,true
1784275991498,Bee,Play,http://localhost:3251@Bat,false
1784275991751,brice,Explore,null,true
1784275992423,alice,Walk,http://localhost:3251@bear,false
1784275992423,bear,Walk,http://localhost:3251@Bat,false
1784275992542,Ant,Fight,http://localhost:3251@Bee,false
1784275992543,Bee,Fight,http://localhost:3251@Bat,true
1784275993384,brice,Explore,null,true
1784275993936,alice,Dance,http://localhost:3251@Bee,false
1784275993938,Bee,Dance,http://localhost:3251@Bat,true
1784275994123,bear,Explore,null,true
1784275994739,Ant,Exercise,http://localhost:3251@Bat,true
1784275994740,Bat,Exercise,http://localhost:3251@alice,false
1784275995107,brice,Explore,null,false
1784275995361,bear,Sing,http://localhost:3251@Bee,true
1784275995362,Bee,Sing,http://localhost:3251@Bat,false
1784275995973,Ant,Exercise,http://localhost:3251@brice,true
1784275995974,brice,Exercise,http://localhost:3251@Ant,false
1784275996811,Bat,Play,http://localhost:3251@alice,false
1784275996812,bear,Play,http://localhost:3251@Bat,false
1784275996994,alice,Explore,null,false
1784275997733,bear,Fight,http://localhost:3251@Bee,false
1784275997734,Bee,Fight,http://localhost:3251@Bat,false
1784275997859,Bat,Talk,http://localhost:3251@Ant,true
1784275997860,brice,Talk,http://localhost:3251@Bat,false
1784275998098,alice,Talk,http://localhost:3251@bear,true
1784275998099,bear,Talk,http://localhost:3251@alice,false
1784275999083,bear,Play,http://localhost:3251@Bee,false
1784275999084,Bee,Play,http://localhost:3251@alice,true
1784275999686,Ant,Explore,null,true
1784275999872,bear,Dance,http://localhost:3251@brice,false
1784275999873,brice,Dance,http://localhost:3251@Ant,true
1784276000545,alice,Explore,null,false
1784276000924,Ant,Exercise,http://localhost:3251@brice,false
1784276000924,brice,Exercise,http://localhost:3251@Ant,false
1784276001245,bear,Walk,http://localhost:3251@Bat,false
1784276001246,Bee,Walk,http://localhost:3251@bear,true
1784276002615,brice,Explore,null,false
1784276002678,alice,Play,http://localhost:3251@Bat,false
1784276002680,Bee,Play,http://localhost:3251@alice,false
1784276002806,Ant,Sing,http://localhost:3251@Bat,false
1784276002807,Bat,Sing,http://localhost:3251@alice,false
1784276003632,Bat,Talk,http://localhost:3251@bear,false
1784276003633,bear,Talk,http://localhost:3251@alice,false
1784276004013,alice,Play,http://localhost:3251@Bat,false
1784276004014,brice,Play,http://localhost:3251@alice,false
1784276004373,Ant,Explore,null,true
1784276004930,bear,Fight,http://localhost:3251@Bee,true
1784276004931,Bee,Fight,http://localhost:3251@Bat,true
1784276005606,alice,Walk,http://localhost:3251@Ant,true
1784276005607,Ant,Walk,http://localhost:3251@brice,true
1784276005777,Bat,Explore,null,false
1784276006177,brice,Explore,null,false
1784276006570,alice,Talk,http://localhost:3251@bear,true
1784276006571,brice,Talk,http://localhost:3251@alice,true
1784276007177,Ant,Explore,null,true
1784276007356,bear,Exercise,http://localhost:3251@Ant,true
1784276007357,brice,Exercise,http://localhost:3251@bear,false
1784276007608,alice,Dance,http://localhost:3251@Bee,false
1784276007609,Bee,Dance,http://localhost:3251@Bat,true
1784276008197,Bat,Fight,http://localhost:3251@bear,false
1784276008198,brice,Fight,http://localhost:3251@Bat,true
1784276008648,Ant,Walk,http://localhost:3251@bear,false
1784276008649,bear,Walk,http://localhost:3251@Bat,false
1784276009181,alice,Talk,http://localhost:3251@brice,true
1784276009182,brice,Talk,http://localhost:3251@bear,true
1784276010000,Ant,Walk,http://localhost:3251@brice,false
1784276010004,brice,Walk,http://localhost:3251@Ant,false
1784276010572,Ant,Fight,http://localhost:3251@Bat,true
1784276010573,Bat,Fight,http://localhost:3251@bear,true
1784276011005,bear,Explore,null,false
1784276012008,alice,Fight,http://localhost:3251@Bee,false
1784276012009,Bee,Fight,http://localhost:3251@Bat,true
1784276012192,Ant,Exercise,http://localhost:3251@bear,false
1784276012194,bear,Exercise,http://localhost:3251@Ant,false
1784276012551,Bat,Play,http://localhost:3251@alice,true
1784276012552,brice,Play,http://localhost:3251@Bat,true
1784276013583,alice,Explore,null,true
1784276013584,Bee,Explore,null,false
1784276013750,bear,Explore,null,false
1784276014110,Ant,Dance,http://localhost:3251@Bat,false
1784276014112,brice,Dance,http://localhost:3251@Ant,false
1784276014912,Bee,Play,http://localhost:3251@alice,false
1784276014913,brice,Play,http://localhost:3251@Bee,true
1784276015416,bear,Explore,null,false
1784276015856,Bat,Play,http://localhost:3251@alice,true
1784276015857,brice,Play,http://localhost:3251@Bat,false
1784276016489,bear,Talk,http://localhost:3251@alice,false
1784276016490,Bee,Talk,http://localhost:3251@bear,false
1784276016615,alice,Explore,null,true
1784276016867,Ant,Walk,http://localhost:3251@brice,false
1784276016868,brice,Walk,http://localhost:3251@Ant,true
1784276017877,bear,Dance,http://localhost:3251@alice,true
1784276017878,brice,Dance,http://localhost:3251@bear,true
1784276018573,Ant,Explore,null,false
1784276019466,Ant,Walk,http://localhost:3251@Bat,true
1784276019468,Bat,Walk,http://localhost:3251@alice,true
1784276019596,brice,Explore,null,true
1784276020501,alice,Talk,http://localhost:3251@bear,true
1784276020502,brice,Talk,http://localhost:3251@alice,true
1784276020628,Bat,Dance,http://localhost:3251@Bee,false
1784276020629,Bee,Dance,http://localhost:3251@Bat,true
1784276020881,bear,Explore,null,false
1784276021524,alice,Talk,http://localhost:3251@bear,true
1784276021525,Ant,Dance,http://localhost:3251@Bat,false
1784276021526,Bat,Talk,http://localhost:3251@alice,true
1784276021527,brice,Dance,http://localhost:3251@Ant,true
1784276022195,Bee,Explore,null,true
1784276022417,bear,Explore,null,false
1784276022839,Ant,Dance,http://localhost:3251@Bat,false
1784276022840,Bee,Dance,http://localhost:3251@Ant,false
1784276023703,brice,Explore,null,false
1784276025379,Ant,Walk,http://localhost:3251@Bat,false
1784276025380,Bat,Walk,http://localhost:3251@alice,true
1784276025692,bear,Sing,http://localhost:3251@brice,false
1784276025693,brice,Sing,http://localhost:3251@alice,false
1784276025794,Bat,Fight,http://localhost:3251@Bee,false
1784276025796,Bee,Fight,http://localhost:3251@Bat,false
1784276026950,Ant,Explore,null,true
1784276026952,Bat,Sing,http://localhost:3251@bear,true
1784276026952,bear,Sing,http://localhost:3251@Bat,false
1784276027325,Bee,Explore,null,false
1784276027894,alice,Explore,null,false
1784276028122,Ant,Exercise,http://localhost:3251@brice,true
1784276028122,brice,Exercise,http://localhost:3251@Ant,false
1784276028277,Bat,Talk,http://localhost:3251@Bee,false
1784276028277,Bee,Talk,http://localhost:3251@Bat,true
1784276029098,alice,Dance,http://localhost:3251@bear,true
1784276029099,bear,Explore,null,true
1784276029100,brice,Dance,http://localhost:3251@alice,false
1784276029622,Ant,Explore,null,true
1784276029842,alice,Talk,http://localhost:3251@Bat,false
1784276029842,Bat,Talk,http://localhost:3251@Ant,false
1784276030172,Bee,Play,http://localhost:3251@alice,false
1784276030173,brice,Play,http://localhost:3251@Bee,true
1784276030561,Ant,Fight,http://localhost:3251@Bee,false
1784276030562,Bat,Fight,http://localhost:3251@Ant,false
1784276030672,alice,Talk,http://localhost:3251@bear,false
1784276030673,bear,Talk,http://localhost:3251@alice,false
1784276031962,bear,Sing,http://localhost:3251@Bat,false
1784276031963,brice,Sing,http://localhost:3251@bear,true
1784276032125,Ant,Explore,null,true
1784276032695,Bat,Dance,http://localhost:3251@Bee,false
1784276032696,Bee,Dance,http://localhost:3251@Bat,true
1784276033083,alice,Talk,http://localhost:3251@Ant,false
1784276033084,Ant,Talk,http://localhost:3251@Bat,false
1784276034084,bear,Explore,null,true
1784276034084,brice,Explore,null,true
1784276034583,Ant,Explore,null,true
1784276034931,alice,Sing,http://localhost:3251@Bat,false
1784276034932,Bat,Sing,http://localhost:3251@alice,true
1784276035994,alice,Exercise,http://localhost:3251@brice,true
1784276035995,brice,Exercise,http://localhost:3251@bear,false
1784276036266,bear,Explore,null,true
1784276036885,Ant,Explore,null,false
1784276036951,Bee,Explore,null,false
1784276037007,Bat,Talk,http://localhost:3251@brice,false
1784276037008,brice,Talk,http://localhost:3251@bear,false
1784276037894,alice,Play,http://localhost:3251@Bat,true
1784276037896,brice,Play,http://localhost:3251@alice,false
1784276038479,Ant,Explore,null,false
1784276038812,Bat,Dance,http://localhost:3251@Bee,false
1784276038813,Bee,Dance,http://localhost:3251@Bat,true
1784276039844,alice,Sing,http://localhost:3251@Bat,true
1784276039845,Ant,Sing,http://localhost:3251@alice,true
1784276040033,Bat,Exercise,http://localhost:3251@alice,false
1784276040034,brice,Exercise,http://localhost:3251@Bat,true
1784276040874,bear,Walk,http://localhost:3251@Bat,false
1784276040876,brice,Walk,http://localhost:3251@bear,true
1784276041104,Bat,Fight,http://localhost:3251@bear,true
1784276041106,Bee,Fight,http://localhost:3251@Bat,false
1784276041505,alice,Explore,null,false
1784276041783,Ant,Walk,http://localhost:3251@brice,false
1784276041785,brice,Walk,http://localhost:3251@Ant,true
1784276042416,alice,Dance,http://localhost:3251@Bat,true
1784276042418,Bat,Dance,http://localhost:3251@alice,false
1784276043088,bear,Explore,null,false
1784276043388,brice,Explore,null,false
1784276044099,alice,Talk,http://localhost:3251@bear,true
1784276044100,Ant,Explore,null,true
1784276044101,brice,Talk,http://localhost:3251@alice,false
1784276044757,alice,Talk,http://localhost:3251@Bat,false
1784276044760,Bat,Talk,http://localhost:3251@Ant,true
1784276045076,bear,Sing,http://localhost:3251@Bat,false
1784276045077,brice,Sing,http://localhost:3251@bear,true
1784276045833,Bee,Sing,http://localhost:3251@Bat,true
1784276045834,brice,Sing,http://localhost:3251@Bee,false
1784276047051,Ant,Explore,null,true
1784276047115,alice,Play,http://localhost:3251@Bee,false
1784276047127,Bee,Play,http://localhost:3251@alice,false
1784276047483,Bat,Play,http://localhost:3251@alice,true
1784276047484,brice,Play,http://localhost:3251@Bat,true
1784276048118,Ant,Fight,http://localhost:3251@Bee,true
1784276048119,Bat,Fight,http://localhost:3251@Ant,true
1784276048420,bear,Dance,http://localhost:3251@alice,false
1784276048421,Bee,Dance,http://localhost:3251@bear,true
1784276049155,alice,Walk,http://localhost:3251@Bee,true
1784276049157,Ant,Walk,http://localhost:3251@alice,false
1784276049159,brice,Explore,null,true
1784276050173,alice,Fight,http://localhost:3251@Bat,true
1784276050174,Bat,Fight,http://localhost:3251@alice,true
1784276050536,Ant,Dance,http://localhost:3251@brice,true
1784276050538,brice,Dance,http://localhost:3251@Ant,false
1784276050717,bear,Explore,null,true
1784276051210,alice,Dance,http://localhost:3251@Bee,true
1784276051211,Bee,Dance,http://localhost:3251@Bat,true
1784276051640,Bat,Talk,http://localhost:3251@brice,true
1784276051641,brice,Talk,http://localhost:3251@bear,true
1784276052198,Ant,Explore,null,false
1784276052384,bear,Explore,null,false
1784276052691,Bat,Fight,http://localhost:3251@bear,true
1784276052693,Bee,Fight,http://localhost:3251@Bat,true
1784276053728,bear,Play,http://localhost:3251@Ant,true
1784276053730,brice,Play,http://localhost:3251@bear,true
1784276053918,Ant,Fight,http://localhost:3251@Bee,true
1784276053921,Bee,Fight,http://localhost:3251@Ant,true
1784276054612,Bat,Exercise,http://localhost:3251@alice,false
1784276054614,brice,Exercise,http://localhost:3251@Bat,true
1784276055255,alice,Play,http://localhost:3251@Ant,true
1784276055257,Ant,Play,http://localhost:3251@bear,true
1784276055913,alice,Walk,http://localhost:3251@Bat,false
1784276055915,Bat,Walk,http://localhost:3251@alice,true
1784276056029,bear,Explore,null,false
1784276057323,bear,Play,http://localhost:3251@Ant,true
1784276057325,Bee,Play,http://localhost:3251@bear,false
1784276057511,alice,Explore,null,true
1784276058186,Ant,Explore,null,true
1784276058613,Bat,Dance,http://localhost:3251@brice,true
1784276058615,brice,Dance,http://localhost:3251@Ant,false
1784276058726,alice,Walk,http://localhost:3251@Bee,false
1784276058726,Bee,Walk,http://localhost:3251@Ant,true
1784276059573,Ant,Walk,http://localhost:3251@brice,true
1784276059575,Bat,Walk,http://localhost:3251@Ant,true
1784276060324,Bee,Explore,null,true
1784276060545,alice,Dance,http://localhost:3251@brice,true
1784276060547,brice,Dance,http://localhost:3251@Ant,true
1784276061334,bear,Play,http://localhost:3251@Ant,false
1784276061335,brice,Play,http://localhost:3251@bear,true
1784276061804,Ant,Explore,null,true
1784276062522,Ant,Exercise,http://localhost:3251@brice,false
1784276062523,brice,Exercise,http://localhost:3251@bear,true
1784276062583,Bat,Fight,http://localhost:3251@bear,false
1784276062584,Bee,Fight,http://localhost:3251@Bat,false
1784276062806,alice,Explore,null,false
1784276063579,bear,Explore,null,true
1784276063882,Bat,Dance,http://localhost:3251@alice,false
1784276063883,brice,Dance,http://localhost:3251@Bat,true
1784276064235,Bee,Explore,null,true
1784276064549,Ant,Walk,http://localhost:3251@brice,false
1784276064551,brice,Walk,http://localhost:3251@Ant,true
1784276065894,bear,Explore,null,false
1784276065956,Bat,Dance,http://localhost:3251@alice,false
1784276065957,Bee,Dance,http://localhost:3251@Bat,false
1784276066860,Ant,Explore,null,true
1784276067108,alice,Explore,null,false
1784276068221,bear,Explore,null,false
1784276068541,Ant,Explore,null,true
1784276069522,alice,Explore,null,true
1784276070197,Ant,Explore,null,true
1784276070514,brice,Explore,null,true
1784276071260,alice,Talk,http://localhost:3251@bear,false
1784276071262,brice,Talk,http://localhost:3251@alice,false
1784276071311,bear,Explore,null,true
1784276071791,Ant,Fight,http://localhost:3251@Bat,false
1784276071791,Bat,Fight,http://localhost:3251@bear,true
1784276072563,alice,Dance,http://localhost:3251@bear,true
1784276072564,Bee,Dance,http://localhost:3251@alice,true
1784276072816,Bat,Fight,http://localhost:3251@bear,true
1784276072817,brice,Fight,http://localhost:3251@Bat,false
1784276073459,Ant,Explore,null,false
1784276073628,bear,Explore,null,true
1784276074160,Ant,Sing,http://localhost:3251@Bat,false
1784276074161,Bat,Sing,http://localhost:3251@alice,false
1784276074223,Bee,Explore,null,true
1784276075245,alice,Dance,http://localhost:3251@bear,true
1784276075246,brice,Dance,http://localhost:3251@alice,false
1784276075913,alice,Fight,http://localhost:3251@Bat,true
1784276075913,Bat,Fight,http://localhost:3251@bear,true
1784276075914,Bee,Talk,http://localhost:3251@Bat,false
1784276075914,brice,Talk,http://localhost:3251@Bee,false
1784276077326,Ant,Explore,null,false
1784276077327,bear,Explore,null,true
1784276077579,alice,Explore,null,true
1784276077581,brice,Explore,null,true
1784276078370,Bat,Talk,http://localhost:3251@Ant,false
1784276078371,brice,Talk,http://localhost:3251@Bat,false
1784276078614,Ant,Walk,http://localhost:3251@Bee,false
1784276078615,Bee,Walk,http://localhost:3251@Ant,true
1784276079323,Bat,Play,http://localhost:3251@bear,true
1784276079324,bear,Play,http://localhost:3251@Ant,true
1784276079618,Ant,Talk,http://localhost:3251@Bat,true
1784276079620,brice,Talk,http://localhost:3251@Ant,true
1784276079871,alice,Explore,null,false
1784276080377,Ant,Fight,http://localhost:3251@Bee,false
1784276080380,Bee,Fight,http://localhost:3251@Bat,true
1784276080763,alice,Dance,http://localhost:3251@Bat,false
1784276080765,Bat,Dance,http://localhost:3251@alice,true
1784276081337,brice,Explore,null,true
1784276082028,Bat,Exercise,http://localhost:3251@alice,false
1784276082029,brice,Exercise,http://localhost:3251@Bat,true
1784276082466,alice,Explore,null,true
1784276082466,Ant,Sing,http://localhost:3251@alice,true
1784276082467,bear,Sing,http://localhost:3251@Ant,false
1784276083403,Bee,Dance,http://localhost:3251@brice,true
1784276083405,brice,Dance,http://localhost:3251@Ant,true
1784276083720,Bat,Explore,null,false
1784276084387,Ant,Explore,null,false
1784276084767,Bat,Walk,http://localhost:3251@Bee,true
1784276084768,Bee,Walk,http://localhost:3251@Ant,false
1784276085433,Ant,Walk,http://localhost:3251@brice,true
1784276085434,brice,Walk,http://localhost:3251@bear,true
1784276086146,alice,Explore,null,false
1784276086741,bear,Explore,null,true
1784276086798,Ant,Walk,http://localhost:3251@brice,false
1784276086799,brice,Walk,http://localhost:3251@bear,false
1784276087168,alice,Fight,http://localhost:3251@Bat,true
1784276087169,Bat,Fight,http://localhost:3251@alice,false
1784276088369,Bee,Explore,null,false
1784276088486,Bat,Walk,http://localhost:3251@alice,true
1784276088487,brice,Walk,http://localhost:3251@Bat,false
1784276089763,Ant,Explore,null,false
1784276089815,Bat,Dance,http://localhost:3251@brice,false
1784276089816,brice,Dance,http://localhost:3251@Ant,true
1784276090129,alice,Explore,null,true
1784276090494,bear,Fight,http://localhost:3251@brice,true
1784276090495,Bee,Fight,http://localhost:3251@bear,true
1784276091474,alice,Dance,http://localhost:3251@bear,false
1784276091475,Bat,Dance,http://localhost:3251@alice,false
1784276091538,brice,Explore,null,true
1784276092545,alice,Sing,http://localhost:3251@Bee,false
1784276092546,Bee,Sing,http://localhost:3251@Bat,false
1784276092858,Ant,Explore,null,false
1784276093110,Bat,Explore,null,false
1784276093302,brice,Explore,null,false
1784276093997,bear,Sing,http://localhost:3251@Bat,true
1784276093998,Bee,Sing,http://localhost:3251@bear,false
1784276094419,alice,Play,http://localhost:3251@Bat,true
1784276094421,Bat,Play,http://localhost:3251@alice,true
1784276094839,Ant,Play,http://localhost:3251@bear,true
1784276094841,brice,Play,http://localhost:3251@Ant,true
1784276095581,Bat,Talk,http://localhost:3251@Ant,false
1784276095582,brice,Talk,http://localhost:3251@Bat,false
1784276095644,Bee,Explore,null,true
1784276096619,bear,Fight,http://localhost:3251@Bee,true
1784276096621,Bee,Fight,http://localhost:3251@Bat,false
1784276096810,Ant,Play,http://localhost:3251@bear,true
1784276096812,brice,Play,http://localhost:3251@Ant,true
1784276097684,Ant,Talk,http://localhost:3251@Bee,true
1784276097685,Bee,Talk,http://localhost:3251@Bat,false
1784276097747,alice,Dance,http://localhost:3251@bear,false
1784276097748,Bat,Dance,http://localhost:3251@alice,true
1784276098361,Bat,Fight,http://localhost:3251@bear,true
1784276098362,bear,Fight,http://localhost:3251@brice,false
1784276098865,alice,Dance,http://localhost:3251@brice,false
1784276098866,brice,Dance,http://localhost:3251@Ant,false
1784276099057,bear,Play,http://localhost:3251@Bee,false
1784276099058,Bee,Play,http://localhost:3251@alice,false
1784276099745,Bat,Walk,http://localhost:3251@alice,true
1784276099747,brice,Walk,http://localhost:3251@Bat,true
1784276100456,bear,Play,http://localhost:3251@Ant,true
1784276100457,brice,Play,http://localhost:3251@bear,false
1784276100583,Ant,Walk,http://localhost:3251@brice,false
1784276100584,Bat,Walk,http://localhost:3251@Ant,true
1784276100768,Bee,Explore,null,false
1784276101824,Ant,Sing,http://localhost:3251@bear,false
1784276101824,bear,Sing,http://localhost:3251@Bat,false
1784276102014,alice,Dance,http://localhost:3251@Bat,false
1784276102014,Bat,Dance,http://localhost:3251@alice,true
1784276102140,brice,Explore,null,false
1784276102942,Ant,Fight,http://localhost:3251@Bee,false
1784276102943,Bat,Fight,http://localhost:3251@Ant,true
1784276103194,bear,Walk,http://localhost:3251@Bat,true
1784276103197,brice,Walk,http://localhost:3251@bear,true
1784276103695,alice,Explore,null,false
1784276104118,Ant,Fight,http://localhost:3251@Bee,false
1784276104120,brice,Fight,http://localhost:3251@Ant,true
1784276104558,bear,Dance,http://localhost:3251@alice,false
1784276104559,Bee,Dance,http://localhost:3251@bear,false
1784276104993,Bat,Walk,http://localhost:3251@alice,true
1784276104994,brice,Walk,http://localhost:3251@Bat,true
1784276105933,Bat,Dance,http://localhost:3251@Bee,false
1784276105934,bear,Walk,http://localhost:3251@Bat,true
1784276105934,Bee,Dance,http://localhost:3251@Bat,false
1784276105935,brice,Walk,http://localhost:3251@bear,false
1784276106047,alice,Explore,null,false
1784276106538,Ant,Fight,http://localhost:3251@Bee,true
1784276106539,bear,Fight,http://localhost:3251@Ant,false
1784276108235,Ant,Explore,null,false
1784276108425,Bee,Explore,null,true
1784276109420,Bat,Walk,http://localhost:3251@bear,true
1784276109421,bear,Walk,http://localhost:3251@Bat,true
1784276109546,Ant,Exercise,http://localhost:3251@brice,false
1784276109548,brice,Exercise,http://localhost:3251@Ant,false
1784276110234,Bee,Explore,null,false
1784276110866,bear,Play,http://localhost:3251@Ant,true
1784276110867,brice,Play,http://localhost:3251@bear,true
1784276111603,Ant,Walk,http://localhost:3251@brice,true
1784276111606,brice,Walk,http://localhost:3251@Ant,true
1784276111870,alice,Explore,null,true
1784276112313,Bee,Sing,http://localhost:3251@Bat,false
1784276112314,brice,Sing,http://localhost:3251@Bee,true
1784276112559,bear,Explore,null,true
1784276112982,Ant,Sing,http://localhost:3251@alice,true
1784276112983,Bee,Sing,http://localhost:3251@Ant,true
1784276113298,Bat,Fight,http://localhost:3251@bear,true
1784276113299,brice,Fight,http://localhost:3251@Bat,false
1784276114913,bear,Explore,null,false
1784276114980,brice,Explore,null,true
1784276115411,Ant,Talk,http://localhost:3251@Bat,true
1784276115412,Bee,Talk,http://localhost:3251@Ant,false
1784276115664,Bat,Explore,null,true
1784276116347,Bee,Dance,http://localhost:3251@brice,false
1784276116348,brice,Dance,http://localhost:3251@Ant,true
1784276117331,Bat,Explore,null,true
1784276118022,brice,Explore,null,true
1784276118388,Bat,Fight,http://localhost:3251@bear,true
1784276118389,Bee,Fight,http://localhost:3251@Bat,true
1784276118514,Ant,Explore,null,true
1784276118694,bear,Explore,null,true
1784276119270,alice,Explore,null,true
1784276119688,Ant,Play,http://localhost:3251@Bat,true
1784276119689,Bat,Play,http://localhost:3251@alice,false
1784276120254,brice,Explore,null,true
1784276120527,alice,Play,http://localhost:3251@Bat,true
1784276120528,Bat,Play,http://localhost:3251@alice,false
1784276121196,Bat,Play,http://localhost:3251@bear,false
1784276121197,bear,Play,http://localhost:3251@Ant,false
1784276121813,brice,Explore,null,false
1784276122052,Ant,Explore,null,true
1784276122560,Bat,Play,http://localhost:3251@alice,true
1784276122561,brice,Play,http://localhost:3251@Bat,true
1784276122847,bear,Explore,null,true
1784276123317,Ant,Walk,http://localhost:3251@brice,true
1784276123318,brice,Walk,http://localhost:3251@Ant,true
1784276123421,alice,Explore,null,false
1784276123823,Bat,Play,http://localhost:3251@alice,true
1784276123825,bear,Play,http://localhost:3251@Bat,true
1784276124441,alice,Talk,http://localhost:3251@bear,false
1784276124442,Bat,Talk,http://localhost:3251@alice,false
1784276124946,brice,Explore,null,false
1784276125606,Ant,Explore,null,true
1784276125818,bear,Play,http://localhost:3251@Ant,true
1784276125819,brice,Play,http://localhost:3251@bear,true
1784276126037,alice,Explore,null,false
1784276126038,Bee,Explore,null,true
1784276126194,Ant,Talk,http://localhost:3251@Bat,false
1784276126195,Bat,Talk,http://localhost:3251@Ant,false
1784276127089,Bat,Sing,http://localhost:3251@bear,true
1784276127090,bear,Sing,http://localhost:3251@Bat,false
1784276127431,Ant,Walk,http://localhost:3251@brice,false
1784276127432,brice,Walk,http://localhost:3251@Ant,false
1784276127538,Bee,Explore,null,true
1784276128393,Ant,Play,http://localhost:3251@bear,true
1784276128394,bear,Play,http://localhost:3251@Ant,true
1784276129349,alice,Dance,http://localhost:3251@brice,false
1784276129350,brice,Dance,http://localhost:3251@Ant,true
1784276130406,Bee,Explore,null,true
1784276130516,Ant,Explore,null,true
1784276130517,bear,Explore,null,true
1784276131563,alice,Walk,http://localhost:3251@Bat,false
1784276131564,Bat,Walk,http://localhost:3251@alice,true
1784276131783,Bee,Dance,http://localhost:3251@brice,true
1784276131784,brice,Dance,http://localhost:3251@Ant,true
1784276132140,Ant,Explore,null,false
1784276132682,bear,Explore,null,false
1784276132784,Ant,Fight,http://localhost:3251@Bee,true
1784276132784,Bee,Fight,http://localhost:3251@Bat,true
1784276133783,alice,Explore,null,false
1784276133909,bear,Play,http://localhost:3251@Ant,true
1784276133910,brice,Play,http://localhost:3251@bear,false
1784276134417,Bee,Explore,null,true
1784276134881,Ant,Fight,http://localhost:3251@bear,true
1784276134882,bear,Fight,http://localhost:3251@brice,false
1784276135062,alice,Exercise,http://localhost:3251@brice,false
1784276135064,brice,Exercise,http://localhost:3251@bear,false
1784276135723,Bat,Walk,http://localhost:3251@Bee,false
1784276135724,Bee,Walk,http://localhost:3251@Ant,true
1784276136168,bear,Play,http://localhost:3251@Ant,false
1784276136169,brice,Play,http://localhost:3251@bear,false
1784276137251,Bat,Explore,null,false
1784276137415,alice,Play,http://localhost:3251@bear,true
1784276137416,bear,Play,http://localhost:3251@Ant,false
1784276137710,Ant,Explore,null,true
1784276137711,brice,Explore,null,true
1784276138314,Bat,Play,http://localhost:3251@Bee,true
1784276138314,Bee,Play,http://localhost:3251@alice,false
1784276138807,Bat,Exercise,http://localhost:3251@brice,true
1784276138808,brice,Exercise,http://localhost:3251@bear,true
1784276138977,bear,Explore,null,false
1784276139898,Bee,Explore,null,false
1784276140010,alice,Dance,http://localhost:3251@bear,true
1784276140011,brice,Dance,http://localhost:3251@alice,true
1784276140905,Ant,Play,http://localhost:3251@bear,true
1784276140906,brice,Play,http://localhost:3251@Ant,false
1784276141731,alice,Exercise,http://localhost:3251@Bee,false
1784276141732,Bee,Exercise,http://localhost:3251@alice,false
1784276142424,Bat,Talk,http://localhost:3251@Ant,false
1784276142426,bear,Talk,http://localhost:3251@Bat,true
1784276143781,Ant,Walk,http://localhost:3251@bear,true
1784276143782,bear,Walk,http://localhost:3251@Bat,false
1784276144056,alice,Explore,null,true
1784276144498,brice,Explore,null,true
1784276145372,Bat,Explore,null,true
1784276146360,alice,Fight,http://localhost:3251@Bat,true
1784276146361,Bat,Play,http://localhost:3251@bear,true
1784276146361,bear,Play,http://localhost:3251@Ant,true
1784276146362,brice,Fight,http://localhost:3251@alice,false
1784276146793,Bee,Explore,null,true
1784276147471,Ant,Explore,null,false
1784276147649,alice,Sing,http://localhost:3251@Bat,false
1784276147652,Bat,Sing,http://localhost:3251@alice,false
1784276148029,Ant,Talk,http://localhost:3251@bear,false
1784276148029,bear,Talk,http://localhost:3251@alice,false
1784276148143,Bee,Dance,http://localhost:3251@Bat,true
1784276148144,brice,Dance,http://localhost:3251@Bee,false
1784276149121,Ant,Fight,http://localhost:3251@brice,true
1784276149122,brice,Fight,http://localhost:3251@Bee,true
1784276149233,Bat,Explore,null,false
1784276150014,alice,Explore,null,true
1784276150171,bear,Explore,null,false
1784276150271,Bee,Explore,null,true
1784276150614,brice,Explore,null,true
1784276150737,Bat,Explore,null,true
1784276151533,bear,Dance,http://localhost:3251@alice,true
1784276151535,Bee,Dance,http://localhost:3251@bear,true
1784276151653,Ant,Dance,http://localhost:3251@Bat,true
1784276151654,brice,Dance,http://localhost:3251@Ant,true
1784276152221,alice,Explore,null,false
1784276152794,Ant,Dance,http://localhost:3251@Bee,false
1784276152795,Bee,Dance,http://localhost:3251@Bat,true
1784276153247,Bat,Fight,http://localhost:3251@brice,true
1784276153248,brice,Fight,http://localhost:3251@Bee,false
1784276154061,Ant,Walk,http://localhost:3251@brice,false
1784276154062,brice,Walk,http://localhost:3251@Ant,false
1784276154934,Bee,Explore,null,false
1784276155370,Bat,Explore,null,false
1784276156184,bear,Dance,http://localhost:3251@Bee,true
1784276156186,Bee,Dance,http://localhost:3251@Bat,false
1784276156310,alice,Explore,null,true
1784276156373,Ant,Fight,http://localhost:3251@Bat,false
1784276156374,Bat,Fight,http://localhost:3251@bear,false
1784276157571,alice,Play,http://localhost:3251@bear,true
1784276157572,bear,Play,http://localhost:3251@Ant,true
1784276158075,Ant,Explore,null,false
1784276158452,Bat,Walk,http://localhost:3251@alice,true
1784276158454,bear,Walk,http://localhost:3251@Bat,true
1784276159487,Ant,Walk,http://localhost:3251@brice,false
1784276159488,bear,Walk,http://localhost:3251@Ant,true
1784276159765,Bat,Play,http://localhost:3251@alice,true
1784276159765,Bee,Play,http://localhost:3251@Bat,false
1784276160214,alice,Play,http://localhost:3251@Bat,false
1784276160214,brice,Play,http://localhost:3251@alice,true
1784276161059,Ant,Walk,http://localhost:3251@Bee,true
1784276161060,Bee,Walk,http://localhost:3251@Ant,true
1784276161301,alice,Fight,http://localhost:3251@Bat,false
1784276161302,Bat,Fight,http://localhost:3251@alice,false
1784276161702,bear,Explore,null,false
1784276162670,Ant,Explore,null,true
1784276162924,alice,Explore,null,true
1784276163365,Bat,Walk,http://localhost:3251@alice,true
1784276163366,bear,Walk,http://localhost:3251@Bat,false
1784276163740,Ant,Fight,http://localhost:3251@Bee,true
1784276163741,Bat,Fight,http://localhost:3251@Ant,false
1784276164177,alice,Exercise,http://localhost:3251@Bat,false
1784276164178,brice,Exercise,http://localhost:3251@alice,false
1784276164709,Bat,Play,http://localhost:3251@bear,false
1784276164710,bear,Play,http://localhost:3251@Ant,false
1784276165706,Ant,Play,http://localhost:3251@bear,false
1784276165707,Bat,Play,http://localhost:3251@Ant,false
1784276166439,Bat,Sing,http://localhost:3251@Bee,true
1784276166440,Bee,Sing,http://localhost:3251@Bat,true
1784276167215,alice,Explore,null,true
1784276167445,bear,Play,http://localhost:3251@brice,false
1784276167447,brice,Play,http://localhost:3251@Bee,false
1784276168104,alice,Fight,http://localhost:3251@Bee,true
1784276168106,Bee,Fight,http://localhost:3251@Bat,false
1784276168414,Ant,Sing,http://localhost:3251@alice,true
1784276168415,brice,Sing,http://localhost:3251@Ant,false
1784276169394,alice,Dance,http://localhost:3251@bear,true
1784276169395,brice,Dance,http://localhost:3251@alice,true
1784276169717,Ant,Sing,http://localhost:3251@alice,false
1784276169719,bear,Sing,http://localhost:3251@Ant,true
1784276170372,Bat,Walk,http://localhost:3251@alice,false
1784276170373,Bee,Walk,http://localhost:3251@Bat,true
1784276171011,bear,Play,http://localhost:3251@Ant,false
1784276171012,brice,Play,http://localhost:3251@bear,false
1784276171696,alice,Play,http://localhost:3251@Bee,false
1784276171697,Bee,Play,http://localhost:3251@alice,false
1784276172699,Ant,Explore,null,true
1784276172826,bear,Explore,null,false
1784276173140,alice,Play,http://localhost:3251@Bat,true
1784276173141,Bat,Play,http://localhost:3251@alice,false
1784276173452,Bee,Explore,null,true
1784276173832,alice,Dance,http://localhost:3251@brice,true
1784276173833,brice,Dance,http://localhost:3251@Ant,true
1784276174210,Bat,Walk,http://localhost:3251@bear,true
1784276174211,bear,Walk,http://localhost:3251@Bat,true
1784276174476,Ant,Explore,null,true
1784276175527,Ant,Walk,http://localhost:3251@Bee,true
1784276175528,Bee,Walk,http://localhost:3251@Ant,false
1784276175902,bear,Explore,null,false
1784276176283,alice,Explore,null,true
1784276176410,Bat,Walk,http://localhost:3251@alice,true
1784276176411,brice,Walk,http://localhost:3251@Bat,true
1784276177225,Bee,Explore,null,false
1784276177288,alice,Walk,http://localhost:3251@bear,false
1784276177290,bear,Walk,http://localhost:3251@Bat,false
1784276177904,Ant,Explore,null,true
1784276178580,alice,Dance,http://localhost:3251@Bee,false
1784276178582,Bee,Dance,http://localhost:3251@Bat,false
1784276178874,Ant,Fight,http://localhost:3251@Bat,true
1784276178874,Bat,Fight,http://localhost:3251@bear,false
1784276178988,bear,Explore,null,false
1784276179925,alice,Play,http://localhost:3251@Bat,true
1784276179928,Ant,Fight,http://localhost:3251@Bee,false
1784276179929,Bat,Play,http://localhost:3251@alice,false
1784276179930,Bee,Fight,http://localhost:3251@Ant,false
1784276180117,brice,Explore,null,true
1784276181245,alice,Sing,http://localhost:3251@Bat,true
1784276181246,Ant,Dance,http://localhost:3251@Bat,true
1784276181247,bear,Sing,http://localhost:3251@alice,false
1784276181247,brice,Dance,http://localhost:3251@Ant,true
1784276181534,Bee,Explore,null,true
1784276181660,alice,Fight,http://localhost:3251@Bat,true
1784276181661,Bat,Fight,http://localhost:3251@bear,true
1784276182890,Ant,Explore,null,false
1784276182940,alice,Play,http://localhost:3251@Bat,true
1784276182941,brice,Play,http://localhost:3251@alice,true
1784276183105,Bee,Explore,null,true
1784276183347,Ant,Talk,http://localhost:3251@Bat,false
1784276183348,Bat,Talk,http://localhost:3251@Ant,true
1784276184111,bear,Explore,null,true
1784276184446,Ant,Exercise,http://localhost:3251@brice,false
1784276184447,brice,Exercise,http://localhost:3251@Ant,false
1784276184687,alice,Exercise,http://localhost:3251@Bat,true
1784276184688,bear,Exercise,http://localhost:3251@alice,true
1784276185495,alice,Fight,http://localhost:3251@Ant,true
1784276185496,Ant,Fight,http://localhost:3251@Bee,false
1784276185546,Bat,Explore,null,false
1784276185670,Bee,Walk,http://localhost:3251@Ant,true
1784276185672,brice,Walk,http://localhost:3251@Bee,false
1784276186749,alice,Play,http://localhost:3251@Bat,false
1784276186750,Ant,Walk,http://localhost:3251@brice,true
1784276186750,bear,Walk,http://localhost:3251@Ant,true
1784276186751,brice,Play,http://localhost:3251@alice,true
1784276187612,Bat,Sing,http://localhost:3251@alice,true
1784276187613,bear,Sing,http://localhost:3251@Bat,false
1784276188243,Bat,Play,http://localhost:3251@Bee,false
1784276188244,Bee,Play,http://localhost:3251@alice,false
1784276188357,Ant,Explore,null,false
1784276189157,bear,Explore,null,false
1784276189323,Ant,Fight,http://localhost:3251@Bee,false
1784276189324,Bee,Fight,http://localhost:3251@Ant,false
1784276189679,alice,Explore,null,false
1784276189955,Bat,Play,http://localhost:3251@brice,true
1784276189957,brice,Play,http://localhost:3251@Bee,false
1784276190711,Bat,Play,http://localhost:3251@Bee,true
1784276190712,Bee,Play,http://localhost:3251@alice,false
1784276190935,Ant,Explore,null,true
1784276190990,alice,Play,http://localhost:3251@Bat,true
1784276190992,brice,Play,http://localhost:3251@alice,false
1784276192223,Ant,Sing,http://localhost:3251@alice,true
1784276192224,Bee,Sing,http://localhost:3251@Ant,true
1784276192278,Bat,Explore,null,false
1784276193246,brice,Explore,null,false
1784276193892,alice,Explore,null,true
1784276194118,Bat,Walk,http://localhost:3251@Bee,false
1784276194119,Bee,Walk,http://localhost:3251@Ant,true
1784276194722,Ant,Exercise,http://localhost:3251@brice,true
1784276194724,brice,Exercise,http://localhost:3251@Ant,true
1784276195221,Bat,Exercise,http://localhost:3251@alice,false
1784276195222,brice,Exercise,http://localhost:3251@Bat,true
1784276195877,bear,Talk,http://localhost:3251@alice,true
1784276195878,Bee,Talk,http://localhost:3251@bear,true
1784276196492,Bat,Play,http://localhost:3251@alice,true
1784276196493,bear,Play,http://localhost:3251@Bat,true
1784276197169,Bat,Dance,http://localhost:3251@brice,false
1784276197171,brice,Dance,http://localhost:3251@Ant,false
1784276197672,Ant,Explore,null,false
1784276198177,alice,Fight,http://localhost:3251@Bat,true
1784276198180,Bat,Fight,http://localhost:3251@bear,true
1784276198430,Ant,Exercise,http://localhost:3251@bear,true
1784276198432,bear,Exercise,http://localhost:3251@Ant,true
1784276198805,brice,Explore,null,false
1784276198869,Bee,Explore,null,false
1784276199816,bear,Sing,http://localhost:3251@Bat,true
1784276199817,Bee,Sing,http://localhost:3251@bear,false
1784276199879,alice,Explore,null,true
1784276200434,Ant,Dance,http://localhost:3251@Bat,false
1784276200435,bear,Dance,http://localhost:3251@Ant,false
1784276200437,brice,Explore,null,false
1784276201525,alice,Explore,null,false
1784276201643,Bat,Play,http://localhost:3251@alice,false
1784276201645,bear,Play,http://localhost:3251@Bat,false
1784276202221,Bat,Fight,http://localhost:3251@brice,true
1784276202222,brice,Fight,http://localhost:3251@Bee,true
1784276202763,Ant,Talk,http://localhost:3251@Bat,true
1784276202764,Bee,Explore,null,false
1784276202765,brice,Talk,http://localhost:3251@Ant,false
1784276203210,alice,Explore,null,true
1784276204189,Ant,Play,http://localhost:3251@bear,false
1784276204190,bear,Play,http://localhost:3251@Ant,true
1784276204252,alice,Play,http://localhost:3251@Bat,true
1784276204253,Bat,Play,http://localhost:3251@alice,false
1784276204437,Bee,Explore,null,false
1784276204438,brice,Explore,null,true
1784276205513,alice,Play,http://localhost:3251@Ant,true
1784276205514,Ant,Play,http://localhost:3251@bear,false
1784276205566,Bat,Dance,http://localhost:3251@alice,false
1784276205567,Bee,Dance,http://localhost:3251@Bat,false
1784276205819,bear,Explore,null,true
1784276206829,Ant,Walk,http://localhost:3251@brice,false
1784276206830,brice,Walk,http://localhost:3251@Ant,true
1784276207389,bear,Explore,null,false
1784276207512,Bat,Play,http://localhost:3251@alice,true
1784276207513,brice,Play,http://localhost:3251@Bat,true
1784276208406,Ant,Explore,null,false
1784276209004,bear,Explore,null,false
1784276209113,Bee,Explore,null,true
1784276209340,Ant,Exercise,http://localhost:3251@Bat,true
1784276209342,Bat,Exercise,http://localhost:3251@alice,true
1784276210196,alice,Walk,http://localhost:3251@Bee,true
1784276210197,Bat,Walk,http://localhost:3251@alice,false
1784276210317,bear,Sing,http://localhost:3251@Bat,false
1784276210318,Bee,Sing,http://localhost:3251@bear,true
1784276210726,Bat,Exercise,http://localhost:3251@brice,false
1784276210727,brice,Exercise,http://localhost:3251@bear,true
1784276210960,Ant,Explore,null,true
1784276211188,alice,Talk,http://localhost:3251@bear,true
1784276211189,brice,Talk,http://localhost:3251@alice,false
1784276212259,alice,Play,http://localhost:3251@Bee,false
1784276212261,Bee,Play,http://localhost:3251@alice,true
1784276212497,Bat,Play,http://localhost:3251@brice,true
1784276212498,brice,Play,http://localhost:3251@Bee,true
1784276212959,Ant,Sing,http://localhost:3251@alice,false
1784276212961,Bee,Sing,http://localhost:3251@Ant,true
1784276213569,bear,Dance,http://localhost:3251@alice,true
1784276213571,brice,Dance,http://localhost:3251@bear,true
1784276213993,alice,Talk,http://localhost:3251@bear,true
1784276213994,brice,Talk,http://localhost:3251@alice,true
1784276214205,Ant,Dance,http://localhost:3251@Bat,true
1784276214206,Bat,Dance,http://localhost:3251@Ant,true
1784276214725,alice,Exercise,http://localhost:3251@bear,false
1784276214726,bear,Exercise,http://localhost:3251@Ant,true
1784276215187,Bee,Explore,null,false
1784276215498,Bat,Play,http://localhost:3251@alice,true
1784276215499,bear,Play,http://localhost:3251@Bat,false
1784276215606,brice,Explore,null,false
1784276215782,Ant,Explore,null,false
1784276216788,bear,Walk,http://localhost:3251@Bat,false
1784276216790,Bee,Walk,http://localhost:3251@bear,true
1784276217090,Bat,Explore,null,false
1784276217280,alice,Fight,http://localhost:3251@Bat,true
1784276217281,Bee,Fight,http://localhost:3251@alice,true
1784276217403,Ant,Explore,null,false
1784276218252,Bat,Walk,http://localhost:3251@brice,false
1784276218253,brice,Walk,http://localhost:3251@bear,true
1784276218437,alice,Fight,http://localhost:3251@Ant,true
1784276218439,Ant,Fight,http://localhost:3251@Bee,false
1784276219642,Bee,Explore,null,false
1784276219939,alice,Sing,http://localhost:3251@Bat,true
1784276219939,bear,Sing,http://localhost:3251@alice,false
1784276219939,brice,Explore,null,false
1784276220128,Ant,Explore,null,true
1784276220611,Bat,Explore,null,true
1784276221358,alice,Walk,http://localhost:3251@bear,false
1784276221360,bear,Walk,http://localhost:3251@Bat,false
1784276221484,Ant,Dance,http://localhost:3251@Bat,false
1784276221485,Bat,Dance,http://localhost:3251@Ant,true
1784276221673,Bee,Talk,http://localhost:3251@brice,true
1784276221674,brice,Talk,http://localhost:3251@bear,true
1784276223173,Ant,Explore,null,true
1784276223174,Bat,Explore,null,true
1784276223174,bear,Dance,http://localhost:3251@Bee,false
1784276223175,Bee,Dance,http://localhost:3251@Bat,false
1784276224362,alice,Play,http://localhost:3251@brice,true
1784276224363,brice,Play,http://localhost:3251@Bee,true
1784276224804,bear,Explore,null,true
1784276225322,alice,Fight,http://localhost:3251@Bat,true
1784276225323,Bat,Fight,http://localhost:3251@alice,true
1784276225384,Bee,Explore,null,false
1784276225623,bear,Walk,http://localhost:3251@brice,false
1784276225625,brice,Walk,http://localhost:3251@bear,false
1784276226118,Ant,Fight,http://localhost:3251@Bee,false
1784276226119,Bee,Fight,http://localhost:3251@Ant,true
1784276226358,alice,Talk,http://localhost:3251@bear,false
1784276226359,bear,Talk,http://localhost:3251@alice,true
1784276227697,Bee,Explore,null,true
1784276228129,Ant,Dance,http://localhost:3251@Bat,true
1784276228130,brice,Dance,http://localhost:3251@Ant,false
1784276228533,Bat,Explore,null,true
1784276229226,bear,Explore,null,false
1784276229652,alice,Play,http://localhost:3251@Bat,true
1784276229654,Ant,Play,http://localhost:3251@alice,true
1784276230000,Bee,Explore,null,false
1784276230680,Bat,Play,http://localhost:3251@brice,false
1784276230681,brice,Play,http://localhost:3251@Bee,false
1784276230790,bear,Explore,null,true
1784276231554,Ant,Dance,http://localhost:3251@Bat,false
1784276231555,brice,Dance,http://localhost:3251@Ant,false
1784276231612,bear,Talk,http://localhost:3251@Bee,true
1784276231613,Bee,Talk,http://localhost:3251@Bat,true
1784276232759,Bat,Walk,http://localhost:3251@alice,false
1784276232760,bear,Walk,http://localhost:3251@Bat,false
1784276233190,brice,Explore,null,true
1784276233565,alice,Sing,http://localhost:3251@Bat,true
1784276233566,Bat,Sing,http://localhost:3251@alice,false
1784276233867,Ant,Fight,http://localhost:3251@bear,true
1784276233868,bear,Fight,http://localhost:3251@brice,true
1784276234228,Bat,Talk,http://localhost:3251@brice,true
1784276234229,brice,Talk,http://localhost:3251@bear,true
1784276234897,Ant,Fight,http://localhost:3251@Bee,false
1784276234898,Bee,Fight,http://localhost:3251@Ant,false
1784276235152,alice,Explore,null,true
1784276235450,bear,Explore,null,false
1784276236450,alice,Dance,http://localhost:3251@bear,false
1784276236451,brice,Dance,http://localhost:3251@alice,true
1784276236577,Ant,Explore,null,true
1784276237242,bear,Fight,http://localhost:3251@Bee,true
1784276237243,Bee,Fight,http://localhost:3251@Bat,true
1784276237614,Bat,Play,http://localhost:3251@alice,false
1784276237615,brice,Play,http://localhost:3251@Bat,true
1784276237924,alice,Play,http://localhost:3251@Ant,false
1784276237924,Ant,Play,http://localhost:3251@bear,true
1784276238579,alice,Play,http://localhost:3251@bear,true
1784276238581,bear,Play,http://localhost:3251@Ant,false
1784276238954,Bat,Dance,http://localhost:3251@alice,true
1784276238955,Bee,Dance,http://localhost:3251@Bat,true
1784276239956,alice,Play,http://localhost:3251@Bat,false
1784276239957,Bat,Play,http://localhost:3251@alice,true
1784276239958,brice,Explore,null,true
1784276240626,Ant,Walk,http://localhost:3251@brice,false
1784276240627,Bat,Walk,http://localhost:3251@Ant,true
1784276240687,bear,Dance,http://localhost:3251@alice,true
1784276240689,Bee,Dance,http://localhost:3251@bear,false
1784276242267,alice,Explore,null,false
1784276242270,Ant,Explore,null,true
1784276242339,bear,Explore,null,true
1784276242397,brice,Explore,null,true
1784276243369,bear,Play,http://localhost:3251@Bee,false
1784276243370,Bee,Play,http://localhost:3251@alice,true
1784276243923,Ant,Explore,null,true
1784276244049,alice,Play,http://localhost:3251@Bat,true
1784276244050,Bat,Play,http://localhost:3251@alice,false
1784276244051,brice,Explore,null,false
1784276244720,bear,Play,http://localhost:3251@Ant,false
1784276244721,brice,Play,http://localhost:3251@bear,true
1784276245341,Ant,Play,http://localhost:3251@bear,false
1784276245344,Bat,Play,http://localhost:3251@Ant,false
1784276245701,Bee,Explore,null,true
1784276246075,alice,Play,http://localhost:3251@Bat,false
1784276246076,Ant,Play,http://localhost:3251@alice,false
1784276246391,Bat,Fight,http://localhost:3251@bear,false
1784276246392,Bee,Fight,http://localhost:3251@Bat,false
1784276246641,alice,Exercise,http://localhost:3251@bear,true
1784276246642,bear,Exercise,http://localhost:3251@Ant,true
1784276247458,alice,Play,http://localhost:3251@brice,false
1784276247459,brice,Play,http://localhost:3251@Bee,false
1784276247778,Ant,Explore,null,true
1784276248100,Bat,Explore,null,true
1784276248101,Bee,Explore,null,false
1784276248717,bear,Walk,http://localhost:3251@Bat,true
1784276248720,brice,Walk,http://localhost:3251@bear,true
1784276249160,alice,Explore,null,false
1784276249467,Ant,Explore,null,true
1784276249531,Bat,Play,http://localhost:3251@alice,true
1784276249532,bear,Play,http://localhost:3251@Bat,false
1784276250222,alice,Fight,http://localhost:3251@Bat,true
1784276250225,bear,Fight,http://localhost:3251@alice,true
1784276250592,Ant,Fight,http://localhost:3251@Bat,true
1784276250593,Bat,Fight,http://localhost:3251@bear,true
1784276251532,Bat,Dance,http://localhost:3251@brice,false
1784276251533,brice,Dance,http://localhost:3251@Ant,true
1784276252032,alice,Sing,http://localhost:3251@Ant,true
1784276252032,Ant,Sing,http://localhost:3251@alice,true
1784276252584,bear,Explore,null,true
1784276252887,alice,Play,http://localhost:3251@Bat,true
1784276252889,Bat,Play,http://localhost:3251@alice,false
1784276253654,bear,Play,http://localhost:3251@brice,false
1784276253655,brice,Play,http://localhost:3251@Bee,false
1784276254111,Ant,Dance,http://localhost:3251@Bat,false
1784276254114,Bat,Dance,http://localhost:3251@Ant,false
1784276255131,Ant,Fight,http://localhost:3251@Bee,false
1784276255134,brice,Fight,http://localhost:3251@Ant,false
1784276255195,bear,Walk,http://localhost:3251@Bat,false
1784276255196,Bee,Walk,http://localhost:3251@bear,true
1784276255381,alice,Fight,http://localhost:3251@Bat,false
1784276255383,Bat,Fight,http://localhost:3251@alice,false
1784276256360,bear,Exercise,http://localhost:3251@brice,true
1784276256363,brice,Exercise,http://localhost:3251@bear,true
1784276256551,Bat,Walk,http://localhost:3251@Bee,false
1784276256552,Bee,Walk,http://localhost:3251@Ant,false
1784276256793,Ant,Explore,null,false
1784276257423,alice,Talk,http://localhost:3251@bear,true
1784276257424,bear,Talk,http://localhost:3251@alice,false
1784276257605,Ant,Fight,http://localhost:3251@Bat,true
1784276257606,Bat,Fight,http://localhost:3251@bear,false
1784276258533,bear,Exercise,http://localhost:3251@Bee,false
1784276258534,Bee,Exercise,http://localhost:3251@alice,false
1784276258972,Bat,Sing,http://localhost:3251@alice,false
1784276258973,brice,Sing,http://localhost:3251@Bat,false
1784276259348,Ant,Fight,http://localhost:3251@Bee,false
1784276259350,Bat,Fight,http://localhost:3251@Ant,true
1784276260160,alice,Walk,http://localhost:3251@Bee,false
1784276260162,brice,Walk,http://localhost:3251@alice,true
1784276260223,bear,Explore,null,true
1784276260288,Bat,Fight,http://localhost:3251@Bee,true
1784276260289,Bee,Fight,http://localhost:3251@Bat,false
1784276261710,Ant,Explore,null,false
1784276261835,alice,Explore,null,false
1784276261836,brice,Explore,null,false
1784276261962,Bat,Explore,null,false
1784276262567,bear,Explore,null,true
1784276263209,alice,Play,http://localhost:3251@Bat,false
1784276263211,Bat,Play,http://localhost:3251@alice,false
1784276263403,Ant,Explore,null,false
1784276263703,bear,Walk,http://localhost:3251@Bee,true
1784276263705,Bee,Walk,http://localhost:3251@Ant,false
1784276263944,Bat,Walk,http://localhost:3251@brice,false
1784276263946,brice,Walk,http://localhost:3251@bear,true
1784276264813,Ant,Walk,http://localhost:3251@brice,true
1784276264815,bear,Walk,http://localhost:3251@Ant,false
1784276265552,alice,Explore,null,true
1784276265971,Ant,Walk,http://localhost:3251@brice,true
1784276265973,brice,Walk,http://localhost:3251@bear,true
1784276266486,bear,Explore,null,true
1784276266675,alice,Fight,http://localhost:3251@Bat,true
1784276266675,brice,Fight,http://localhost:3251@alice,false
1784276267033,Ant,Fight,http://localhost:3251@Bee,true
1784276267034,Bat,Fight,http://localhost:3251@Ant,false
1784276267716,alice,Talk,http://localhost:3251@bear,false
1784276267718,Bee,Talk,http://localhost:3251@alice,false
1784276268686,Bat,Explore,null,false
1784276269051,Bat,Talk,http://localhost:3251@brice,true
1784276269051,brice,Talk,http://localhost:3251@bear,true
1784276269351,alice,Explore,null,true
1784276269414,Ant,Talk,http://localhost:3251@Bat,true
1784276269415,brice,Talk,http://localhost:3251@Ant,false
1784276270802,bear,Explore,null,true
1784276271330,alice,Walk,http://localhost:3251@Bee,false
1784276271332,Ant,Walk,http://localhost:3251@alice,false
1784276271333,Bat,Explore,null,false
1784276272436,brice,Explore,null,false
1784276272999,Ant,Explore,null,false
1784276273125,Bat,Talk,http://localhost:3251@Ant,false
1784276273126,Bee,Talk,http://localhost:3251@Bat,false
1784276273392,alice,Play,http://localhost:3251@Bat,false
1784276273393,brice,Play,http://localhost:3251@alice,false
1784276274098,alice,Fight,http://localhost:3251@Ant,true
1784276274100,Ant,Fight,http://localhost:3251@Bee,false
1784276275095,brice,Explore,null,false
1784276275469,Ant,Sing,http://localhost:3251@alice,true
1784276275471,bear,Sing,http://localhost:3251@Ant,true
1784276275977,alice,Play,http://localhost:3251@Bat,false
1784276275978,Bat,Play,http://localhost:3251@alice,false
1784276276539,alice,Fight,http://localhost:3251@Ant,true
1784276276540,Ant,Fight,http://localhost:3251@Bee,false
1784276276903,bear,Talk,http://localhost:3251@brice,false
1784276276905,brice,Talk,http://localhost:3251@bear,true
1784276277341,alice,Sing,http://localhost:3251@Bat,false
1784276277343,Bat,Sing,http://localhost:3251@alice,false
1784276278158,Ant,Exercise,http://localhost:3251@bear,true
1784276278159,bear,Exercise,http://localhost:3251@Ant,false
1784276279138,alice,Play,http://localhost:3251@Bee,false
1784276279139,Bee,Play,http://localhost:3251@alice,false
1784276279266,brice,Explore,null,false
1784276279829,Ant,Explore,null,false
1784276280077,Bat,Exercise,http://localhost:3251@alice,false
1784276280078,brice,Exercise,http://localhost:3251@Bat,true
1784276280892,alice,Dance,http://localhost:3251@bear,true
1784276280894,bear,Dance,http://localhost:3251@alice,false
1784276281591,Bee,Explore,null,true
1784276281654,alice,Fight,http://localhost:3251@Ant,true
1784276281656,Ant,Fight,http://localhost:3251@Bee,true
1784276282536,Ant,Fight,http://localhost:3251@brice,true
1784276282536,brice,Fight,http://localhost:3251@Bee,true
1784276282653,bear,Explore,null,true
1784276283344,Bat,Explore,null,false
1784276283914,Bat,Exercise,http://localhost:3251@bear,true
1784276283915,bear,Exercise,http://localhost:3251@Ant,false
1784276284041,alice,Explore,null,false
1784276284529,Ant,Exercise,http://localhost:3251@brice,true
1784276284530,brice,Exercise,http://localhost:3251@bear,true
1784276285098,alice,Fight,http://localhost:3251@Bat,true
1784276285099,Bee,Fight,http://localhost:3251@alice,false
1784276285596,Bat,Explore,null,true
1784276286282,bear,Explore,null,false
1784276286344,Ant,Talk,http://localhost:3251@Bat,false
1784276286345,brice,Talk,http://localhost:3251@Ant,true
1784276286957,alice,Fight,http://localhost:3251@Bat,false
1784276286958,Bat,Fight,http://localhost:3251@alice,false
1784276287210,Bee,Play,http://localhost:3251@alice,false
1784276287211,brice,Play,http://localhost:3251@Bee,false
1784276287509,alice,Exercise,http://localhost:3251@bear,false
1784276287510,bear,Exercise,http://localhost:3251@Ant,true
1784276288327,Bat,Dance,http://localhost:3251@alice,true
1784276288328,brice,Dance,http://localhost:3251@Bat,true
1784276288456,bear,Exercise,http://localhost:3251@Bee,false
1784276288457,Bee,Exercise,http://localhost:3251@alice,true
1784276289090,Ant,Sing,http://localhost:3251@alice,false
1784276289093,brice,Sing,http://localhost:3251@Ant,true
1784276289332,alice,Fight,http://localhost:3251@Bat,true
1784276289332,bear,Fight,http://localhost:3251@alice,false
1784276290827,Bee,Explore,null,true
1784276291021,alice,Explore,null,false
1784276291144,Ant,Play,http://localhost:3251@bear,true
1784276291145,brice,Play,http://localhost:3251@Ant,true
1784276291712,Bat,Fight,http://localhost:3251@bear,false
1784276291713,bear,Explore,null,true
1784276291714,brice,Fight,http://localhost:3251@Bat,true
1784276292518,Ant,Sing,http://localhost:3251@alice,true
1784276292519,Bee,Sing,http://localhost:3251@Ant,false
1784276293435,bear,Explore,null,true
1784276293560,alice,Talk,http://localhost:3251@Bat,false
1784276293561,Bat,Talk,http://localhost:3251@Ant,true
1784276293742,Ant,Play,http://localhost:3251@brice,true
1784276293743,brice,Play,http://localhost:3251@Bee,true
1784276294781,bear,Sing,http://localhost:3251@Bat,false
1784276294782,Bee,Sing,http://localhost:3251@bear,true
1784276295033,alice,Dance,http://localhost:3251@Bat,false
1784276295034,Bat,Dance,http://localhost:3251@alice,true
1784276295721,Ant,Exercise,http://localhost:3251@brice,true
1784276295722,brice,Exercise,http://localhost:3251@bear,false
1784276297197,bear,Explore,null,true
1784276297419,alice,Explore,null,false
1784276297488,Bat,Dance,http://localhost:3251@Bee,true
1784276297489,Bee,Dance,http://localhost:3251@Bat,false
1784276298046,Ant,Explore,null,true
1784276298894,alice,Walk,http://localhost:3251@Bee,true
1784276298896,brice,Walk,http://localhost:3251@alice,true
1784276299690,Ant,Explore,null,false
1784276299812,Bee,Explore,null,true
1784276300189,bear,Explore,null,false
1784276300566,alice,Explore,null,true
1784276301047,Ant,Walk,http://localhost:3251@brice,false
1784276301048,Bee,Walk,http://localhost:3251@Ant,false
1784276301216,Bat,Explore,null,true
1784276301880,brice,Explore,null,true
1784276302184,alice,Explore,null,true
1784276302487,bear,Explore,null,true
1784276302663,Ant,Explore,null,false
1784276303092,Bat,Walk,http://localhost:3251@Bee,false
1784276303094,Bee,Walk,http://localhost:3251@Ant,true
1784276303212,alice,Fight,http://localhost:3251@Bat,true
1784276303213,brice,Fight,http://localhost:3251@alice,false
1784276303838,bear,Walk,http://localhost:3251@Bat,true
1784276303839,Bee,Walk,http://localhost:3251@bear,true
1784276303902,Ant,Exercise,http://localhost:3251@brice,false
1784276303902,Bat,Exercise,http://localhost:3251@Ant,false
1784276304457,alice,Exercise,http://localhost:3251@Bat,true
1784276304457,Ant,Exercise,http://localhost:3251@alice,false
1784276304582,Bat,Sing,http://localhost:3251@brice,true
1784276304584,brice,Sing,http://localhost:3251@alice,false
1784276305014,Bat,Fight,http://localhost:3251@Bee,false
1784276305015,Bee,Fight,http://localhost:3251@Bat,true
1784276306074,alice,Explore,null,true
1784276306137,Ant,Talk,http://localhost:3251@Bat,false
1784276306137,bear,Explore,null,true
1784276306138,brice,Talk,http://localhost:3251@Ant,false
1784276307016,bear,Walk,http://localhost:3251@Bee,false
1784276307018,Bee,Walk,http://localhost:3251@Ant,false
1784276307748,alice,Explore,null,true
1784276307808,brice,Explore,null,false
1784276308604,alice,Talk,http://localhost:3251@Ant,false
1784276308607,Ant,Talk,http://localhost:3251@Bat,true
1784276308907,Bee,Exercise,http://localhost:3251@alice,true
1784276308909,brice,Exercise,http://localhost:3251@Bee,false
1784276309764,Bat,Sing,http://localhost:3251@alice,true
1784276309765,brice,Sing,http://localhost:3251@Bat,false
1784276310302,alice,Fight,http://localhost:3251@Bat,true
1784276310303,Bat,Fight,http://localhost:3251@alice,false
1784276310365,Ant,Sing,http://localhost:3251@bear,true
1784276310366,bear,Sing,http://localhost:3251@Bat,true
1784276311155,Bat,Walk,http://localhost:3251@brice,true
1784276311158,brice,Walk,http://localhost:3251@bear,true
1784276311407,Bee,Explore,null,false
1784276311661,Ant,Talk,http://localhost:3251@bear,true
1784276311662,bear,Talk,http://localhost:3251@alice,true
1784276312029,alice,Explore,null,false
1784276312779,Bee,Walk,http://localhost:3251@Ant,false
1784276312780,brice,Walk,http://localhost:3251@Bee,false
1784276312842,Bat,Explore,null,true
1784276314014,alice,Exercise,http://localhost:3251@Bat,true
1784276314015,bear,Exercise,http://localhost:3251@alice,false
1784276314491,Ant,Play,http://localhost:3251@bear,false
1784276314492,brice,Play,http://localhost:3251@Ant,true
1784276315034,Ant,Fight,http://localhost:3251@bear,true
1784276315035,bear,Fight,http://localhost:3251@brice,true
1784276315854,Bat,Sing,http://localhost:3251@brice,true
1784276315855,brice,Sing,http://localhost:3251@alice,false
1784276316775,alice,Fight,http://localhost:3251@Ant,true
1784276316776,Ant,Fight,http://localhost:3251@Bee,false
1784276317391,bear,Explore,null,false
1784276317584,Ant,Fight,http://localhost:3251@Bat,true
1784276317584,Bat,Fight,http://localhost:3251@bear,false
1784276318309,bear,Talk,http://localhost:3251@brice,false
1784276318311,brice,Talk,http://localhost:3251@bear,true
1784276318496,alice,Explore,null,true
1784276319896,alice,Dance,http://localhost:3251@bear,true
1784276319897,brice,Dance,http://localhost:3251@alice,true
1784276319960,Ant,Explore,null,false
1784276320617,Bat,Explore,null,true
1784276320981,Ant,Sing,http://localhost:3251@bear,true
1784276320982,bear,Sing,http://localhost:3251@Bat,false
1784276321545,alice,Explore,null,false
1784276321546,brice,Explore,null,false
1784276322287,Bat,Explore,null,false
1784276322413,Ant,Walk,http://localhost:3251@bear,false
1784276322415,bear,Walk,http://localhost:3251@Bat,false
1784276322790,bear,Fight,http://localhost:3251@Bee,false
1784276322791,Bee,Fight,http://localhost:3251@Bat,false
1784276323829,Ant,Sing,http://localhost:3251@alice,false
1784276323830,Bee,Sing,http://localhost:3251@Ant,true
1784276323892,alice,Explore,null,true
1784276323893,brice,Explore,null,true
1784276323955,Bat,Explore,null,false
1784276324979,alice,Dance,http://localhost:3251@bear,true
1784276324979,bear,Dance,http://localhost:3251@alice,true
1784276325167,Ant,Sing,http://localhost:3251@alice,false
1784276325168,Bat,Sing,http://localhost:3251@Ant,true
1784276326548,Ant,Sing,http://localhost:3251@Bat,false
1784276326549,Bat,Sing,http://localhost:3251@alice,true
1784276326611,alice,Explore,null,true
1784276327210,bear,Play,http://localhost:3251@Bee,true
1784276327211,Bee,Play,http://localhost:3251@alice,true
1784276327338,Bat,Walk,http://localhost:3251@brice,false
1784276327339,brice,Walk,http://localhost:3251@bear,false
1784276328217,Ant,Explore,null,false
1784276328406,alice,Explore,null,false
1784276328906,Bee,Explore,null,true
1784276329407,Ant,Play,http://localhost:3251@brice,true
1784276329409,brice,Play,http://localhost:3251@Bee,false
1784276330090,alice,Explore,null,false
1784276330092,Bat,Dance,http://localhost:3251@alice,false
1784276330093,brice,Dance,http://localhost:3251@Bat,false
1784276330636,Bee,Explore,null,false
1784276330933,bear,Explore,null,false
1784276331957,bear,Sing,http://localhost:3251@Bee,false
1784276331958,Bee,Sing,http://localhost:3251@Bat,true
1784276332083,Ant,Play,http://localhost:3251@bear,false
1784276332085,brice,Play,http://localhost:3251@Ant,false
1784276333030,alice,Walk,http://localhost:3251@Bee,false
1784276333032,Bat,Walk,http://localhost:3251@alice,true
1784276333780,Ant,Explore,null,false
1784276333781,brice,Explore,null,false
1784276334277,Bat,Fight,http://localhost:3251@bear,false
1784276334278,Bee,Fight,http://localhost:3251@Bat,false
1784276334828,alice,Explore,null,true
1784276335620,Bat,Play,http://localhost:3251@alice,true
1784276335621,bear,Dance,http://localhost:3251@Bee,true
1784276335621,Bee,Dance,http://localhost:3251@Bat,true
1784276335621,brice,Play,http://localhost:3251@Bat,false
1784276335855,alice,Fight,http://localhost:3251@Bat,false
1784276335856,Ant,Fight,http://localhost:3251@alice,false
1784276337260,Bat,Explore,null,true
1784276337868,alice,Dance,http://localhost:3251@bear,true
1784276337869,brice,Dance,http://localhost:3251@alice,true
1784276337932,Bee,Explore,null,false
1784276338612,Ant,Play,http://localhost:3251@bear,true
1784276338613,brice,Play,http://localhost:3251@Ant,false
1784276339403,bear,Explore,null,true
1784276340164,Bee,Dance,http://localhost:3251@brice,false
1784276340165,brice,Dance,http://localhost:3251@Ant,false
1784276340269,Bat,Explore,null,true
1784276340328,alice,Talk,http://localhost:3251@Ant,false
1784276340330,Ant,Talk,http://localhost:3251@Bat,false
1784276341059,bear,Explore,null,true
1784276341553,alice,Play,http://localhost:3251@brice,false
1784276341555,brice,Play,http://localhost:3251@Bee,false
1784276342715,bear,Explore,null,false
1784276343279,brice,Explore,null,false
1784276343596,alice,Sing,http://localhost:3251@Bat,true
1784276343598,bear,Sing,http://localhost:3251@alice,false
1784276343838,Bee,Explore,null,true
1784276343964,Bat,Explore,null,false
1784276344617,Bat,Sing,http://localhost:3251@brice,false
1784276344618,brice,Sing,http://localhost:3251@alice,true
1784276344796,Ant,Exercise,http://localhost:3251@bear,false
1784276344797,bear,Exercise,http://localhost:3251@Ant,true
1784276345235,alice,Explore,null,true
1784276345296,Bee,Walk,http://localhost:3251@Ant,false
1784276345297,brice,Walk,http://localhost:3251@Bee,false
1784276345833,Ant,Talk,http://localhost:3251@Bat,false
1784276345833,brice,Talk,http://localhost:3251@Ant,false
1784276346026,alice,Dance,http://localhost:3251@Bat,true
1784276346026,Bat,Dance,http://localhost:3251@alice,true
1784276346712,bear,Walk,http://localhost:3251@Bee,false
1784276346712,Bee,Walk,http://localhost:3251@Ant,false
1784276347554,Ant,Fight,http://localhost:3251@Bee,true
1784276347555,bear,Fight,http://localhost:3251@Ant,false
1784276347913,Bat,Play,http://localhost:3251@brice,true
1784276347914,brice,Play,http://localhost:3251@Bee,false
1784276349035,alice,Explore,null,false
1784276349036,Bee,Explore,null,true
1784276349476,Ant,Exercise,http://localhost:3251@brice,false
1784276349477,brice,Exercise,http://localhost:3251@Ant,false
1784276349905,bear,Explore,null,true
1784276349967,alice,Play,http://localhost:3251@Bat,false
1784276349968,Bat,Play,http://localhost:3251@alice,false
1784276350406,Bee,Dance,http://localhost:3251@Bat,false
1784276350406,brice,Dance,http://localhost:3251@Bee,false
1784276350843,Ant,Sing,http://localhost:3251@alice,false
1784276350843,Bat,Sing,http://localhost:3251@Ant,false
1784276351306,alice,Dance,http://localhost:3251@bear,true
1784276351307,brice,Dance,http://localhost:3251@alice,false
1784276351557,bear,Explore,null,false
1784276352561,Ant,Fight,http://localhost:3251@Bee,true
1784276352562,brice,Fight,http://localhost:3251@Ant,true
1784276352935,bear,Dance,http://localhost:3251@alice,true
1784276352936,Bee,Dance,http://localhost:3251@bear,true
1784276353310,Ant,Talk,http://localhost:3251@Bat,true
1784276353311,Bat,Talk,http://localhost:3251@Ant,false
1784276353373,alice,Walk,http://localhost:3251@Bee,true
1784276353375,brice,Walk,http://localhost:3251@alice,true
1784276355033,alice,Explore,null,false
1784276355339,bear,Explore,null,true
1784276355401,Ant,Sing,http://localhost:3251@alice,false
1784276355402,Bee,Sing,http://localhost:3251@Ant,true
1784276355705,brice,Explore,null,false
1784276356082,alice,Fight,http://localhost:3251@Bat,true
1784276356084,Bat,Fight,http://localhost:3251@alice,false
1784276356699,bear,Dance,http://localhost:3251@alice,true
1784276356701,Bee,Dance,http://localhost:3251@bear,false
1784276357470,Ant,Sing,http://localhost:3251@alice,false
1784276357472,Bee,Sing,http://localhost:3251@Ant,false
1784276357787,alice,Explore,null,false
1784276357854,Ant,Talk,http://localhost:3251@Bat,false
1784276357855,Bat,Talk,http://localhost:3251@Ant,false
1784276358853,alice,Dance,http://localhost:3251@Bee,false
1784276358854,Bee,Dance,http://localhost:3251@Bat,true
1784276358916,brice,Explore,null,true
1784276359106,bear,Explore,null,false
1784276359920,alice,Play,http://localhost:3251@Bat,true
1784276359920,Ant,Exercise,http://localhost:3251@brice,true
1784276359922,Bat,Play,http://localhost:3251@alice,false
1784276359922,brice,Exercise,http://localhost:3251@Ant,true
1784276360775,bear,Explore,null,false
1784276361594,Bat,Explore,null,true
1784276361965,Bee,Explore,null,false
1784276362280,alice,Explore,null,true
1784276363161,bear,Explore,null,false
1784276363463,alice,Fight,http://localhost:3251@Bat,true
1784276363465,Bat,Fight,http://localhost:3251@bear,false
1784276364217,bear,Talk,http://localhost:3251@alice,true
1784276364219,Bee,Talk,http://localhost:3251@bear,false
1784276364280,Ant,Walk,http://localhost:3251@brice,false
1784276364282,brice,Walk,http://localhost:3251@Ant,false
1784276365465,Bee,Exercise,http://localhost:3251@alice,true
1784276365465,brice,Exercise,http://localhost:3251@Bee,false
1784276365833,Bat,Explore,null,false
1784276365897,alice,Explore,null,false
1784276365898,bear,Explore,null,false
1784276366381,Ant,Walk,http://localhost:3251@brice,true
1784276366383,brice,Walk,http://localhost:3251@Ant,false
1784276367113,Bee,Explore,null,true
1784276367720,Bat,Sing,http://localhost:3251@brice,false
1784276367721,brice,Sing,http://localhost:3251@alice,false
1784276368157,alice,Fight,http://localhost:3251@Ant,true
1784276368158,Ant,Fight,http://localhost:3251@Bee,true
1784276368221,bear,Explore,null,false
1784276368781,Bee,Explore,null,false
1784276369079,Ant,Sing,http://localhost:3251@Bat,true
1784276369080,Bat,Sing,http://localhost:3251@alice,false
1784276369560,bear,Dance,http://localhost:3251@alice,false
1784276369561,Bee,Dance,http://localhost:3251@bear,true
1784276370050,brice,Explore,null,true
1784276370730,Bat,Explore,null,true
1784276370917,alice,Fight,http://localhost:3251@Ant,false
1784276370918,Ant,Fight,http://localhost:3251@Bee,true
1784276371226,bear,Explore,null,false
1784276371780,brice,Explore,null,false
1784276372172,Bat,Sing,http://localhost:3251@alice,true
1784276372173,Bee,Sing,http://localhost:3251@Bat,true
1784276372296,alice,Talk,http://localhost:3251@bear,false
1784276372300,bear,Talk,http://localhost:3251@alice,false
1784276372860,Bat,Talk,http://localhost:3251@brice,true
1784276372861,brice,Talk,http://localhost:3251@bear,false
1784276373417,Ant,Exercise,http://localhost:3251@Bee,true
1784276373418,Bee,Exercise,http://localhost:3251@alice,false
1784276373546,bear,Exercise,http://localhost:3251@Ant,false
1784276373548,brice,Exercise,http://localhost:3251@bear,true
1784276374482,Bee,Fight,http://localhost:3251@Bat,false
1784276374486,brice,Fight,http://localhost:3251@Bee,false
1784276375216,bear,Explore,null,true
1784276375391,Bat,Explore,null,true
1784276375455,Ant,Sing,http://localhost:3251@alice,true
1784276375456,Bee,Sing,http://localhost:3251@Ant,false
1784276376531,alice,Fight,http://localhost:3251@Bee,false
1784276376532,Bee,Fight,http://localhost:3251@Bat,false
1784276376897,bear,Explore,null,true
1784276377807,Bat,Talk,http://localhost:3251@Ant,true
1784276377809,brice,Talk,http://localhost:3251@Bat,false
1784276377869,bear,Sing,http://localhost:3251@Bee,true
1784276377870,Bee,Sing,http://localhost:3251@Bat,false
1784276378181,alice,Explore,null,false
1784276379218,Ant,Dance,http://localhost:3251@bear,false
1784276379219,bear,Dance,http://localhost:3251@alice,true
1784276379469,Bat,Explore,null,false
1784276379966,bear,Sing,http://localhost:3251@Bee,false
1784276379967,Bee,Sing,http://localhost:3251@Bat,false
1784276380143,brice,Explore,null,true
1784276380802,Bat,Walk,http://localhost:3251@alice,true
1784276380803,brice,Walk,http://localhost:3251@Bat,true
1784276381969,alice,Sing,http://localhost:3251@Ant,false
1784276381976,Ant,Sing,http://localhost:3251@alice,true
1784276382206,Bee,Walk,http://localhost:3251@brice,false
1784276382207,brice,Walk,http://localhost:3251@bear,true
1784276382626,alice,Dance,http://localhost:3251@bear,false
1784276382628,bear,Dance,http://localhost:3251@alice,false
1784276383163,Ant,Fight,http://localhost:3251@Bat,false
1784276383164,Bat,Fight,http://localhost:3251@bear,false
1784276383525,alice,Walk,http://localhost:3251@brice,true
1784276383527,brice,Walk,http://localhost:3251@bear,false
1784276383949,bear,Walk,http://localhost:3251@Bat,true
1784276383949,Bee,Walk,http://localhost:3251@bear,false
1784276384501,Ant,Walk,http://localhost:3251@brice,true
1784276384503,brice,Walk,http://localhost:3251@Ant,false
1784276385236,alice,Explore,null,false
1784276385605,bear,Explore,null,true
1784276386781,Ant,Walk,http://localhost:3251@brice,true
1784276386782,bear,Walk,http://localhost:3251@Ant,true
1784276386969,Bee,Explore,null,false
1784276387600,Bat,Explore,null,true
1784276387726,Ant,Talk,http://localhost:3251@brice,false
1784276387728,brice,Talk,http://localhost:3251@bear,true
1784276388464,bear,Explore,null,true
1784276388780,alice,Play,http://localhost:3251@Bat,true
1784276388781,Bat,Play,http://localhost:3251@alice,true
1784276388842,Bee,Explore,null,false
1784276389794,Ant,Play,http://localhost:3251@bear,false
1784276389795,Bat,Play,http://localhost:3251@Ant,false
1784276390166,bear,Explore,null,true
1784276390342,Bat,Fight,http://localhost:3251@brice,false
1784276390344,brice,Fight,http://localhost:3251@Bee,false
1784276390470,alice,Explore,null,false
1784276390969,Ant,Dance,http://localhost:3251@Bee,true
1784276390972,Bee,Dance,http://localhost:3251@Bat,true
1784276391532,alice,Talk,http://localhost:3251@bear,false
1784276391535,bear,Talk,http://localhost:3251@alice,false
1784276392720,brice,Explore,null,false
1784276392895,alice,Dance,http://localhost:3251@bear,false
1784276392896,Bat,Dance,http://localhost:3251@alice,false
1784276392897,bear,Dance,http://localhost:3251@alice,false
1784276392898,Bee,Dance,http://localhost:3251@bear,true
1784276395023,alice,Play,http://localhost:3251@Bat,false
1784276395024,brice,Play,http://localhost:3251@alice,false
1784276395339,bear,Fight,http://localhost:3251@brice,true
1784276395342,Bee,Fight,http://localhost:3251@bear,false
1784276395780,Ant,Play,http://localhost:3251@bear,false
1784276395781,brice,Play,http://localhost:3251@Ant,false
1784276396469,alice,Sing,http://localhost:3251@Bat,true
1784276396470,Bat,Sing,http://localhost:3251@alice,true
1784276396534,bear,Talk,http://localhost:3251@Bee,false
1784276396534,Bee,Talk,http://localhost:3251@Bat,true
1784276397542,Ant,Fight,http://localhost:3251@Bee,false
1784276397545,Bee,Fight,http://localhost:3251@Ant,false
1784276398274,Ant,Fight,http://localhost:3251@Bat,false
1784276398275,Bat,Fight,http://localhost:3251@bear,true
1784276398449,bear,Exercise,http://localhost:3251@Ant,false
1784276398450,brice,Exercise,http://localhost:3251@bear,false
1784276398955,Bat,Walk,http://localhost:3251@Bee,true
1784276398955,Bee,Walk,http://localhost:3251@Ant,true
1784276399854,bear,Dance,http://localhost:3251@alice,true
1784276399855,Bee,Dance,http://localhost:3251@bear,true
1784276399982,alice,Play,http://localhost:3251@Bat,true
1784276399983,Bat,Play,http://localhost:3251@alice,false
1784276400177,brice,Explore,null,false
1784276401236,bear,Dance,http://localhost:3251@alice,false
1784276401237,brice,Dance,http://localhost:3251@bear,false
1784276401353,Ant,Explore,null,true
1784276402020,Bat,Dance,http://localhost:3251@alice,true
1784276402021,Bee,Dance,http://localhost:3251@Bat,false
1784276402883,brice,Explore,null,false
1784276403311,Ant,Dance,http://localhost:3251@bear,false
1784276403312,bear,Dance,http://localhost:3251@alice,false
1784276403672,Bee,Explore,null,false
1784276403736,alice,Fight,http://localhost:3251@Bat,false
1784276403737,Bat,Fight,http://localhost:3251@bear,true
1784276404345,bear,Walk,http://localhost:3251@brice,false
1784276404347,brice,Walk,http://localhost:3251@bear,false
1784276405027,Ant,Play,http://localhost:3251@Bee,false
1784276405029,Bee,Play,http://localhost:3251@alice,true
1784276406031,bear,Explore,null,true
1784276406094,brice,Explore,null,true
1784276406464,Ant,Sing,http://localhost:3251@Bat,false
1784276406466,Bat,Sing,http://localhost:3251@alice,false
1784276407468,alice,Dance,http://localhost:3251@bear,false
1784276407471,Bat,Dance,http://localhost:3251@alice,false
1784276407719,bear,Explore,null,false
1784276408157,Bat,Dance,http://localhost:3251@brice,true
1784276408158,brice,Dance,http://localhost:3251@Ant,false
1784276408843,Ant,Explore,null,true
1784276409407,bear,Talk,http://localhost:3251@alice,false
1784276409409,Bee,Talk,http://localhost:3251@bear,true
1784276409534,Bat,Walk,http://localhost:3251@brice,false
1784276409535,brice,Walk,http://localhost:3251@bear,false
1784276409779,alice,Explore,null,false
1784276410839,bear,Dance,http://localhost:3251@alice,true
1784276410839,brice,Dance,http://localhost:3251@bear,false
1784276411472,Bat,Sing,http://localhost:3251@Bee,true
1784276411473,Bee,Sing,http://localhost:3251@Bat,false
1784276411884,Bat,Talk,http://localhost:3251@brice,true
1784276411884,brice,Talk,http://localhost:3251@bear,true
1784276412074,Ant,Explore,null,false
1784276412512,bear,Explore,null,false
1784276412934,bear,Fight,http://localhost:3251@brice,true
1784276412935,brice,Fight,http://localhost:3251@Bee,false
1784276413188,Bee,Explore,null,false
1784276413605,Bat,Explore,null,true
1784276413719,Ant,Explore,null,false
1784276414275,alice,Explore,null,true
1784276414827,bear,Exercise,http://localhost:3251@Ant,false
1784276414829,Bee,Exercise,http://localhost:3251@bear,false
1784276415018,Bat,Sing,http://localhost:3251@brice,false
1784276415019,brice,Sing,http://localhost:3251@alice,true
1784276415374,Ant,Explore,null,true
1784276415934,alice,Explore,null,true
1784276416247,Ant,Exercise,http://localhost:3251@brice,true
1784276416249,brice,Exercise,http://localhost:3251@bear,true
1784276417274,alice,Talk,http://localhost:3251@brice,true
1784276417276,brice,Talk,http://localhost:3251@bear,false
1784276417464,Bat,Explore,null,true
1784276417527,bear,Dance,http://localhost:3251@alice,true
1784276417528,Bee,Dance,http://localhost:3251@bear,true
1784276418642,alice,Fight,http://localhost:3251@Ant,true
1784276418644,Ant,Fight,http://localhost:3251@Bee,true
1784276418953,brice,Explore,null,false
1784276419998,Ant,Play,http://localhost:3251@bear,true
1784276419999,Bat,Play,http://localhost:3251@Ant,true
1784276420000,bear,Explore,null,false
1784276420606,brice,Explore,null,true
1784276421048,alice,Explore,null,true
1784276421650,Bat,Explore,null,true
1784276422342,Ant,Explore,null,false
1784276422405,alice,Play,http://localhost:3251@Bat,false
1784276422407,brice,Play,http://localhost:3251@alice,false
1784276422590,bear,Exercise,http://localhost:3251@Ant,false
1784276422590,Bee,Exercise,http://localhost:3251@bear,true
1784276423401,Bat,Explore,null,true
1784276424041,Ant,Explore,null,false
1784276424104,alice,Explore,null,true
1784276424296,bear,Explore,null,true
1784276424297,Bee,Explore,null,false
1784276424854,alice,Talk,http://localhost:3251@brice,false
1784276424855,brice,Talk,http://localhost:3251@bear,false
1784276425222,Bat,Explore,null,true
1784276426091,Ant,Walk,http://localhost:3251@brice,false
1784276426092,brice,Walk,http://localhost:3251@Ant,true
1784276426528,alice,Explore,null,true
1784276427604,Bat,Explore,null,false
1784276427795,brice,Explore,null,false
1784276428179,bear,Explore,null,true
1784276428236,alice,Explore,null,true
1784276428682,Bat,Fight,http://localhost:3251@bear,false
1784276428685,brice,Fight,http://localhost:3251@Bat,true
1784276429526,bear,Play,http://localhost:3251@Ant,false
1784276429527,Bee,Play,http://localhost:3251@bear,false
1784276429831,Ant,Explore,null,false
1784276429890,alice,Explore,null,true
1784276431021,Bat,Explore,null,true
1784276431022,brice,Explore,null,true
1784276431652,alice,Explore,null,false
1784276432280,alice,Exercise,http://localhost:3251@bear,false
1784276432281,bear,Exercise,http://localhost:3251@Ant,false
1784276432721,Bat,Explore,null,true
1784276432723,brice,Explore,null,false
1784276433024,alice,Sing,http://localhost:3251@Bee,true
1784276433026,Bee,Sing,http://localhost:3251@Bat,true
1784276433618,Bat,Play,http://localhost:3251@bear,true
1784276433618,bear,Play,http://localhost:3251@Ant,false
1784276434795,Bat,Walk,http://localhost:3251@brice,false
1784276434797,brice,Walk,http://localhost:3251@bear,false
1784276434985,Ant,Dance,http://localhost:3251@bear,true
1784276434986,bear,Dance,http://localhost:3251@alice,false
1784276435338,Bee,Explore,null,true
1784276436033,alice,Explore,null,false
1784276436336,bear,Sing,http://localhost:3251@Bat,false
1784276436337,Bee,Sing,http://localhost:3251@bear,true
1784276437465,Ant,Explore,null,false
1784276438014,bear,Explore,null,false
1784276438262,Bat,Dance,http://localhost:3251@brice,true
1784276438263,brice,Dance,http://localhost:3251@Ant,false
1784276438443,alice,Explore,null,false
1784276439155,bear,Dance,http://localhost:3251@Bee,false
1784276439156,Bee,Dance,http://localhost:3251@Bat,false
1784276439580,Ant,Play,http://localhost:3251@brice,false
1784276439583,brice,Play,http://localhost:3251@Bee,true
1784276440057,alice,Explore,null,false
1784276440501,Ant,Dance,http://localhost:3251@Bee,true
1784276440502,Bee,Dance,http://localhost:3251@Bat,true
1784276440805,bear,Explore,null,false
1784276441252,brice,Explore,null,false
1784276441923,Ant,Play,http://localhost:3251@bear,false
1784276441924,Bee,Play,http://localhost:3251@Ant,true
1784276442607,alice,Fight,http://localhost:3251@bear,true
1784276442608,bear,Fight,http://localhost:3251@brice,false
1784276443169,Ant,Exercise,http://localhost:3251@brice,true
1784276443170,Bat,Exercise,http://localhost:3251@Ant,false
1784276443279,alice,Sing,http://localhost:3251@brice,false
1784276443281,brice,Sing,http://localhost:3251@alice,true
1784276443890,Ant,Exercise,http://localhost:3251@bear,false
1784276443893,bear,Exercise,http://localhost:3251@Ant,false
1784276444463,alice,Talk,http://localhost:3251@bear,false
1784276444464,brice,Talk,http://localhost:3251@alice,true
1784276444841,Bat,Explore,null,true
1784276445592,alice,Talk,http://localhost:3251@bear,false
1784276445593,Bat,Talk,http://localhost:3251@alice,true
1784276445717,Ant,Exercise,http://localhost:3251@brice,true
1784276445718,brice,Exercise,http://localhost:3251@bear,false
1784276446404,alice,Talk,http://localhost:3251@bear,true
1784276446405,bear,Talk,http://localhost:3251@alice,false
1784276447275,Bat,Explore,null,false
1784276447805,alice,Play,http://localhost:3251@Ant,true
1784276447806,Ant,Play,http://localhost:3251@bear,true
1784276448039,bear,Explore,null,true
1784276448165,alice,Fight,http://localhost:3251@brice,true
1784276448166,brice,Fight,http://localhost:3251@Bee,true
1784276448446,Bee,Explore,null,true
1784276449480,Ant,Explore,null,false
1784276449543,Bat,Explore,null,true
1784276450157,Bee,Explore,null,false
1784276451215,Ant,Fight,http://localhost:3251@Bee,true
1784276451216,brice,Fight,http://localhost:3251@Ant,true
1784276452082,bear,Dance,http://localhost:3251@alice,true
1784276452083,Bee,Dance,http://localhost:3251@bear,false
1784276452580,Bat,Explore,null,true
1784276452706,alice,Sing,http://localhost:3251@brice,false
1784276452707,brice,Sing,http://localhost:3251@alice,false
1784276454055,Ant,Sing,http://localhost:3251@brice,true
1784276454056,brice,Sing,http://localhost:3251@alice,false
1784276454241,Bat,Explore,null,true
1784276454432,bear,Explore,null,false
1784276455445,alice,Dance,http://localhost:3251@brice,false
1784276455447,brice,Dance,http://localhost:3251@Ant,false
1784276455635,Ant,Play,http://localhost:3251@Bee,false
1784276455636,Bee,Play,http://localhost:3251@alice,false
1784276456137,bear,Explore,null,true
1784276456619,alice,Fight,http://localhost:3251@Bat,false
1784276456620,Ant,Fight,http://localhost:3251@alice,true
1784276456681,Bat,Explore,null,true
1784276457223,brice,Explore,null,false
1784276457342,bear,Fight,http://localhost:3251@Bee,true
1784276457342,Bee,Fight,http://localhost:3251@Bat,true
1784276458602,Ant,Dance,http://localhost:3251@Bat,false
1784276458603,Bee,Dance,http://localhost:3251@Ant,false
1784276458918,brice,Explore,null,true
1784276459661,Bat,Explore,null,false
1784276459724,bear,Explore,null,false
1784276460417,Ant,Fight,http://localhost:3251@Bee,true
1784276460419,Bee,Fight,http://localhost:3251@Bat,true
1784276460618,brice,Explore,null,false
1784276460790,Ant,Fight,http://localhost:3251@bear,false
1784276460791,bear,Fight,http://localhost:3251@brice,true
1784276461666,alice,Explore,null,true
1784276462042,Bat,Explore,null,false
1784276462105,Bee,Explore,null,false
1784276462475,bear,Explore,null,false
1784276463023,alice,Dance,http://localhost:3251@bear,false
1784276463024,Ant,Dance,http://localhost:3251@alice,false
1784276463527,bear,Talk,http://localhost:3251@alice,false
1784276463528,Bee,Talk,http://localhost:3251@bear,true
1784276464479,Bat,Explore,null,true
1784276464605,Bee,Talk,http://localhost:3251@Bat,false
1784276464606,brice,Talk,http://localhost:3251@Bee,false
1784276465234,bear,Explore,null,true
1784276465656,bear,Fight,http://localhost:3251@Bee,false
1784276465657,Bee,Fight,http://localhost:3251@Bat,true
1784276465965,Bat,Play,http://localhost:3251@brice,false
1784276465967,brice,Play,http://localhost:3251@Bee,false
1784276466451,alice,Sing,http://localhost:3251@Ant,false
1784276466453,Ant,Sing,http://localhost:3251@alice,true
1784276467341,bear,Explore,null,true
1784276468150,alice,Explore,null,false
1784276468405,brice,Explore,null,true
1784276468531,bear,Play,http://localhost:3251@Bee,false
1784276468532,Bee,Play,http://localhost:3251@alice,true
1784276469274,Ant,Play,http://localhost:3251@bear,true
1784276469276,Bat,Play,http://localhost:3251@Ant,false
1784276470163,Ant,Fight,http://localhost:3251@brice,false
1784276470164,brice,Fight,http://localhost:3251@Bee,true
1784276470227,bear,Explore,null,true
1784276470607,alice,Explore,null,true
1784276471337,alice,Walk,http://localhost:3251@Bat,false
1784276471339,Bat,Walk,http://localhost:3251@alice,false
1784276471588,Ant,Walk,http://localhost:3251@brice,false
1784276471591,brice,Walk,http://localhost:3251@Ant,false
1784276472591,bear,Explore,null,true
1784276472945,alice,Sing,http://localhost:3251@Ant,true
1784276472946,Ant,Sing,http://localhost:3251@alice,false
1784276473072,Bat,Explore,null,false
1784276473561,Ant,Exercise,http://localhost:3251@brice,false
1784276473563,brice,Exercise,http://localhost:3251@bear,true
1784276474395,Ant,Fight,http://localhost:3251@bear,true
1784276474396,bear,Fight,http://localhost:3251@brice,true
1784276474459,alice,Play,http://localhost:3251@Bat,true
1784276474460,Bat,Play,http://localhost:3251@alice,true
1784276475461,Ant,Fight,http://localhost:3251@Bee,false
1784276475463,Bee,Fight,http://localhost:3251@Ant,true
1784276475906,Bat,Play,http://localhost:3251@brice,true
1784276475908,brice,Play,http://localhost:3251@Bee,false
1784276476079,bear,Explore,null,true
1784276477798,bear,Exercise,http://localhost:3251@brice,false
1784276477799,brice,Exercise,http://localhost:3251@bear,true
1784276477972,alice,Walk,http://localhost:3251@Bat,true
1784276477973,Bat,Walk,http://localhost:3251@alice,true
1784276479221,Bee,Explore,null,true
1784276479468,bear,Explore,null,false
1784276479722,Bat,Explore,null,false
1784276480537,Ant,Explore,null,true
1784276480974,brice,Explore,null,false
1784276481639,Ant,Talk,http://localhost:3251@Bat,true
1784276481642,Bee,Talk,http://localhost:3251@Ant,true
1784276482320,Bat,Dance,http://localhost:3251@brice,false
1784276482320,brice,Dance,http://localhost:3251@Ant,true
1784276482382,alice,Explore,null,false
1784276482571,bear,Explore,null,false
1784276483418,alice,Fight,http://localhost:3251@Bat,false
1784276483420,Bat,Fight,http://localhost:3251@alice,false
1784276484013,Ant,Fight,http://localhost:3251@Bee,true
1784276484014,Bat,Fight,http://localhost:3251@Ant,false
1784276484139,bear,Fight,http://localhost:3251@Bee,false
1784276484142,Bee,Fight,http://localhost:3251@Bat,false
1784276485088,alice,Explore,null,false
1784276486132,alice,Fight,http://localhost:3251@Bat,false
1784276486134,Bee,Fight,http://localhost:3251@alice,false
1784276486564,bear,Explore,null,true
1784276487163,Bat,Sing,http://localhost:3251@brice,false
1784276487164,brice,Sing,http://localhost:3251@alice,true
1784276487773,alice,Fight,http://localhost:3251@Ant,true
1784276487774,Ant,Fight,http://localhost:3251@Bee,false
1784276488822,Bat,Explore,null,false
1784276488949,bear,Explore,null,false
1784276490297,alice,Dance,http://localhost:3251@Bee,false
1784276490298,Bee,Dance,http://localhost:3251@Bat,false
1784276490840,Bat,Walk,http://localhost:3251@alice,true
1784276490842,brice,Walk,http://localhost:3251@Bat,true
1784276491522,alice,Exercise,http://localhost:3251@Bat,true
1784276491524,Bat,Exercise,http://localhost:3251@alice,false
1784276491712,bear,Sing,http://localhost:3251@Bat,false
1784276491713,Bee,Sing,http://localhost:3251@bear,false
1784276491900,Ant,Fight,http://localhost:3251@brice,true
1784276491901,brice,Fight,http://localhost:3251@Bee,false
1784276492955,alice,Walk,http://localhost:3251@Bee,false
1784276492957,brice,Walk,http://localhost:3251@alice,true
1784276493083,Ant,Play,http://localhost:3251@bear,true
1784276493083,bear,Play,http://localhost:3251@Ant,true
1784276494582,alice,Explore,null,false
1784276494708,brice,Explore,null,true
1784276495392,bear,Explore,null,false
1784276495706,Bat,Sing,http://localhost:3251@alice,true
1784276495709,Bee,Sing,http://localhost:3251@Bat,true
1784276497105,brice,Explore,null,false
1784276497402,Bat,Explore,null,false
1784276497465,bear,Play,http://localhost:3251@Ant,false
1784276497466,Bee,Play,http://localhost:3251@bear,true
1784276498118,alice,Sing,http://localhost:3251@Bat,false
1784276498119,Ant,Sing,http://localhost:3251@alice,false
1784276498474,Ant,Fight,http://localhost:3251@bear,true
1784276498475,bear,Fight,http://localhost:3251@brice,true
1784276498717,Bat,Sing,http://localhost:3251@alice,false
1784276498718,brice,Sing,http://localhost:3251@Bat,false
1784276499460,Ant,Sing,http://localhost:3251@Bee,false
1784276499463,Bee,Sing,http://localhost:3251@Bat,true
1784276499827,alice,Explore,null,true
1784276500207,alice,Fight,http://localhost:3251@bear,false
1784276500208,bear,Fight,http://localhost:3251@brice,true
1784276500579,bear,Fight,http://localhost:3251@brice,true
1784276500580,brice,Fight,http://localhost:3251@Bee,true
1784276500756,alice,Exercise,http://localhost:3251@Ant,false
1784276500757,Ant,Exercise,http://localhost:3251@brice,true
1784276501116,Bee,Explore,null,true
1784276501352,Bat,Exercise,http://localhost:3251@alice,false
1784276501354,brice,Exercise,http://localhost:3251@Bat,true
1784276502653,Bat,Dance,http://localhost:3251@bear,true
1784276502654,bear,Dance,http://localhost:3251@alice,false
1784276502778,Bee,Explore,null,false
1784276503075,Ant,Explore,null,false
1784276503495,bear,Dance,http://localhost:3251@brice,true
1784276503496,brice,Dance,http://localhost:3251@Ant,true
1784276504546,Bat,Talk,http://localhost:3251@brice,true
1784276504548,brice,Talk,http://localhost:3251@bear,false
1784276505092,Ant,Play,http://localhost:3251@bear,true
1784276505094,Bee,Play,http://localhost:3251@Ant,false
1784276505156,alice,Explore,null,true
1784276505836,bear,Explore,null,true
1784276507167,Ant,Walk,http://localhost:3251@brice,false
1784276507169,brice,Walk,http://localhost:3251@Ant,true
1784276508342,bear,Talk,http://localhost:3251@alice,false
1784276508343,brice,Talk,http://localhost:3251@bear,false
1784276509070,alice,Talk,http://localhost:3251@bear,true
1784276509071,Ant,Exercise,http://localhost:3251@brice,true
1784276509072,Bee,Exercise,http://localhost:3251@Ant,true
1784276509073,brice,Talk,http://localhost:3251@alice,false
1784276510704,bear,Explore,null,false
1784276510773,Bee,Explore,null,true
1784276510899,Bat,Walk,http://localhost:3251@alice,true
1784276510899,brice,Walk,http://localhost:3251@Bat,false
1784276511820,bear,Fight,http://localhost:3251@Bee,true
1784276511821,Bee,Fight,http://localhost:3251@Bat,false
1784276512140,alice,Explore,null,false
1784276512203,Ant,Explore,null,false
1784276512640,brice,Explore,null,true
1784276512959,alice,Dance,http://localhost:3251@Bat,false
1784276512961,Bat,Dance,http://localhost:3251@alice,false
1784276513526,bear,Explore,null,true
1784276513881,Ant,Sing,http://localhost:3251@Bee,true
1784276513882,Bee,Sing,http://localhost:3251@Bat,true
1784276514390,Bat,Dance,http://localhost:3251@alice,false
1784276514391,brice,Dance,http://localhost:3251@Bat,true
1784276515777,alice,Play,http://localhost:3251@Bat,false
1784276515778,Ant,Play,http://localhost:3251@alice,true
1784276515904,bear,Explore,null,false
1784276516655,Bat,Walk,http://localhost:3251@Bee,false
1784276516656,Bee,Walk,http://localhost:3251@Ant,false
1784276517027,alice,Fight,http://localhost:3251@Ant,false
1784276517028,Ant,Fight,http://localhost:3251@Bee,true
1784276517575,bear,Explore,null,true
1784276517823,Bat,Dance,http://localhost:3251@brice,false
1784276517824,brice,Dance,http://localhost:3251@Ant,false
1784276517990,alice,Play,http://localhost:3251@Bee,false
1784276517992,Bee,Play,http://localhost:3251@alice,false
1784276519178,bear,Explore,null,true
1784276519352,Ant,Explore,null,false
1784276519414,Bat,Explore,null,true
1784276519416,brice,Explore,null,true
1784276520967,alice,Explore,null,false
1784276521149,Bat,Explore,null,true
1784276521518,bear,Explore,null,false
1784276521642,Bee,Explore,null,false
1784276521773,Ant,Explore,null,true
1784276522458,brice,Explore,null,true
1784276522835,Bat,Explore,null,false
1784276523559,bear,Sing,http://localhost:3251@Bat,true
1784276523560,Bee,Sing,http://localhost:3251@bear,true
1784276524177,brice,Explore,null,false
1784276524793,Ant,Exercise,http://localhost:3251@Bee,false
1784276524795,Bee,Exercise,http://localhost:3251@alice,true
1784276525170,Bat,Explore,null,true
1784276525896,bear,Explore,null,true
1784276526149,Bee,Dance,http://localhost:3251@Bat,true
1784276526150,brice,Dance,http://localhost:3251@Bee,false
1784276526720,alice,Explore,null,true
1784276526894,Ant,Walk,http://localhost:3251@brice,false
1784276526895,brice,Walk,http://localhost:3251@Ant,false
1784276528197,Bat,Explore,null,true
1784276528652,Ant,Exercise,http://localhost:3251@bear,false
1784276528652,bear,Exercise,http://localhost:3251@Ant,true
1784276529270,Bat,Walk,http://localhost:3251@brice,true
1784276529272,brice,Walk,http://localhost:3251@bear,true
1784276530051,alice,Play,http://localhost:3251@Bat,false
1784276530053,Bee,Play,http://localhost:3251@alice,false
1784276530244,bear,Explore,null,false
1784276530984,Ant,Fight,http://localhost:3251@Bee,true
1784276530985,Bee,Fight,http://localhost:3251@Ant,false
1784276532024,alice,Dance,http://localhost:3251@brice,false
1784276532025,Bat,Walk,http://localhost:3251@alice,false
1784276532026,Bee,Walk,http://localhost:3251@Bat,true
1784276532026,brice,Dance,http://localhost:3251@Ant,true
1784276532704,Ant,Fight,http://localhost:3251@Bee,false
1784276532705,brice,Fight,http://localhost:3251@Ant,true
1784276533080,Bat,Talk,http://localhost:3251@Ant,true
1784276533081,brice,Talk,http://localhost:3251@Bat,true
1784276533335,bear,Explore,null,false
1784276533713,alice,Explore,null,false
1784276534158,Bat,Talk,http://localhost:3251@Ant,true
1784276534159,Bee,Talk,http://localhost:3251@Bat,true
1784276534221,Ant,Fight,http://localhost:3251@brice,false
1784276534222,brice,Fight,http://localhost:3251@Bee,false
1784276535095,alice,Play,http://localhost:3251@Bat,false
1784276535096,Bat,Play,http://localhost:3251@alice,true
1784276535460,bear,Play,http://localhost:3251@Ant,true
1784276535461,brice,Play,http://localhost:3251@bear,false
1784276536140,Bat,Fight,http://localhost:3251@bear,true
1784276536141,brice,Fight,http://localhost:3251@Bat,true
1784276536526,alice,Play,http://localhost:3251@Ant,true
1784276536528,Ant,Play,http://localhost:3251@bear,true
1784276536845,bear,Dance,http://localhost:3251@alice,false
1784276536848,Bee,Dance,http://localhost:3251@bear,false
1784276537223,alice,Fight,http://localhost:3251@Bat,false
1784276537225,Bat,Fight,http://localhost:3251@bear,false
1784276537599,Ant,Fight,http://localhost:3251@Bee,true
1784276537601,bear,Fight,http://localhost:3251@Ant,true
1784276537977,Ant,Fight,http://localhost:3251@brice,false
1784276537981,brice,Fight,http://localhost:3251@Bee,true
1784276539335,Ant,Sing,http://localhost:3251@alice,false
1784276539337,bear,Sing,http://localhost:3251@Ant,true
1784276540206,Ant,Sing,http://localhost:3251@Bee,false
1784276540207,Bee,Sing,http://localhost:3251@Bat,false
1784276540272,brice,Explore,null,true
1784276540335,Bat,Explore,null,false
1784276541026,alice,Explore,null,true
1784276541529,bear,Dance,http://localhost:3251@alice,true
1784276541530,brice,Dance,http://localhost:3251@bear,true
1784276541971,Ant,Talk,http://localhost:3251@Bat,true
1784276541972,Bat,Talk,http://localhost:3251@Ant,true
1784276542589,Bee,Explore,null,false
1784276542902,Ant,Play,http://localhost:3251@bear,true
1784276542903,Bat,Play,http://localhost:3251@brice,true
1784276542903,bear,Play,http://localhost:3251@Ant,false
1784276542904,brice,Play,http://localhost:3251@Bee,true
1784276543472,alice,Fight,http://localhost:3251@Bat,false
1784276543474,Ant,Fight,http://localhost:3251@alice,false
1784276543975,bear,Sing,http://localhost:3251@Bee,false
1784276543976,Bee,Sing,http://localhost:3251@Bat,false
1784276544291,alice,Dance,http://localhost:3251@brice,true
1784276544294,brice,Dance,http://localhost:3251@Ant,false
1784276545167,bear,Talk,http://localhost:3251@alice,false
1784276545168,Bee,Talk,http://localhost:3251@bear,false
1784276545277,Bat,Explore,null,true
1784276545840,Ant,Explore,null,true
1784276546720,brice,Explore,null,true
1784276546909,Ant,Fight,http://localhost:3251@Bee,false
1784276546911,Bat,Fight,http://localhost:3251@Ant,false
1784276547956,bear,Dance,http://localhost:3251@alice,false
1784276547960,brice,Dance,http://localhost:3251@bear,false
1784276548573,Bat,Explore,null,true
1784276549603,bear,Explore,null,false
1784276549605,Bee,Explore,null,true
1784276550156,alice,Explore,null,true
1784276550330,Ant,Fight,http://localhost:3251@brice,true
1784276550331,brice,Fight,http://localhost:3251@Bee,true
1784276551087,Ant,Sing,http://localhost:3251@bear,true
1784276551088,bear,Sing,http://localhost:3251@Bat,false
1784276551276,Bat,Dance,http://localhost:3251@alice,false
1784276551278,Bee,Explore,null,true
1784276551278,brice,Dance,http://localhost:3251@Bat,true
1784276551845,alice,Explore,null,true
1784276552493,bear,Dance,http://localhost:3251@alice,false
1784276552494,Bee,Dance,http://localhost:3251@bear,true
1784276553041,Ant,Exercise,http://localhost:3251@brice,false
1784276553042,brice,Exercise,http://localhost:3251@Ant,true
1784276553530,Ant,Fight,http://localhost:3251@bear,false
1784276553532,bear,Fight,http://localhost:3251@brice,false
1784276554099,Bat,Talk,http://localhost:3251@brice,true
1784276554100,brice,Talk,http://localhost:3251@bear,false
1784276554851,Bee,Explore,null,false
1784276555102,alice,Explore,null,false
1784276555276,Ant,Explore,null,false
1784276555403,bear,Explore,null,true
1784276556521,Bee,Explore,null,false
1784276556710,Ant,Sing,http://localhost:3251@alice,true
1784276556711,Bat,Sing,http://localhost:3251@Ant,true
1784276557168,bear,Fight,http://localhost:3251@brice,true
1784276557169,brice,Fight,http://localhost:3251@bear,false
1784276557856,Bat,Walk,http://localhost:3251@Bee,false
1784276557857,Bee,Walk,http://localhost:3251@Ant,false
1784276558108,alice,Explore,null,true
1784276558861,bear,Explore,null,false
1784276558987,Ant,Fight,http://localhost:3251@Bat,true
1784276558990,Bat,Fight,http://localhost:3251@bear,true
1784276559541,Bee,Explore,null,true
1784276560339,alice,Sing,http://localhost:3251@Ant,false
1784276560342,Ant,Sing,http://localhost:3251@alice,false
1784276560343,Bat,Dance,http://localhost:3251@alice,true
1784276560344,brice,Dance,http://localhost:3251@Bat,false
1784276560529,bear,Explore,null,false
1784276561776,Ant,Play,http://localhost:3251@Bat,false
1784276561777,Bat,Play,http://localhost:3251@alice,false
1784276562012,Bee,Explore,null,false
1784276563164,Bat,Play,http://localhost:3251@alice,false
1784276563165,brice,Play,http://localhost:3251@Bat,true
1784276563454,Ant,Explore,null,false
1784276563772,alice,Walk,http://localhost:3251@Bee,true
1784276563774,Bee,Walk,http://localhost:3251@alice,true
1784276564521,alice,Fight,http://localhost:3251@Ant,true
1784276564523,Ant,Fight,http://localhost:3251@Bee,false
1784276564834,Bat,Explore,null,true
1784276564897,bear,Explore,null,false
1784276565899,Bat,Fight,http://localhost:3251@bear,false
1784276565900,brice,Fight,http://localhost:3251@Bat,false
1784276566252,Ant,Fight,http://localhost:3251@Bee,true
1784276566253,bear,Fight,http://localhost:3251@Ant,false
1784276566559,alice,Walk,http://localhost:3251@Bee,true
1784276566561,brice,Walk,http://localhost:3251@alice,false
1784276566856,bear,Talk,http://localhost:3251@Bee,false
1784276566856,Bee,Talk,http://localhost:3251@Bat,false
1784276567212,Bat,Dance,http://localhost:3251@alice,false
1784276567213,brice,Dance,http://localhost:3251@Bat,false
1784276568024,Bat,Talk,http://localhost:3251@Bee,false
1784276568025,Bee,Talk,http://localhost:3251@Bat,true
1784276568665,alice,Sing,http://localhost:3251@brice,true
1784276568666,brice,Sing,http://localhost:3251@alice,false
1784276569270,Ant,Explore,null,false
1784276569271,bear,Fight,http://localhost:3251@brice,true
1784276569272,brice,Fight,http://localhost:3251@bear,false
1784276570010,alice,Exercise,http://localhost:3251@Bat,true
1784276570011,Bat,Exercise,http://localhost:3251@alice,true
1784276570390,alice,Fight,http://localhost:3251@bear,false
1784276570392,bear,Fight,http://localhost:3251@brice,true
1784276571065,Bee,Explore,null,false
1784276571424,bear,Dance,http://localhost:3251@brice,false
1784276571425,brice,Dance,http://localhost:3251@Ant,true
1784276571742,alice,Walk,http://localhost:3251@Bee,false
1784276571743,Bat,Walk,http://localhost:3251@alice,false
1784276572703,Ant,Dance,http://localhost:3251@Bat,true
1784276572704,bear,Dance,http://localhost:3251@Ant,false
1784276574214,Bat,Fight,http://localhost:3251@bear,false
1784276574215,brice,Fight,http://localhost:3251@Bat,false
1784276574336,bear,Explore,null,true
1784276575523,alice,Explore,null,true
1784276575819,Ant,Talk,http://localhost:3251@Bat,false
1784276575820,brice,Talk,http://localhost:3251@Ant,false
1784276575946,Bat,Explore,null,false
1784276576009,bear,Explore,null,true
1784276577046,Bat,Exercise,http://localhost:3251@brice,true
1784276577047,brice,Exercise,http://localhost:3251@bear,false
1784276577477,Ant,Explore,null,false
1784276577667,bear,Explore,null,false
1784276577721,alice,Dance,http://localhost:3251@bear,false
1784276577722,brice,Dance,http://localhost:3251@alice,true
1784276579036,Bat,Sing,http://localhost:3251@bear,true
1784276579037,bear,Sing,http://localhost:3251@Bat,false
1784276579038,Bee,Explore,null,true
1784276579385,alice,Explore,null,false
1784276579448,Ant,Fight,http://localhost:3251@brice,false
1784276579449,brice,Fight,http://localhost:3251@Bee,true
1784276580631,alice,Exercise,http://localhost:3251@Bat,false
1784276580631,Ant,Exercise,http://localhost:3251@alice,false
1784276580694,bear,Explore,null,true
1784276580823,Bat,Explore,null,true
1784276581068,Bee,Dance,http://localhost:3251@Bat,true
1784276581070,brice,Dance,http://localhost:3251@Bee,false
1784276582153,Bat,Play,http://localhost:3251@alice,false
1784276582155,Bee,Play,http://localhost:3251@Bat,false
1784276582345,alice,Fight,http://localhost:3251@Bat,false
1784276582346,Ant,Explore,null,false
1784276582346,brice,Fight,http://localhost:3251@alice,false
1784276583539,Bee,Sing,http://localhost:3251@Bat,false
1784276583540,brice,Sing,http://localhost:3251@Bee,true
1784276584163,Ant,Fight,http://localhost:3251@Bee,false
1784276584163,bear,Fight,http://localhost:3251@Ant,true
1784276584514,Bat,Explore,null,false
1784276584693,alice,Explore,null,true
1784276585238,Bee,Explore,null,false
1784276585238,brice,Explore,null,false
1784276585799,Ant,Explore,null,true
1784276585800,bear,Explore,null,false
1784276587483,bear,Explore,null,true
1784276587611,brice,Explore,null,true
1784276588665,Bat,Exercise,http://localhost:3251@alice,false
1784276588667,brice,Exercise,http://localhost:3251@Bat,false
1784276588914,Ant,Sing,http://localhost:3251@bear,false
1784276588915,bear,Sing,http://localhost:3251@Bat,false
1784276589167,alice,Explore,null,true
1784276590551,bear,Explore,null,true
1784276590678,Ant,Sing,http://localhost:3251@Bat,false
1784276590679,Bat,Sing,http://localhost:3251@alice,true
1784276590782,alice,Explore,null,true
1784276591716,brice,Explore,null,true
1784276591776,Ant,Exercise,http://localhost:3251@bear,true
1784276591777,bear,Exercise,http://localhost:3251@Ant,true
1784276593211,alice,Sing,http://localhost:3251@Ant,false
1784276593213,Ant,Sing,http://localhost:3251@alice,false
1784276593465,bear,Explore,null,true
1784276593776,Bee,Sing,http://localhost:3251@brice,true
1784276593777,brice,Sing,http://localhost:3251@alice,false
1784276594401,Bat,Explore,null,false
1784276594464,Ant,Exercise,http://localhost:3251@brice,true
1784276594465,bear,Exercise,http://localhost:3251@Ant,false
1784276595704,alice,Exercise,http://localhost:3251@Ant,true
1784276595705,Ant,Exercise,http://localhost:3251@brice,false
1784276595772,Bat,Walk,http://localhost:3251@alice,true
1784276595773,Bee,Walk,http://localhost:3251@Bat,true
1784276596826,brice,Explore,null,false
1784276597455,Bee,Explore,null,true
1784276597582,Bat,Explore,null,true
1784276598155,Ant,Explore,null,true
1784276598278,bear,Explore,null,true
1784276598589,Bat,Fight,http://localhost:3251@brice,true
1784276598590,brice,Fight,http://localhost:3251@Bee,false
1784276599464,alice,Explore,null,true
1784276599591,Bat,Sing,http://localhost:3251@Bee,false
1784276599592,Bee,Sing,http://localhost:3251@Bat,true
1784276599998,bear,Explore,null,false
1784276600682,Bat,Walk,http://localhost:3251@brice,false
1784276600684,brice,Walk,http://localhost:3251@bear,false
1784276601127,alice,Explore,null,true
1784276601244,Ant,Explore,null,false
1784276602062,Bee,Walk,http://localhost:3251@brice,false
1784276602064,brice,Walk,http://localhost:3251@bear,true
1784276602367,Bat,Explore,null,true
1784276602554,bear,Explore,null,false
1784276602913,Ant,Explore,null,true
1784276603036,alice,Exercise,http://localhost:3251@Bat,true
1784276603037,Bee,Exercise,http://localhost:3251@alice,false
1784276603099,bear,Talk,http://localhost:3251@brice,false
1784276603100,brice,Talk,http://localhost:3251@bear,false
1784276604448,Bat,Dance,http://localhost:3251@brice,false
1784276604449,brice,Dance,http://localhost:3251@Ant,true
1784276604965,Ant,Play,http://localhost:3251@bear,false
1784276604965,bear,Play,http://localhost:3251@Ant,true
1784276606579,Bat,Sing,http://localhost:3251@brice,false
1784276606579,brice,Sing,http://localhost:3251@alice,false
1784276606836,Bee,Explore,null,false
1784276607335,bear,Explore,null,true
1784276607585,alice,Explore,null,false
1784276607834,Ant,Dance,http://localhost:3251@Bat,true
1784276607836,Bat,Dance,http://localhost:3251@Ant,false
1784276607961,alice,Talk,http://localhost:3251@Bee,false
1784276607963,Bee,Talk,http://localhost:3251@Bat,true
1784276608640,Ant,Walk,http://localhost:3251@brice,false
1784276608642,brice,Walk,http://localhost:3251@bear,true
1784276609559,Bat,Talk,http://localhost:3251@Ant,true
1784276609561,Bee,Talk,http://localhost:3251@Bat,false
1784276610037,Ant,Walk,http://localhost:3251@brice,true
1784276610037,bear,Walk,http://localhost:3251@Ant,true
1784276610929,brice,Explore,null,true
1784276611243,Bat,Explore,null,false
1784276611687,bear,Explore,null,false
1784276612287,Bat,Play,http://localhost:3251@brice,false
1784276612287,brice,Play,http://localhost:3251@Bee,true
1784276612414,Ant,Talk,http://localhost:3251@Bat,true
1784276612416,bear,Talk,http://localhost:3251@Ant,false
1784276613721,alice,Explore,null,false
1784276613889,Bee,Explore,null,true
1784276614079,Ant,Explore,null,true
1784276614142,bear,Explore,null,true
1784276615092,alice,Dance,http://localhost:3251@bear,true
1784276615093,brice,Dance,http://localhost:3251@alice,true
1784276615582,bear,Play,http://localhost:3251@Ant,false
1784276615584,Bee,Play,http://localhost:3251@bear,true
1784276615770,Ant,Explore,null,true
1784276616387,alice,Sing,http://localhost:3251@Bat,true
1784276616389,Bat,Sing,http://localhost:3251@alice,false
1784276616450,Ant,Play,http://localhost:3251@brice,false
1784276616452,brice,Play,http://localhost:3251@Bee,false
1784276617934,bear,Explore,null,true
1784276618042,alice,Explore,null,true
1784276618838,Ant,Explore,null,false
1784276619820,bear,Explore,null,true
1784276619883,Bat,Walk,http://localhost:3251@alice,true
1784276619884,Bee,Walk,http://localhost:3251@Bat,false
1784276620188,Ant,Walk,http://localhost:3251@brice,false
1784276620190,brice,Walk,http://localhost:3251@Ant,true
1784276620417,alice,Explore,null,false
1784276621155,Ant,Dance,http://localhost:3251@bear,true
1784276621157,bear,Dance,http://localhost:3251@alice,false
1784276621283,Bat,Play,http://localhost:3251@alice,true
1784276621284,brice,Play,http://localhost:3251@Bat,false
1784276621897,bear,Exercise,http://localhost:3251@Bee,true
1784276621898,Bee,Exercise,http://localhost:3251@alice,false
1784276622461,alice,Play,http://localhost:3251@Bat,false
1784276622463,Ant,Play,http://localhost:3251@alice,false
1784276622962,brice,Explore,null,true
1784276623628,Bee,Explore,null,true
1784276623832,Ant,Sing,http://localhost:3251@alice,false
1784276623833,bear,Sing,http://localhost:3251@Ant,true
1784276624146,alice,Explore,null,true
1784276625074,Bat,Walk,http://localhost:3251@brice,false
1784276625075,bear,Dance,http://localhost:3251@Bee,false
1784276625076,Bee,Dance,http://localhost:3251@Bat,true
1784276625077,brice,Walk,http://localhost:3251@bear,false
1784276625626,Ant,Fight,http://localhost:3251@Bee,false
1784276625627,bear,Fight,http://localhost:3251@Ant,false
1784276626351,alice,Walk,http://localhost:3251@Bee,false
1784276626353,brice,Walk,http://localhost:3251@alice,false
1784276627466,bear,Talk,http://localhost:3251@alice,false
1784276627468,brice,Talk,http://localhost:3251@bear,false
1784276628336,Ant,Walk,http://localhost:3251@brice,false
1784276628337,Bat,Walk,http://localhost:3251@Ant,true
1784276628833,bear,Talk,http://localhost:3251@Bee,true
1784276628834,Bee,Talk,http://localhost:3251@Bat,true
1784276629605,bear,Play,http://localhost:3251@brice,true
1784276629606,brice,Play,http://localhost:3251@Bee,true
1784276630290,alice,Explore,null,true
1784276630411,Ant,Sing,http://localhost:3251@alice,true
1784276630412,Bat,Sing,http://localhost:3251@Ant,true
1784276630984,Bee,Dance,http://localhost:3251@brice,true
1784276630986,brice,Dance,http://localhost:3251@Ant,false
1784276631811,Ant,Walk,http://localhost:3251@brice,false
1784276631812,bear,Walk,http://localhost:3251@Ant,true
1784276632677,Bat,Sing,http://localhost:3251@alice,false
1784276632678,Bee,Sing,http://localhost:3251@Bat,false
1784276632912,Ant,Exercise,http://localhost:3251@brice,false
1784276632913,brice,Exercise,http://localhost:3251@bear,true
1784276633600,bear,Explore,null,false
1784276634338,Bat,Explore,null,true
1784276634587,bear,Talk,http://localhost:3251@Bee,false
1784276634588,Bee,Talk,http://localhost:3251@Bat,false
1784276635339,Ant,Explore,null,true
1784276635658,Bee,Dance,http://localhost:3251@brice,false
1784276635660,brice,Dance,http://localhost:3251@Ant,true
1784276636339,bear,Explore,null,true
1784276636402,Ant,Fight,http://localhost:3251@Bee,true
1784276636403,brice,Fight,http://localhost:3251@Ant,false
1784276636649,alice,Dance,http://localhost:3251@bear,true
1784276636650,Bee,Dance,http://localhost:3251@alice,false
1784276637897,Bat,Exercise,http://localhost:3251@Bee,true
1784276637898,Bee,Exercise,http://localhost:3251@alice,true
1784276638023,bear,Explore,null,false
1784276638851,Ant,Talk,http://localhost:3251@Bat,false
1784276638854,Bat,Talk,http://localhost:3251@Ant,true
1784276639915,Ant,Dance,http://localhost:3251@Bee,false
1784276639917,Bee,Dance,http://localhost:3251@Bat,false
1784276640105,brice,Explore,null,true
1784276640760,alice,Exercise,http://localhost:3251@Bat,true
1784276640761,Bat,Exercise,http://localhost:3251@alice,false
1784276641242,bear,Explore,null,false
1784276641364,Bee,Exercise,http://localhost:3251@brice,false
1784276641364,brice,Exercise,http://localhost:3251@bear,true
1784276641617,Ant,Explore,null,true
1784276642136,alice,Dance,http://localhost:3251@bear,false
1784276642139,brice,Dance,http://localhost:3251@alice,true
1784276642574,Ant,Exercise,http://localhost:3251@bear,false
1784276642575,bear,Exercise,http://localhost:3251@Ant,false
1784276643119,Bat,Explore,null,false
1784276644287,bear,Explore,null,true
1784276644350,alice,Sing,http://localhost:3251@Bat,true
1784276644352,Bat,Sing,http://localhost:3251@alice,true
1784276644960,Ant,Fight,http://localhost:3251@Bee,false
1784276644962,bear,Fight,http://localhost:3251@Ant,true
1784276645771,Bat,Dance,http://localhost:3251@alice,false
1784276645772,brice,Dance,http://localhost:3251@Bat,true
1784276646713,alice,Explore,null,false
1784276647028,Bat,Play,http://localhost:3251@Bee,true
1784276647030,Bee,Play,http://localhost:3251@alice,false
1784276647451,brice,Explore,null,false
1784276648673,bear,Explore,null,true
1784276649400,Ant,Explore,null,true
1784276650197,Bee,Explore,null,true
1784276650434,brice,Explore,null,false
1784276650744,Bat,Explore,null,false
1784276651035,alice,Explore,null,false
1784276652105,Ant,Exercise,http://localhost:3251@brice,false
1784276652106,Bat,Exercise,http://localhost:3251@Ant,true
1784276652419,bear,Explore,null,true
1784276652799,brice,Explore,null,false
1784276653221,Bee,Explore,null,false
1784276653816,Ant,Explore,null,false
1784276654070,bear,Explore,null,true
1784276654133,alice,Explore,null,false
1784276655139,Ant,Fight,http://localhost:3251@bear,false
1784276655140,bear,Fight,http://localhost:3251@brice,true
1784276655202,Bat,Explore,null,false
1784276655818,bear,Exercise,http://localhost:3251@Bee,false
1784276655819,Bee,Exercise,http://localhost:3251@alice,false
1784276655820,brice,Explore,null,false
1784276656507,Ant,Sing,http://localhost:3251@alice,true
1784276656510,Bee,Sing,http://localhost:3251@Ant,true
1784276657250,Bat,Play,http://localhost:3251@alice,true
1784276657250,brice,Play,http://localhost:3251@Bat,true
1784276658614,alice,Explore,null,false
1784276659339,Ant,Play,http://localhost:3251@bear,false
1784276659341,Bat,Play,http://localhost:3251@Ant,false
1784276660317,brice,Explore,null,true
1784276660567,Ant,Exercise,http://localhost:3251@brice,true
1784276660568,bear,Exercise,http://localhost:3251@Ant,true
1784276660630,Bat,Play,http://localhost:3251@Bee,false
1784276660631,Bee,Play,http://localhost:3251@alice,true
1784276661896,Ant,Sing,http://localhost:3251@alice,false
1784276661899,Bee,Sing,http://localhost:3251@Ant,true
1784276662880,bear,Explore,null,true
1784276663068,Ant,Talk,http://localhost:3251@Bat,true
1784276663069,Bat,Talk,http://localhost:3251@Ant,true
1784276663303,alice,Walk,http://localhost:3251@Bee,false
1784276663305,brice,Walk,http://localhost:3251@alice,true
1784276663957,Bee,Walk,http://localhost:3251@Ant,true
1784276663958,brice,Walk,http://localhost:3251@Bee,false
1784276664087,alice,Fight,http://localhost:3251@Ant,true
1784276664088,Ant,Fight,http://localhost:3251@Bee,true
1784276664713,Bat,Explore,null,true
1784276665209,bear,Explore,null,true
1784276666377,bear,Fight,http://localhost:3251@brice,true
1784276666378,brice,Fight,http://localhost:3251@Bee,true
1784276666440,alice,Explore,null,true
1784276667049,Bat,Explore,null,true
1784276667725,Bee,Explore,null,true
1784276667848,Ant,Explore,null,true
1784276668099,alice,Explore,null,false
1784276668777,bear,Explore,null,true
1784276668777,brice,Explore,null,true
1784276668840,Bat,Explore,null,false
1784276669479,Ant,Explore,null,true
1784276669720,alice,Explore,null,false
1784276669721,Bat,Sing,http://localhost:3251@Bee,true
1784276669721,Bee,Sing,http://localhost:3251@Bat,true
1784276670473,bear,Explore,null,false
1784276670785,Ant,Talk,http://localhost:3251@Bat,false
1784276670786,Bat,Talk,http://localhost:3251@Ant,true
1784276671163,Bat,Talk,http://localhost:3251@brice,true
1784276671165,brice,Talk,http://localhost:3251@bear,false
1784276671402,Bee,Explore,null,false
1784276672114,bear,Explore,null,true
1784276672240,Bat,Fight,http://localhost:3251@bear,false
1784276672241,brice,Fight,http://localhost:3251@Bat,true
1784276672864,alice,Explore,null,true
1784276673476,Ant,Play,http://localhost:3251@bear,true
1784276673478,Bat,Play,http://localhost:3251@Ant,false
1784276674446,bear,Explore,null,true
1784276675200,Ant,Talk,http://localhost:3251@Bat,false
1784276675201,Bat,Talk,http://localhost:3251@Ant,true
1784276675819,bear,Walk,http://localhost:3251@Bat,false
1784276675820,brice,Walk,http://localhost:3251@bear,false
1784276676399,Bat,Talk,http://localhost:3251@Ant,false
1784276676401,brice,Talk,http://localhost:3251@Bat,true
1784276676890,Ant,Explore,null,false
1784276677270,alice,Explore,null,false
1784276678103,Bat,Explore,null,false
1784276678458,bear,Explore,null,true
1784276679083,alice,Sing,http://localhost:3251@Bee,true
1784276679084,Bee,Sing,http://localhost:3251@Bat,false
1784276679972,Ant,Explore,null,true
1784276680164,bear,Explore,null,false
1784276680214,Bat,Sing,http://localhost:3251@alice,false
1784276680215,Bee,Sing,http://localhost:3251@Bat,true
1784276681034,alice,Exercise,http://localhost:3251@Bat,true
1784276681035,brice,Exercise,http://localhost:3251@alice,true
1784276681534,bear,Sing,http://localhost:3251@Bat,true
1784276681535,Bee,Sing,http://localhost:3251@bear,true
1784276681657,Ant,Explore,null,true
1784276682587,bear,Fight,http://localhost:3251@brice,true
1784276682589,brice,Fight,http://localhost:3251@bear,true
1784276682649,Bat,Explore,null,false
1784276683570,Ant,Exercise,http://localhost:3251@brice,false
1784276683572,bear,Exercise,http://localhost:3251@Ant,false
1784276683943,Bat,Walk,http://localhost:3251@brice,false
1784276683946,brice,Walk,http://localhost:3251@bear,false
1784276684626,Bee,Explore,null,true
1784276684799,alice,Explore,null,true
1784276685230,Ant,Explore,null,false
1784276685965,Bat,Play,http://localhost:3251@brice,true
1784276685966,brice,Play,http://localhost:3251@Bee,false
1784276686154,bear,Walk,http://localhost:3251@Bee,false
1784276686155,Bee,Walk,http://localhost:3251@Ant,true
1784276686844,alice,Play,http://localhost:3251@Bat,true
1784276686845,Ant,Play,http://localhost:3251@alice,false
1784276687832,bear,Explore,null,false
1784276688082,Bat,Sing,http://localhost:3251@brice,true
1784276688083,brice,Sing,http://localhost:3251@alice,false
1784276688526,Ant,Explore,null,false
1784276689203,Bee,Explore,null,false
1784276689255,alice,Explore,null,false
1784276689845,Ant,Sing,http://localhost:3251@alice,false
1784276689847,Bee,Sing,http://localhost:3251@Ant,false
1784276690101,alice,Dance,http://localhost:3251@brice,false
1784276690103,brice,Dance,http://localhost:3251@Ant,true
1784276690281,bear,Explore,null,false
1784276690533,alice,Talk,http://localhost:3251@Bat,false
1784276690534,Bat,Talk,http://localhost:3251@Ant,false
1784276691544,alice,Fight,http://localhost:3251@Bat,false
1784276691547,brice,Fight,http://localhost:3251@alice,true
1784276692160,Ant,Exercise,http://localhost:3251@bear,true
1784276692162,bear,Exercise,http://localhost:3251@Ant,false
1784276692890,Bat,Explore,null,false
1784276693202,brice,Explore,null,true
1784276693257,alice,Fight,http://localhost:3251@Bat,false
1784276693258,bear,Fight,http://localhost:3251@alice,true
1784276693502,Ant,Dance,http://localhost:3251@Bat,false
1784276693503,Bee,Dance,http://localhost:3251@Ant,false
1784276694849,alice,Play,http://localhost:3251@Ant,true
1784276694850,Ant,Play,http://localhost:3251@bear,false
1784276694851,brice,Explore,null,true
1784276695208,Bat,Explore,null,false
1784276696296,bear,Explore,null,false
1784276696491,Ant,Explore,null,false
1784276696555,Bee,Explore,null,true
1784276696947,Bat,Talk,http://localhost:3251@Ant,false
1784276696948,bear,Talk,http://localhost:3251@Bat,true
1784276697271,alice,Explore,null,false
1784276697769,Ant,Exercise,http://localhost:3251@brice,true
1784276697771,Bee,Exercise,http://localhost:3251@Ant,true
1784276697959,brice,Explore,null,true
1784276698643,bear,Explore,null,true
1784276698818,Ant,Talk,http://localhost:3251@Bat,true
1784276698819,Bat,Talk,http://localhost:3251@Ant,true
1784276699679,alice,Explore,null,true
1784276699975,Ant,Play,http://localhost:3251@brice,false
1784276699977,brice,Play,http://localhost:3251@Bee,true
1784276701162,Bat,Explore,null,true
1784276701317,Ant,Sing,http://localhost:3251@bear,true
1784276701318,bear,Sing,http://localhost:3251@Bat,false
1784276701443,Bee,Explore,null,false
1784276701632,brice,Explore,null,false
1784276702006,alice,Explore,null,true
1784276702366,Ant,Fight,http://localhost:3251@Bee,true
1784276702368,brice,Fight,http://localhost:3251@Ant,false
1784276703331,alice,Walk,http://localhost:3251@Bee,true
1784276703333,brice,Walk,http://localhost:3251@alice,false
1784276703454,Bat,Explore,null,true
1784276703757,alice,Fight,http://localhost:3251@bear,false
1784276703759,bear,Fight,http://localhost:3251@brice,false
1784276705085,bear,Fight,http://localhost:3251@brice,true
1784276705087,brice,Fight,http://localhost:3251@Bee,false
1784276705456,Ant,Explore,null,true
1784276705521,alice,Explore,null,true
1784276706082,Bee,Explore,null,true
1784276706600,alice,Fight,http://localhost:3251@Bat,false
1784276706601,Ant,Fight,http://localhost:3251@alice,false
1784276706663,Bat,Explore,null,true
1784276707461,brice,Explore,null,true
1784276708333,Ant,Explore,null,false
1784276708459,Bee,Explore,null,true
1784276708648,alice,Dance,http://localhost:3251@bear,true
1784276708649,brice,Dance,http://localhost:3251@alice,false
1784276709153,bear,Explore,null,false
1784276710032,alice,Walk,http://localhost:3251@Bee,true
1784276710033,bear,Walk,http://localhost:3251@alice,true
1784276710278,Bee,Explore,null,true
1784276711662,bear,Explore,null,false
1784276711663,brice,Explore,null,false
1784276712344,alice,Explore,null,false
1784276712528,Bat,Play,http://localhost:3251@alice,false
1784276712529,brice,Play,http://localhost:3251@Bat,false
1784276712955,Ant,Dance,http://localhost:3251@Bee,true
1784276712956,Bee,Dance,http://localhost:3251@Bat,false
1784276713333,bear,Explore,null,true
1784276714463,alice,Sing,http://localhost:3251@Bat,false
1784276714463,Bat,Sing,http://localhost:3251@alice,true
1784276714651,Ant,Explore,null,true
1784276715624,bear,Fight,http://localhost:3251@brice,false
1784276715625,brice,Fight,http://localhost:3251@Bee,false
1784276715687,alice,Fight,http://localhost:3251@Ant,true
1784276715688,Ant,Fight,http://localhost:3251@Bee,true
1784276715995,Bee,Explore,null,false
1784276717268,bear,Explore,null,false
1784276717333,Bat,Play,http://localhost:3251@Bee,false
1784276717334,Bee,Play,http://localhost:3251@alice,false
1784276717396,Ant,Explore,null,true
1784276718000,alice,Explore,null,false
1784276718722,Ant,Sing,http://localhost:3251@alice,true
1784276718723,Bee,Sing,http://localhost:3251@Ant,true
1784276718724,brice,Explore,null,true
1784276718911,bear,Explore,null,true
1784276719638,alice,Explore,null,false
1784276720377,Bee,Explore,null,false
1784276720439,Bat,Explore,null,false
1784276720752,bear,Play,http://localhost:3251@brice,false
1784276720753,brice,Play,http://localhost:3251@Bee,false
1784276721099,Ant,Talk,http://localhost:3251@Bat,true
1784276721100,Bat,Talk,http://localhost:3251@Ant,true
1784276722768,Ant,Explore,null,false
1784276722832,Bat,Explore,null,false
1784276723141,bear,Fight,http://localhost:3251@brice,true
1784276723141,Bee,Fight,http://localhost:3251@bear,false
1784276723581,alice,Fight,http://localhost:3251@Bat,true
1784276723583,bear,Fight,http://localhost:3251@alice,true
1784276724769,Ant,Play,http://localhost:3251@bear,true
1784276724772,brice,Play,http://localhost:3251@Ant,true
1784276725396,Ant,Talk,http://localhost:3251@Bat,true
1784276725397,Bat,Talk,http://localhost:3251@Ant,true
1784276725828,alice,Talk,http://localhost:3251@brice,true
1784276725829,brice,Talk,http://localhost:3251@bear,true
1784276726003,Ant,Fight,http://localhost:3251@bear,true
1784276726004,bear,Fight,http://localhost:3251@brice,true
1784276726177,Bee,Explore,null,true
1784276726411,Bat,Talk,http://localhost:3251@Ant,false
1784276726413,bear,Talk,http://localhost:3251@Bat,false
1784276727524,brice,Explore,null,true
1784276728152,bear,Explore,null,false
1784276728458,alice,Sing,http://localhost:3251@Bat,false
1784276728459,Bat,Sing,http://localhost:3251@alice,true
1784276728650,bear,Fight,http://localhost:3251@Bee,true
1784276728651,Bee,Fight,http://localhost:3251@Bat,true
1784276729383,Ant,Exercise,http://localhost:3251@brice,false
1784276729384,Bat,Exercise,http://localhost:3251@Ant,false
1784276729572,bear,Dance,http://localhost:3251@brice,true
1784276729573,brice,Dance,http://localhost:3251@Ant,false
1784276730189,alice,Explore,null,false
1784276730612,Bat,Talk,http://localhost:3251@brice,false
1784276730613,brice,Talk,http://localhost:3251@bear,false
1784276730779,Ant,Sing,http://localhost:3251@alice,true
1784276730780,Bee,Sing,http://localhost:3251@Ant,true
1784276731510,alice,Sing,http://localhost:3251@Bat,false
1784276731511,bear,Sing,http://localhost:3251@alice,true
1784276732253,brice,Explore,null,true
1784276732443,Bee,Explore,null,true
1784276732505,Ant,Talk,http://localhost:3251@Bat,false
1784276732505,Bat,Talk,http://localhost:3251@Ant,true
1784276733185,alice,Explore,null,false
1784276733549,Ant,Dance,http://localhost:3251@bear,false
1784276733550,bear,Dance,http://localhost:3251@alice,true
1784276734770,Bee,Explore,null,true
1784276734896,Ant,Fight,http://localhost:3251@Bat,true
1784276734897,Bat,Fight,http://localhost:3251@bear,true
1784276735249,bear,Explore,null,false
1784276735250,brice,Explore,null,false
1784276736220,Ant,Sing,http://localhost:3251@alice,false
1784276736222,bear,Sing,http://localhost:3251@Ant,true
1784276736907,brice,Explore,null,false
1784276737096,Bee,Explore,null,true
1784276737224,Bat,Explore,null,false
1784276738055,Ant,Talk,http://localhost:3251@Bat,true
1784276738056,Bat,Talk,http://localhost:3251@Ant,false
1784276738305,alice,Explore,null,false
1784276739735,alice,Play,http://localhost:3251@Bat,true
1784276739736,bear,Play,http://localhost:3251@alice,true
1784276739799,Bat,Explore,null,false
1784276740521,Ant,Explore,null,true
1784276740835,Bat,Talk,http://localhost:3251@Ant,false
1784276740836,Bee,Talk,http://localhost:3251@Bat,true
1784276741512,alice,Fight,http://localhost:3251@Bat,true
1784276741513,Ant,Fight,http://localhost:3251@alice,false
1784276742062,bear,Explore,null,false
1784276742063,brice,Explore,null,true
1784276742491,Bee,Explore,null,false
1784276743147,Ant,Explore,null,false
1784276743662,Bat,Sing,http://localhost:3251@alice,true
1784276743664,brice,Sing,http://localhost:3251@Bat,true
1784276744525,Ant,Play,http://localhost:3251@bear,true
1784276744526,bear,Play,http://localhost:3251@Ant,true
1784276744873,Bee,Explore,null,false
1784276745306,brice,Explore,null,true
1784276745859,alice,Play,http://localhost:3251@bear,true
1784276745861,bear,Play,http://localhost:3251@Ant,false
1784276746215,Bee,Dance,http://localhost:3251@Bat,true
1784276746216,brice,Dance,http://localhost:3251@Bee,false
1784276747284,Bat,Explore,null,true
1784276747832,Bee,Explore,null,false
1784276748512,brice,Explore,null,false
1784276749562,bear,Explore,null,true
1784276749626,Bat,Explore,null,false
1784276750176,brice,Explore,null,false
1784276750228,Ant,Explore,null,false
1784276750767,bear,Exercise,http://localhost:3251@Ant,true
1784276750769,brice,Exercise,http://localhost:3251@bear,false
1784276750831,alice,Explore,null,true
1784276750833,Bee,Explore,null,false
1784276751842,Ant,Explore,null,false
1784276752031,alice,Exercise,http://localhost:3251@Bat,false
1784276752034,Bat,Exercise,http://localhost:3251@alice,true
1784276753155,Ant,Fight,http://localhost:3251@Bat,true
1784276753156,Bat,Fight,http://localhost:3251@bear,false
1784276753157,Bee,Explore,null,true
1784276754512,bear,Explore,null,true
1784276754574,Bat,Talk,http://localhost:3251@brice,false
1784276754575,brice,Talk,http://localhost:3251@bear,true
1784276755128,alice,Fight,http://localhost:3251@Bat,true
1784276755129,brice,Fight,http://localhost:3251@alice,false
1784276755192,Ant,Walk,http://localhost:3251@brice,false
1784276755194,bear,Walk,http://localhost:3251@Ant,true
1784276756172,Bee,Explore,null,true
1784276756846,Ant,Explore,null,true
1784276757221,Bat,Sing,http://localhost:3251@brice,false
1784276757223,brice,Sing,http://localhost:3251@alice,true
1784276758168,alice,Exercise,http://localhost:3251@Ant,true
1784276758170,Ant,Exercise,http://localhost:3251@brice,true
1784276759348,Ant,Dance,http://localhost:3251@bear,true
1784276759351,bear,Dance,http://localhost:3251@alice,false
1784276759662,brice,Explore,null,true
1784276760696,alice,Sing,http://localhost:3251@Bat,true
1784276760697,Bat,Sing,http://localhost:3251@alice,false
1784276760820,Ant,Sing,http://localhost:3251@bear,false
1784276760820,bear,Sing,http://localhost:3251@Bat,true
1784276762170,Ant,Dance,http://localhost:3251@Bat,false
1784276762171,Bat,Dance,http://localhost:3251@Ant,false
1784276762728,brice,Explore,null,false
1784276763209,bear,Explore,null,true
1784276764206,Bat,Walk,http://localhost:3251@alice,false
1784276764209,Bee,Walk,http://localhost:3251@Bat,true
1784276764392,brice,Explore,null,false
1784276764518,Ant,Explore,null,true
1784276764893,bear,Explore,null,false
1784276765146,alice,Fight,http://localhost:3251@Bat,true
1784276765147,Ant,Fight,http://localhost:3251@alice,true
1784276765890,Bat,Explore,null,true
1784276765954,Ant,Talk,http://localhost:3251@bear,true
1784276765955,bear,Talk,http://localhost:3251@alice,false
1784276767364,bear,Dance,http://localhost:3251@alice,false
1784276767366,Bee,Dance,http://localhost:3251@bear,true
1784276767976,Ant,Sing,http://localhost:3251@alice,true
1784276767977,Bat,Sing,http://localhost:3251@Ant,true
1784276768165,brice,Explore,null,false
1784276769090,bear,Explore,null,true
1784276769216,Ant,Exercise,http://localhost:3251@brice,false
1784276769217,Bee,Exercise,http://localhost:3251@Ant,false
1784276770146,bear,Exercise,http://localhost:3251@brice,false
1784276770147,brice,Exercise,http://localhost:3251@bear,false
1784276770341,Bat,Explore,null,true
1784276770956,Bee,Explore,null,false
1784276771331,Ant,Walk,http://localhost:3251@brice,false
1784276771332,bear,Walk,http://localhost:3251@Ant,false
1784276772071,Ant,Talk,http://localhost:3251@Bat,false
1784276772072,Bat,Talk,http://localhost:3251@Ant,true
1784276772197,Bee,Dance,http://localhost:3251@brice,false
1784276772198,brice,Dance,http://localhost:3251@Ant,false
1784276772321,alice,Explore,null,false
1784276773533,alice,Walk,http://localhost:3251@Bee,false
1784276773534,Bee,Walk,http://localhost:3251@Ant,true
1784276773783,Bat,Explore,null,true
1784276773841,brice,Explore,null,true
1784276773956,Ant,Explore,null,false
1784276775257,bear,Explore,null,true
1784276776052,alice,Play,http://localhost:3251@Ant,false
1784276776053,Ant,Play,http://localhost:3251@bear,false
1784276776178,brice,Explore,null,false
1784276777241,bear,Walk,http://localhost:3251@Bat,true
1784276777243,Bee,Walk,http://localhost:3251@bear,true
1784276777568,Bat,Sing,http://localhost:3251@brice,true
1784276777569,brice,Sing,http://localhost:3251@alice,false
1784276778203,Ant,Play,http://localhost:3251@bear,true
1784276778204,bear,Play,http://localhost:3251@Ant,false
1784276779252,Bat,Explore,null,true
1784276779680,Bee,Explore,null,true
1784276779853,Ant,Explore,null,true
1784276779917,bear,Explore,null,false
1784276780285,alice,Dance,http://localhost:3251@brice,true
1784276780286,brice,Dance,http://localhost:3251@Ant,true
1784276780907,Ant,Talk,http://localhost:3251@Bat,false
1784276780908,bear,Talk,http://localhost:3251@Ant,false
1784276781474,Bat,Fight,http://localhost:3251@brice,false
1784276781475,brice,Fight,http://localhost:3251@Bee,true
1784276781962,bear,Fight,http://localhost:3251@brice,true
1784276781963,Bee,Fight,http://localhost:3251@bear,false
1784276782948,Ant,Play,http://localhost:3251@bear,true
1784276782949,bear,Play,http://localhost:3251@Ant,false
1784276783135,Bat,Explore,null,true
1784276783804,Bat,Talk,http://localhost:3251@Bee,true
1784276783805,Bee,Talk,http://localhost:3251@Bat,false
1784276783991,bear,Talk,http://localhost:3251@alice,true
1784276783992,brice,Talk,http://localhost:3251@bear,false
1784276784667,Ant,Explore,null,true
1784276785043,alice,Fight,http://localhost:3251@Bat,true
1784276785044,Ant,Fight,http://localhost:3251@alice,true
1784276785477,Bat,Explore,null,false
1784276786099,alice,Fight,http://localhost:3251@Bat,false
1784276786100,bear,Fight,http://localhost:3251@alice,true
1784276786710,Ant,Explore,null,true
1784276786957,Bee,Explore,null,false
1784276787079,bear,Fight,http://localhost:3251@brice,false
1784276787080,brice,Fight,http://localhost:3251@Bee,true
1784276787133,Bat,Explore,null,false
1784276787821,alice,Talk,http://localhost:3251@bear,true
1784276787822,brice,Talk,http://localhost:3251@alice,true
1784276788509,alice,Fight,http://localhost:3251@Ant,true
1784276788511,Ant,Fight,http://localhost:3251@Bee,false
1784276788511,Bat,Sing,http://localhost:3251@alice,false
1784276788512,bear,Sing,http://localhost:3251@Bat,false
1784276788872,Bee,Talk,http://localhost:3251@brice,true
1784276788874,brice,Talk,http://localhost:3251@bear,true
1784276789883,bear,Play,http://localhost:3251@Ant,true
1784276789884,Bee,Play,http://localhost:3251@bear,false
1784276790312,Ant,Fight,http://localhost:3251@Bee,false
1784276790313,Bat,Fight,http://localhost:3251@Ant,false
1784276790626,alice,Dance,http://localhost:3251@bear,false
1784276790627,brice,Dance,http://localhost:3251@alice,true
1784276791551,Bee,Explore,null,false
1784276791918,Ant,Play,http://localhost:3251@bear,false
1784276791919,bear,Play,http://localhost:3251@Ant,true
1784276792296,alice,Explore,null,true
1784276792785,Bee,Exercise,http://localhost:3251@alice,true
1784276792787,brice,Exercise,http://localhost:3251@Bee,true
1784276793588,bear,Explore,null,false
1784276793952,alice,Explore,null,false
1784276794801,alice,Sing,http://localhost:3251@Bee,false
1784276794802,Bee,Sing,http://localhost:3251@Bat,true
1784276794928,Bat,Sing,http://localhost:3251@bear,true
1784276794929,bear,Sing,http://localhost:3251@Bat,false
1784276795300,alice,Fight,http://localhost:3251@Ant,false
1784276795301,Ant,Fight,http://localhost:3251@Bee,true
1784276795975,Ant,Fight,http://localhost:3251@Bat,true
1784276795977,Bat,Fight,http://localhost:3251@bear,false
1784276796656,Ant,Fight,http://localhost:3251@bear,false
1784276796657,bear,Fight,http://localhost:3251@brice,false
1784276798023,Bat,Walk,http://localhost:3251@alice,false
1784276798024,Bee,Walk,http://localhost:3251@Bat,true
1784276798336,bear,Explore,null,false
1784276799694,Ant,Explore,null,true
1784276800436,Bat,Talk,http://localhost:3251@Bee,true
1784276800438,Bee,Talk,http://localhost:3251@Bat,true
1784276800745,bear,Explore,null,false
1784276800850,brice,Explore,null,true
1784276801038,alice,Explore,null,false
1784276801476,Bat,Talk,http://localhost:3251@Ant,false
1784276801477,brice,Talk,http://localhost:3251@Bat,false
1784276802027,Ant,Explore,null,true
1784276802466,Ant,Fight,http://localhost:3251@bear,false
1784276802468,bear,Fight,http://localhost:3251@brice,true
1784276802847,Bat,Play,http://localhost:3251@alice,true
1784276802848,Bee,Play,http://localhost:3251@Bat,true
1784276803863,alice,Sing,http://localhost:3251@bear,false
1784276803866,bear,Sing,http://localhost:3251@Bat,true
1784276804116,Ant,Explore,null,true
1784276805175,Bat,Explore,null,false
1784276805300,Ant,Play,http://localhost:3251@bear,true
1784276805301,bear,Play,http://localhost:3251@Ant,false
1784276805617,alice,Fight,http://localhost:3251@Bat,false
1784276805618,Bat,Fight,http://localhost:3251@alice,true
1784276806659,alice,Play,http://localhost:3251@Ant,false
1784276806660,Ant,Play,http://localhost:3251@bear,false
1784276806661,brice,Explore,null,false
1784276807533,alice,Exercise,http://localhost:3251@Bat,false
1784276807534,Bat,Exercise,http://localhost:3251@alice,true
1784276808573,Bee,Explore,null,true
1784276809578,Ant,Sing,http://localhost:3251@bear,false
1784276809579,Bat,Sing,http://localhost:3251@alice,true
1784276809579,bear,Sing,http://localhost:3251@Bat,false
1784276809579,Bee,Sing,http://localhost:3251@Bat,false
1784276809702,brice,Explore,null,false
1784276811280,bear,Explore,null,false
1784276811406,brice,Explore,null,true
1784276811931,Ant,Explore,null,false
1784276811934,Bee,Explore,null,true
1784276812772,Bat,Explore,null,true
1784276813574,bear,Explore,null,false
1784276814021,brice,Explore,null,true
1784276814367,alice,Play,http://localhost:3251@Bat,false
1784276814369,bear,Play,http://localhost:3251@alice,true
1784276815192,Bat,Explore,null,true
1784276815696,Ant,Explore,null,false
1784276815819,bear,Walk,http://localhost:3251@Bat,true
1784276815820,Bee,Walk,http://localhost:3251@bear,false
1784276816073,alice,Explore,null,true
1784276816567,Bat,Exercise,http://localhost:3251@alice,false
1784276816571,brice,Exercise,http://localhost:3251@Bat,true
1784276818113,Ant,Talk,http://localhost:3251@Bat,true
1784276818114,Bee,Talk,http://localhost:3251@Ant,false
1784276818226,Bat,Explore,null,true
1784276818937,Ant,Fight,http://localhost:3251@bear,false
1784276818938,bear,Fight,http://localhost:3251@brice,true
1784276819847,Bat,Explore,null,false
1784276820227,brice,Explore,null,false
1784276821262,bear,Explore,null,true
1784276821927,Ant,Dance,http://localhost:3251@Bat,true
1784276821930,Bat,Dance,http://localhost:3251@alice,true
1784276822412,bear,Walk,http://localhost:3251@Bee,true
1784276822413,Bee,Walk,http://localhost:3251@Ant,true
1784276823590,Bat,Explore,null,false
1784276823591,Bee,Walk,http://localhost:3251@brice,true
1784276823592,brice,Walk,http://localhost:3251@bear,true
1784276824223,Ant,Explore,null,false
1784276824723,bear,Explore,null,true
1784276824973,alice,Walk,http://localhost:3251@Bee,false
1784276824975,Ant,Walk,http://localhost:3251@alice,false
1784276825037,Bat,Sing,http://localhost:3251@brice,false
1784276825039,brice,Sing,http://localhost:3251@alice,true
1784276825964,Ant,Exercise,http://localhost:3251@bear,false
1784276825965,bear,Exercise,http://localhost:3251@Ant,true
1784276826346,Bat,Sing,http://localhost:3251@Bee,false
1784276826348,Bee,Sing,http://localhost:3251@Bat,false
1784276826724,brice,Explore,null,true
1784276827111,alice,Play,http://localhost:3251@Bat,false
1784276827113,bear,Play,http://localhost:3251@alice,false
1784276827340,Ant,Walk,http://localhost:3251@brice,true
1784276827341,Bee,Walk,http://localhost:3251@Ant,true
1784276828012,Bat,Explore,null,false
1784276828830,alice,Talk,http://localhost:3251@bear,true
1784276828832,brice,Talk,http://localhost:3251@alice,true
1784276829017,Bee,Explore,null,true
1784276830220,Bat,Walk,http://localhost:3251@alice,true
1784276830221,Bee,Walk,http://localhost:3251@Bat,true
1784276830589,alice,Walk,http://localhost:3251@bear,true
1784276830590,Ant,Explore,null,true
1784276830591,bear,Walk,http://localhost:3251@Bat,true
1784276830641,Bat,Talk,http://localhost:3251@brice,true
1784276830641,brice,Talk,http://localhost:3251@bear,false
1784276831829,Bee,Explore,null,true
1784276832273,Bat,Explore,null,true
1784276832641,alice,Play,http://localhost:3251@bear,false
1784276832642,bear,Play,http://localhost:3251@Ant,false
1784276833187,Bat,Sing,http://localhost:3251@Bee,true
1784276833188,Bee,Sing,http://localhost:3251@Bat,true
1784276833925,Ant,Play,http://localhost:3251@bear,false
1784276833926,Bee,Play,http://localhost:3251@Ant,true
1784276834906,Bat,Fight,http://localhost:3251@bear,true
1784276834907,Bee,Fight,http://localhost:3251@Bat,false
1784276835587,Ant,Explore,null,true
1784276836023,alice,Play,http://localhost:3251@Bat,false
1784276836024,bear,Play,http://localhost:3251@alice,false
1784276836258,Ant,Sing,http://localhost:3251@Bat,true
1784276836259,Bat,Sing,http://localhost:3251@alice,true
1784276837245,alice,Exercise,http://localhost:3251@Bat,false
1784276837246,brice,Exercise,http://localhost:3251@alice,false
1784276837363,Bat,Talk,http://localhost:3251@Ant,false
1784276837363,Bee,Talk,http://localhost:3251@Bat,false
1784276837677,bear,Explore,null,true
1784276837924,Ant,Explore,null,false
1784276838597,Bat,Walk,http://localhost:3251@brice,true
1784276838599,brice,Walk,http://localhost:3251@bear,false
1784276838971,alice,Fight,http://localhost:3251@Bat,false
1784276838973,brice,Fight,http://localhost:3251@alice,true
1784276839034,bear,Play,http://localhost:3251@Ant,true
1784276839035,Bee,Play,http://localhost:3251@bear,true
1784276839647,alice,Talk,http://localhost:3251@Ant,false
1784276839650,Ant,Talk,http://localhost:3251@Bat,false
1784276840030,Bat,Talk,http://localhost:3251@brice,false
1784276840031,brice,Talk,http://localhost:3251@bear,true
1784276841031,Ant,Sing,http://localhost:3251@alice,true
1784276841032,brice,Sing,http://localhost:3251@Ant,true
1784276841475,alice,Fight,http://localhost:3251@Bat,true
1784276841475,brice,Fight,http://localhost:3251@alice,false
1784276841783,bear,Play,http://localhost:3251@Bee,true
1784276841784,Bee,Play,http://localhost:3251@alice,true
1784276842409,Ant,Walk,http://localhost:3251@brice,true
1784276842411,Bat,Walk,http://localhost:3251@Ant,true
1784276842784,alice,Exercise,http://localhost:3251@Bat,false
1784276842784,brice,Exercise,http://localhost:3251@alice,true
1784276843523,alice,Fight,http://localhost:3251@Ant,true
1784276843525,Ant,Fight,http://localhost:3251@Bee,true
1784276843585,bear,Fight,http://localhost:3251@brice,true
1784276843586,Bee,Fight,http://localhost:3251@bear,false
1784276844087,Bat,Explore,null,true
1784276844471,brice,Explore,null,true
1784276845352,Bee,Explore,null,false
1784276845923,alice,Explore,null,false
1784276846227,brice,Explore,null,false
1784276846663,Ant,Explore,null,true
1784276846726,bear,Sing,http://localhost:3251@Bee,true
1784276846727,Bee,Sing,http://localhost:3251@Bat,true
1784276846906,Bat,Play,http://localhost:3251@alice,false
1784276846907,brice,Play,http://localhost:3251@Bat,true
1784276847964,Ant,Fight,http://localhost:3251@brice,true
1784276847966,brice,Fight,http://localhost:3251@Bee,true
1784276849005,Bat,Walk,http://localhost:3251@alice,false
1784276849006,Bee,Walk,http://localhost:3251@Bat,false
1784276849633,Ant,Explore,null,false
1784276850358,Bat,Sing,http://localhost:3251@alice,false
1784276850360,bear,Sing,http://localhost:3251@Bat,true
1784276850957,Ant,Exercise,http://localhost:3251@brice,false
1784276850958,Bee,Exercise,http://localhost:3251@Ant,false
1784276852039,Ant,Talk,http://localhost:3251@Bat,false
1784276852042,Bat,Talk,http://localhost:3251@Ant,false
1784276852712,Bat,Dance,http://localhost:3251@brice,true
1784276852713,brice,Dance,http://localhost:3251@Ant,false
1784276852962,bear,Exercise,http://localhost:3251@Ant,false
1784276852964,Bee,Exercise,http://localhost:3251@bear,true
1784276853409,alice,Walk,http://localhost:3251@Ant,true
1784276853410,Ant,Walk,http://localhost:3251@brice,true
1784276854609,Bat,Fight,http://localhost:3251@bear,false
1784276854611,bear,Fight,http://localhost:3251@Bat,true
1784276855756,Ant,Explore,null,false
1784276856268,Bat,Explore,null,false
1784276856457,alice,Explore,null,false
1784276856829,alice,Talk,http://localhost:3251@Ant,true
1784276856830,Ant,Talk,http://localhost:3251@Bat,false
1784276857082,bear,Fight,http://localhost:3251@brice,true
1784276857083,brice,Fight,http://localhost:3251@bear,true
1784276858378,Bat,Play,http://localhost:3251@alice,false
1784276858380,bear,Play,http://localhost:3251@Bat,true
1784276858506,alice,Explore,null,true
1784276858632,Ant,Explore,null,false
1784276858809,brice,Explore,null,true
1784276859190,bear,Walk,http://localhost:3251@Bee,false
1784276859192,Bee,Walk,http://localhost:3251@Ant,true
1784276859838,alice,Dance,http://localhost:3251@bear,false
1784276859840,brice,Dance,http://localhost:3251@alice,true
1784276860394,Bat,Walk,http://localhost:3251@alice,true
1784276860395,bear,Walk,http://localhost:3251@Bat,true
1784276860585,alice,Dance,http://localhost:3251@Bee,false
1784276860587,Bee,Dance,http://localhost:3251@Bat,false
1784276861021,Ant,Explore,null,true
1784276861934,alice,Walk,http://localhost:3251@Bee,true
1784276861935,bear,Walk,http://localhost:3251@alice,true
1784276862239,Ant,Exercise,http://localhost:3251@brice,true
1784276862240,brice,Exercise,http://localhost:3251@Ant,true
1784276862985,alice,Fight,http://localhost:3251@Bat,true
1784276862986,Ant,Fight,http://localhost:3251@alice,true
1784276863112,Bat,Exercise,http://localhost:3251@alice,true
1784276863113,brice,Exercise,http://localhost:3251@Bat,false
1784276863613,Bee,Explore,null,false
1784276864346,alice,Walk,http://localhost:3251@Bee,false
1784276864347,Bat,Walk,http://localhost:3251@alice,false
1784276865335,bear,Talk,http://localhost:3251@Bee,false
1784276865337,Bee,Talk,http://localhost:3251@Bat,false
1784276866023,Ant,Explore,null,false
1784276866278,alice,Exercise,http://localhost:3251@Bat,true
1784276866280,brice,Exercise,http://localhost:3251@alice,false
1784276867021,bear,Explore,null,false
1784276867022,Bee,Explore,null,false
1784276867084,Ant,Talk,http://localhost:3251@Bat,true
1784276867086,brice,Talk,http://localhost:3251@Ant,false
1784276867315,alice,Talk,http://localhost:3251@bear,true
1784276867318,Bat,Talk,http://localhost:3251@alice,false
1784276868413,alice,Walk,http://localhost:3251@Ant,true
1784276868415,Ant,Walk,http://localhost:3251@brice,true
1784276868667,bear,Explore,null,false
1784276868729,brice,Explore,null,true
1784276869885,bear,Exercise,http://localhost:3251@Ant,true
1784276869886,Bee,Exercise,http://localhost:3251@bear,false
1784276870075,Ant,Explore,null,false
1784276871019,alice,Explore,null,true
1784276871022,Bat,Explore,null,false
1784276871082,brice,Explore,null,false
1784276871272,Ant,Walk,http://localhost:3251@bear,true
1784276871273,bear,Walk,http://localhost:3251@Bat,false
1784276872487,Bee,Sing,http://localhost:3251@brice,false
1784276872487,brice,Sing,http://localhost:3251@alice,false
1784276872677,alice,Play,http://localhost:3251@bear,false
1784276872679,bear,Play,http://localhost:3251@Ant,true
1784276873171,Ant,Fight,http://localhost:3251@Bee,true
1784276873172,bear,Fight,http://localhost:3251@Ant,false
1784276873740,alice,Fight,http://localhost:3251@Bat,false
1784276873740,Ant,Fight,http://localhost:3251@alice,false
1784276874203,Bee,Explore,null,true
1784276874830,bear,Explore,null,true
1784276875244,Ant,Fight,http://localhost:3251@Bee,false
1784276875245,Bee,Fight,http://localhost:3251@Bat,true
1784276875364,alice,Explore,null,false
1784276875676,Ant,Fight,http://localhost:3251@brice,false
1784276875677,brice,Fight,http://localhost:3251@Bee,true
1784276876150,bear,Sing,http://localhost:3251@Bat,true
1784276876152,Bee,Sing,http://localhost:3251@bear,false
1784276876526,Bat,Fight,http://localhost:3251@bear,true
1784276876527,bear,Fight,http://localhost:3251@Bat,false
1784276876700,alice,Dance,http://localhost:3251@bear,false
1784276876701,Ant,Dance,http://localhost:3251@alice,false
1784276877520,Ant,Walk,http://localhost:3251@Bee,true
1784276877521,Bee,Walk,http://localhost:3251@Ant,true
1784276878304,Bat,Explore,null,true
1784276878367,Ant,Dance,http://localhost:3251@brice,true
1784276878369,brice,Dance,http://localhost:3251@Ant,false
1784276878789,alice,Walk,http://localhost:3251@Bee,false
1784276878790,Bee,Walk,http://localhost:3251@alice,true
1784276879630,Bat,Dance,http://localhost:3251@alice,true
1784276879631,brice,Dance,http://localhost:3251@Bat,false
1784276880004,Ant,Explore,null,true
1784276880632,alice,Fight,http://localhost:3251@Bat,true
1784276880633,brice,Fight,http://localhost:3251@alice,false
1784276880831,Ant,Play,http://localhost:3251@bear,false
1784276880832,bear,Play,http://localhost:3251@Ant,true
1784276881320,Bat,Explore,null,false
1784276881573,bear,Play,http://localhost:3251@Bee,false
1784276881575,Bee,Play,http://localhost:3251@alice,true
1784276882061,Ant,Exercise,http://localhost:3251@brice,true
1784276882063,brice,Exercise,http://localhost:3251@Ant,false
1784276883176,Bat,Talk,http://localhost:3251@Ant,true
1784276883177,Bee,Talk,http://localhost:3251@Bat,true
1784276883740,brice,Explore,null,false
1784276884585,Bat,Sing,http://localhost:3251@alice,false
1784276884587,Bee,Sing,http://localhost:3251@Bat,true
1784276884767,Ant,Fight,http://localhost:3251@brice,true
1784276884768,brice,Fight,http://localhost:3251@Bee,false
1784276885801,alice,Talk,http://localhost:3251@bear,true
1784276885802,Bat,Fight,http://localhost:3251@brice,true
1784276885803,Bee,Talk,http://localhost:3251@alice,false
1784276885803,brice,Fight,http://localhost:3251@Bee,true
1784276887341,bear,Explore,null,true
1784276887467,Bat,Explore,null,false
1784276888283,Ant,Play,http://localhost:3251@bear,true
1784276888284,Bee,Play,http://localhost:3251@Ant,false
1784276888902,alice,Talk,http://localhost:3251@bear,true
1784276888904,Bat,Talk,http://localhost:3251@alice,true
1784276888904,brice,Explore,null,true
1784276889016,bear,Explore,null,false
1784276890300,Ant,Play,http://localhost:3251@brice,true
1784276890301,brice,Play,http://localhost:3251@Bee,true
1784276890678,Bee,Explore,null,true
1784276891358,Bat,Explore,null,false
1784276891668,Ant,Sing,http://localhost:3251@alice,false
1784276891669,Bee,Sing,http://localhost:3251@Ant,false
1784276891734,alice,Sing,http://localhost:3251@Bat,true
1784276891735,brice,Sing,http://localhost:3251@alice,false
1784276893034,Bat,Explore,null,true
1784276893085,Ant,Sing,http://localhost:3251@alice,true
1784276893086,Bee,Sing,http://localhost:3251@Ant,false
1784276893393,alice,Explore,null,false
1784276893394,brice,Explore,null,false
1784276894362,Bat,Talk,http://localhost:3251@bear,true
1784276894365,bear,Talk,http://localhost:3251@alice,false
1784276895427,Bee,Explore,null,false
1784276895729,alice,Walk,http://localhost:3251@bear,true
1784276895730,bear,Walk,http://localhost:3251@Bat,true
1784276896036,Bat,Explore,null,false
1784276896533,Ant,Talk,http://localhost:3251@brice,true
1784276896534,brice,Talk,http://localhost:3251@bear,false
1784276897267,Bat,Exercise,http://localhost:3251@alice,true
1784276897269,Bee,Exercise,http://localhost:3251@Bat,true
1784276897377,alice,Explore,null,false
1784276897379,bear,Explore,null,true
1784276898217,alice,Fight,http://localhost:3251@Ant,true
1784276898219,Ant,Fight,http://localhost:3251@Bee,true
1784276898331,Bat,Fight,http://localhost:3251@bear,false
1784276898332,brice,Fight,http://localhost:3251@Bat,false
1784276898874,Bee,Explore,null,false
1784276899534,alice,Dance,http://localhost:3251@bear,true
1784276899536,brice,Dance,http://localhost:3251@alice,true
1784276900347,bear,Explore,null,false
1784276900667,Ant,Explore,null,true
1784276900971,Bat,Exercise,http://localhost:3251@alice,true
1784276900972,brice,Exercise,http://localhost:3251@Bat,false
1784276901028,bear,Sing,http://localhost:3251@Bee,true
1784276901029,Bee,Sing,http://localhost:3251@Bat,true
1784276901778,Ant,Fight,http://localhost:3251@Bee,false
1784276901780,Bee,Fight,http://localhost:3251@Ant,false
1784276902783,bear,Explore,null,true
1784276903391,alice,Fight,http://localhost:3251@Bat,true
1784276903392,Bat,Explore,null,false
1784276903392,bear,Fight,http://localhost:3251@alice,true
1784276904054,bear,Fight,http://localhost:3251@brice,true
1784276904055,brice,Fight,http://localhost:3251@Bee,true
1784276904397,alice,Fight,http://localhost:3251@Bat,true
1784276904398,bear,Fight,http://localhost:3251@alice,true
1784276905020,alice,Exercise,http://localhost:3251@Ant,true
1784276905021,Ant,Exercise,http://localhost:3251@brice,true
1784276905804,Ant,Talk,http://localhost:3251@Bat,false
1784276905804,Bat,Talk,http://localhost:3251@Ant,false
1784276906049,bear,Explore,null,true
1784276906112,Bee,Walk,http://localhost:3251@brice,false
1784276906114,brice,Walk,http://localhost:3251@bear,false
1784276906175,alice,Fight,http://localhost:3251@Bat,true
1784276906176,Bat,Fight,http://localhost:3251@alice,true
1784276907160,alice,Walk,http://localhost:3251@Ant,false
1784276907163,Ant,Walk,http://localhost:3251@brice,true
1784276907412,Bat,Walk,http://localhost:3251@bear,false
1784276907413,bear,Walk,http://localhost:3251@Bat,false
1784276907790,Bee,Explore,null,true
1784276908150,Bat,Play,http://localhost:3251@brice,false
1784276908151,brice,Play,http://localhost:3251@Bee,false
1784276908451,alice,Talk,http://localhost:3251@bear,false
1784276908452,bear,Talk,http://localhost:3251@alice,true
1784276908878,Ant,Fight,http://localhost:3251@Bee,false
1784276908878,bear,Fight,http://localhost:3251@Ant,false
1784276909565,Ant,Sing,http://localhost:3251@brice,true
1784276909566,brice,Sing,http://localhost:3251@alice,false
1784276910067,alice,Exercise,http://localhost:3251@Bat,false
1784276910068,Bat,Exercise,http://localhost:3251@alice,true
1784276910130,Bee,Explore,null,true
1784276910922,Ant,Sing,http://localhost:3251@alice,true
1784276910924,Bat,Sing,http://localhost:3251@Ant,true
1784276910925,Bee,Play,http://localhost:3251@brice,true
1784276910926,brice,Play,http://localhost:3251@Bee,true
1784276911238,bear,Explore,null,true
1784276912097,alice,Play,http://localhost:3251@Bat,true
1784276912099,Ant,Play,http://localhost:3251@alice,true
1784276912610,brice,Explore,null,false
1784276913282,Bee,Explore,null,false
1784276913596,bear,Explore,null,true
1784276913970,Bee,Sing,http://localhost:3251@brice,false
1784276913971,brice,Sing,http://localhost:3251@alice,false
1784276914300,Bat,Exercise,http://localhost:3251@alice,true
1784276914305,bear,Exercise,http://localhost:3251@Bat,false
1784276915154,alice,Explore,null,true
1784276915357,bear,Play,http://localhost:3251@Bee,false
1784276915359,Bee,Play,http://localhost:3251@alice,true
1784276915843,Ant,Explore,null,false
1784276916030,Bat,Dance,http://localhost:3251@brice,false
1784276916032,brice,Dance,http://localhost:3251@Ant,false
1784276916423,Ant,Fight,http://localhost:3251@bear,false
1784276916426,bear,Fight,http://localhost:3251@brice,false
1784276917571,alice,Explore,null,true
1784276917698,bear,Exercise,http://localhost:3251@Ant,true
1784276917699,brice,Exercise,http://localhost:3251@bear,false
1784276918094,Ant,Play,http://localhost:3251@Bee,false
1784276918095,Bee,Play,http://localhost:3251@alice,true
1784276918881,alice,Sing,http://localhost:3251@Bat,false
1784276918881,Ant,Exercise,http://localhost:3251@brice,false
1784276918882,bear,Sing,http://localhost:3251@alice,true
1784276918882,brice,Exercise,http://localhost:3251@bear,false
1784276919245,Bat,Explore,null,false
1784276920488,Bat,Exercise,http://localhost:3251@alice,false
1784276920491,Bee,Exercise,http://localhost:3251@Bat,true
1784276921600,alice,Walk,http://localhost:3251@Bee,false
1784276921603,Ant,Walk,http://localhost:3251@alice,true
1784276921908,brice,Explore,null,false
1784276922161,Bee,Explore,null,true
1784276922831,Bat,Explore,null,false
1784276923134,bear,Exercise,http://localhost:3251@brice,false
1784276923135,brice,Exercise,http://localhost:3251@bear,true
1784276923798,Bee,Explore,null,false
1784276923860,Bat,Talk,http://localhost:3251@Ant,true
1784276923860,bear,Talk,http://localhost:3251@Bat,false
1784276924760,brice,Explore,null,false
1784276925030,alice,Sing,http://localhost:3251@Bat,true
1784276925030,bear,Sing,http://localhost:3251@alice,true
1784276925391,Ant,Explore,null,false
1784276925639,Bee,Exercise,http://localhost:3251@alice,false
1784276925640,brice,Exercise,http://localhost:3251@Bee,false
1784276926535,Bat,Sing,http://localhost:3251@alice,true
1784276926536,bear,Sing,http://localhost:3251@Bat,true
1784276926967,alice,Fight,http://localhost:3251@Bat,false
1784276926969,Bee,Fight,http://localhost:3251@alice,true
1784276927217,Ant,Fight,http://localhost:3251@Bee,false
1784276927219,bear,Fight,http://localhost:3251@Ant,false
1784276927755,alice,Dance,http://localhost:3251@brice,false
1784276927756,brice,Dance,http://localhost:3251@Ant,true
1784276928239,Bat,Talk,http://localhost:3251@Ant,true
1784276928240,Bee,Talk,http://localhost:3251@Bat,false
1784276928549,alice,Walk,http://localhost:3251@bear,false
1784276928551,bear,Walk,http://localhost:3251@Bat,false
1784276928971,Ant,Explore,null,true
1784276929641,Ant,Sing,http://localhost:3251@Bat,false
1784276929641,Bat,Sing,http://localhost:3251@alice,false
1784276929766,alice,Dance,http://localhost:3251@brice,true
1784276929767,brice,Dance,http://localhost:3251@Ant,false
1784276929892,Bee,Explore,null,false
1784276930275,Bat,Fight,http://localhost:3251@bear,true
1784276930277,bear,Fight,http://localhost:3251@brice,true
1784276931089,Ant,Play,http://localhost:3251@bear,true
1784276931090,Bat,Play,http://localhost:3251@Ant,false
1784276931214,alice,Dance,http://localhost:3251@bear,false
1784276931216,Bee,Dance,http://localhost:3251@alice,true
1784276931650,bear,Play,http://localhost:3251@Ant,true
1784276931651,brice,Play,http://localhost:3251@bear,false
1784276932726,bear,Fight,http://localhost:3251@brice,true
1784276932729,Bee,Fight,http://localhost:3251@bear,false
1784276932778,Ant,Explore,null,true
1784276933832,Bat,Walk,http://localhost:3251@alice,false
1784276933833,Bee,Walk,http://localhost:3251@Bat,true
1784276934209,alice,Explore,null,false
1784276934718,Ant,Sing,http://localhost:3251@bear,true
1784276934720,bear,Sing,http://localhost:3251@Bat,false
1784276934721,brice,Explore,null,false
1784276935532,Bee,Explore,null,true
1784276935842,Ant,Fight,http://localhost:3251@Bee,true
1784276935844,brice,Fight,http://localhost:3251@Ant,false
1784276936567,alice,Explore,null,true
1784276936570,Bat,Walk,http://localhost:3251@alice,true
1784276936571,brice,Walk,http://localhost:3251@Bat,true
1784276937182,Bee,Explore,null,true
1784276937725,bear,Explore,null,true
1784276938537,Ant,Sing,http://localhost:3251@alice,true
1784276938538,Bat,Sing,http://localhost:3251@Ant,true
1784276938986,Bat,Talk,http://localhost:3251@brice,true
1784276938987,brice,Talk,http://localhost:3251@bear,true
1784276939424,bear,Explore,null,true
1784276939613,Ant,Talk,http://localhost:3251@Bat,true
1784276939614,Bat,Talk,http://localhost:3251@Ant,true
1784276940346,bear,Walk,http://localhost:3251@brice,false
1784276940347,brice,Walk,http://localhost:3251@bear,false
1784276940408,alice,Explore,null,false
1784276940725,Ant,Fight,http://localhost:3251@Bee,false
1784276940726,brice,Fight,http://localhost:3251@Ant,false
1784276941277,bear,Sing,http://localhost:3251@Bee,false
1784276941278,Bee,Sing,http://localhost:3251@Bat,true
1784276941464,alice,Fight,http://localhost:3251@Bat,true
1784276941466,Ant,Fight,http://localhost:3251@alice,false
1784276942331,Ant,Sing,http://localhost:3251@Bat,true
1784276942332,Bat,Sing,http://localhost:3251@alice,false
1784276943064,brice,Explore,null,false
1784276943693,Bat,Fight,http://localhost:3251@Bee,false
1784276943694,Bee,Fight,http://localhost:3251@Bat,false
1784276944121,alice,Fight,http://localhost:3251@Bat,true
1784276944122,Bat,Fight,http://localhost:3251@alice,true
1784276944309,bear,Explore,null,false
1784276944668,Ant,Explore,null,true
1784276945581,alice,Sing,http://localhost:3251@Bat,true
1784276945582,bear,Sing,http://localhost:3251@alice,false
1784276945762,Bat,Dance,http://localhost:3251@brice,true
1784276945763,brice,Dance,http://localhost:3251@Ant,true
1784276946367,Ant,Explore,null,false
1784276946958,bear,Play,http://localhost:3251@Ant,false
1784276946959,Bee,Play,http://localhost:3251@bear,false
1784276947133,Ant,Dance,http://localhost:3251@Bat,true
1784276947135,Bat,Dance,http://localhost:3251@alice,true
1784276948409,alice,Sing,http://localhost:3251@Bat,false
1784276948410,brice,Sing,http://localhost:3251@alice,true
1784276948654,Bee,Explore,null,true
1784276949219,Bat,Walk,http://localhost:3251@alice,false
1784276949220,bear,Walk,http://localhost:3251@Bat,false
1784276949451,alice,Fight,http://localhost:3251@Bat,false
1784276949453,Ant,Fight,http://localhost:3251@alice,false
1784276950551,Ant,Sing,http://localhost:3251@Bat,true
1784276950554,Bat,Sing,http://localhost:3251@alice,true
1784276951089,alice,Exercise,http://localhost:3251@bear,true
1784276951091,bear,Exercise,http://localhost:3251@Ant,true
1784276951653,Bee,Explore,null,false
1784276951782,bear,Play,http://localhost:3251@brice,true
1784276951783,brice,Play,http://localhost:3251@Bee,false
1784276952215,Ant,Explore,null,false
1784276952341,alice,Exercise,http://localhost:3251@Bat,true
1784276952342,brice,Exercise,http://localhost:3251@alice,false
1784276952721,Bat,Sing,http://localhost:3251@alice,true
1784276952722,bear,Sing,http://localhost:3251@Bat,false
1784276953387,alice,Talk,http://localhost:3251@bear,false
1784276953388,Bat,Talk,http://localhost:3251@alice,true
1784276953558,Ant,Walk,http://localhost:3251@brice,true
1784276953559,Bee,Walk,http://localhost:3251@Ant,true
1784276954408,Bat,Talk,http://localhost:3251@Ant,true
1784276954410,Bee,Talk,http://localhost:3251@Bat,false
1784276954833,alice,Dance,http://localhost:3251@bear,true
1784276954833,Ant,Dance,http://localhost:3251@alice,false
1784276955021,bear,Explore,null,false
1784276956085,Bee,Explore,null,true
1784276956192,alice,Dance,http://localhost:3251@bear,true
1784276956194,Bat,Dance,http://localhost:3251@alice,false
1784276957171,Bat,Play,http://localhost:3251@brice,true
1784276957172,brice,Play,http://localhost:3251@Bee,true
1784276957415,bear,Explore,null,false
1784276957722,Bee,Explore,null,true
1784276958410,Ant,Exercise,http://localhost:3251@brice,false
1784276958412,brice,Exercise,http://localhost:3251@bear,true
1784276959088,alice,Sing,http://localhost:3251@Bat,true
1784276959089,Bat,Sing,http://localhost:3251@alice,true
1784276959783,bear,Explore,null,false
1784276960098,Ant,Explore,null,false
1784276960782,alice,Explore,null,true
1784276961154,Ant,Sing,http://localhost:3251@bear,true
1784276961155,bear,Sing,http://localhost:3251@Bat,false
1784276961267,Bee,Sing,http://localhost:3251@Bat,true
1784276961269,brice,Sing,http://localhost:3251@Bee,true
1784276961655,alice,Fight,http://localhost:3251@Bat,false
1784276961656,Bat,Fight,http://localhost:3251@bear,true
1784276962724,Bee,Sing,http://localhost:3251@brice,false
1784276962726,brice,Sing,http://localhost:3251@alice,false
1784276962904,Ant,Talk,http://localhost:3251@Bat,false
1784276962904,Bat,Talk,http://localhost:3251@Ant,false
1784276963393,alice,Fight,http://localhost:3251@Bat,false
1784276963394,Bee,Fight,http://localhost:3251@alice,false
1784276963508,bear,Explore,null,false
1784276963919,Ant,Talk,http://localhost:3251@Bat,true
1784276963920,bear,Talk,http://localhost:3251@Ant,false
1784276964340,brice,Explore,null,false
1784276964908,alice,Sing,http://localhost:3251@Bat,true
1784276964909,Bat,Sing,http://localhost:3251@alice,false
1784276965723,Bat,Dance,http://localhost:3251@brice,true
1784276965724,brice,Dance,http://localhost:3251@Ant,true
1784276966373,Bee,Explore,null,true
1784276966688,alice,Explore,null,false
1784276966923,bear,Explore,null,false
1784276967112,Bat,Sing,http://localhost:3251@alice,false
1784276967113,Bee,Sing,http://localhost:3251@Bat,true
1784276968350,Ant,Explore,null,false
1784276968644,alice,Exercise,http://localhost:3251@Bat,true
1784276968646,bear,Exercise,http://localhost:3251@alice,false
1784276969970,alice,Play,http://localhost:3251@Bat,true
1784276969971,brice,Play,http://localhost:3251@alice,true
1784276970160,Bee,Explore,null,false
1784276970278,bear,Explore,null,true
1784276970777,Bat,Explore,null,false
1784276971026,alice,Talk,http://localhost:3251@bear,true
1784276971027,bear,Talk,http://localhost:3251@alice,true
1784276972144,alice,Sing,http://localhost:3251@Bat,false
1784276972146,Bat,Sing,http://localhost:3251@alice,true
1784276972388,bear,Sing,http://localhost:3251@Bat,true
1784276972389,Bee,Sing,http://localhost:3251@bear,true
1784276972690,Ant,Explore,null,false
1784276973541,alice,Walk,http://localhost:3251@Bee,true
1784276973543,Ant,Walk,http://localhost:3251@alice,true
1784276973604,bear,Exercise,http://localhost:3251@Ant,false
1784276973605,brice,Exercise,http://localhost:3251@bear,false
1784276974614,alice,Fight,http://localhost:3251@bear,false
1784276974615,bear,Fight,http://localhost:3251@brice,false
1784276975483,Bat,Dance,http://localhost:3251@alice,false
1784276975485,brice,Dance,http://localhost:3251@Bat,true
1784276976293,bear,Explore,null,false
1784276977339,alice,Exercise,http://localhost:3251@Bat,true
1784276977340,Ant,Exercise,http://localhost:3251@alice,false
1784276977523,Bee,Sing,http://localhost:3251@brice,false
1784276977523,brice,Sing,http://localhost:3251@alice,false
1784276977651,Bat,Sing,http://localhost:3251@bear,true
1784276977653,bear,Sing,http://localhost:3251@Bat,true
1784276978392,alice,Talk,http://localhost:3251@bear,true
1784276978394,Bat,Talk,http://localhost:3251@alice,false
1784276978706,Ant,Sing,http://localhost:3251@alice,false
1784276978707,bear,Sing,http://localhost:3251@Ant,true
1784276978954,Bee,Play,http://localhost:3251@brice,true
1784276978955,brice,Play,http://localhost:3251@Bee,false
1784276980027,alice,Explore,null,false
1784276980154,Bat,Exercise,http://localhost:3251@Bee,true
1784276980155,Bee,Exercise,http://localhost:3251@alice,false
1784276981330,brice,Explore,null,false
1784276981393,alice,Exercise,http://localhost:3251@Bee,false
1784276981394,Bee,Exercise,http://localhost:3251@alice,false
1784276982078,bear,Dance,http://localhost:3251@alice,true
1784276982079,brice,Dance,http://localhost:3251@bear,true
1784276982471,Ant,Explore,null,true
1784276982766,alice,Exercise,http://localhost:3251@Bat,false
1784276982767,Bat,Exercise,http://localhost:3251@alice,false
1784276983148,Bat,Talk,http://localhost:3251@Bee,true
1784276983149,Bee,Talk,http://localhost:3251@Bat,true
1784276983200,alice,Fight,http://localhost:3251@bear,false
1784276983202,bear,Fight,http://localhost:3251@brice,true
1784276983829,Ant,Sing,http://localhost:3251@alice,true
1784276983830,brice,Sing,http://localhost:3251@Ant,false
1784276984864,Bee,Explore,null,true
1784276984926,Ant,Fight,http://localhost:3251@bear,true
1784276984927,bear,Fight,http://localhost:3251@brice,true
1784276985491,brice,Explore,null,true
1784276985929,alice,Exercise,http://localhost:3251@Bat,false
1784276985930,Ant,Exercise,http://localhost:3251@alice,true
1784276986239,Bat,Sing,http://localhost:3251@Bee,false
1784276986240,Bee,Sing,http://localhost:3251@Bat,true
1784276986536,alice,Fight,http://localhost:3251@brice,false
1784276986538,brice,Fight,http://localhost:3251@Bee,false
1784276986956,Ant,Talk,http://localhost:3251@Bat,false
1784276986957,Bat,Talk,http://localhost:3251@Ant,false
1784276987554,Bat,Fight,http://localhost:3251@brice,true
1784276987555,brice,Fight,http://localhost:3251@Bee,false
1784276988057,bear,Explore,null,true
1784276988626,bear,Fight,http://localhost:3251@brice,false
1784276988627,brice,Fight,http://localhost:3251@Bee,true
1784276988690,alice,Fight,http://localhost:3251@Ant,false
1784276988690,Ant,Fight,http://localhost:3251@Bee,true
1784276989370,Bee,Explore,null,false
1784276989430,Bat,Talk,http://localhost:3251@Ant,false
1784276989436,brice,Talk,http://localhost:3251@Bat,true
1784276990421,Bat,Fight,http://localhost:3251@Bee,true
1784276990422,Bee,Fight,http://localhost:3251@Bat,false
1784360967689,Bee,Talk,http://localhost:3251@alice,false
1784360967777,alice,Talk,http://localhost:3251@bear,true
1784360968305,Bat,Dance,http://localhost:3251@brice,true
1784360968495,Ant,Dance,http://localhost:3251@Bat,false
1784360968496,brice,Dance,http://localhost:3251@Ant,false
1784360969974,Bat,Fight,http://localhost:3251@bear,false
1784360970052,bear,Fight,http://localhost:3251@brice,true
1784618764379,Bee,Walk,http://localhost:3251@brice,true
1784618764381,brice,Walk,http://localhost:3251@Bee,false
1784618764546,bear,Explore,null,false
1784618765027,Ant,Dance,http://localhost:3251@Bee,false
1784618765028,Bee,Dance,http://localhost:3251@Ant,true
1784618765722,alice,Sing,http://localhost:3251@Bee,false
1784618765723,Bee,Sing,http://localhost:3251@alice,true
1784618766805,bear,Explore,null,false
1784618767888,Ant,Explore,null,false
1784618768006,alice,Explore,null,false
1784618768380,bear,Explore,null,true
1784618768570,Bee,Explore,null,false
1784618768632,brice,Explore,null,true
1784618769579,Ant,Explore,null,false
1784618769830,Bat,Walk,http://localhost:3251@bear,true
1784618769831,bear,Walk,http://localhost:3251@Bat,false
1784618770146,alice,Sing,http://localhost:3251@Bee,true
1784618770147,brice,Sing,http://localhost:3251@alice,true
1784618771005,Bee,Explore,null,true
1784618771195,Bat,Dance,http://localhost:3251@brice,false
1784618771196,brice,Dance,http://localhost:3251@Bat,true
1784618771248,Ant,Explore,null,false
1784618772107,bear,Explore,null,true
1784618772173,alice,Sing,http://localhost:3251@Bee,true
1784618772174,Bat,Sing,http://localhost:3251@alice,false
1784618772574,Bee,Explore,null,false
1784618773361,Bat,Walk,http://localhost:3251@bear,true
1784618773362,bear,Walk,http://localhost:3251@Bat,false
1784618773412,Ant,Explore,null,false
1784618773744,alice,Talk,http://localhost:3251@Bee,true
1784618773745,Bee,Talk,http://localhost:3251@alice,true
1784618774707,Ant,Walk,http://localhost:3251@Bat,false
1784618774707,Bat,Walk,http://localhost:3251@Ant,false
1784618775040,bear,Dance,http://localhost:3251@Bee,false
1784618775041,Bee,Dance,http://localhost:3251@bear,true
1784618775383,alice,Explore,null,true
1784618775962,Bat,Walk,http://localhost:3251@Bee,false
1784618775962,Bee,Walk,http://localhost:3251@Bat,false
1784618776295,alice,Fight,http://localhost:3251@Ant,false
1784618776295,Ant,Fight,http://localhost:3251@alice,true
1784618776783,bear,Exercise,http://localhost:3251@Bee,true
1784618776784,Bee,Exercise,http://localhost:3251@bear,false
1784618777238,Ant,Fight,http://localhost:3251@alice,true
1784618777239,Bat,Fight,http://localhost:3251@Ant,false
1784618777852,alice,Fight,http://localhost:3251@Bat,true
1784618777853,Bat,Fight,http://localhost:3251@alice,true
1784618778318,Bee,Explore,null,false
1784618778508,Ant,Walk,http://localhost:3251@Bat,false
1784618778508,Bat,Walk,http://localhost:3251@Ant,true
1784618779169,alice,Play,http://localhost:3251@Bat,false
1784618779169,Bat,Play,http://localhost:3251@alice,false
1784618779850,Ant,Walk,http://localhost:3251@Bat,false
1784618779852,bear,Walk,http://localhost:3251@Ant,false
1784618779976,Bee,Explore,null,true
1784618780541,brice,Explore,null,false
1784618780940,Bat,Fight,http://localhost:3251@bear,false
1784618780942,bear,Fight,http://localhost:3251@Bat,false
1784618781194,alice,Play,http://localhost:3251@Bat,true
1784618781196,Bee,Play,http://localhost:3251@alice,true
1784618781889,Ant,Dance,http://localhost:3251@brice,true
1784618781890,brice,Dance,http://localhost:3251@Ant,false
1784618782328,alice,Sing,http://localhost:3251@Bat,false
1784618782328,Bat,Sing,http://localhost:3251@alice,true
1784618782707,bear,Explore,null,false
1784618783279,Bee,Dance,http://localhost:3251@brice,false
1784618783280,brice,Dance,http://localhost:3251@Ant,true
1784618783972,Bat,Explore,null,true
1784618784341,alice,Dance,http://localhost:3251@bear,false
1784618784342,Bat,Talk,http://localhost:3251@Bee,true
1784618784343,bear,Dance,http://localhost:3251@alice,true
1784618784343,Bee,Talk,http://localhost:3251@Bat,false
1784618785123,Ant,Exercise,http://localhost:3251@brice,false
1784618785124,brice,Exercise,http://localhost:3251@Ant,true
1784618785923,Bee,Explore,null,false
1784618785987,alice,Fight,http://localhost:3251@Bat,true
1784618785989,Ant,Fight,http://localhost:3251@alice,true
1784618787182,alice,Play,http://localhost:3251@bear,false
1784618787183,bear,Play,http://localhost:3251@alice,false
1784618787309,Bat,Play,http://localhost:3251@Bee,false
1784618787311,Bee,Play,http://localhost:3251@Bat,true
1784618787491,brice,Explore,null,true
1784618788668,alice,Walk,http://localhost:3251@Bee,true
1784618788669,Bee,Walk,http://localhost:3251@brice,false
1784618788923,bear,Explore,null,true
1784618789228,Bee,Talk,http://localhost:3251@brice,false
1784618789228,brice,Talk,http://localhost:3251@Bee,false
1784618789717,Ant,Talk,http://localhost:3251@Bee,true
1784618789719,Bee,Talk,http://localhost:3251@Ant,true
1784618789883,bear,Talk,http://localhost:3251@brice,true
1784618789884,brice,Talk,http://localhost:3251@bear,true
1784618790240,Bat,Explore,null,false
1784618791180,alice,Walk,http://localhost:3251@brice,false
1784618791181,Bat,Dance,http://localhost:3251@bear,true
1784618791182,bear,Dance,http://localhost:3251@Bat,false
1784618791182,brice,Walk,http://localhost:3251@alice,true
1784618791294,Ant,Explore,null,false
1784618792161,alice,Talk,http://localhost:3251@Bee,false
1784618792162,Ant,Talk,http://localhost:3251@alice,false
1784618792269,Bee,Dance,http://localhost:3251@bear,true
1784618792269,brice,Dance,http://localhost:3251@Bee,true
1784618793072,Ant,Play,http://localhost:3251@Bat,true
1784618793073,Bat,Play,http://localhost:3251@Ant,true
1784618793125,alice,Fight,http://localhost:3251@Bat,false
1784618793126,brice,Fight,http://localhost:3251@alice,false
1784618793348,bear,Explore,null,true
1784618793853,Bat,Fight,http://localhost:3251@Bee,false
1784618793854,Bee,Fight,http://localhost:3251@Bat,true
1784618794281,alice,Exercise,http://localhost:3251@Ant,true
1784618794282,Ant,Exercise,http://localhost:3251@alice,true
1784618795045,bear,Walk,http://localhost:3251@brice,true
1784618795047,brice,Walk,http://localhost:3251@alice,false
1784618795170,Ant,Walk,http://localhost:3251@Bee,false
1784618795172,Bee,Walk,http://localhost:3251@brice,true
1784618818403,alice,Talk,http://localhost:3251@Bee,true
1784618818404,Bee,Talk,http://localhost:3251@alice,true
1784618818912,Bat,Explore,null,false
1784618819230,Ant,Exercise,http://localhost:3251@bear,true
1784618819231,bear,Exercise,http://localhost:3251@Ant,true
1784618819988,Ant,Sing,http://localhost:3251@brice,false
1784618819989,brice,Sing,http://localhost:3251@Ant,false
1784618820157,alice,Talk,http://localhost:3251@Bee,false
1784618820158,Bee,Talk,http://localhost:3251@alice,true
1784618820876,Ant,Walk,http://localhost:3251@Bat,true
1784618820876,Bat,Walk,http://localhost:3251@Ant,false
1784618821053,bear,Talk,http://localhost:3251@brice,false
1784618821053,brice,Talk,http://localhost:3251@bear,false
1784618821501,alice,Sing,http://localhost:3251@Ant,true
1784618821502,Ant,Sing,http://localhost:3251@alice,false
1784618821835,Ant,Fight,http://localhost:3251@Bat,false
1784618821835,Bat,Fight,http://localhost:3251@Ant,true
1784618822307,alice,Play,http://localhost:3251@bear,false
1784618822308,bear,Play,http://localhost:3251@alice,true
1784618822989,Bee,Sing,http://localhost:3251@brice,false
1784618822990,brice,Sing,http://localhost:3251@Ant,false
1784618823446,Ant,Explore,null,true
1784618823502,Bat,Talk,http://localhost:3251@Bee,false
1784618823503,Bee,Talk,http://localhost:3251@Bat,false
1784618823891,bear,Explore,null,true
1784618824116,Bee,Exercise,http://localhost:3251@brice,true
1784618824117,brice,Exercise,http://localhost:3251@Bee,false
1784618824621,alice,Fight,http://localhost:3251@Ant,true
1784618824622,Ant,Fight,http://localhost:3251@alice,false
1784618825191,Ant,Talk,http://localhost:3251@brice,true
1784618825192,brice,Talk,http://localhost:3251@bear,true
1784618825256,bear,Dance,http://localhost:3251@Bee,false
1784618825257,Bee,Dance,http://localhost:3251@bear,false
1784618826644,alice,Dance,http://localhost:3251@brice,false
1784618826645,brice,Dance,http://localhost:3251@alice,true
1784618826707,bear,Walk,http://localhost:3251@Bee,false
1784618826708,Bee,Walk,http://localhost:3251@bear,false
1784618827568,Ant,Talk,http://localhost:3251@Bat,false
1784618827569,Bat,Talk,http://localhost:3251@Ant,true
1784618827903,Bee,Walk,http://localhost:3251@brice,true
1784618827904,brice,Walk,http://localhost:3251@Bee,true
1784618828195,alice,Explore,null,true
1784618828568,Bat,Fight,http://localhost:3251@Ant,false
1784618828568,brice,Fight,http://localhost:3251@Bat,false
1784618828734,Ant,Exercise,http://localhost:3251@Bee,false
1784618828735,Bee,Exercise,http://localhost:3251@Ant,false
1784618829313,bear,Play,http://localhost:3251@alice,true
1784618829313,brice,Play,http://localhost:3251@bear,false
1784618829684,Ant,Fight,http://localhost:3251@brice,true
1784618829685,brice,Fight,http://localhost:3251@Ant,false
1784618830081,alice,Sing,http://localhost:3251@Ant,false
1784618830082,Bat,Sing,http://localhost:3251@alice,false
1784618830258,Bee,Explore,null,true
1784618830599,bear,Walk,http://localhost:3251@brice,false
1784618830600,brice,Walk,http://localhost:3251@bear,true
1784618831883,Bee,Explore,null,true
1784618832010,Ant,Explore,null,true
1784618836628,bear,Explore,null,false
1784618836629,brice,Explore,null,true
1784618837679,Bee,Dance,http://localhost:3251@brice,true
1784618837679,brice,Dance,http://localhost:3251@Bee,false
1784618837831,Bat,Talk,http://localhost:3251@bear,true
1784618837831,bear,Talk,http://localhost:3251@Bat,false
1784618837994,Ant,Explore,null,true
1784618838910,Bat,Play,http://localhost:3251@brice,true
1784618838911,brice,Play,http://localhost:3251@Bat,true
1784618839193,Bee,Explore,null,false
1784618839249,alice,Explore,null,true
1784618839305,Ant,Sing,http://localhost:3251@bear,false
1784618839306,bear,Sing,http://localhost:3251@Ant,false
1784618840139,Bat,Dance,http://localhost:3251@Bee,false
1784618840140,Bee,Dance,http://localhost:3251@Bat,true
1784618840874,Ant,Explore,null,false
1784618841106,bear,Exercise,http://localhost:3251@brice,true
1784618841107,brice,Exercise,http://localhost:3251@bear,false
1784618841374,alice,Explore,null,false
1784618842071,alice,Talk,http://localhost:3251@brice,true
1784618842072,brice,Talk,http://localhost:3251@alice,true
1784618842351,Ant,Walk,http://localhost:3251@bear,true
1784618842352,bear,Walk,http://localhost:3251@Ant,true
1784618842627,Bat,Dance,http://localhost:3251@Bee,false
1784618842628,Bee,Dance,http://localhost:3251@Bat,false
1784618972912,Bat,Explore,null,false
1784618972914,bear,Explore,null,true
1784618973841,Ant,Exercise,http://localhost:3251@brice,false
1784618973841,brice,Exercise,http://localhost:3251@Ant,false
1784618974243,alice,Dance,http://localhost:3251@Bat,true
1784618974244,Bat,Dance,http://localhost:3251@alice,false
1784618975235,Bat,Exercise,http://localhost:3251@Bee,true
1784618975236,Bee,Exercise,http://localhost:3251@Bat,true
1784618975805,alice,Fight,http://localhost:3251@Ant,false
1784618975806,Ant,Fight,http://localhost:3251@alice,false
1784618976570,bear,Play,http://localhost:3251@Bee,false
1784618976571,Bee,Play,http://localhost:3251@bear,true
1784618976634,brice,Explore,null,false
1784618977455,Ant,Explore,null,false
1784618978138,alice,Explore,null,false
1784618979227,Ant,Talk,http://localhost:3251@brice,true
1784618979229,brice,Talk,http://localhost:3251@Ant,false
1784618979566,alice,Talk,http://localhost:3251@Bat,true
1784618979567,Bat,Talk,http://localhost:3251@alice,true
1784618980233,Bee,Explore,null,false
1784618980352,bear,Explore,null,true
1784618980594,Bat,Fight,http://localhost:3251@Bee,true
1784618980596,Bee,Fight,http://localhost:3251@Bat,true
1784618980831,Ant,Explore,null,false
1784618981184,bear,Walk,http://localhost:3251@brice,true
1784618981185,brice,Walk,http://localhost:3251@bear,true
1784618981249,alice,Fight,http://localhost:3251@Ant,false
1784618981250,Bee,Fight,http://localhost:3251@alice,false
1784618981810,alice,Exercise,http://localhost:3251@Bat,true
1784618981812,Bat,Exercise,http://localhost:3251@alice,false
1784618982232,alice,Fight,http://localhost:3251@bear,true
1784618982233,bear,Fight,http://localhost:3251@alice,false
1784618982296,Bat,Talk,http://localhost:3251@Bee,true
1784618982297,Bee,Talk,http://localhost:3251@Bat,false
1784618982486,Ant,Explore,null,false
1784618982837,brice,Explore,null,true
1784618983505,alice,Exercise,http://localhost:3251@Bat,false
1784618983506,Bat,Exercise,http://localhost:3251@alice,false
1784618984315,Ant,Walk,http://localhost:3251@Bee,false
1784618984316,Bee,Walk,http://localhost:3251@Ant,false
1784618984892,alice,Play,http://localhost:3251@Bat,false
1784618984895,Bat,Play,http://localhost:3251@alice,false
1784618985596,Bat,Walk,http://localhost:3251@Bee,true
1784618985596,Bee,Walk,http://localhost:3251@Ant,false
1784618985817,bear,Explore,null,false
1784618985927,Ant,Talk,http://localhost:3251@brice,true
1784618985928,Bat,Talk,http://localhost:3251@Ant,true
1784618986240,alice,Walk,http://localhost:3251@Bee,true
1784618986241,Bee,Walk,http://localhost:3251@alice,true
1784618986851,Bat,Fight,http://localhost:3251@bear,false
1784618986851,bear,Fight,http://localhost:3251@alice,true
1784618987291,brice,Explore,null,false
1784618987594,Ant,Explore,null,false
1784618987880,alice,Explore,null,false
1784618988199,bear,Play,http://localhost:3251@Bee,false
1784618988200,Bee,Play,http://localhost:3251@bear,false
1784618988919,brice,Explore,null,false
1784618989211,alice,Walk,http://localhost:3251@Bee,true
1784618989212,Ant,Walk,http://localhost:3251@alice,true
1784618989837,bear,Explore,null,false
1784618990340,Ant,Exercise,http://localhost:3251@brice,true
1784618990341,brice,Exercise,http://localhost:3251@Ant,false
1784618990396,Bat,Explore,null,false
1784618990449,Bee,Explore,null,false
1784618991318,Ant,Talk,http://localhost:3251@brice,false
1784618991319,Bat,Talk,http://localhost:3251@Ant,true
1784618991662,alice,Exercise,http://localhost:3251@bear,true
1784618991664,bear,Exercise,http://localhost:3251@alice,true
1784618992011,Bee,Talk,http://localhost:3251@brice,true
1784618992012,brice,Talk,http://localhost:3251@Bee,false
1784618992936,Bat,Explore,null,false
1784618993555,Bee,Explore,null,false
1784618993611,bear,Walk,http://localhost:3251@brice,true
1784618993611,brice,Walk,http://localhost:3251@bear,true
1784618993846,alice,Explore,null,true
1784618994517,Ant,Dance,http://localhost:3251@brice,true
1784618994518,brice,Dance,http://localhost:3251@Ant,false
1784618994860,Bat,Walk,http://localhost:3251@bear,false
1784618994860,bear,Walk,http://localhost:3251@Bat,true
1784618995349,Ant,Talk,http://localhost:3251@Bee,false
1784618995349,Bee,Talk,http://localhost:3251@Bat,false
1784618996210,Bee,Talk,http://localhost:3251@brice,false
1784618996211,brice,Talk,http://localhost:3251@Bee,true
1784618996505,Bat,Explore,null,false
1784618996908,alice,Fight,http://localhost:3251@Ant,false
1784618996909,Bee,Fight,http://localhost:3251@alice,true
1784618996962,Ant,Walk,http://localhost:3251@bear,true
1784618996962,bear,Walk,http://localhost:3251@brice,false
1784618997862,bear,Talk,http://localhost:3251@Bee,false
1784618997863,Bee,Talk,http://localhost:3251@Bat,true
1784618998150,alice,Dance,http://localhost:3251@Ant,true
1784618998151,Ant,Dance,http://localhost:3251@alice,false
1784618998718,bear,Play,http://localhost:3251@brice,false
1784618998719,brice,Play,http://localhost:3251@bear,true
1784618999299,Bat,Explore,null,true
1784618999457,alice,Dance,http://localhost:3251@Ant,true
1784618999458,Ant,Dance,http://localhost:3251@alice,false
1784619000378,alice,Talk,http://localhost:3251@Bat,false
1784619000379,Bat,Talk,http://localhost:3251@alice,true
1784619000732,Bee,Explore,null,false
1784619000989,brice,Explore,null,false
1784619001614,Ant,Play,http://localhost:3251@Bat,true
1784619001614,Bat,Play,http://localhost:3251@Ant,false
1784619002495,alice,Explore,null,true
1784619002548,Ant,Sing,http://localhost:3251@bear,true
1784619002550,bear,Sing,http://localhost:3251@Ant,false
1784619002826,Bat,Play,http://localhost:3251@Ant,true
1784619002826,Bee,Play,http://localhost:3251@Bat,true
1784619003100,brice,Explore,null,true
1784619004360,Bat,Walk,http://localhost:3251@brice,true
1784619004361,Bee,Explore,null,false
1784619004362,brice,Walk,http://localhost:3251@bear,true
1784619004417,alice,Walk,http://localhost:3251@bear,false
1784619004418,bear,Walk,http://localhost:3251@brice,true
1784619005648,Ant,Walk,http://localhost:3251@brice,true
1784619005649,brice,Walk,http://localhost:3251@bear,true
1784619006034,alice,Fight,http://localhost:3251@Ant,true
1784619006035,Ant,Fight,http://localhost:3251@alice,false
1784619006274,bear,Play,http://localhost:3251@Bee,false
1784619006274,Bee,Play,http://localhost:3251@bear,true
1784619007217,Ant,Talk,http://localhost:3251@Bee,true
1784619007219,Bee,Talk,http://localhost:3251@Bat,false
1784619007771,bear,Explore,null,true
1784619008470,bear,Walk,http://localhost:3251@Bee,true
1784619008470,Bee,Walk,http://localhost:3251@Ant,true
1784619008768,Ant,Explore,null,false
1784619009183,Bat,Explore,null,false
1784619009473,Ant,Play,http://localhost:3251@brice,true
1784619009473,brice,Play,http://localhost:3251@bear,true
1784619009697,alice,Exercise,http://localhost:3251@bear,true
1784619009698,Bee,Exercise,http://localhost:3251@alice,true
1784619010039,bear,Explore,null,false
1784619010159,Ant,Talk,http://localhost:3251@Bat,false
1784619010160,Bat,Talk,http://localhost:3251@alice,false
1784619010849,Ant,Exercise,http://localhost:3251@Bee,false
1784619010849,Bee,Exercise,http://localhost:3251@Bat,true
1784619011028,brice,Explore,null,false
1784619011317,alice,Sing,http://localhost:3251@bear,false
1784619011318,bear,Sing,http://localhost:3251@Ant,true
1784619012032,Ant,Fight,http://localhost:3251@brice,true
1784619012033,brice,Fight,http://localhost:3251@Ant,true
1784619012083,alice,Sing,http://localhost:3251@Bee,true
1784619012084,Bee,Sing,http://localhost:3251@alice,false
1784619012295,Bat,Explore,null,false
1784619013160,alice,Exercise,http://localhost:3251@Ant,false
1784619013161,Ant,Exercise,http://localhost:3251@brice,true
1784619013879,Bat,Walk,http://localhost:3251@bear,true
1784619013879,bear,Walk,http://localhost:3251@brice,false
1784619013934,alice,Dance,http://localhost:3251@brice,false
1784619013935,brice,Dance,http://localhost:3251@alice,true
1784619014371,Bat,Fight,http://localhost:3251@Bee,true
1784619014371,Bee,Fight,http://localhost:3251@Bat,false
1784619014861,Ant,Exercise,http://localhost:3251@brice,false
1784619014861,bear,Exercise,http://localhost:3251@Ant,true
1784619015466,alice,Explore,null,true
1784619015806,bear,Fight,http://localhost:3251@alice,true
1784619015807,brice,Fight,http://localhost:3251@bear,false
1784619015870,Bat,Explore,null,true
1784619016126,Ant,Walk,http://localhost:3251@Bee,true
1784619016127,Bee,Walk,http://localhost:3251@Ant,true
1784619016798,alice,Walk,http://localhost:3251@Bee,false
1784619016801,Bee,Walk,http://localhost:3251@alice,true
1784619017498,brice,Explore,null,true
1784619017811,Ant,Explore,null,true
1784619018036,bear,Sing,http://localhost:3251@Ant,false
1784619018037,Bee,Sing,http://localhost:3251@bear,true
1784619018326,Bat,Explore,null,false
1784619018493,bear,Fight,http://localhost:3251@brice,true
1784619018493,brice,Fight,http://localhost:3251@Ant,false
1784619018767,Ant,Fight,http://localhost:3251@Bee,false
1784619018768,Bee,Fight,http://localhost:3251@Ant,false
1784619019127,alice,Explore,null,true
1784619019532,Bee,Talk,http://localhost:3251@brice,true
1784619019532,brice,Talk,http://localhost:3251@Bee,false
1784619020285,Bat,Sing,http://localhost:3251@bear,false
1784619020286,bear,Sing,http://localhost:3251@Bat,true
1784619020339,Ant,Explore,null,false
1784619020830,alice,Play,http://localhost:3251@brice,true
1784619020831,brice,Play,http://localhost:3251@bear,false
1784619021166,Bee,Explore,null,false
1784619021904,Bat,Talk,http://localhost:3251@alice,false
1784619021904,Bee,Talk,http://localhost:3251@Bat,true
1784619022450,bear,Fight,http://localhost:3251@brice,false
1784619022451,brice,Fight,http://localhost:3251@Ant,true
1784619022624,alice,Exercise,http://localhost:3251@bear,false
1784619022625,Bat,Exercise,http://localhost:3251@alice,false
1784619023678,Ant,Exercise,http://localhost:3251@brice,true
1784619023679,brice,Exercise,http://localhost:3251@Ant,false
1784619023734,alice,Talk,http://localhost:3251@Bat,false
1784619023734,Bat,Talk,http://localhost:3251@alice,true
1784619023845,bear,Sing,http://localhost:3251@Bee,true
1784619023846,Bee,Sing,http://localhost:3251@alice,false
1784619024943,alice,Walk,http://localhost:3251@Bee,false
1784619024944,brice,Walk,http://localhost:3251@alice,true
1784619025152,Ant,Explore,null,false
1784619025663,alice,Exercise,http://localhost:3251@bear,true
1784619025664,bear,Exercise,http://localhost:3251@alice,true
1784619025664,Bee,Play,http://localhost:3251@bear,true
1784619025665,brice,Play,http://localhost:3251@Bee,true
1784619025873,Bat,Explore,null,false
1784619026358,Ant,Walk,http://localhost:3251@Bee,true
1784619026359,brice,Walk,http://localhost:3251@Ant,false
1784619027206,Bat,Walk,http://localhost:3251@bear,false
1784619027207,Bee,Walk,http://localhost:3251@Bat,false
1784619027528,alice,Exercise,http://localhost:3251@Ant,true
1784619027528,Ant,Exercise,http://localhost:3251@brice,false
1784619028006,Bee,Fight,http://localhost:3251@brice,true
1784619028006,brice,Fight,http://localhost:3251@Ant,true
1784619028589,bear,Explore,null,false
1784619028806,Ant,Dance,http://localhost:3251@brice,true
1784619028806,Bat,Dance,http://localhost:3251@Ant,true
1784619029028,bear,Talk,http://localhost:3251@Bee,false
1784619029029,Bee,Talk,http://localhost:3251@Bat,false
1784619029850,alice,Explore,null,true
1784619030126,Ant,Walk,http://localhost:3251@Bee,true
1784619030128,brice,Walk,http://localhost:3251@Ant,false
1784619030575,Bat,Talk,http://localhost:3251@alice,true
1784619030578,Bee,Talk,http://localhost:3251@Bat,false
1784619031339,Ant,Play,http://localhost:3251@bear,true
1784619031341,bear,Play,http://localhost:3251@Ant,false
1784619032312,alice,Dance,http://localhost:3251@Ant,false
1784619032313,brice,Dance,http://localhost:3251@alice,true
1784619032619,bear,Play,http://localhost:3251@Bee,false
1784619032619,Bee,Play,http://localhost:3251@bear,true
1784619033020,Ant,Explore,null,true
1784619034226,Bat,Walk,http://localhost:3251@brice,true
1784619034227,brice,Walk,http://localhost:3251@bear,true
1784619034278,Ant,Sing,http://localhost:3251@bear,false
1784619034279,bear,Sing,http://localhost:3251@Ant,true
1784619034814,Bee,Explore,null,true
1784619035428,alice,Exercise,http://localhost:3251@bear,false
1784619035430,bear,Exercise,http://localhost:3251@alice,false
1784619035791,Ant,Fight,http://localhost:3251@Bee,false
1784619035792,Bee,Fight,http://localhost:3251@Bat,true
1784619036868,Bat,Walk,http://localhost:3251@bear,true
1784619036869,bear,Walk,http://localhost:3251@Bat,true
1784619037031,alice,Explore,null,true
1784619037365,Bee,Explore,null,false
1784619037812,Ant,Fight,http://localhost:3251@bear,false
1784619037813,bear,Fight,http://localhost:3251@alice,true
1784619037990,alice,Fight,http://localhost:3251@Ant,true
1784619037991,Bee,Fight,http://localhost:3251@alice,true
1784619038615,Ant,Exercise,http://localhost:3251@Bat,true
1784619038615,Bat,Exercise,http://localhost:3251@alice,false
1784619039008,bear,Talk,http://localhost:3251@brice,true
1784619039009,brice,Talk,http://localhost:3251@Bee,false
1784619039500,Bee,Explore,null,true
1784619039905,alice,Sing,http://localhost:3251@bear,false
1784619039906,bear,Sing,http://localhost:3251@alice,false
1784619040917,Bat,Talk,http://localhost:3251@alice,false
1784619040918,bear,Talk,http://localhost:3251@Bat,false
1784619041156,alice,Sing,http://localhost:3251@bear,false
1784619041158,Bee,Sing,http://localhost:3251@alice,true
1784619041855,brice,Explore,null,true
1784619042022,Ant,Explore,null,false
1784619042135,bear,Talk,http://localhost:3251@Bee,false
1784619042136,Bee,Talk,http://localhost:3251@Bat,false
1784619043090,alice,Sing,http://localhost:3251@bear,false
1784619043091,Bat,Explore,null,true
1784619043092,Bee,Sing,http://localhost:3251@alice,false
1784619043440,Bat,Talk,http://localhost:3251@brice,true
1784619043441,brice,Talk,http://localhost:3251@Bee,false
1784619044350,Bat,Dance,http://localhost:3251@Bee,true
1784619044351,Bee,Dance,http://localhost:3251@Bat,false
1784619044644,Ant,Dance,http://localhost:3251@bear,false
1784619044646,bear,Dance,http://localhost:3251@Ant,true
1784619044984,alice,Walk,http://localhost:3251@Bee,true
1784619044985,Bat,Walk,http://localhost:3251@alice,false
1784619045891,alice,Sing,http://localhost:3251@Ant,false
1784619045892,Ant,Sing,http://localhost:3251@bear,false
1784619045998,Bee,Walk,http://localhost:3251@brice,true
1784619045998,brice,Walk,http://localhost:3251@bear,false
1784619046865,Bat,Play,http://localhost:3251@Ant,true
1784619046867,bear,Play,http://localhost:3251@Bat,false
1784619047181,Ant,Sing,http://localhost:3251@bear,true
1784619047182,Bee,Sing,http://localhost:3251@Ant,true
1784619047869,alice,Dance,http://localhost:3251@Ant,false
1784619047871,Bee,Dance,http://localhost:3251@alice,false
1784619048486,bear,Explore,null,true
1784619048600,Bat,Fight,http://localhost:3251@Bee,false
1784619048601,brice,Fight,http://localhost:3251@Bat,true
1784619049601,Bat,Talk,http://localhost:3251@brice,true
1784619049602,brice,Talk,http://localhost:3251@Bee,false
1784619049997,Bee,Explore,null,false
1784619050234,Bat,Exercise,http://localhost:3251@bear,true
1784619050235,bear,Exercise,http://localhost:3251@alice,true
1784619050878,Bat,Walk,http://localhost:3251@brice,true
1784619050880,brice,Walk,http://localhost:3251@bear,false
1784619051042,alice,Exercise,http://localhost:3251@bear,true
1784619051043,Bee,Exercise,http://localhost:3251@alice,true
1784619051205,bear,Talk,http://localhost:3251@brice,true
1784619051205,brice,Talk,http://localhost:3251@bear,false
1784619051254,Ant,Explore,null,false
1784619051821,Ant,Fight,http://localhost:3251@Bat,true
1784619051823,Bat,Fight,http://localhost:3251@Bee,true
1784619052012,alice,Fight,http://localhost:3251@Ant,true
1784619052013,bear,Fight,http://localhost:3251@alice,false
1784619052248,Bee,Exercise,http://localhost:3251@Bat,true
1784619052248,brice,Exercise,http://localhost:3251@Bee,false
1784619053131,bear,Exercise,http://localhost:3251@alice,false
1784619053132,Bee,Exercise,http://localhost:3251@bear,true
1784619053365,Bat,Explore,null,false
1784619054000,Ant,Explore,null,false
1784619054399,bear,Play,http://localhost:3251@Bee,true
1784619054401,brice,Play,http://localhost:3251@bear,false
1784619054641,Ant,Walk,http://localhost:3251@Bat,false
1784619054643,Bat,Walk,http://localhost:3251@bear,true
1784619054819,alice,Explore,null,true
1784619055990,bear,Explore,null,false
1784619055990,brice,Explore,null,true
1784619056322,Ant,Exercise,http://localhost:3251@Bee,false
1784619056323,Bee,Exercise,http://localhost:3251@Bat,false
1784619056377,alice,Explore,null,false
1784619057234,Bee,Walk,http://localhost:3251@brice,false
1784619057235,brice,Walk,http://localhost:3251@bear,true
1784619057561,Bat,Fight,http://localhost:3251@Bee,false
1784619057561,Bee,Fight,http://localhost:3251@Bat,true
1784619057830,Ant,Explore,null,true
1784619058439,bear,Play,http://localhost:3251@brice,false
1784619058440,brice,Play,http://localhost:3251@bear,false
1784619058784,alice,Dance,http://localhost:3251@Bat,true
1784619058785,Bat,Dance,http://localhost:3251@alice,false
1784619059057,Bee,Explore,null,true
1784619060382,alice,Dance,http://localhost:3251@Ant,false
1784619060385,Ant,Dance,http://localhost:3251@brice,false
1784619060804,bear,Explore,null,true
1784619061121,alice,Sing,http://localhost:3251@Bee,false
1784619061121,Bee,Sing,http://localhost:3251@alice,true
1784619061432,Bat,Fight,http://localhost:3251@brice,true
1784619061433,brice,Fight,http://localhost:3251@Ant,true
1784619061722,Ant,Sing,http://localhost:3251@bear,true
1784619061722,bear,Sing,http://localhost:3251@Ant,false
1784619062735,bear,Play,http://localhost:3251@brice,true
1784619062736,brice,Play,http://localhost:3251@bear,false
1784619062806,Bee,Explore,null,false
1784619062868,Ant,Talk,http://localhost:3251@brice,true
1784619062869,Bat,Talk,http://localhost:3251@Ant,false
1784619063755,Bat,Fight,http://localhost:3251@brice,false
1784619063756,brice,Fight,http://localhost:3251@Ant,true
1784619063814,alice,Walk,http://localhost:3251@Bee,true
1784619063815,Bee,Walk,http://localhost:3251@alice,true
1784619064460,Ant,Explore,null,true
1784619064693,bear,Play,http://localhost:3251@Bee,false
1784619064694,Bee,Play,http://localhost:3251@bear,false
1784619065099,alice,Dance,http://localhost:3251@Ant,false
1784619065100,Bat,Dance,http://localhost:3251@alice,false
1784619065838,Ant,Exercise,http://localhost:3251@Bee,true
1784619065839,Bee,Exercise,http://localhost:3251@Bat,false
1784619066621,Ant,Walk,http://localhost:3251@bear,false
1784619066623,bear,Walk,http://localhost:3251@brice,true
1784619066853,alice,Fight,http://localhost:3251@Bee,false
1784619066854,Bee,Fight,http://localhost:3251@Bat,false
1784619066980,Bat,Sing,http://localhost:3251@brice,true
1784619066983,brice,Sing,http://localhost:3251@Bat,true
1784622065431,Bee,Explore,null,false
1784622065488,alice,Explore,null,true
1784622065623,Bat,Explore,null,true
1784622065723,brice,Explore,null,true
1784622066156,bear,Explore,null,false
1784622067222,Ant,Explore,null,true
1784622067222,Bee,Explore,null,false
1784622067273,Bat,Explore,null,true
1784622068160,alice,Explore,null,true
1784622068271,brice,Explore,null,true
1784622068562,bear,Explore,null,false
1784622068784,Ant,Explore,null,false
1784622068840,Bee,Explore,null,false
1784622069015,Bat,Explore,null,true
1784622069949,brice,Explore,null,true
1784622070134,alice,Explore,null,false
1784622070472,Ant,Explore,null,false
1784622070581,Bat,Explore,null,true
1784622070825,Bee,Explore,null,false
1784622321693,brice,Explore,null,true
1784622321757,bear,Explore,null,true
1784622321819,Bee,Explore,null,false
1784622321882,alice,Explore,null,true
1784622321992,Ant,Explore,null,false
1784622322221,Bat,Explore,null,true
1784622497399,alice,Explore,null,true
1784622497400,bear,Explore,null,true
1784622497840,Ant,Sing,http://localhost:3251@brice,true
1784622497843,brice,Sing,http://localhost:3251@Ant,false
1784622498066,Bee,Explore,null,true
1784622498510,Bat,Play,http://localhost:3251@bear,true
1784622498511,bear,Play,http://localhost:3251@Bat,false
1784622499044,alice,Explore,null,false
1784622499290,Ant,Walk,http://localhost:3251@Bat,false
1784622499291,Bat,Walk,http://localhost:3251@Ant,true
1784622499816,alice,Play,http://localhost:3251@bear,true
1784622499817,bear,Play,http://localhost:3251@alice,true
1784622500088,brice,Explore,null,false
1784622500305,Bee,Explore,null,false
1784622500809,Bat,Explore,null,false
1784622500920,alice,Exercise,http://localhost:3251@Bee,true
1784622500920,Bee,Exercise,http://localhost:3251@alice,true
1784622501319,bear,Dance,http://localhost:3251@brice,false
1784622501320,brice,Dance,http://localhost:3251@bear,false
1784622502392,Bat,Explore,null,false
1784622502928,bear,Explore,null,true
1784622503814,alice,Dance,http://localhost:3251@Ant,true
1784622503815,Ant,Dance,http://localhost:3251@alice,false
1784622503980,Bat,Explore,null,false
1784622504359,Bat,Talk,http://localhost:3251@brice,false
1784622504360,brice,Talk,http://localhost:3251@Bat,false
1784622505139,Bee,Explore,null,true
1784622505190,bear,Explore,null,false
1784622505664,Ant,Walk,http://localhost:3251@brice,true
1784622505664,brice,Walk,http://localhost:3251@Ant,false
1784622505953,Bat,Explore,null,true
1784622506870,Ant,Talk,http://localhost:3251@Bee,false
1784622506871,Bee,Talk,http://localhost:3251@Ant,false
1784622507415,alice,Exercise,http://localhost:3251@brice,false
1784622507415,bear,Explore,null,true
1784622507415,brice,Exercise,http://localhost:3251@alice,true
1784622508147,Bat,Explore,null,true
1784622508699,bear,Play,http://localhost:3251@alice,true
1784622508700,Bee,Play,http://localhost:3251@bear,false
1784622509041,alice,Explore,null,false
1784622509704,Ant,Explore,null,false
1784622509986,Bat,Walk,http://localhost:3251@Bee,false
1784622509987,Bee,Walk,http://localhost:3251@Bat,false
1784622510352,alice,Play,http://localhost:3251@bear,false
1784622510354,bear,Play,http://localhost:3251@alice,true
1784622510720,Ant,Talk,http://localhost:3251@brice,false
1784622510722,brice,Talk,http://localhost:3251@Ant,false
1784622511380,alice,Walk,http://localhost:3251@Bee,true
1784622511381,Bee,Walk,http://localhost:3251@Bat,true
1784622512226,bear,Exercise,http://localhost:3251@brice,true
1784622512227,brice,Exercise,http://localhost:3251@bear,true
1784622512718,alice,Play,http://localhost:3251@Bat,false
1784622512721,Bat,Play,http://localhost:3251@bear,false
1784622512975,Ant,Explore,null,false
1784622513541,Bee,Sing,http://localhost:3251@brice,true
1784622513542,brice,Sing,http://localhost:3251@Bee,true
1784622513759,bear,Explore,null,false
1784622513860,Ant,Exercise,http://localhost:3251@Bat,false
1784622513861,Bat,Exercise,http://localhost:3251@Ant,true
1784622514627,alice,Walk,http://localhost:3251@bear,true
1784622514628,bear,Walk,http://localhost:3251@alice,false
1784622515125,Ant,Walk,http://localhost:3251@Bat,true
1784622515126,Bee,Walk,http://localhost:3251@Ant,true
1784622515347,Bat,Explore,null,false
1784622516114,Ant,Fight,http://localhost:3251@bear,true
1784622516115,bear,Fight,http://localhost:3251@Ant,false
1784622516173,alice,Explore,null,true
1784622516397,Bat,Sing,http://localhost:3251@Bee,false
1784622516398,Bee,Sing,http://localhost:3251@Bat,false
1784622517449,alice,Walk,http://localhost:3251@bear,false
1784622517450,bear,Walk,http://localhost:3251@alice,true
1784622517615,brice,Explore,null,true
1784622517670,Ant,Explore,null,false
1784622518010,alice,Fight,http://localhost:3251@Bat,false
1784622518012,Bat,Fight,http://localhost:3251@alice,false
1784622518681,Ant,Talk,http://localhost:3251@brice,true
1784622518681,bear,Walk,http://localhost:3251@brice,true
1784622518682,Bee,Talk,http://localhost:3251@Ant,false
1784622518682,brice,Walk,http://localhost:3251@bear,true
1784622519493,alice,Explore,null,true
1784622520162,bear,Explore,null,false
1784622520227,brice,Explore,null,true
1784622520768,Bee,Explore,null,false
1784622520983,alice,Explore,null,true
1784622521153,Ant,Walk,http://localhost:3251@Bat,true
1784622521154,brice,Walk,http://localhost:3251@Ant,true
1784622521693,bear,Explore,null,true
1784622522120,Bat,Explore,null,false
1784622522387,alice,Exercise,http://localhost:3251@brice,false
1784622522388,brice,Exercise,http://localhost:3251@alice,true
1784622523407,Ant,Sing,http://localhost:3251@Bee,false
1784622523407,Bee,Sing,http://localhost:3251@Bat,false
1784622523762,Bat,Explore,null,false
1784622524068,Ant,Talk,http://localhost:3251@bear,true
1784622524068,bear,Talk,http://localhost:3251@Ant,false
1784622524419,Bat,Fight,http://localhost:3251@Bee,true
1784622524419,Bee,Fight,http://localhost:3251@Bat,true
1784622524764,alice,Fight,http://localhost:3251@Bee,true
1784622524765,Bee,Fight,http://localhost:3251@alice,true
1784622525634,Ant,Explore,null,true
1784622526303,bear,Explore,null,false
1784622526363,alice,Dance,http://localhost:3251@Bat,true
1784622526365,Bat,Dance,http://localhost:3251@alice,false
1784622526366,Bee,Explore,null,false
1784622527164,Bat,Walk,http://localhost:3251@brice,true
1784622527166,brice,Walk,http://localhost:3251@Ant,false
1784622528001,Ant,Fight,http://localhost:3251@bear,false
1784622528002,brice,Fight,http://localhost:3251@Ant,false
1784622528579,bear,Explore,null,false
1784622528759,Bat,Explore,null,true
1784622529291,alice,Explore,null,true
1784622529292,Ant,Exercise,http://localhost:3251@Bee,false
1784622529292,Bee,Exercise,http://localhost:3251@Ant,true
1784622529598,brice,Explore,null,true
1784622529775,Bat,Fight,http://localhost:3251@alice,true
1784622529776,bear,Fight,http://localhost:3251@Bat,true
1784622530603,Ant,Play,http://localhost:3251@Bat,false
1784622530603,Bat,Play,http://localhost:3251@Ant,true
1784622530919,alice,Explore,null,true
1784622530920,Bee,Explore,null,true
1784622531111,bear,Sing,http://localhost:3251@brice,false
1784622531111,brice,Sing,http://localhost:3251@bear,false
1784622531663,alice,Talk,http://localhost:3251@Ant,true
1784622531663,Ant,Talk,http://localhost:3251@brice,false
1784622532465,Ant,Exercise,http://localhost:3251@brice,true
1784622532466,Bat,Play,http://localhost:3251@bear,true
1784622532468,bear,Play,http://localhost:3251@alice,true
1784622532468,brice,Exercise,http://localhost:3251@alice,false
1784622533873,Bee,Explore,null,false
1784622534052,brice,Explore,null,true
1784622534158,alice,Explore,null,false
1784622534705,Ant,Explore,null,true
1784622534706,Bat,Fight,http://localhost:3251@alice,true
1784622534707,brice,Fight,http://localhost:3251@Bat,false
1784622540127,Ant,Explore,null,false
1784622540129,Bat,Explore,null,true
1784622540506,bear,Sing,http://localhost:3251@Bee,true
1784622540506,Bee,Sing,http://localhost:3251@bear,false
1784622541095,alice,Exercise,http://localhost:3251@brice,false
1784622541095,brice,Exercise,http://localhost:3251@alice,false
1784622541535,Bat,Sing,http://localhost:3251@Bee,false
1784622541535,Bee,Sing,http://localhost:3251@Bat,true
1784622541828,Ant,Walk,http://localhost:3251@bear,false
1784622541829,bear,Walk,http://localhost:3251@Ant,false
1784622542268,alice,Exercise,http://localhost:3251@brice,true
1784622542268,Bat,Exercise,http://localhost:3251@alice,true
1784622543049,alice,Walk,http://localhost:3251@brice,true
1784622543049,brice,Walk,http://localhost:3251@alice,false
1784622543113,Bee,Explore,null,true
1784622543863,bear,Play,http://localhost:3251@brice,false
1784622543864,brice,Play,http://localhost:3251@bear,true
1784622544707,alice,Explore,null,false
1784622545396,Bee,Explore,null,false
1784622545513,bear,Explore,null,true
1784622545639,Bat,Dance,http://localhost:3251@brice,false
1784622545640,brice,Dance,http://localhost:3251@Bat,true
1784622546889,alice,Exercise,http://localhost:3251@Bat,false
1784622546891,Bat,Exercise,http://localhost:3251@alice,true
1784622547092,Bee,Explore,null,true
1784622547943,bear,Explore,null,false
1784622548329,Ant,Play,http://localhost:3251@brice,true
1784622548330,brice,Play,http://localhost:3251@Ant,false
1784622548645,alice,Fight,http://localhost:3251@Bee,false
1784622548647,Bee,Fight,http://localhost:3251@alice,true
1784622549625,Ant,Exercise,http://localhost:3251@brice,true
1784622549626,brice,Exercise,http://localhost:3251@Ant,false
1784622549763,alice,Fight,http://localhost:3251@Bee,false
1784622549765,Bee,Fight,http://localhost:3251@alice,true
1784622551301,Ant,Explore,null,false
1784622551302,brice,Explore,null,true
1784622551429,alice,Explore,null,false
1784622551931,bear,Exercise,http://localhost:3251@Bee,false
1784622551933,Bee,Exercise,http://localhost:3251@bear,false
1784622552155,Bat,Explore,null,true
1784622552646,Ant,Walk,http://localhost:3251@bear,false
1784622552647,bear,Walk,http://localhost:3251@Ant,true
1784622553295,alice,Dance,http://localhost:3251@brice,false
1784622553296,brice,Dance,http://localhost:3251@alice,true
1784622553657,alice,Fight,http://localhost:3251@Ant,false
1784622553659,Ant,Fight,http://localhost:3251@alice,true
1784622553659,Bat,Talk,http://localhost:3251@Bee,true
1784622553660,Bee,Talk,http://localhost:3251@Bat,false
1784622553976,bear,Dance,http://localhost:3251@brice,true
1784622553979,brice,Dance,http://localhost:3251@bear,true
1784622555027,alice,Dance,http://localhost:3251@Bee,false
1784622555028,Bee,Dance,http://localhost:3251@alice,false
1784622555341,Bat,Walk,http://localhost:3251@bear,true
1784622555342,bear,Walk,http://localhost:3251@Ant,false
1784622556368,alice,Walk,http://localhost:3251@brice,true
1784622556370,brice,Walk,http://localhost:3251@alice,true
1784622556978,Bat,Explore,null,false
1784622557493,Bee,Talk,http://localhost:3251@brice,false
1784622557494,brice,Talk,http://localhost:3251@Bee,true
1784622558102,Ant,Explore,null,false
1784622558588,Bat,Exercise,http://localhost:3251@bear,true
1784622558589,bear,Exercise,http://localhost:3251@Bee,false
1784622559368,alice,Explore,null,true
1784622559432,Ant,Dance,http://localhost:3251@Bat,true
1784622559433,Bat,Dance,http://localhost:3251@Ant,false
1784622559859,brice,Explore,null,false
1784622560275,Bat,Talk,http://localhost:3251@bear,true
1784622560275,bear,Talk,http://localhost:3251@Bat,true
1784622561389,Ant,Dance,http://localhost:3251@Bat,false
1784622561391,brice,Dance,http://localhost:3251@Ant,false
1784622561763,Bee,Explore,null,false
1784622562752,Ant,Sing,http://localhost:3251@bear,true
1784622562753,bear,Sing,http://localhost:3251@Ant,true
1784622562753,Bee,Sing,http://localhost:3251@brice,false
1784622562753,brice,Sing,http://localhost:3251@Bee,false
1784622563696,alice,Explore,null,false
1784622564380,Bat,Sing,http://localhost:3251@Bee,false
1784622564381,bear,Sing,http://localhost:3251@Bat,false
1784622565052,alice,Walk,http://localhost:3251@brice,true
1784622565053,Bat,Walk,http://localhost:3251@alice,true
1784622565721,Ant,Play,http://localhost:3251@bear,true
1784622565722,bear,Play,http://localhost:3251@brice,true
1784622566137,alice,Walk,http://localhost:3251@brice,false
1784622566139,brice,Walk,http://localhost:3251@alice,true
1784622566740,Bat,Walk,http://localhost:3251@Bee,true
1784622566741,Bee,Walk,http://localhost:3251@Bat,false
1784622567038,alice,Play,http://localhost:3251@Ant,true
1784622567039,Ant,Play,http://localhost:3251@alice,false
1784622567781,Ant,Play,http://localhost:3251@bear,true
1784622567782,bear,Play,http://localhost:3251@brice,true
1784622567968,alice,Exercise,http://localhost:3251@Bee,true
1784622567970,Bee,Exercise,http://localhost:3251@alice,true
1784622568963,Bat,Fight,http://localhost:3251@Bee,false
1784622568964,Bee,Fight,http://localhost:3251@alice,true
1784622569088,bear,Play,http://localhost:3251@brice,false
1784622569088,brice,Play,http://localhost:3251@bear,false
1784622569906,alice,Walk,http://localhost:3251@brice,false
1784622569906,bear,Walk,http://localhost:3251@alice,false
1784622570432,Bat,Walk,http://localhost:3251@brice,false
1784622570433,brice,Walk,http://localhost:3251@alice,true
1784622570496,Ant,Sing,http://localhost:3251@bear,true
1784622570496,Bee,Sing,http://localhost:3251@Ant,true
1784622570911,alice,Fight,http://localhost:3251@Bee,false
1784622570913,Ant,Fight,http://localhost:3251@alice,false
1784622571659,alice,Talk,http://localhost:3251@Bat,false
1784622571660,Bat,Talk,http://localhost:3251@alice,false
1784622571786,bear,Walk,http://localhost:3251@brice,false
1784622571789,brice,Walk,http://localhost:3251@alice,true
1784622571849,Ant,Play,http://localhost:3251@Bee,false
1784622571851,Bee,Play,http://localhost:3251@Ant,true
1784622572857,Ant,Fight,http://localhost:3251@alice,true
1784622572857,bear,Fight,http://localhost:3251@Ant,false
1784622573297,Bat,Explore,null,false
1784622573475,Bee,Explore,null,false
1784622573649,alice,Dance,http://localhost:3251@brice,true
1784622573650,brice,Dance,http://localhost:3251@alice,true
1784622574215,Ant,Sing,http://localhost:3251@bear,false
1784622574218,Bee,Sing,http://localhost:3251@Ant,true
1784622574939,Bat,Play,http://localhost:3251@bear,true
1784622574940,bear,Play,http://localhost:3251@brice,true
1784622574995,Bee,Dance,http://localhost:3251@brice,true
1784622574996,brice,Dance,http://localhost:3251@alice,true
1784622575356,alice,Talk,http://localhost:3251@Bat,true
1784622575357,Bat,Talk,http://localhost:3251@alice,true
1784622575974,bear,Talk,http://localhost:3251@Bat,true
1784622575975,brice,Talk,http://localhost:3251@bear,true
1784622576149,Ant,Exercise,http://localhost:3251@brice,false
1784622576150,Bat,Exercise,http://localhost:3251@Ant,false
1784622577265,Bat,Sing,http://localhost:3251@brice,true
1784622577267,brice,Sing,http://localhost:3251@Bee,false
1784622577323,Bee,Explore,null,false
1784622577627,alice,Explore,null,true
1784622577754,Ant,Explore,null,true
1784622578887,Bat,Explore,null,false
1784622578888,brice,Explore,null,true
1784622578952,Bee,Explore,null,true
1784622579578,alice,Walk,http://localhost:3251@brice,false
1784622579580,Bee,Walk,http://localhost:3251@alice,true
1784622579769,Ant,Sing,http://localhost:3251@bear,true
1784622579771,bear,Sing,http://localhost:3251@Ant,false
1784622580540,Bat,Explore,null,false
1784622580846,Ant,Talk,http://localhost:3251@brice,true
1784622580848,brice,Talk,http://localhost:3251@Ant,false
1784622581329,Ant,Fight,http://localhost:3251@Bee,false
1784622581330,Bee,Fight,http://localhost:3251@alice,true
1784622581834,bear,Dance,http://localhost:3251@brice,true
1784622581836,brice,Dance,http://localhost:3251@bear,true
1784622582431,alice,Exercise,http://localhost:3251@Bat,false
1784622582433,Bat,Exercise,http://localhost:3251@alice,false
1784622582861,alice,Fight,http://localhost:3251@bear,false
1784622582863,bear,Fight,http://localhost:3251@alice,true
1784622583051,Ant,Fight,http://localhost:3251@alice,false
1784622583053,Bat,Fight,http://localhost:3251@Ant,false
1784622583410,Bee,Sing,http://localhost:3251@bear,true
1784622583411,brice,Sing,http://localhost:3251@Bee,false
1784622584270,alice,Dance,http://localhost:3251@brice,false
1784622584270,brice,Dance,http://localhost:3251@alice,true
1784622584495,bear,Explore,null,true
1784622584684,Ant,Explore,null,true
1784622585111,Bee,Explore,null,true
1784622585346,Bat,Explore,null,false
1784622585947,alice,Explore,null,true
1784622586140,bear,Explore,null,true
1784622586303,Ant,Explore,null,true
1784622586416,Bee,Play,http://localhost:3251@Ant,false
1784622586417,brice,Play,http://localhost:3251@Bee,false
1784622586874,alice,Walk,http://localhost:3251@Bat,true
1784622586877,Bat,Walk,http://localhost:3251@alice,true
1784622587332,alice,Fight,http://localhost:3251@Ant,true
1784622587333,Ant,Fight,http://localhost:3251@alice,true
1784622587750,bear,Explore,null,false
1784622588225,Bat,Walk,http://localhost:3251@alice,false
1784622588227,Bee,Walk,http://localhost:3251@Bat,true
1784622588741,brice,Explore,null,false
1784622589432,alice,Walk,http://localhost:3251@brice,false
1784622589433,brice,Walk,http://localhost:3251@alice,true
1784622589731,Ant,Sing,http://localhost:3251@bear,false
1784622589731,bear,Sing,http://localhost:3251@Ant,true
1784622590275,alice,Walk,http://localhost:3251@Bat,false
1784622590275,Bat,Walk,http://localhost:3251@alice,false
1784622590490,Bee,Explore,null,true
1784622590968,Ant,Exercise,http://localhost:3251@brice,false
1784622590970,brice,Exercise,http://localhost:3251@Ant,false
1784622591565,Bat,Sing,http://localhost:3251@Bee,false
1784622591567,bear,Sing,http://localhost:3251@Bat,true
1784622592099,Bee,Explore,null,false
1784622592596,alice,Explore,null,true
1784622592922,Ant,Sing,http://localhost:3251@bear,false
1784622592923,Bat,Play,http://localhost:3251@brice,false
1784622592924,bear,Sing,http://localhost:3251@Ant,false
1784622592924,brice,Play,http://localhost:3251@Bat,true
1784622594179,bear,Exercise,http://localhost:3251@brice,true
1784622594180,brice,Exercise,http://localhost:3251@bear,false
1784622594468,Bee,Explore,null,true
1784622594595,Ant,Explore,null,true
1784622594597,Bat,Explore,null,true
1784622595899,Ant,Walk,http://localhost:3251@bear,true
1784622595901,Bat,Walk,http://localhost:3251@alice,true
1784622595902,bear,Walk,http://localhost:3251@Bat,false
1784622595902,Bee,Walk,http://localhost:3251@Ant,false
1784622596676,alice,Play,http://localhost:3251@Bat,true
1784622596677,Bat,Play,http://localhost:3251@alice,false
1784622597039,Ant,Talk,http://localhost:3251@brice,false
1784622597040,brice,Talk,http://localhost:3251@Ant,true
1784622597985,Bat,Walk,http://localhost:3251@alice,false
1784622597986,Bee,Walk,http://localhost:3251@Bat,false
1784622598238,alice,Fight,http://localhost:3251@bear,true
1784622598239,bear,Fight,http://localhost:3251@alice,false
1784622598660,Ant,Explore,null,false
1784622598795,alice,Talk,http://localhost:3251@brice,false
1784622598795,brice,Talk,http://localhost:3251@Bee,false
1784622599318,Ant,Sing,http://localhost:3251@Bat,true
1784622599319,Bat,Sing,http://localhost:3251@Bee,true
1784622600111,Bee,Dance,http://localhost:3251@brice,true
1784622600112,brice,Dance,http://localhost:3251@alice,true
1784622600237,Ant,Dance,http://localhost:3251@bear,true
1784622600237,bear,Dance,http://localhost:3251@brice,true
1784622600421,alice,Explore,null,true
1784622601484,alice,Walk,http://localhost:3251@Bee,false
1784622601485,Bee,Walk,http://localhost:3251@Bat,false
1784622601814,brice,Explore,null,false
1784622602384,Bat,Fight,http://localhost:3251@Bee,true
1784622602385,Bee,Fight,http://localhost:3251@Bat,true
1784622603107,Ant,Walk,http://localhost:3251@brice,false
1784622603108,brice,Walk,http://localhost:3251@alice,false
1784622603645,Ant,Exercise,http://localhost:3251@bear,false
1784622603645,bear,Exercise,http://localhost:3251@Bee,false
1784622604961,Ant,Walk,http://localhost:3251@bear,true
1784622604962,Bat,Walk,http://localhost:3251@Ant,false
1784622605257,bear,Explore,null,true
1784622605450,brice,Explore,null,false
1784622606532,Ant,Walk,http://localhost:3251@bear,true
1784622606533,Bat,Explore,null,false
1784622606534,bear,Walk,http://localhost:3251@Ant,false
1784622607440,Bee,Dance,http://localhost:3251@brice,true
1784622607441,brice,Dance,http://localhost:3251@alice,true
1784622607558,Bat,Talk,http://localhost:3251@bear,false
1784622607559,bear,Talk,http://localhost:3251@Bat,true
1784622608186,Ant,Explore,null,false
1784622608930,Ant,Play,http://localhost:3251@bear,false
1784622608931,bear,Play,http://localhost:3251@brice,false
1784622609055,alice,Explore,null,true
1784622609487,Bat,Exercise,http://localhost:3251@alice,false
1784622609487,Bee,Exercise,http://localhost:3251@Bat,true
1784622610696,Bat,Talk,http://localhost:3251@bear,false
1784622610696,bear,Talk,http://localhost:3251@Bat,true
1784622611198,alice,Play,http://localhost:3251@Bat,true
1784622611198,Ant,Play,http://localhost:3251@alice,false
1784622611474,Bee,Dance,http://localhost:3251@alice,false
1784622611474,brice,Dance,http://localhost:3251@Bee,false
1784622612485,Ant,Dance,http://localhost:3251@Bat,true
1784622612486,Bat,Dance,http://localhost:3251@Ant,true
1784622613013,bear,Explore,null,true
1784622613712,brice,Explore,null,false
1784622613845,alice,Sing,http://localhost:3251@Ant,true
1784622613846,Ant,Sing,http://localhost:3251@bear,false
1784622614211,bear,Dance,http://localhost:3251@Bee,true
1784622614211,Bee,Dance,http://localhost:3251@alice,false
1784622614989,alice,Talk,http://localhost:3251@Bat,false
1784622614990,Bee,Talk,http://localhost:3251@alice,true
1784622615052,bear,Dance,http://localhost:3251@brice,false
1784622615053,brice,Dance,http://localhost:3251@alice,true
1784622615810,Ant,Dance,http://localhost:3251@Bat,false
1784622615811,Bat,Dance,http://localhost:3251@brice,false
1784622616358,alice,Play,http://localhost:3251@Bat,false
1784622616358,bear,Play,http://localhost:3251@alice,false
1784622617089,Bee,Sing,http://localhost:3251@brice,true
1784622617090,brice,Sing,http://localhost:3251@Bee,true
1784622617518,Bat,Talk,http://localhost:3251@alice,false
1784622617518,Bee,Talk,http://localhost:3251@Bat,false
1784622618107,Ant,Talk,http://localhost:3251@bear,false
1784622618107,bear,Talk,http://localhost:3251@Bat,false
1784622618604,alice,Talk,http://localhost:3251@Bee,false
1784622618605,Bee,Talk,http://localhost:3251@Bat,true
1784622618856,bear,Talk,http://localhost:3251@brice,true
1784622618857,brice,Talk,http://localhost:3251@Bee,true
1784622619640,Ant,Walk,http://localhost:3251@Bat,true
1784622619642,Bat,Walk,http://localhost:3251@alice,false
1784622620480,brice,Explore,null,true
1784622620797,alice,Dance,http://localhost:3251@Bee,true
1784622620797,Bee,Dance,http://localhost:3251@alice,false
1784622621287,alice,Fight,http://localhost:3251@bear,false
1784622621287,bear,Fight,http://localhost:3251@alice,false
1784622621340,Bat,Talk,http://localhost:3251@alice,false
1784622621341,brice,Talk,http://localhost:3251@Bat,false
1784622622299,Ant,Play,http://localhost:3251@alice,false
1784622622300,Bee,Play,http://localhost:3251@Ant,false
1784622622613,bear,Sing,http://localhost:3251@Ant,true
1784622622614,brice,Sing,http://localhost:3251@bear,false
1784622622912,alice,Explore,null,false
1784622623209,Bat,Explore,null,false
1784622623623,alice,Walk,http://localhost:3251@Bee,true
1784622623624,Ant,Play,http://localhost:3251@alice,true
1784622623624,bear,Play,http://localhost:3251@Ant,false
1784622623625,Bee,Walk,http://localhost:3251@Bat,true
1784622624912,brice,Explore,null,false
1784622625099,alice,Exercise,http://localhost:3251@Bat,false
1784622625100,Bat,Exercise,http://localhost:3251@alice,true
1784622625278,Bee,Explore,null,true
1784622626275,alice,Dance,http://localhost:3251@bear,true
1784622626276,bear,Dance,http://localhost:3251@brice,true
1784622626641,bear,Fight,http://localhost:3251@brice,false
1784622626642,brice,Fight,http://localhost:3251@bear,false
1784622626699,Bat,Explore,null,false
1784622627640,Bat,Fight,http://localhost:3251@bear,false
1784622627641,bear,Fight,http://localhost:3251@alice,true
1784622627703,Ant,Walk,http://localhost:3251@bear,true
1784622627704,Bee,Walk,http://localhost:3251@Ant,false
1784622627889,alice,Explore,null,true
1784622628739,Bee,Fight,http://localhost:3251@alice,false
1784622628740,brice,Fight,http://localhost:3251@Bee,true
1784622628858,alice,Exercise,http://localhost:3251@bear,false
1784622628858,bear,Exercise,http://localhost:3251@Bee,true
1784622629297,Bat,Explore,null,true
1784622629927,bear,Talk,http://localhost:3251@Bat,true
1784622629928,brice,Talk,http://localhost:3251@bear,true
1784622630226,alice,Walk,http://localhost:3251@brice,true
1784622630227,Ant,Walk,http://localhost:3251@alice,true
1784622630406,Bat,Talk,http://localhost:3251@alice,true
1784622630407,bear,Talk,http://localhost:3251@Bat,false
1784622631948,Bat,Fight,http://localhost:3251@Bee,false
1784622631948,Bee,Fight,http://localhost:3251@alice,true
1784622632199,alice,Play,http://localhost:3251@Bat,true
1784622632199,brice,Play,http://localhost:3251@alice,false
1784622632498,Ant,Explore,null,false
1784622632989,Ant,Talk,http://localhost:3251@Bat,false
1784622632990,Bat,Talk,http://localhost:3251@alice,true
1784622633434,bear,Explore,null,false
1784622633881,alice,Explore,null,true
1784622634323,Bee,Explore,null,true
1784622634815,bear,Sing,http://localhost:3251@Ant,false
1784622634816,brice,Sing,http://localhost:3251@bear,true
1784622635349,Ant,Explore,null,false
1784622635645,alice,Play,http://localhost:3251@Bee,false
1784622635646,Bee,Play,http://localhost:3251@Ant,false
1784622636363,Bat,Walk,http://localhost:3251@alice,true
1784622636363,brice,Walk,http://localhost:3251@Bat,false
1784622636491,bear,Explore,null,false
1784622637341,Ant,Walk,http://localhost:3251@bear,true
1784622637342,brice,Walk,http://localhost:3251@Ant,false
1784622638334,alice,Sing,http://localhost:3251@Bat,true
1784622638335,Bat,Sing,http://localhost:3251@alice,false
1784622638771,Ant,Play,http://localhost:3251@alice,false
1784622638772,bear,Play,http://localhost:3251@Ant,true
1784622639391,Bee,Explore,null,true
1784622639779,brice,Explore,null,false
1784622640518,Ant,Explore,null,false
1784622640708,alice,Explore,null,false
1784622640709,Bat,Explore,null,true
1784622641990,alice,Dance,http://localhost:3251@brice,false
1784622641992,bear,Dance,http://localhost:3251@alice,true
1784622642117,brice,Explore,null,false
1784622643066,Bat,Explore,null,false
1784622643329,bear,Sing,http://localhost:3251@Ant,false
1784622643329,brice,Sing,http://localhost:3251@bear,true
1784622644596,Bee,Explore,null,true
1784622644659,Bat,Play,http://localhost:3251@bear,true
1784622644659,bear,Play,http://localhost:3251@brice,false
1784622644711,alice,Walk,http://localhost:3251@brice,false
1784622644712,Ant,Walk,http://localhost:3251@alice,true
1784622646005,alice,Exercise,http://localhost:3251@brice,false
1784622646008,brice,Exercise,http://localhost:3251@alice,false
1784622646062,Bat,Sing,http://localhost:3251@Bee,true
1784622646063,Bee,Sing,http://localhost:3251@bear,true
1784622646741,Ant,Walk,http://localhost:3251@bear,false
1784622646742,brice,Walk,http://localhost:3251@Ant,true
1784622647038,bear,Talk,http://localhost:3251@Bat,false
1784622647039,Bee,Talk,http://localhost:3251@bear,false
1784622647402,alice,Walk,http://localhost:3251@brice,true
1784622647403,Ant,Walk,http://localhost:3251@alice,true
1784622648074,alice,Play,http://localhost:3251@Bat,false
1784622648076,Bat,Play,http://localhost:3251@brice,false
1784622648375,brice,Explore,null,true
1784622648752,bear,Explore,null,false
1784622649739,Bat,Explore,null,true
1784622650043,brice,Explore,null,false
1784622650106,alice,Sing,http://localhost:3251@bear,true
1784622650106,bear,Sing,http://localhost:3251@Ant,false
1784622650455,Ant,Sing,http://localhost:3251@Bee,false
1784622650456,Bee,Sing,http://localhost:3251@bear,false
1784622650990,Bat,Exercise,http://localhost:3251@alice,false
1784622650991,bear,Exercise,http://localhost:3251@Bat,false
1784622651735,alice,Explore,null,true
1784622652634,bear,Explore,null,true
1784622653132,Bee,Sing,http://localhost:3251@bear,false
1784622653133,brice,Sing,http://localhost:3251@Bee,false
1784622653311,Bat,Explore,null,true
1784622653427,Ant,Explore,null,false
1784622654240,alice,Explore,null,false
1784622654301,bear,Explore,null,false
1784622654647,Ant,Walk,http://localhost:3251@Bat,true
1784622654649,Bat,Walk,http://localhost:3251@alice,false
1784622654773,Bee,Explore,null,true
1784622655815,bear,Walk,http://localhost:3251@brice,true
1784622655817,brice,Walk,http://localhost:3251@alice,false
1784622656964,alice,Walk,http://localhost:3251@brice,true
1784622656965,brice,Walk,http://localhost:3251@alice,false
1784622657317,Bat,Sing,http://localhost:3251@Bee,true
1784622657318,Bee,Sing,http://localhost:3251@Bat,false
1784622658055,alice,Walk,http://localhost:3251@Ant,false
1784622658058,Ant,Walk,http://localhost:3251@bear,false
1784622658106,bear,Explore,null,true
1784622658975,Bat,Explore,null,false
1784622658978,Bee,Dance,http://localhost:3251@brice,true
1784622658979,brice,Dance,http://localhost:3251@alice,true
1784622659101,Ant,Talk,http://localhost:3251@brice,false
1784622659102,bear,Talk,http://localhost:3251@Ant,false
1784622659718,alice,Explore,null,true
1784622660026,Ant,Talk,http://localhost:3251@brice,true
1784622660027,brice,Talk,http://localhost:3251@Bee,false
1784622660456,Bat,Play,http://localhost:3251@bear,false
1784622660457,bear,Play,http://localhost:3251@brice,false
1784622661333,Bee,Explore,null,false
1784622661383,alice,Explore,null,false
1784622661808,Ant,Walk,http://localhost:3251@bear,true
1784622661809,bear,Walk,http://localhost:3251@Ant,true
1784622662658,alice,Dance,http://localhost:3251@brice,true
1784622662659,brice,Dance,http://localhost:3251@alice,false
1784622662716,Bat,Explore,null,false
1784622662961,Bee,Explore,null,true
1784622663490,bear,Explore,null,true
1784622664051,Ant,Sing,http://localhost:3251@Bat,false
1784622664052,Bat,Sing,http://localhost:3251@Bee,true
1784622664596,Bee,Explore,null,true
1784622664715,alice,Exercise,http://localhost:3251@bear,true
1784622664716,bear,Exercise,http://localhost:3251@Bee,false
1784622664946,brice,Explore,null,false
1784622665366,alice,Dance,http://localhost:3251@Ant,true
1784622665367,Ant,Dance,http://localhost:3251@Bat,true
1784622666004,alice,Dance,http://localhost:3251@bear,false
1784622666004,bear,Dance,http://localhost:3251@brice,true
1784622666139,Ant,Walk,http://localhost:3251@Bat,false
1784622666141,Bat,Walk,http://localhost:3251@alice,true
1784622667333,Bee,Dance,http://localhost:3251@alice,false
1784622667335,brice,Dance,http://localhost:3251@Bee,true
1784622667894,alice,Sing,http://localhost:3251@bear,false
1784622667896,bear,Sing,http://localhost:3251@Ant,false
1784622668384,Bat,Explore,null,false
1784622668605,alice,Sing,http://localhost:3251@Bee,false
1784622668607,Bee,Sing,http://localhost:3251@bear,false
1784622669188,Ant,Explore,null,false
1784622669188,bear,Walk,http://localhost:3251@Ant,true
1784622669188,brice,Walk,http://localhost:3251@bear,true
1784622669877,alice,Sing,http://localhost:3251@Bat,true
1784622669878,Ant,Sing,http://localhost:3251@alice,true
1784622670173,bear,Talk,http://localhost:3251@Bat,false
1784622670173,Bee,Talk,http://localhost:3251@bear,true
1784622671101,bear,Play,http://localhost:3251@brice,false
1784622671102,brice,Play,http://localhost:3251@Ant,true
1784622671446,alice,Exercise,http://localhost:3251@Bat,true
1784622671447,Bat,Exercise,http://localhost:3251@alice,false
1784622671790,Ant,Walk,http://localhost:3251@bear,true
1784622671791,brice,Walk,http://localhost:3251@Ant,true
1784622672033,bear,Exercise,http://localhost:3251@Bee,false
1784622672034,Bee,Exercise,http://localhost:3251@alice,false
1784622672575,alice,Talk,http://localhost:3251@Bat,true
1784622672575,Bee,Talk,http://localhost:3251@alice,true
1784622673297,alice,Dance,http://localhost:3251@bear,true
1784622673298,bear,Dance,http://localhost:3251@brice,false
1784622673678,Bee,Dance,http://localhost:3251@brice,true
1784622673679,brice,Dance,http://localhost:3251@alice,false
1784622674565,Bat,Sing,http://localhost:3251@bear,true
1784622674565,bear,Sing,http://localhost:3251@Ant,true
1784622674860,alice,Explore,null,true
1784622675329,Bee,Explore,null,false
1784622675638,Ant,Exercise,http://localhost:3251@brice,true
1784622675639,brice,Exercise,http://localhost:3251@Ant,false
1784622675886,alice,Walk,http://localhost:3251@Bat,true
1784622675886,Bat,Walk,http://localhost:3251@alice,true
1784622676931,Bee,Explore,null,true
1784622677214,brice,Explore,null,false
1784622677434,alice,Explore,null,true
1784622677435,bear,Explore,null,false
1784622678346,Ant,Walk,http://localhost:3251@bear,true
1784622678347,Bat,Walk,http://localhost:3251@Ant,true
1784622678589,Bee,Explore,null,true
1784622679444,alice,Walk,http://localhost:3251@brice,false
1784622679445,Ant,Walk,http://localhost:3251@alice,true
1784622679446,bear,Dance,http://localhost:3251@brice,false
1784622679446,brice,Dance,http://localhost:3251@bear,true
1784622680703,Bat,Explore,null,true
1784622681088,bear,Fight,http://localhost:3251@alice,false
1784622681089,brice,Fight,http://localhost:3251@bear,false
1784622681937,bear,Sing,http://localhost:3251@Bee,false
1784622681937,Bee,Sing,http://localhost:3251@bear,false
1784622681990,alice,Play,http://localhost:3251@Bat,true
1784622681991,Bat,Play,http://localhost:3251@brice,false
1784622682927,alice,Talk,http://localhost:3251@bear,false
1784622682928,bear,Talk,http://localhost:3251@Bat,false
1784622683749,Bee,Dance,http://localhost:3251@brice,true
1784622683750,brice,Dance,http://localhost:3251@alice,true
1784622684519,bear,Explore,null,false
1784622685159,Ant,Explore,null,false
1784622685342,Bee,Explore,null,false
1784622685586,Bat,Explore,null,true
1784622685821,bear,Play,http://localhost:3251@brice,true
1784622685822,brice,Play,http://localhost:3251@bear,false
1784622686923,Bee,Explore,null,false
1784622687394,Ant,Explore,null,false
1784622687456,alice,Exercise,http://localhost:3251@brice,true
1784622687458,Bat,Exercise,http://localhost:3251@alice,false
1784622687459,Bee,Exercise,http://localhost:3251@Bat,false
1784622687459,brice,Exercise,http://localhost:3251@alice,false
1784622688509,bear,Dance,http://localhost:3251@brice,true
1784622688509,brice,Dance,http://localhost:3251@bear,true
1784622689109,Bee,Explore,null,true
1784622689743,alice,Explore,null,false
1784622689801,Bee,Dance,http://localhost:3251@brice,false
1784622689801,brice,Dance,http://localhost:3251@alice,true
1784622690023,Ant,Sing,http://localhost:3251@bear,true
1784622690024,Bat,Sing,http://localhost:3251@Ant,false
1784622690086,bear,Explore,null,false
1784622691056,alice,Sing,http://localhost:3251@Bat,false
1784622691057,Ant,Sing,http://localhost:3251@alice,true
1784622691358,Bat,Play,http://localhost:3251@brice,true
1784622691359,bear,Play,http://localhost:3251@Bat,false
1784622691463,brice,Explore,null,true
1784622692225,alice,Exercise,http://localhost:3251@brice,true
1784622692226,Bat,Exercise,http://localhost:3251@alice,false
1784622692701,Bee,Explore,null,true
1784622692763,bear,Sing,http://localhost:3251@brice,false
1784622692763,brice,Sing,http://localhost:3251@Bee,true
1784622693380,Bat,Exercise,http://localhost:3251@alice,true
1784622693381,Bee,Exercise,http://localhost:3251@Bat,true
1784622693625,alice,Walk,http://localhost:3251@Ant,false
1784622693626,Ant,Walk,http://localhost:3251@bear,true
1784622694059,Bat,Walk,http://localhost:3251@brice,true
1784622694060,brice,Walk,http://localhost:3251@alice,true
1784622694711,alice,Play,http://localhost:3251@Bee,true
1784622694712,Ant,Sing,http://localhost:3251@bear,false
1784622694713,bear,Sing,http://localhost:3251@Ant,true
1784622694714,Bee,Play,http://localhost:3251@Ant,true
1784622695393,Bat,Sing,http://localhost:3251@Bee,true
1784622695394,bear,Sing,http://localhost:3251@Bat,false
1784622695395,Bee,Play,http://localhost:3251@brice,false
1784622695395,brice,Play,http://localhost:3251@Ant,false
1784622696046,alice,Dance,http://localhost:3251@brice,true
1784622696047,Ant,Dance,http://localhost:3251@Bat,true
1784622696048,bear,Dance,http://localhost:3251@alice,false
1784622696048,Bee,Dance,http://localhost:3251@Ant,true
1784622696699,Bee,Dance,http://localhost:3251@brice,true
1784622696699,brice,Dance,http://localhost:3251@alice,true
1784622697629,alice,Explore,null,true
1784622697631,Ant,Explore,null,true
1784622698987,Bat,Explore,null,true
1784622699296,alice,Walk,http://localhost:3251@brice,true
1784622699296,brice,Walk,http://localhost:3251@alice,false
1784622700635,Bat,Sing,http://localhost:3251@brice,true
1784622700636,brice,Sing,http://localhost:3251@Bee,false
1784622700997,alice,Play,http://localhost:3251@Ant,true
1784622700997,Ant,Play,http://localhost:3251@alice,true
1784622701359,bear,Sing,http://localhost:3251@Ant,false
1784622701359,brice,Sing,http://localhost:3251@bear,true
1784622701646,Bee,Explore,null,true
1784622702679,alice,Play,http://localhost:3251@Bat,false
1784622702680,Bat,Play,http://localhost:3251@brice,false
1784622702984,Ant,Sing,http://localhost:3251@bear,false
1784622702984,brice,Sing,http://localhost:3251@Ant,false
1784622703293,Bee,Explore,null,true
1784622703700,alice,Fight,http://localhost:3251@Bee,true
1784622703702,brice,Fight,http://localhost:3251@alice,false
1784622704289,Ant,Walk,http://localhost:3251@bear,false
1784622704289,Bat,Walk,http://localhost:3251@Ant,true
1784622705012,bear,Explore,null,true
1784622705491,alice,Exercise,http://localhost:3251@Ant,true
1784622705492,Ant,Exercise,http://localhost:3251@brice,false
1784622705943,Bee,Walk,http://localhost:3251@Bat,true
1784622705944,brice,Walk,http://localhost:3251@Bee,false
1784622706900,Bat,Sing,http://localhost:3251@Bee,true
1784622706901,bear,Sing,http://localhost:3251@Bat,false
1784622707611,Bee,Explore,null,false
1784622708774,Ant,Dance,http://localhost:3251@Bat,false
1784622708775,bear,Dance,http://localhost:3251@Ant,false
1784622709587,alice,Dance,http://localhost:3251@brice,false
1784622709588,bear,Dance,http://localhost:3251@alice,true
1784622709650,brice,Explore,null,true
1784622710240,alice,Exercise,http://localhost:3251@Bee,true
1784622710241,Bee,Exercise,http://localhost:3251@alice,true
1784622710938,Bat,Sing,http://localhost:3251@brice,false
1784622710939,brice,Sing,http://localhost:3251@Bee,false
1784622711165,bear,Explore,null,true
1784622711909,alice,Fight,http://localhost:3251@Bee,false
1784622711909,brice,Fight,http://localhost:3251@alice,false
1784622712606,Bee,Explore,null,true
1784622712919,alice,Play,http://localhost:3251@Ant,true
1784622712921,Ant,Play,http://localhost:3251@alice,false
1784622713271,Bat,Walk,http://localhost:3251@brice,false
1784622713272,brice,Walk,http://localhost:3251@alice,true
1784622713579,Ant,Talk,http://localhost:3251@bear,true
1784622713580,bear,Talk,http://localhost:3251@Bat,false
1784622714259,Bee,Explore,null,true
1784622714613,alice,Explore,null,false
1784622714935,brice,Explore,null,false
1784622715584,alice,Play,http://localhost:3251@bear,false
1784622715584,Ant,Sing,http://localhost:3251@bear,true
1784622715585,Bat,Sing,http://localhost:3251@Ant,false
1784622715585,bear,Play,http://localhost:3251@brice,false
1784622715893,Bee,Explore,null,false
1784622715956,Bat,Fight,http://localhost:3251@brice,true
1784622715958,brice,Fight,http://localhost:3251@bear,false
1784622716805,bear,Exercise,http://localhost:3251@Bee,true
1784622716806,brice,Exercise,http://localhost:3251@bear,true
1784622716931,alice,Dance,http://localhost:3251@brice,false
1784622716931,Bee,Dance,http://localhost:3251@alice,false
1784622717324,Ant,Explore,null,false
1784622718076,alice,Play,http://localhost:3251@brice,false
1784622718077,Bat,Walk,http://localhost:3251@bear,true
1784622718078,bear,Walk,http://localhost:3251@Ant,true
1784622718078,brice,Play,http://localhost:3251@Ant,true
1784622718951,Bat,Sing,http://localhost:3251@Bee,false
1784622718952,Bee,Sing,http://localhost:3251@bear,false
1784622719431,Ant,Dance,http://localhost:3251@bear,true
1784622719432,bear,Dance,http://localhost:3251@brice,true
1784622720142,Bee,Dance,http://localhost:3251@brice,false
1784622720143,brice,Dance,http://localhost:3251@alice,false
1784622720575,Bat,Talk,http://localhost:3251@alice,true
1784622720576,Bee,Talk,http://localhost:3251@Bat,false
1784622720978,alice,Talk,http://localhost:3251@Bat,false
1784622720979,brice,Talk,http://localhost:3251@alice,true
1784622721347,Bat,Walk,http://localhost:3251@bear,true
1784622721348,bear,Walk,http://localhost:3251@Ant,true
1784622722322,alice,Play,http://localhost:3251@Bat,false
1784622722324,Ant,Play,http://localhost:3251@alice,false
1784622722604,Bat,Walk,http://localhost:3251@Bee,true
1784622722605,Bee,Walk,http://localhost:3251@Bat,true
1784622722659,bear,Dance,http://localhost:3251@brice,false
1784622722659,brice,Dance,http://localhost:3251@bear,false
1784622723638,alice,Dance,http://localhost:3251@brice,true
1784622723639,bear,Dance,http://localhost:3251@alice,true
1784622724462,Bee,Walk,http://localhost:3251@Bat,false
1784622724463,brice,Walk,http://localhost:3251@Bee,true
1784622724603,Ant,Fight,http://localhost:3251@bear,true
1784622724604,bear,Fight,http://localhost:3251@alice,true
1784622724834,Bat,Explore,null,true
1784622725513,alice,Dance,http://localhost:3251@brice,true
1784622725514,bear,Dance,http://localhost:3251@alice,true
1784622726102,Bat,Fight,http://localhost:3251@Bee,true
1784622726104,Bee,Fight,http://localhost:3251@alice,true
1784622726690,brice,Explore,null,true
1784622726805,Bat,Dance,http://localhost:3251@bear,true
1784622726805,bear,Dance,http://localhost:3251@brice,true
1784622727446,alice,Dance,http://localhost:3251@brice,true
1784622727447,Bat,Dance,http://localhost:3251@alice,true
1784622727505,Bee,Walk,http://localhost:3251@Bat,true
1784622727507,brice,Walk,http://localhost:3251@Bee,false
1784622727951,Ant,Sing,http://localhost:3251@bear,false
1784622727952,bear,Sing,http://localhost:3251@Ant,true
1784622728688,alice,Walk,http://localhost:3251@brice,false
1784622728689,Ant,Walk,http://localhost:3251@alice,true
1784622728907,bear,Fight,http://localhost:3251@alice,true
1784622728908,brice,Fight,http://localhost:3251@bear,true
1784622729757,Bat,Fight,http://localhost:3251@Bee,true
1784622729758,brice,Fight,http://localhost:3251@Bat,true
1784622730153,bear,Walk,http://localhost:3251@Ant,false
1784622730154,Bee,Walk,http://localhost:3251@bear,true
1784622730211,alice,Explore,null,false
1784622731065,alice,Play,http://localhost:3251@brice,true
1784622731066,brice,Play,http://localhost:3251@Ant,false
1784622731581,alice,Fight,http://localhost:3251@Ant,true
1784622731606,Ant,Fight,http://localhost:3251@alice,false
1784622731693,Bee,Explore,null,false
1784622731919,Bat,Explore,null,true
1784622732412,Bat,Talk,http://localhost:3251@bear,true
1784622732413,bear,Talk,http://localhost:3251@Bat,false
1784622732845,alice,Sing,http://localhost:3251@Ant,true
1784622732846,Ant,Sing,http://localhost:3251@bear,true
1784622733295,Bee,Explore,null,true
1784622733543,Ant,Dance,http://localhost:3251@brice,true
1784622733544,brice,Dance,http://localhost:3251@alice,false
1784622734104,alice,Dance,http://localhost:3251@brice,false
1784622734105,bear,Dance,http://localhost:3251@alice,true
1784622734508,Ant,Talk,http://localhost:3251@brice,false
1784622734509,Bat,Talk,http://localhost:3251@Ant,true
1784622734896,Bee,Explore,null,true
1784622735744,brice,Explore,null,true
1784622735795,Ant,Play,http://localhost:3251@alice,false
1784622735797,bear,Play,http://localhost:3251@Ant,false
1784622736647,alice,Sing,http://localhost:3251@Bat,false
1784622736648,bear,Sing,http://localhost:3251@alice,true
1784622736714,Bat,Explore,null,true
1784622736780,Ant,Fight,http://localhost:3251@alice,true
1784622736780,Bee,Fight,http://localhost:3251@Ant,true
1784622737398,Bat,Talk,http://localhost:3251@brice,false
1784622737399,brice,Talk,http://localhost:3251@Bee,false
1784622737914,Ant,Walk,http://localhost:3251@bear,false
1784622737915,bear,Walk,http://localhost:3251@Ant,false
1784622738143,alice,Walk,http://localhost:3251@Bee,true
1784622738144,Bee,Walk,http://localhost:3251@Bat,false
1784622738729,Bat,Sing,http://localhost:3251@Bee,true
1784622738730,brice,Sing,http://localhost:3251@Bat,false
1784622739404,alice,Dance,http://localhost:3251@brice,true
1784622739405,bear,Dance,http://localhost:3251@alice,true
1784622739406,Bee,Walk,http://localhost:3251@Bat,true
1784622739406,brice,Walk,http://localhost:3251@Bee,true
1784622739527,Ant,Explore,null,true
1784622740144,Bat,Sing,http://localhost:3251@Bee,true
1784622740145,Bee,Sing,http://localhost:3251@Bat,true
1784622740369,alice,Talk,http://localhost:3251@Bat,true
1784622740370,Ant,Talk,http://localhost:3251@alice,false
1784622740947,bear,Explore,null,true
1784622741267,alice,Exercise,http://localhost:3251@Bat,true
1784622741268,Bat,Exercise,http://localhost:3251@alice,false
1784622741681,Ant,Dance,http://localhost:3251@Bat,false
1784622741683,bear,Dance,http://localhost:3251@Ant,false
1784622742181,brice,Explore,null,false
1784622742528,alice,Sing,http://localhost:3251@Bat,true
1784622742529,Bee,Sing,http://localhost:3251@alice,false
1784622743134,Ant,Dance,http://localhost:3251@Bat,false
1784622743135,Bat,Dance,http://localhost:3251@brice,true
1784622743135,Bee,Fight,http://localhost:3251@brice,true
1784622743136,brice,Fight,http://localhost:3251@bear,true
1784622744500,bear,Explore,null,false
1784622744748,alice,Explore,null,false
1784622745178,Ant,Sing,http://localhost:3251@bear,false
1784622745178,Bat,Sing,http://localhost:3251@Ant,false
1784622745179,bear,Sing,http://localhost:3251@brice,true
1784622745179,brice,Sing,http://localhost:3251@Bee,true
1784622745585,alice,Talk,http://localhost:3251@Bee,true
1784622745585,Bee,Talk,http://localhost:3251@Bat,false
1784622746494,alice,Dance,http://localhost:3251@bear,false
1784622746494,bear,Dance,http://localhost:3251@brice,false
1784622746495,Bee,Sing,http://localhost:3251@brice,true
1784622746495,brice,Sing,http://localhost:3251@Bee,false
1784622746794,Bat,Explore,null,true
1784622747486,Ant,Explore,null,true
1784622747486,Bat,Fight,http://localhost:3251@Bee,false
1784622747487,Bee,Fight,http://localhost:3251@alice,false
1784622748410,Bat,Play,http://localhost:3251@brice,true
1784622748411,brice,Play,http://localhost:3251@Ant,false
1784622748465,alice,Dance,http://localhost:3251@brice,true
1784622748466,bear,Dance,http://localhost:3251@alice,true
1784622749380,Bee,Walk,http://localhost:3251@Bat,false
1784622749380,brice,Walk,http://localhost:3251@Bee,false
1784622749787,alice,Walk,http://localhost:3251@brice,true
1784622749788,Bat,Walk,http://localhost:3251@alice,false
1784622751001,bear,Play,http://localhost:3251@brice,true
1784622751002,brice,Play,http://localhost:3251@bear,false
1784622751367,alice,Play,http://localhost:3251@Ant,true
1784622751369,Ant,Play,http://localhost:3251@alice,false
1784622752244,Bee,Explore,null,false
1784622752541,alice,Walk,http://localhost:3251@Bat,true
1784622752541,Bat,Walk,http://localhost:3251@alice,false
1784622752594,bear,Explore,null,true
1784622752936,Ant,Explore,null,false
1784622753526,Bee,Walk,http://localhost:3251@Bat,true
1784622753526,brice,Walk,http://localhost:3251@Bee,false
1784622753711,Bat,Exercise,http://localhost:3251@alice,false
1784622753712,bear,Exercise,http://localhost:3251@Bat,true
1784622753835,alice,Walk,http://localhost:3251@brice,true
1784622753836,Ant,Walk,http://localhost:3251@alice,true
1784622754864,bear,Dance,http://localhost:3251@brice,false
1784622754866,brice,Dance,http://localhost:3251@alice,false
1784622755051,Ant,Walk,http://localhost:3251@Bat,true
1784622755052,Bat,Walk,http://localhost:3251@alice,false
1784622755905,Bat,Talk,http://localhost:3251@brice,false
1784622755905,brice,Talk,http://localhost:3251@Bee,false
1784622756838,alice,Explore,null,false
1784622756962,bear,Fight,http://localhost:3251@brice,false
1784622756962,brice,Fight,http://localhost:3251@bear,true
1784622757265,Bat,Sing,http://localhost:3251@Bee,true
1784622757265,Bee,Sing,http://localhost:3251@Bat,false
1784622758341,Ant,Walk,http://localhost:3251@bear,false
1784622758342,Bat,Walk,http://localhost:3251@Ant,true
1784622758658,alice,Fight,http://localhost:3251@brice,false
1784622758659,brice,Fight,http://localhost:3251@bear,false
1784622759532,Ant,Exercise,http://localhost:3251@brice,true
1784622759533,Bee,Exercise,http://localhost:3251@Ant,true
1784622760233,brice,Explore,null,false
1784622760346,Bat,Play,http://localhost:3251@brice,true
1784622760347,Bee,Play,http://localhost:3251@Bat,false
1784622761109,bear,Explore,null,false
1784622761228,alice,Sing,http://localhost:3251@Bat,false
1784622761229,Bat,Sing,http://localhost:3251@alice,false
1784622762008,Bee,Explore,null,true
1784622762123,Ant,Sing,http://localhost:3251@bear,true
1784622762123,bear,Sing,http://localhost:3251@Ant,false
1784622762847,alice,Explore,null,false
1784622762848,Bat,Explore,null,false
1784622762848,bear,Dance,http://localhost:3251@brice,false
1784622762849,brice,Dance,http://localhost:3251@alice,false
1784622763343,Ant,Exercise,http://localhost:3251@brice,true
1784622763343,Bee,Exercise,http://localhost:3251@Ant,true
1784622764212,alice,Dance,http://localhost:3251@brice,true
1784622764213,Bee,Dance,http://localhost:3251@alice,false
1784622764506,bear,Explore,null,true
1784622764628,brice,Explore,null,true
1784622765488,alice,Talk,http://localhost:3251@bear,false
1784622765489,bear,Talk,http://localhost:3251@Bat,false
1784622765551,Ant,Dance,http://localhost:3251@Bee,true
1784622765552,Bee,Dance,http://localhost:3251@alice,false
1784622765795,Bat,Explore,null,true
1784622766577,Bat,Dance,http://localhost:3251@brice,true
1784622766578,brice,Dance,http://localhost:3251@alice,false
1784622766701,alice,Exercise,http://localhost:3251@brice,true
1784622766702,Ant,Exercise,http://localhost:3251@alice,false
1784622767501,bear,Walk,http://localhost:3251@Ant,true
1784622767501,brice,Walk,http://localhost:3251@bear,false
1784622768482,Bee,Explore,null,true
1784622768543,Bat,Dance,http://localhost:3251@brice,true
1784622768544,bear,Dance,http://localhost:3251@Bat,true
1784622768787,alice,Walk,http://localhost:3251@brice,true
1784622768789,brice,Walk,http://localhost:3251@alice,false
1784622769833,Bat,Walk,http://localhost:3251@alice,true
1784622769834,brice,Walk,http://localhost:3251@Bat,false
1784622770133,bear,Explore,null,false
1784622770189,Bee,Fight,http://localhost:3251@alice,true
1784622770189,brice,Fight,http://localhost:3251@Bee,true
1784622771615,Ant,Explore,null,true
1784622772014,alice,Dance,http://localhost:3251@brice,false
1784622772014,bear,Dance,http://localhost:3251@alice,true
1784622772068,Bat,Play,http://localhost:3251@brice,false
1784622772068,brice,Play,http://localhost:3251@Ant,false
1784622772411,Bee,Explore,null,true
1784622773392,alice,Walk,http://localhost:3251@brice,false
1784622773392,Bat,Dance,http://localhost:3251@brice,true
1784622773393,Bee,Dance,http://localhost:3251@Bat,false
1784622773393,brice,Walk,http://localhost:3251@alice,false
1784622773638,bear,Explore,null,false
1784622774306,Ant,Dance,http://localhost:3251@Bat,false
1784622774307,Bat,Dance,http://localhost:3251@Ant,true
1784622774740,bear,Play,http://localhost:3251@brice,true
1784622774741,brice,Play,http://localhost:3251@Ant,true
1784622775287,alice,Exercise,http://localhost:3251@brice,false
1784622775288,Ant,Exercise,http://localhost:3251@alice,true
1784622775412,bear,Dance,http://localhost:3251@Bee,true
1784622775413,Bee,Dance,http://localhost:3251@alice,false
1784622776341,Bat,Sing,http://localhost:3251@Bee,true
1784622776342,brice,Sing,http://localhost:3251@Bat,true
1784622777453,alice,Walk,http://localhost:3251@brice,true
1784622777454,Bat,Walk,http://localhost:3251@alice,true
1784622777790,Bee,Explore,null,false
1784622778260,Ant,Exercise,http://localhost:3251@brice,true
1784622778261,brice,Exercise,http://localhost:3251@bear,false
1784622779112,bear,Explore,null,true
1784622779343,alice,Dance,http://localhost:3251@brice,true
1784622779344,Ant,Dance,http://localhost:3251@alice,true
1784622779405,Bee,Talk,http://localhost:3251@Bat,false
1784622779406,brice,Talk,http://localhost:3251@Bee,false
1784622779644,Bat,Explore,null,false
1784622780415,alice,Talk,http://localhost:3251@Bee,false
1784622780417,Bee,Talk,http://localhost:3251@Bat,false
1784622780477,Bat,Fight,http://localhost:3251@brice,false
1784622780478,brice,Fight,http://localhost:3251@bear,true
1784622780957,Ant,Explore,null,false
1784622782020,alice,Explore,null,false
1784622782021,bear,Explore,null,false
1784622782138,Bee,Fight,http://localhost:3251@brice,false
1784622782139,brice,Fight,http://localhost:3251@bear,false
1784622783065,Bat,Walk,http://localhost:3251@alice,false
1784622783065,Bee,Walk,http://localhost:3251@Bat,false
1784622783313,alice,Walk,http://localhost:3251@brice,true
1784622783314,Ant,Walk,http://localhost:3251@alice,false
1784622783375,bear,Exercise,http://localhost:3251@brice,true
1784622783376,brice,Exercise,http://localhost:3251@bear,false
1784622784338,Ant,Fight,http://localhost:3251@alice,false
1784622784339,brice,Fight,http://localhost:3251@Ant,true
1784622784704,Bat,Explore,null,false
1784622784932,alice,Explore,null,true
1784622785327,Bat,Dance,http://localhost:3251@bear,false
1784622785328,bear,Dance,http://localhost:3251@brice,false
1784622785328,Bee,Explore,null,true
1784622785632,alice,Walk,http://localhost:3251@brice,true
1784622785633,brice,Walk,http://localhost:3251@alice,true
1784622786623,Ant,Explore,null,true
1784622787015,Bee,Explore,null,true
1784622787118,bear,Exercise,http://localhost:3251@Bee,true
1784622787119,brice,Exercise,http://localhost:3251@bear,true
1784622787864,alice,Sing,http://localhost:3251@Ant,true
1784622787865,Ant,Sing,http://localhost:3251@bear,true
1784622787916,Bat,Walk,http://localhost:3251@alice,true
1784622787917,bear,Walk,http://localhost:3251@Bat,true
1784622788902,bear,Sing,http://localhost:3251@Bee,false
1784622788903,Bee,Sing,http://localhost:3251@bear,false
1784622789302,brice,Explore,null,false
1784622789476,Bat,Explore,null,true
1784622789886,bear,Fight,http://localhost:3251@alice,true
1784622789887,brice,Fight,http://localhost:3251@bear,true
1784622790502,Bee,Fight,http://localhost:3251@alice,true
1784622790502,brice,Fight,http://localhost:3251@Bee,false
1784622791020,Bat,Explore,null,true
1784622791357,alice,Explore,null,true
1784622791471,Ant,Explore,null,false
1784622792081,brice,Explore,null,true
1784622792366,Ant,Sing,http://localhost:3251@Bee,false
1784622792366,Bee,Sing,http://localhost:3251@bear,false
1784622792536,alice,Exercise,http://localhost:3251@brice,true
1784622792537,bear,Exercise,http://localhost:3251@alice,true
1784622793339,bear,Dance,http://localhost:3251@brice,true
1784622793340,brice,Dance,http://localhost:3251@alice,false
1784622793505,Bat,Exercise,http://localhost:3251@Bee,false
1784622793505,Bee,Exercise,http://localhost:3251@alice,false
1784622794155,Ant,Exercise,http://localhost:3251@brice,true
1784622794156,Bee,Exercise,http://localhost:3251@Ant,true
1784622794598,alice,Dance,http://localhost:3251@brice,true
1784622794599,brice,Dance,http://localhost:3251@alice,true
1784622795107,Ant,Fight,http://localhost:3251@alice,true
1784622795108,brice,Fight,http://localhost:3251@Ant,true
1784622795558,Bat,Sing,http://localhost:3251@Bee,true
1784622795559,Bee,Sing,http://localhost:3251@bear,true
1784622796059,Bat,Fight,http://localhost:3251@brice,false
1784622796060,brice,Fight,http://localhost:3251@bear,true
1784622796445,alice,Dance,http://localhost:3251@brice,true
1784622796446,Bee,Dance,http://localhost:3251@alice,false
1784622796943,Ant,Dance,http://localhost:3251@Bat,false
1784622796944,brice,Dance,http://localhost:3251@Ant,false
1784622797975,Bee,Explore,null,false
1784622798026,alice,Fight,http://localhost:3251@Bee,false
1784622798027,Ant,Fight,http://localhost:3251@alice,false
1784622798091,bear,Explore,null,true
1784622798194,Bat,Sing,http://localhost:3251@brice,false
1784622798195,brice,Sing,http://localhost:3251@Bee,false
1784622799063,Bat,Talk,http://localhost:3251@bear,true
1784622799064,bear,Talk,http://localhost:3251@Bat,true
1784622799512,Bee,Explore,null,false
1784622799562,Ant,Dance,http://localhost:3251@brice,true
1784622799563,brice,Dance,http://localhost:3251@alice,false
1784622799889,alice,Play,http://localhost:3251@Bat,true
1784622799889,bear,Play,http://localhost:3251@alice,true
1784622800782,Ant,Walk,http://localhost:3251@bear,false
1784622800783,Bee,Walk,http://localhost:3251@Ant,false
1784622801448,bear,Explore,null,false
1784622801633,alice,Walk,http://localhost:3251@brice,false
1784622801634,brice,Walk,http://localhost:3251@alice,false
1784622801877,Ant,Fight,http://localhost:3251@alice,true
1784622801878,Bat,Fight,http://localhost:3251@Ant,true
1784622802793,alice,Dance,http://localhost:3251@bear,false
1784622802794,bear,Dance,http://localhost:3251@brice,true
1784622802845,Bat,Sing,http://localhost:3251@Bee,false
1784622802846,Bee,Sing,http://localhost:3251@bear,true
1784622803711,Bee,Play,http://localhost:3251@brice,false
1784622803712,brice,Play,http://localhost:3251@Ant,false
1784622803957,Ant,Dance,http://localhost:3251@Bat,false
1784622803958,Bat,Dance,http://localhost:3251@Ant,false
1784622804760,bear,Talk,http://localhost:3251@brice,true
1784622804761,brice,Talk,http://localhost:3251@Bee,true
1784622804822,alice,Dance,http://localhost:3251@brice,false
1784622804823,Bat,Dance,http://localhost:3251@alice,true
1784622805437,Bee,Explore,null,false
1784622805746,Ant,Explore,null,true
1784622806483,alice,Explore,null,false
1784622806671,Bat,Exercise,http://localhost:3251@bear,true
1784622806671,bear,Exercise,http://localhost:3251@Bee,true
1784622807595,bear,Sing,http://localhost:3251@brice,false
1784622807595,brice,Sing,http://localhost:3251@Bee,false
1784622808152,alice,Explore,null,true
1784622808327,Ant,Exercise,http://localhost:3251@brice,false
1784622808327,brice,Exercise,http://localhost:3251@Ant,true
1784622809541,Bat,Walk,http://localhost:3251@bear,false
1784622809542,bear,Walk,http://localhost:3251@Ant,false
1784622809976,brice,Explore,null,false
1784622810082,alice,Walk,http://localhost:3251@brice,false
1784622810082,Bee,Walk,http://localhost:3251@alice,false
1784622810555,bear,Talk,http://localhost:3251@Bat,false
1784622810555,brice,Talk,http://localhost:3251@bear,true
1784622810862,Bat,Sing,http://localhost:3251@Bee,false
1784622810863,Bee,Sing,http://localhost:3251@Bat,true
1784622811739,Bee,Exercise,http://localhost:3251@brice,true
1784622811740,brice,Exercise,http://localhost:3251@bear,false
1784622812133,Bat,Dance,http://localhost:3251@brice,true
1784622812133,bear,Dance,http://localhost:3251@Bat,true
1784622812660,alice,Walk,http://localhost:3251@brice,false
1784622812661,Ant,Walk,http://localhost:3251@alice,false
1784622813080,Bat,Dance,http://localhost:3251@brice,false
1784622813081,brice,Dance,http://localhost:3251@alice,false
1784622813691,Ant,Fight,http://localhost:3251@alice,true
1784622813692,brice,Fight,http://localhost:3251@Ant,false
1784622814282,alice,Explore,null,false
1784622814345,bear,Sing,http://localhost:3251@Bee,true
1784622814345,Bee,Sing,http://localhost:3251@bear,true
1784622815053,alice,Walk,http://localhost:3251@Bat,true
1784622815054,Bat,Walk,http://localhost:3251@alice,true
1784622816045,brice,Explore,null,false
1784622817086,Bat,Talk,http://localhost:3251@brice,true
1784622817087,brice,Talk,http://localhost:3251@Bee,true
1784622817334,bear,Explore,null,true
1784622817335,Bee,Explore,null,true
1784622818462,bear,Walk,http://localhost:3251@brice,false
1784622818463,brice,Walk,http://localhost:3251@alice,true
1784622819887,alice,Play,http://localhost:3251@Bat,false
1784622819888,brice,Play,http://localhost:3251@alice,true
1784622820136,bear,Explore,null,false
1784622820786,Ant,Walk,http://localhost:3251@Bee,false
1784622820787,Bee,Walk,http://localhost:3251@Bat,false
1784622820904,bear,Fight,http://localhost:3251@brice,false
1784622820904,brice,Fight,http://localhost:3251@bear,false
1784622821446,alice,Explore,null,true
1784622822442,Bee,Explore,null,true
1784622822619,brice,Explore,null,false
1784622822919,Bat,Explore,null,false
1784622823388,Ant,Walk,http://localhost:3251@bear,true
1784622823389,brice,Walk,http://localhost:3251@Ant,true
1784622824055,Bee,Explore,null,true
1784622824238,bear,Dance,http://localhost:3251@brice,true
1784622824238,brice,Dance,http://localhost:3251@bear,false
1784622824423,alice,Explore,null,false
1784622824599,Bat,Fight,http://localhost:3251@Bee,false
1784622824600,bear,Fight,http://localhost:3251@Bat,false
1784622825082,Bee,Fight,http://localhost:3251@alice,false
1784622825082,brice,Fight,http://localhost:3251@Bee,true
1784622826301,alice,Exercise,http://localhost:3251@brice,true
1784622826302,Bat,Exercise,http://localhost:3251@alice,false
1784622826365,Ant,Explore,null,true
1784622826555,bear,Dance,http://localhost:3251@brice,false
1784622826556,brice,Dance,http://localhost:3251@alice,false
1784622826861,Bee,Explore,null,false
1784622827402,Ant,Fight,http://localhost:3251@alice,false
1784622827403,brice,Fight,http://localhost:3251@Ant,true
1784622828084,Bat,Fight,http://localhost:3251@Bee,false
1784622828085,brice,Fight,http://localhost:3251@Bat,true
1784622828387,alice,Dance,http://localhost:3251@brice,true
1784622828388,Ant,Dance,http://localhost:3251@alice,true
1784622829134,alice,Fight,http://localhost:3251@brice,true
1784622829135,brice,Fight,http://localhost:3251@bear,true
1784622829196,Bee,Explore,null,false
1784622829259,Ant,Dance,http://localhost:3251@bear,true
1784622829259,bear,Dance,http://localhost:3251@brice,true
1784622830434,Bat,Explore,null,false
1784622830496,bear,Play,http://localhost:3251@brice,false
1784622830497,brice,Play,http://localhost:3251@Ant,true
1784622830906,Bee,Explore,null,true
1784622831076,alice,Exercise,http://localhost:3251@brice,false
1784622831077,Bat,Exercise,http://localhost:3251@alice,false
1784622831638,bear,Exercise,http://localhost:3251@Bee,true
1784622831639,Bee,Exercise,http://localhost:3251@bear,true
1784622832898,alice,Sing,http://localhost:3251@Ant,false
1784622832899,Ant,Sing,http://localhost:3251@bear,true
1784622833270,bear,Explore,null,true
1784622834046,Bat,Explore,null,false
1784622834533,Ant,Dance,http://localhost:3251@brice,false
1784622834534,brice,Dance,http://localhost:3251@alice,false
1784622834648,bear,Fight,http://localhost:3251@Bee,false
1784622834648,Bee,Fight,http://localhost:3251@alice,true
1784622835261,alice,Explore,null,true
1784622835560,Bee,Talk,http://localhost:3251@brice,false
1784622835561,brice,Talk,http://localhost:3251@Bee,true
1784622836676,alice,Walk,http://localhost:3251@bear,false
1784622836676,bear,Walk,http://localhost:3251@Ant,true
1784622836920,Ant,Sing,http://localhost:3251@Bee,true
1784622836920,Bee,Sing,http://localhost:3251@bear,true
1784622837657,Bat,Walk,http://localhost:3251@brice,true
1784622837657,brice,Walk,http://localhost:3251@alice,false
1784622838329,alice,Explore,null,false
1784622838330,Ant,Sing,http://localhost:3251@bear,false
1784622838331,brice,Sing,http://localhost:3251@Ant,true
1784622838451,bear,Explore,null,true
1784622839010,Bat,Walk,http://localhost:3251@alice,false
1784622839011,brice,Walk,http://localhost:3251@Bat,true
1784622839752,bear,Dance,http://localhost:3251@Bee,false
1784622839752,Bee,Dance,http://localhost:3251@alice,false
1784622841002,Ant,Walk,http://localhost:3251@bear,true
1784622841003,Bat,Sing,http://localhost:3251@Bee,true
1784622841003,Bee,Sing,http://localhost:3251@Bat,true
1784622841003,brice,Walk,http://localhost:3251@Ant,false
1784622841666,alice,Walk,http://localhost:3251@brice,false
1784622841667,Bee,Walk,http://localhost:3251@alice,false
1784622842311,bear,Walk,http://localhost:3251@brice,false
1784622842312,brice,Walk,http://localhost:3251@alice,true
1784622843604,Ant,Walk,http://localhost:3251@bear,false
1784622843604,Bat,Walk,http://localhost:3251@Ant,false
1784622843721,alice,Sing,http://localhost:3251@Bee,false
1784622843722,Bee,Sing,http://localhost:3251@bear,false
1784622843999,Bat,Fight,http://localhost:3251@brice,true
1784622844000,brice,Fight,http://localhost:3251@bear,true
1784622844184,Ant,Exercise,http://localhost:3251@bear,true
1784622844185,bear,Exercise,http://localhost:3251@Bee,false
1784622845205,Bat,Fight,http://localhost:3251@bear,false
1784622845205,bear,Fight,http://localhost:3251@alice,false
1784622845690,brice,Explore,null,true
1784622846002,alice,Explore,null,true
1784622846003,Bee,Explore,null,true
1784622847058,alice,Fight,http://localhost:3251@Bat,false
1784622847058,Bat,Fight,http://localhost:3251@Bee,true
1784622847680,Bee,Explore,null,false
1784622848484,Bat,Walk,http://localhost:3251@brice,true
1784622848485,brice,Walk,http://localhost:3251@alice,true
1784622848730,alice,Explore,null,false
1784622848917,bear,Explore,null,true
1784622849595,Ant,Dance,http://localhost:3251@Bat,true
1784622849596,Bee,Dance,http://localhost:3251@Ant,true
1784622850152,brice,Explore,null,false
1784622850277,Ant,Dance,http://localhost:3251@bear,true
1784622850277,bear,Dance,http://localhost:3251@brice,false
1784622851185,Bee,Fight,http://localhost:3251@brice,false
1784622851185,brice,Fight,http://localhost:3251@bear,false
1784622851428,alice,Play,http://localhost:3251@Bat,true
1784622851429,bear,Play,http://localhost:3251@alice,true
1784622851837,Bat,Dance,http://localhost:3251@brice,true
1784622851838,brice,Dance,http://localhost:3251@Bat,false
1784622852912,Ant,Fight,http://localhost:3251@brice,true
1784622852914,brice,Fight,http://localhost:3251@bear,true
1784622853022,bear,Explore,null,false
1784622853189,alice,Walk,http://localhost:3251@Bee,false
1784622853190,Bee,Walk,http://localhost:3251@Bat,false
1784622853903,alice,Talk,http://localhost:3251@Ant,true
1784622853904,Ant,Talk,http://localhost:3251@brice,false
1784622854188,Bat,Play,http://localhost:3251@brice,false
1784622854189,brice,Play,http://localhost:3251@Ant,false
1784622854589,bear,Explore,null,false
1784622855550,Ant,Dance,http://localhost:3251@Bat,true
1784622855551,Bat,Dance,http://localhost:3251@brice,false
1784622855799,brice,Explore,null,true
1784622856480,Ant,Exercise,http://localhost:3251@bear,false
1784622856480,bear,Exercise,http://localhost:3251@Bee,true
1784622856852,alice,Explore,null,true
1784622857597,brice,Explore,null,false
1784622857844,Ant,Dance,http://localhost:3251@Bat,true
1784622857845,Bee,Dance,http://localhost:3251@Ant,true
1784622858030,Bat,Explore,null,true
1784622858835,bear,Explore,null,true
1784622858960,alice,Walk,http://localhost:3251@brice,false
1784622858960,Ant,Walk,http://localhost:3251@alice,false
1784622859860,bear,Walk,http://localhost:3251@Bee,true
1784622859861,Bee,Walk,http://localhost:3251@Bat,false
1784622859922,brice,Explore,null,true
1784622860967,Ant,Walk,http://localhost:3251@bear,false
1784622860968,Bee,Walk,http://localhost:3251@Ant,false
1784622861085,Bat,Exercise,http://localhost:3251@bear,false
1784622861086,bear,Exercise,http://localhost:3251@Bee,true
1784622861907,alice,Play,http://localhost:3251@brice,true
1784622861908,brice,Play,http://localhost:3251@Ant,false
1784622862321,Ant,Sing,http://localhost:3251@bear,false
1784622862321,Bee,Sing,http://localhost:3251@Ant,true
1784622862688,bear,Explore,null,false
1784622863197,Bee,Sing,http://localhost:3251@brice,false
1784622863198,brice,Sing,http://localhost:3251@Bee,true
1784622863318,Bat,Explore,null,false
1784622863908,Ant,Explore,null,false
1784622864193,alice,Explore,null,false
1784622864247,bear,Explore,null,false
1784622864868,Bat,Explore,null,true
1784622865593,alice,Dance,http://localhost:3251@brice,true
1784622865594,bear,Dance,http://localhost:3251@alice,true
1784622866115,Ant,Explore,null,false
1784622867233,alice,Explore,null,false
1784622867358,bear,Talk,http://localhost:3251@Bat,true
1784622867359,brice,Talk,http://localhost:3251@bear,false
1784622867545,Bee,Explore,null,false
1784622868782,Ant,Exercise,http://localhost:3251@brice,false
1784622868783,Bat,Exercise,http://localhost:3251@Ant,true
1784622869034,brice,Explore,null,false
1784622869345,alice,Exercise,http://localhost:3251@bear,true
1784622869346,bear,Exercise,http://localhost:3251@Bee,false
1784622869654,Ant,Dance,http://localhost:3251@Bee,true
1784622869655,Bee,Dance,http://localhost:3251@alice,true
1784622870464,Bat,Explore,null,false
1784622871144,bear,Play,http://localhost:3251@brice,false
1784622871144,brice,Play,http://localhost:3251@Ant,false
1784622871328,Bee,Explore,null,true
1784622872026,Ant,Fight,http://localhost:3251@alice,false
1784622872027,bear,Fight,http://localhost:3251@Ant,false
1784622872481,Bee,Walk,http://localhost:3251@brice,true
1784622872482,brice,Walk,http://localhost:3251@alice,true
1784622873132,Bat,Walk,http://localhost:3251@alice,true
1784622873133,brice,Walk,http://localhost:3251@Bat,true
1784622873588,Ant,Explore,null,false
1784622874302,bear,Exercise,http://localhost:3251@Bee,true
1784622874302,Bee,Exercise,http://localhost:3251@alice,true
1784622874471,Bat,Walk,http://localhost:3251@brice,true
1784622874471,brice,Walk,http://localhost:3251@alice,false
1784622874905,Ant,Dance,http://localhost:3251@Bat,true
1784622874906,Bee,Dance,http://localhost:3251@Ant,true
1784622875521,alice,Explore,null,false
1784622875522,bear,Dance,http://localhost:3251@brice,true
1784622875523,Bee,Dance,http://localhost:3251@bear,true
1784622876372,Ant,Sing,http://localhost:3251@Bat,true
1784622876373,Bat,Sing,http://localhost:3251@Bee,false
1784622876806,Bee,Play,http://localhost:3251@Ant,true
1784622876807,brice,Play,http://localhost:3251@Bee,true
1784622877035,alice,Explore,null,true
1784622877036,bear,Explore,null,true
1784622877658,Ant,Dance,http://localhost:3251@Bat,true
1784622877659,Bee,Dance,http://localhost:3251@Ant,true
1784622878143,Bat,Dance,http://localhost:3251@brice,true
1784622878144,brice,Dance,http://localhost:3251@alice,true
1784622878703,bear,Explore,null,true
1784622878890,Ant,Exercise,http://localhost:3251@brice,true
1784622878890,Bat,Exercise,http://localhost:3251@Ant,false
1784622879316,Bee,Explore,null,false
1784622879502,bear,Sing,http://localhost:3251@brice,true
1784622879503,brice,Sing,http://localhost:3251@Bee,false
1784622880247,Bat,Walk,http://localhost:3251@alice,false
1784622880248,brice,Walk,http://localhost:3251@Bat,true
1784622880433,alice,Play,http://localhost:3251@Bat,true
1784622880434,bear,Play,http://localhost:3251@alice,true
1784622880558,Ant,Explore,null,true
1784622881761,alice,Dance,http://localhost:3251@brice,false
1784622881762,Ant,Dance,http://localhost:3251@alice,true
1784622881762,bear,Walk,http://localhost:3251@Ant,true
1784622881762,Bee,Walk,http://localhost:3251@bear,false
1784622882619,Bat,Explore,null,false
1784622882843,bear,Exercise,http://localhost:3251@brice,false
1784622882844,brice,Exercise,http://localhost:3251@bear,true
1784622882954,alice,Exercise,http://localhost:3251@brice,true
1784622882955,Bee,Exercise,http://localhost:3251@alice,true
1784622884179,Bat,Walk,http://localhost:3251@brice,true
1784622884180,brice,Walk,http://localhost:3251@alice,true
1784622884473,bear,Explore,null,true
1784622884838,Ant,Exercise,http://localhost:3251@Bee,false
1784622884839,Bee,Exercise,http://localhost:3251@alice,false
1784622885478,alice,Sing,http://localhost:3251@brice,false
1784622885479,brice,Sing,http://localhost:3251@Bee,true
1784622885540,Bat,Dance,http://localhost:3251@brice,true
1784622885540,bear,Dance,http://localhost:3251@Bat,true
1784622886014,alice,Exercise,http://localhost:3251@Ant,false
1784622886014,Ant,Exercise,http://localhost:3251@brice,true
1784622886492,Bee,Explore,null,true
1784622886616,Bat,Talk,http://localhost:3251@alice,true
1784622886616,brice,Talk,http://localhost:3251@Bat,true
1784622887359,alice,Dance,http://localhost:3251@brice,false
1784622887360,Bat,Dance,http://localhost:3251@alice,true
1784622887716,Bee,Fight,http://localhost:3251@brice,true
1784622887717,brice,Fight,http://localhost:3251@bear,false
1784622888270,alice,Dance,http://localhost:3251@bear,false
1784622888271,bear,Dance,http://localhost:3251@brice,true
1784622888705,Ant,Sing,http://localhost:3251@Bat,true
1784622888706,Bat,Sing,http://localhost:3251@Bee,false
1784622889385,brice,Explore,null,false
1784622889945,alice,Explore,null,false
1784622890068,Bat,Dance,http://localhost:3251@brice,true
1784622890069,bear,Dance,http://localhost:3251@Bat,true
1784622890379,Bee,Exercise,http://localhost:3251@alice,false
1784622890380,brice,Exercise,http://localhost:3251@Bee,false
1784622891303,alice,Sing,http://localhost:3251@Bat,false
1784622891304,Bee,Sing,http://localhost:3251@alice,true
1784622891423,Bat,Walk,http://localhost:3251@alice,false
1784622891423,brice,Walk,http://localhost:3251@Bat,true
1784622891728,bear,Explore,null,false
1784622892028,alice,Exercise,http://localhost:3251@Ant,false
1784622892029,Ant,Exercise,http://localhost:3251@brice,false
1784622892609,Bee,Walk,http://localhost:3251@Bat,true
1784622892610,brice,Walk,http://localhost:3251@Bee,false
1784622893303,bear,Explore,null,false
1784622893671,Bat,Explore,null,true
1784622894203,Bee,Explore,null,false
1784622894325,Bat,Fight,http://localhost:3251@brice,true
1784622894326,brice,Fight,http://localhost:3251@bear,true
1784622894620,alice,Play,http://localhost:3251@bear,true
1784622894622,bear,Play,http://localhost:3251@brice,false
1784622895519,alice,Dance,http://localhost:3251@Bee,true
1784622895520,Bee,Dance,http://localhost:3251@alice,false
1784622895581,Ant,Explore,null,false
1784622895706,Bat,Dance,http://localhost:3251@brice,true
1784622895707,brice,Dance,http://localhost:3251@Bat,false
1784622896580,bear,Dance,http://localhost:3251@brice,true
1784622896581,brice,Dance,http://localhost:3251@bear,false
1784622897175,Ant,Fight,http://localhost:3251@Bee,false
1784622897176,Bee,Fight,http://localhost:3251@alice,true
1784622897546,Bat,Fight,http://localhost:3251@brice,true
1784622897546,brice,Fight,http://localhost:3251@bear,true
1784622898819,bear,Explore,null,true
1784622899068,alice,Explore,null,false
1784622899499,Ant,Fight,http://localhost:3251@Bee,true
1784622899500,Bee,Fight,http://localhost:3251@alice,false
1784622899561,Bat,Exercise,http://localhost:3251@alice,false
1784622899562,bear,Exercise,http://localhost:3251@Bat,false
1784622900121,alice,Talk,http://localhost:3251@Bat,false
1784622900122,bear,Talk,http://localhost:3251@alice,false
1784622900307,Ant,Exercise,http://localhost:3251@brice,true
1784622900307,brice,Exercise,http://localhost:3251@bear,true
1784622900742,bear,Exercise,http://localhost:3251@Bee,true
1784622900743,Bee,Exercise,http://localhost:3251@alice,true
1784622901552,alice,Play,http://localhost:3251@Bat,true
1784622901552,Ant,Play,http://localhost:3251@alice,true
1784622901958,brice,Explore,null,false
1784622902268,Bat,Walk,http://localhost:3251@alice,true
1784622902269,Bee,Walk,http://localhost:3251@Bat,false
1784622902568,alice,Fight,http://localhost:3251@Bee,false
1784622902568,brice,Fight,http://localhost:3251@alice,true
1784622902865,Ant,Dance,http://localhost:3251@Bat,true
1784622902866,bear,Dance,http://localhost:3251@Ant,false
1784622903635,Bat,Walk,http://localhost:3251@alice,false
1784622903636,brice,Walk,http://localhost:3251@Bat,true
1784622903745,alice,Exercise,http://localhost:3251@brice,true
1784622903745,Ant,Exercise,http://localhost:3251@alice,false
1784622904220,Bee,Exercise,http://localhost:3251@alice,false
1784622904221,brice,Exercise,http://localhost:3251@Bee,true
1784622905253,Bat,Explore,null,true
1784622906058,Ant,Explore,null,false
1784622906277,bear,Play,http://localhost:3251@brice,false
1784622906277,brice,Play,http://localhost:3251@Ant,false
1784622906506,Bee,Explore,null,false
1784622907182,Bat,Walk,http://localhost:3251@alice,false
1784622907183,brice,Walk,http://localhost:3251@Bat,false
1784622907674,Ant,Walk,http://localhost:3251@bear,false
1784622907676,bear,Walk,http://localhost:3251@Ant,true
1784622908530,Bat,Dance,http://localhost:3251@brice,true
1784622908531,bear,Dance,http://localhost:3251@Bat,true
1784622909527,brice,Explore,null,true
1784622909711,alice,Sing,http://localhost:3251@Bat,true
1784622909712,bear,Sing,http://localhost:3251@alice,true
1784622909959,Ant,Dance,http://localhost:3251@Bee,true
1784622909960,Bee,Dance,http://localhost:3251@alice,false
1784622910268,Bat,Fight,http://localhost:3251@Bee,false
1784622910269,brice,Fight,http://localhost:3251@Bat,false
1784622911191,Bat,Exercise,http://localhost:3251@Bee,true
1784622911192,Bee,Exercise,http://localhost:3251@alice,true
1784622911316,alice,Sing,http://localhost:3251@Ant,false
1784622911317,Ant,Sing,http://localhost:3251@bear,true
1784622911935,brice,Explore,null,true
1784622912394,bear,Exercise,http://localhost:3251@Bee,false
1784622912394,Bee,Exercise,http://localhost:3251@alice,true
1784622913538,Bat,Explore,null,false
1784622913662,alice,Explore,null,true
1784622913781,Bee,Walk,http://localhost:3251@Bat,false
1784622913782,brice,Walk,http://localhost:3251@Bee,false
1784622914014,bear,Explore,null,true
1784622914364,Ant,Explore,null,false
1784622914848,alice,Play,http://localhost:3251@Bat,true
1784622914849,Bat,Play,http://localhost:3251@brice,true
1784622915562,Ant,Exercise,http://localhost:3251@brice,false
1784622915563,Bat,Exercise,http://localhost:3251@Ant,true
1784622916082,alice,Exercise,http://localhost:3251@brice,false
1784622916082,Ant,Exercise,http://localhost:3251@alice,false
1784622916083,Bee,Explore,null,true
1784622916853,Bat,Walk,http://localhost:3251@alice,true
1784622916854,brice,Walk,http://localhost:3251@Bat,true
1784622918096,alice,Walk,http://localhost:3251@brice,true
1784622918097,Bat,Walk,http://localhost:3251@alice,true
1784622918219,Bee,Walk,http://localhost:3251@brice,true
1784622918220,brice,Walk,http://localhost:3251@alice,false
1784622919142,Ant,Fight,http://localhost:3251@alice,false
1784622919144,Bee,Fight,http://localhost:3251@Ant,false
1784622919254,alice,Play,http://localhost:3251@bear,false
1784622919255,bear,Play,http://localhost:3251@brice,true
1784622920179,alice,Walk,http://localhost:3251@brice,true
1784622920180,brice,Walk,http://localhost:3251@alice,false
1784622920850,Ant,Talk,http://localhost:3251@brice,false
1784622920851,brice,Talk,http://localhost:3251@Ant,true
1784622920912,bear,Explore,null,true
1784622921844,alice,Explore,null,true
1784622922207,Bat,Sing,http://localhost:3251@Bee,false
1784622922208,bear,Sing,http://localhost:3251@Bat,true
1784622922500,brice,Explore,null,false
1784622922561,Ant,Explore,null,true
1784622922923,Bee,Explore,null,false
1784622923380,bear,Exercise,http://localhost:3251@Bee,true
1784622923381,brice,Exercise,http://localhost:3251@bear,false
1784622923504,alice,Walk,http://localhost:3251@Bat,false
1784622923505,Bat,Walk,http://localhost:3251@alice,true
1784622924230,Bee,Sing,http://localhost:3251@bear,false
1784622924230,brice,Sing,http://localhost:3251@Bee,true
1784622925184,Bat,Talk,http://localhost:3251@alice,false
1784622925185,bear,Talk,http://localhost:3251@Bat,false
1784622926177,Ant,Explore,null,true
1784622926405,alice,Exercise,http://localhost:3251@Bat,true
1784622926406,Bat,Exercise,http://localhost:3251@alice,true
1784622926462,bear,Walk,http://localhost:3251@Ant,false
1784622926463,Bee,Explore,null,true
1784622926463,brice,Walk,http://localhost:3251@bear,true
1784622927360,Ant,Exercise,http://localhost:3251@brice,true
1784622927361,bear,Exercise,http://localhost:3251@Ant,false
1784622928464,Ant,Fight,http://localhost:3251@alice,true
1784622928465,brice,Fight,http://localhost:3251@Ant,true
1784622929393,Bat,Explore,null,false
1784622929455,Bee,Explore,null,true
1784622929707,bear,Exercise,http://localhost:3251@brice,true
1784622929708,brice,Exercise,http://localhost:3251@bear,false
1784622930517,alice,Dance,http://localhost:3251@brice,false
1784622930517,Bat,Dance,http://localhost:3251@alice,true
1784622930762,Ant,Fight,http://localhost:3251@brice,false
1784622930763,brice,Fight,http://localhost:3251@bear,true
1784622931259,Bee,Explore,null,false
1784622931371,bear,Explore,null,true
1784622931988,Ant,Exercise,http://localhost:3251@brice,false
1784622931988,bear,Exercise,http://localhost:3251@Ant,true
1784622932114,Bat,Walk,http://localhost:3251@brice,true
1784622932115,brice,Walk,http://localhost:3251@alice,false
1784622932884,Bee,Explore,null,true
1784622933311,Ant,Sing,http://localhost:3251@bear,false
1784622933312,brice,Sing,http://localhost:3251@Ant,true
1784622933611,bear,Explore,null,true
1784622933962,alice,Dance,http://localhost:3251@brice,true
1784622933963,Ant,Dance,http://localhost:3251@alice,false
1784622934713,Ant,Exercise,http://localhost:3251@Bee,true
1784622934714,Bee,Exercise,http://localhost:3251@alice,true
1784622934887,Bat,Dance,http://localhost:3251@bear,false
1784622934887,bear,Dance,http://localhost:3251@brice,false
1784622935858,Bat,Dance,http://localhost:3251@brice,true
1784622935859,brice,Dance,http://localhost:3251@alice,true
1784622935982,alice,Dance,http://localhost:3251@Ant,false
1784622935982,Ant,Dance,http://localhost:3251@Bat,true
1784622936516,Ant,Exercise,http://localhost:3251@Bee,false
1784622936517,Bee,Exercise,http://localhost:3251@alice,false
1784622936689,Bat,Exercise,http://localhost:3251@bear,false
1784622936690,bear,Exercise,http://localhost:3251@Bee,false
1784622937695,Bat,Exercise,http://localhost:3251@Bee,true
1784622937695,Bee,Exercise,http://localhost:3251@alice,true
1784622938310,alice,Talk,http://localhost:3251@Bat,true
1784622938310,brice,Talk,http://localhost:3251@alice,true
1784622939049,Ant,Sing,http://localhost:3251@Bat,true
1784622939049,Bat,Sing,http://localhost:3251@Bee,true
1784622939419,Bee,Explore,null,true
1784622939667,bear,Explore,null,true
1784622940222,alice,Fight,http://localhost:3251@brice,false
1784622940223,brice,Fight,http://localhost:3251@bear,false
1784622941366,Bat,Explore,null,false
1784622941711,Bee,Explore,null,true
1784622941835,brice,Explore,null,false
1784622942455,alice,Explore,null,false
1784622942576,bear,Explore,null,true
1784622942626,Ant,Sing,http://localhost:3251@Bat,true
1784622942627,Bat,Sing,http://localhost:3251@Bee,true
1784622942731,Bee,Talk,http://localhost:3251@Bat,false
1784622942732,brice,Talk,http://localhost:3251@Bee,false
1784622943423,alice,Fight,http://localhost:3251@Bee,false
1784622943424,brice,Fight,http://localhost:3251@alice,false
1784622943904,Ant,Dance,http://localhost:3251@Bat,true
1784622943905,Bat,Dance,http://localhost:3251@brice,false
1784622944610,Bat,Walk,http://localhost:3251@bear,true
1784622944611,bear,Walk,http://localhost:3251@Ant,false
1784622945042,Bee,Fight,http://localhost:3251@alice,true
1784622945043,brice,Fight,http://localhost:3251@Bee,false
1784622945509,Ant,Explore,null,true
1784622945751,Bat,Talk,http://localhost:3251@alice,true
1784622945751,brice,Talk,http://localhost:3251@Bat,false
1784622946211,bear,Explore,null,false
1784622946965,alice,Explore,null,true
1784622947144,Ant,Fight,http://localhost:3251@alice,false
1784622947144,bear,Fight,http://localhost:3251@Ant,true
1784622947387,Bat,Explore,null,true
1784622947388,brice,Explore,null,false
1784622948005,Bee,Explore,null,true
1784622948499,Bat,Dance,http://localhost:3251@bear,false
1784622948499,bear,Dance,http://localhost:3251@brice,false
1784622948623,alice,Explore,null,true
1784622949245,Bee,Exercise,http://localhost:3251@alice,false
1784622949245,brice,Exercise,http://localhost:3251@Bee,true
1784622949865,alice,Play,http://localhost:3251@Bat,true
1784622949866,Bat,Play,http://localhost:3251@brice,false
1784622950910,Bee,Explore,null,false
1784622951218,bear,Play,http://localhost:3251@brice,true
1784622951219,brice,Play,http://localhost:3251@bear,true
1784622952886,bear,Explore,null,false
1784622953124,alice,Talk,http://localhost:3251@brice,true
1784622953125,brice,Talk,http://localhost:3251@Bee,false
1784622953912,Bee,Explore,null,false
1784622953973,Ant,Play,http://localhost:3251@alice,false
1784622953974,Bat,Play,http://localhost:3251@Ant,true
1784622954809,alice,Explore,null,false
1784622954809,brice,Explore,null,true
1784622955903,Ant,Sing,http://localhost:3251@Bee,false
1784622955903,bear,Talk,http://localhost:3251@Bat,false
1784622955904,Bee,Sing,http://localhost:3251@bear,true
1784622955904,brice,Talk,http://localhost:3251@bear,true
1784622956375,Bat,Explore,null,true
1784622957091,alice,Exercise,http://localhost:3251@bear,false
1784622957092,bear,Exercise,http://localhost:3251@Bee,false
1784622957661,Ant,Play,http://localhost:3251@Bat,true
1784622957662,Bat,Play,http://localhost:3251@brice,true
1784622958219,Bee,Explore,null,true
1784622958712,bear,Explore,null,false
1784622959023,alice,Dance,http://localhost:3251@Ant,true
1784622959024,Ant,Dance,http://localhost:3251@Bat,true
1784622959943,Ant,Dance,http://localhost:3251@brice,false
1784622959943,Bat,Fight,http://localhost:3251@Bee,false
1784622959944,Bee,Fight,http://localhost:3251@alice,true
1784622959944,brice,Dance,http://localhost:3251@alice,true
1784622960378,bear,Explore,null,true
1784622961744,Bat,Walk,http://localhost:3251@bear,false
1784622961744,bear,Walk,http://localhost:3251@Ant,true
1784622962054,alice,Explore,null,true
1784622962362,brice,Explore,null,true
1784622962664,Ant,Dance,http://localhost:3251@Bat,true
1784622962664,bear,Dance,http://localhost:3251@Ant,true
1784622963542,Bee,Explore,null,true
1784622963945,alice,Dance,http://localhost:3251@brice,false
1784622963945,Bat,Dance,http://localhost:3251@alice,true
1784622964535,Ant,Dance,http://localhost:3251@Bat,true
1784622964536,brice,Dance,http://localhost:3251@Ant,true
1784622964597,bear,Sing,http://localhost:3251@Ant,true
1784622964598,Bee,Sing,http://localhost:3251@bear,true
1784622965722,Ant,Exercise,http://localhost:3251@brice,false
1784622965723,bear,Exercise,http://localhost:3251@Ant,true
1784622965828,alice,Exercise,http://localhost:3251@Bat,false
1784622965829,Bat,Exercise,http://localhost:3251@alice,false
1784622966109,brice,Explore,null,true
1784622966526,Ant,Sing,http://localhost:3251@Bee,true
1784622966527,Bee,Sing,http://localhost:3251@bear,false
1784622967314,bear,Explore,null,true
1784622967438,Bat,Explore,null,false
1784622967785,alice,Sing,http://localhost:3251@Bat,true
1784622967786,brice,Sing,http://localhost:3251@alice,false
1784622968217,Ant,Talk,http://localhost:3251@brice,false
1784622968218,Bat,Talk,http://localhost:3251@Ant,false
1784622968403,alice,Exercise,http://localhost:3251@Bee,true
1784622968404,Bee,Exercise,http://localhost:3251@alice,false
1784622969395,Bat,Sing,http://localhost:3251@bear,true
1784622969396,bear,Sing,http://localhost:3251@Ant,false
1784622969456,brice,Explore,null,false
1784622970080,alice,Explore,null,true
1784622970626,Ant,Fight,http://localhost:3251@alice,false
1784622970627,bear,Fight,http://localhost:3251@Ant,true
1784622970751,Bat,Sing,http://localhost:3251@Bee,false
1784622970752,Bee,Sing,http://localhost:3251@Bat,true
1784622971498,Bee,Play,http://localhost:3251@brice,true
1784622971499,brice,Play,http://localhost:3251@Ant,true
1784622971685,Ant,Fight,http://localhost:3251@alice,true
1784622971686,Bat,Fight,http://localhost:3251@Ant,true
1784622972181,alice,Walk,http://localhost:3251@brice,true
1784622972183,brice,Walk,http://localhost:3251@alice,false
1784622972306,bear,Explore,null,false
1784622973040,Ant,Play,http://localhost:3251@alice,false
1784622973041,Bee,Play,http://localhost:3251@Ant,false
1784622973504,bear,Exercise,http://localhost:3251@Bee,true
1784622973505,brice,Exercise,http://localhost:3251@bear,false
1784622973683,alice,Play,http://localhost:3251@Bat,false
1784622973684,Bat,Play,http://localhost:3251@brice,true
1784622974323,Bee,Dance,http://localhost:3251@alice,true
1784622974324,brice,Dance,http://localhost:3251@Bee,true
1784622974508,Ant,Fight,http://localhost:3251@bear,true
1784622974509,bear,Fight,http://localhost:3251@alice,false
1784622974998,Bat,Sing,http://localhost:3251@Bee,true
1784622975000,brice,Sing,http://localhost:3251@Bat,true
1784622975545,bear,Exercise,http://localhost:3251@Bee,false
1784622975546,Bee,Exercise,http://localhost:3251@alice,false
1784622975650,alice,Walk,http://localhost:3251@brice,true
1784622975650,Ant,Walk,http://localhost:3251@alice,false
1784622976007,alice,Talk,http://localhost:3251@brice,false
1784622976008,brice,Talk,http://localhost:3251@Bee,true
1784622977033,alice,Talk,http://localhost:3251@Bat,true
1784622977034,bear,Talk,http://localhost:3251@alice,false
1784622977272,Bat,Explore,null,true
1784622977675,bear,Fight,http://localhost:3251@brice,true
1784622977676,brice,Fight,http://localhost:3251@bear,true
1784622979072,Bat,Play,http://localhost:3251@brice,true
1784622979073,brice,Play,http://localhost:3251@Ant,false
1784622979134,Bee,Explore,null,true
1784622979320,alice,Explore,null,true
1784622979444,Ant,Talk,http://localhost:3251@bear,true
1784622979444,bear,Talk,http://localhost:3251@Bat,true
1784622980422,bear,Dance,http://localhost:3251@brice,false
1784622980423,brice,Dance,http://localhost:3251@alice,true
1784622980669,alice,Dance,http://localhost:3251@brice,true
1784622980670,Ant,Dance,http://localhost:3251@alice,true
1784622981103,Bat,Dance,http://localhost:3251@brice,false
1784622981104,bear,Dance,http://localhost:3251@Bat,false
1784622981474,bear,Fight,http://localhost:3251@brice,false
1784622981475,brice,Fight,http://localhost:3251@bear,true
1784622982343,alice,Explore,null,false
1784622982838,Bat,Sing,http://localhost:3251@bear,false
1784622982839,bear,Sing,http://localhost:3251@Ant,true
1784622982839,Bee,Explore,null,true
1784622983514,Ant,Play,http://localhost:3251@alice,false
1784622983515,bear,Play,http://localhost:3251@Ant,false
1784622984471,Bat,Explore,null,true
1784622984473,Bee,Explore,null,true
1784622984986,alice,Dance,http://localhost:3251@brice,false
1784622984987,brice,Dance,http://localhost:3251@alice,false
1784622985695,Bat,Play,http://localhost:3251@brice,true
1784622985695,brice,Play,http://localhost:3251@Bat,true
1784622985810,Ant,Fight,http://localhost:3251@alice,true
1784622985811,Bee,Fight,http://localhost:3251@Ant,true
1784622986318,bear,Explore,null,false
1784622987211,bear,Sing,http://localhost:3251@Bee,true
1784622987211,Bee,Sing,http://localhost:3251@bear,false
1784622987263,Bat,Explore,null,true
1784622987925,brice,Explore,null,false
1784622988736,Ant,Explore,null,true
1784622988859,Bee,Explore,null,false
1784622989169,Bat,Exercise,http://localhost:3251@bear,false
1784622989169,bear,Exercise,http://localhost:3251@Bee,false
1784622989603,brice,Explore,null,true
1784622990272,alice,Sing,http://localhost:3251@Bat,true
1784622990273,Bat,Sing,http://localhost:3251@alice,false
1784622990522,Ant,Dance,http://localhost:3251@bear,true
1784622990523,bear,Dance,http://localhost:3251@brice,true
1784622991577,bear,Play,http://localhost:3251@Bee,false
1784622991577,Bee,Play,http://localhost:3251@Ant,false
1784622991889,Ant,Sing,http://localhost:3251@bear,false
1784622991890,Bat,Sing,http://localhost:3251@Ant,false
1784622991951,brice,Explore,null,true
1784622992635,Bee,Talk,http://localhost:3251@Bat,false
1784622992635,brice,Talk,http://localhost:3251@Bee,false
1784622993071,alice,Walk,http://localhost:3251@brice,false
1784622993072,Bat,Walk,http://localhost:3251@alice,true
1784622993252,Ant,Play,http://localhost:3251@alice,false
1784622993253,bear,Play,http://localhost:3251@Ant,true
1784622994022,Ant,Dance,http://localhost:3251@brice,false
1784622994023,brice,Dance,http://localhost:3251@alice,false
1784622994379,alice,Walk,http://localhost:3251@brice,true
1784622994380,bear,Walk,http://localhost:3251@alice,false
1784622995029,alice,Play,http://localhost:3251@Bat,false
1784622995031,Bat,Play,http://localhost:3251@brice,false
1784622995208,Ant,Exercise,http://localhost:3251@brice,false
1784622995209,bear,Exercise,http://localhost:3251@Ant,true
1784622996667,Bat,Explore,null,false
1784622996969,Bee,Explore,null,false
1784622997148,Bat,Fight,http://localhost:3251@brice,false
1784622997149,brice,Fight,http://localhost:3251@bear,true
1784622997740,alice,Exercise,http://localhost:3251@bear,false
1784622997741,bear,Exercise,http://localhost:3251@Bee,false
1784622997974,Ant,Dance,http://localhost:3251@Bat,true
1784622997975,Bat,Dance,http://localhost:3251@Ant,false
1784622998749,alice,Fight,http://localhost:3251@Bee,true
1784622998750,Ant,Fight,http://localhost:3251@alice,false
1784622999054,bear,Walk,http://localhost:3251@Ant,true
1784622999055,brice,Walk,http://localhost:3251@bear,true
1784622999674,Bat,Explore,null,true
1784623000102,Ant,Sing,http://localhost:3251@bear,true
1784623000103,Bee,Sing,http://localhost:3251@Ant,true
1784623000289,Bat,Exercise,http://localhost:3251@brice,false
1784623000289,brice,Exercise,http://localhost:3251@bear,false
1784623000784,bear,Talk,http://localhost:3251@Bat,true
1784623000784,brice,Talk,http://localhost:3251@bear,true
1784623001458,alice,Sing,http://localhost:3251@Bat,true
1784623001459,Bat,Sing,http://localhost:3251@alice,false
1784623002827,alice,Play,http://localhost:3251@Bat,true
1784623002829,brice,Play,http://localhost:3251@alice,false
1784623003137,Ant,Explore,null,true
1784623003138,Bat,Explore,null,true
1784623003199,bear,Fight,http://localhost:3251@alice,false
1784623003199,brice,Fight,http://localhost:3251@bear,true
1784623004446,alice,Explore,null,true
1784623004498,Bee,Walk,http://localhost:3251@brice,false
1784623004499,brice,Walk,http://localhost:3251@alice,true
1784623004785,bear,Explore,null,true
1784623005403,Ant,Explore,null,true
1784623005519,Bat,Fight,http://localhost:3251@brice,false
1784623005519,brice,Fight,http://localhost:3251@bear,false
1784623006110,Bee,Explore,null,true
1784623006402,Ant,Fight,http://localhost:3251@alice,false
1784623006403,brice,Fight,http://localhost:3251@Ant,true
1784623006508,alice,Fight,http://localhost:3251@Bat,false
1784623006509,Bat,Fight,http://localhost:3251@Bee,false
1784623007393,Bat,Play,http://localhost:3251@bear,true
1784623007393,bear,Play,http://localhost:3251@brice,false
1784623007516,alice,Talk,http://localhost:3251@Bat,false
1784623007517,brice,Talk,http://localhost:3251@alice,true
1784623008037,Ant,Fight,http://localhost:3251@alice,true
1784623008038,brice,Fight,http://localhost:3251@Ant,false
1784623008535,alice,Fight,http://localhost:3251@Bee,true
1784623008535,brice,Fight,http://localhost:3251@alice,true
1784623009031,Bat,Explore,null,true
1784623009031,Bee,Explore,null,false
1784623009403,Ant,Dance,http://localhost:3251@Bat,true
1784623009403,brice,Dance,http://localhost:3251@Ant,false
1784623010086,Bee,Fight,http://localhost:3251@alice,true
1784623010087,brice,Fight,http://localhost:3251@Bee,true
1784623010147,Bat,Walk,http://localhost:3251@bear,false
1784623010147,bear,Walk,http://localhost:3251@Ant,false
1784623010827,Ant,Walk,http://localhost:3251@bear,false
1784623010828,Bat,Walk,http://localhost:3251@Ant,true
1784623011573,Ant,Play,http://localhost:3251@bear,true
1784623011574,bear,Play,http://localhost:3251@brice,false
1784623011759,Bee,Explore,null,true
1784623012006,alice,Walk,http://localhost:3251@brice,true
1784623012007,Bat,Walk,http://localhost:3251@alice,true
1784623012861,Bat,Sing,http://localhost:3251@brice,false
1784623012861,brice,Sing,http://localhost:3251@Bee,true
1784623013237,alice,Exercise,http://localhost:3251@brice,true
1784623013238,Bee,Exercise,http://localhost:3251@alice,false
1784623013910,Ant,Explore,null,false
1784623013971,bear,Explore,null,true
1784623014511,Ant,Exercise,http://localhost:3251@Bee,true
1784623014512,Bee,Exercise,http://localhost:3251@alice,false
1784623014563,alice,Walk,http://localhost:3251@brice,false
1784623014564,Bat,Walk,http://localhost:3251@alice,true
1784623015307,Ant,Walk,http://localhost:3251@bear,false
1784623015308,bear,Walk,http://localhost:3251@Ant,true
1784623015417,alice,Exercise,http://localhost:3251@brice,false
1784623015417,brice,Exercise,http://localhost:3251@bear,true
1784623016490,Bat,Sing,http://localhost:3251@Bee,true
1784623016491,bear,Sing,http://localhost:3251@Bat,true
1784623016731,Bee,Explore,null,true
1784623016962,Ant,Talk,http://localhost:3251@brice,true
1784623016963,bear,Talk,http://localhost:3251@Ant,true
1784623017130,Bat,Fight,http://localhost:3251@brice,false
1784623017131,brice,Fight,http://localhost:3251@bear,true
1784623017658,alice,Explore,null,false
1784623018199,Bat,Talk,http://localhost:3251@brice,true
1784623018199,brice,Talk,http://localhost:3251@Bee,true
1784623018307,Bee,Explore,null,false
1784623018540,Ant,Explore,null,false
1784623018593,bear,Explore,null,false
1784623019831,Bat,Explore,null,true
1784623020078,Bee,Explore,null,true
1784623020700,alice,Sing,http://localhost:3251@bear,true
1784623020701,bear,Sing,http://localhost:3251@Ant,false
1784623020887,Ant,Explore,null,false
1784623021874,alice,Dance,http://localhost:3251@Bat,true
1784623021875,Bat,Dance,http://localhost:3251@brice,false
1784623021875,Bee,Explore,null,true
1784623022929,Ant,Dance,http://localhost:3251@Bat,false
1784623022931,bear,Dance,http://localhost:3251@Ant,true
1784623023230,alice,Dance,http://localhost:3251@brice,false
1784623023231,brice,Dance,http://localhost:3251@alice,false
1784623023601,Bee,Explore,null,false
1784623023894,Bat,Walk,http://localhost:3251@alice,false
1784623023894,brice,Walk,http://localhost:3251@Bat,false
1784623024551,alice,Dance,http://localhost:3251@brice,true
1784623024552,Ant,Dance,http://localhost:3251@alice,false
1784623025543,Ant,Dance,http://localhost:3251@bear,false
1784623025543,bear,Dance,http://localhost:3251@brice,false
1784623025833,Bee,Explore,null,false
1784623026551,bear,Fight,http://localhost:3251@alice,true
1784623026552,brice,Fight,http://localhost:3251@bear,false
1784623026850,alice,Explore,null,false
1784623026850,Ant,Play,http://localhost:3251@alice,true
1784623026851,Bat,Explore,null,false
1784623026851,Bee,Play,http://localhost:3251@Ant,true
1784623027842,Ant,Dance,http://localhost:3251@bear,true
1784623027843,bear,Dance,http://localhost:3251@brice,true
1784623027893,alice,Sing,http://localhost:3251@brice,true
1784623027894,brice,Sing,http://localhost:3251@Bee,false
1784623028689,Bat,Exercise,http://localhost:3251@Bee,true
1784623028690,Bee,Exercise,http://localhost:3251@alice,true
1784623028975,alice,Talk,http://localhost:3251@brice,true
1784623028976,brice,Talk,http://localhost:3251@Bee,true
1784623029448,bear,Explore,null,false
1784623029796,alice,Sing,http://localhost:3251@Ant,true
1784623029797,Ant,Sing,http://localhost:3251@bear,true
1784623030287,Bee,Explore,null,true
1784623030937,Bat,Explore,null,false
1784623030937,bear,Walk,http://localhost:3251@brice,false
1784623030938,brice,Walk,http://localhost:3251@alice,false
1784623031123,Ant,Sing,http://localhost:3251@bear,true
1784623031123,Bee,Sing,http://localhost:3251@Ant,true
1784623032552,Ant,Dance,http://localhost:3251@Bat,true
1784623032552,bear,Dance,http://localhost:3251@Ant,true
1784623032603,Bat,Explore,null,true
1784623032975,bear,Fight,http://localhost:3251@Bee,false
1784623032976,Bee,Fight,http://localhost:3251@alice,true
1784623033286,brice,Explore,null,false
1784623033847,alice,Sing,http://localhost:3251@Bat,false
1784623033848,Bat,Sing,http://localhost:3251@alice,false
1784623033970,Ant,Sing,http://localhost:3251@bear,false
1784623033971,brice,Sing,http://localhost:3251@Ant,true
1784623034621,bear,Explore,null,false
1784623034733,Bee,Talk,http://localhost:3251@Bat,false
1784623034734,brice,Talk,http://localhost:3251@Bee,true
1784623035248,Ant,Walk,http://localhost:3251@bear,false
1784623035249,Bat,Walk,http://localhost:3251@Ant,true
1784623036506,alice,Walk,http://localhost:3251@brice,true
1784623036507,bear,Walk,http://localhost:3251@alice,true
1784623036557,Bee,Exercise,http://localhost:3251@alice,false
1784623036558,brice,Exercise,http://localhost:3251@Bee,false
1784623036608,Ant,Walk,http://localhost:3251@bear,false
1784623036609,Bat,Walk,http://localhost:3251@Ant,true
1784623037858,Ant,Dance,http://localhost:3251@Bat,false
1784623037859,bear,Dance,http://localhost:3251@Ant,false
1784623038026,alice,Explore,null,false
1784623038793,Bat,Explore,null,true
1784623038794,Bee,Explore,null,true
1784623038794,brice,Explore,null,true
1784623039457,bear,Explore,null,false
1784623039643,alice,Explore,null,false
1784623040139,bear,Dance,http://localhost:3251@brice,false
1784623040139,brice,Dance,http://localhost:3251@alice,false
1784623040943,Ant,Explore,null,false
1784623041128,Bee,Explore,null,false
1784623041804,Bat,Explore,null,true
1784623042177,Ant,Sing,http://localhost:3251@bear,true
1784623042177,bear,Sing,http://localhost:3251@Ant,true
1784623042862,Bee,Sing,http://localhost:3251@brice,false
1784623042863,brice,Sing,http://localhost:3251@Bee,false
1784623043045,Ant,Exercise,http://localhost:3251@Bat,true
1784623043047,Bat,Exercise,http://localhost:3251@alice,false
1784623043853,bear,Explore,null,true
1784623043977,Bat,Talk,http://localhost:3251@brice,false
1784623043978,brice,Talk,http://localhost:3251@Bee,false
1784623044153,alice,Explore,null,true
1784623044847,alice,Dance,http://localhost:3251@Bee,false
1784623044849,Bee,Dance,http://localhost:3251@alice,false
1784623045247,Ant,Dance,http://localhost:3251@Bat,true
1784623045248,Bat,Dance,http://localhost:3251@brice,false
1784623046163,alice,Sing,http://localhost:3251@Bat,false
1784623046163,bear,Sing,http://localhost:3251@alice,true
1784623046226,brice,Explore,null,false
1784623046877,Bat,Explore,null,true
1784623047234,Ant,Sing,http://localhost:3251@bear,false
1784623047235,brice,Sing,http://localhost:3251@Ant,false
1784623048117,Bat,Dance,http://localhost:3251@bear,true
1784623048118,bear,Dance,http://localhost:3251@brice,false
1784623048240,Ant,Play,http://localhost:3251@Bee,false
1784623048240,Bee,Play,http://localhost:3251@Ant,false
1784623049179,Bat,Sing,http://localhost:3251@brice,false
1784623049180,brice,Sing,http://localhost:3251@Bee,true
1784623049241,alice,Explore,null,false
1784623049428,Ant,Dance,http://localhost:3251@bear,true
1784623049429,bear,Dance,http://localhost:3251@brice,false
1784623050225,alice,Fight,http://localhost:3251@brice,false
1784623050226,brice,Fight,http://localhost:3251@bear,false
1784623050495,Bee,Explore,null,false
1784623050550,Bat,Dance,http://localhost:3251@brice,false
1784623050551,bear,Dance,http://localhost:3251@Bat,true
1784623051724,Ant,Exercise,http://localhost:3251@bear,true
1784623051724,bear,Exercise,http://localhost:3251@Bee,false
1784623051785,brice,Explore,null,true
1784623052836,Bat,Explore,null,true
1784623054197,Ant,Dance,http://localhost:3251@Bat,true
1784623054197,Bat,Dance,http://localhost:3251@brice,true
1784623054258,brice,Explore,null,true
1784623054321,bear,Explore,null,true
1784623054481,alice,Explore,null,false
1784623055566,Ant,Play,http://localhost:3251@alice,true
1784623055567,Bat,Play,http://localhost:3251@Ant,false
1784623055628,Bee,Explore,null,false
1784623056098,alice,Explore,null,false
1784623057041,bear,Dance,http://localhost:3251@brice,true
1784623057042,brice,Dance,http://localhost:3251@bear,true
1784623057215,Bee,Explore,null,true
1784623057404,alice,Dance,http://localhost:3251@brice,true
1784623057405,Ant,Dance,http://localhost:3251@alice,true
1784623058331,Ant,Dance,http://localhost:3251@bear,false
1784623058331,bear,Dance,http://localhost:3251@brice,true
1784623058391,Bat,Dance,http://localhost:3251@brice,true
1784623058391,brice,Dance,http://localhost:3251@alice,false
1784623058791,Bee,Explore,null,true
1784623059295,alice,Sing,http://localhost:3251@Bat,false
1784623059295,Ant,Talk,http://localhost:3251@brice,false
1784623059296,Bat,Talk,http://localhost:3251@Ant,true
1784623059296,bear,Sing,http://localhost:3251@alice,false
1784623059976,brice,Explore,null,true
1784623060410,Bat,Fight,http://localhost:3251@Bee,true
1784623060411,Bee,Fight,http://localhost:3251@Bat,false
1784623061466,bear,Sing,http://localhost:3251@brice,false
1784623061466,brice,Sing,http://localhost:3251@Bee,false
1784623061527,Ant,Play,http://localhost:3251@alice,true
1784623061528,Bee,Play,http://localhost:3251@Ant,false
1784623061768,alice,Walk,http://localhost:3251@Bat,true
1784623061768,Bat,Walk,http://localhost:3251@alice,false
1784623062513,Bat,Talk,http://localhost:3251@brice,false
1784623062514,brice,Talk,http://localhost:3251@Bee,true
1784623063136,bear,Explore,null,false
1784623063565,Ant,Dance,http://localhost:3251@Bat,true
1784623063566,Bat,Dance,http://localhost:3251@Ant,true
1784623064056,Bee,Explore,null,false
1784623064181,brice,Explore,null,true
1784623064901,alice,Dance,http://localhost:3251@Ant,false
1784623064903,Ant,Dance,http://localhost:3251@Bat,true
1784623064955,Bat,Sing,http://localhost:3251@Bee,false
1784623064956,bear,Sing,http://localhost:3251@Bat,true
1784623066070,Ant,Exercise,http://localhost:3251@brice,false
1784623066070,bear,Exercise,http://localhost:3251@Ant,false
1784623066316,Bee,Explore,null,true
1784623066494,alice,Explore,null,false
1784623066556,Bat,Explore,null,false
1784623067322,Ant,Fight,http://localhost:3251@Bee,false
1784623067322,Bee,Fight,http://localhost:3251@alice,false
1784623067666,bear,Explore,null,false
1784623068069,alice,Explore,null,false
1784623068422,brice,Explore,null,false
1784623068674,Ant,Fight,http://localhost:3251@bear,false
1784623068675,bear,Fight,http://localhost:3251@alice,true
1784623068798,Bat,Explore,null,false
1784623068906,Bee,Explore,null,false
1784623069755,Bee,Sing,http://localhost:3251@brice,true
1784623069756,brice,Sing,http://localhost:3251@Bee,true
1784623070314,Ant,Explore,null,true
1784623070439,bear,Explore,null,true
1784623071122,alice,Walk,http://localhost:3251@brice,false
1784623071123,brice,Walk,http://localhost:3251@alice,true
1784623071371,Ant,Fight,http://localhost:3251@alice,false
1784623071372,bear,Fight,http://localhost:3251@Ant,true
1784623071433,Bee,Explore,null,true
1784623071806,Bat,Explore,null,false
1784623072549,Bat,Walk,http://localhost:3251@brice,false
1784623072550,brice,Walk,http://localhost:3251@alice,true
1784623072823,Ant,Sing,http://localhost:3251@bear,false
1784623072824,bear,Sing,http://localhost:3251@Ant,true
1784623073694,alice,Sing,http://localhost:3251@Bat,false
1784623073694,Ant,Sing,http://localhost:3251@alice,false
1784623073977,Bee,Play,http://localhost:3251@Ant,true
1784623073978,brice,Play,http://localhost:3251@Bee,false
1784623074948,alice,Play,http://localhost:3251@Bat,false
1784623074949,bear,Play,http://localhost:3251@alice,true
1784623075132,Bat,Play,http://localhost:3251@brice,true
1784623075132,brice,Play,http://localhost:3251@Bat,true
1784623076417,Bat,Dance,http://localhost:3251@brice,true
1784623076418,bear,Dance,http://localhost:3251@Bat,false
1784623076418,Bee,Play,http://localhost:3251@brice,false
1784623076418,brice,Play,http://localhost:3251@Ant,false
1784623077588,Ant,Exercise,http://localhost:3251@Bat,true
1784623077589,Bat,Exercise,http://localhost:3251@alice,true
1784623077704,alice,Play,http://localhost:3251@brice,true
1784623077705,brice,Play,http://localhost:3251@Ant,true
1784623078239,Bee,Exercise,http://localhost:3251@alice,true
1784623078239,brice,Exercise,http://localhost:3251@Bee,true
1784623079189,Ant,Explore,null,false
1784623079357,bear,Explore,null,true
1784623080208,Bat,Sing,http://localhost:3251@Bee,false
1784623080209,bear,Sing,http://localhost:3251@Bat,true
1784623080520,Bee,Explore,null,false
1784623080521,brice,Explore,null,false
1784623081264,Ant,Dance,http://localhost:3251@Bat,true
1784623081265,Bat,Dance,http://localhost:3251@Ant,true
1784623081574,alice,Play,http://localhost:3251@bear,false
1784623081575,bear,Play,http://localhost:3251@brice,false
1784623082628,Bat,Play,http://localhost:3251@brice,true
1784623082630,brice,Play,http://localhost:3251@Bat,false
1784623082938,Ant,Sing,http://localhost:3251@bear,false
1784623082938,bear,Sing,http://localhost:3251@Ant,false
1784623083609,alice,Walk,http://localhost:3251@brice,false
1784623083609,bear,Walk,http://localhost:3251@alice,true
1784623083982,Ant,Dance,http://localhost:3251@Bat,false
1784623083984,Bat,Dance,http://localhost:3251@brice,false
1784623084539,bear,Exercise,http://localhost:3251@Bee,false
1784623084540,Bee,Exercise,http://localhost:3251@alice,true
1784623085332,alice,Exercise,http://localhost:3251@Ant,true
1784623085333,Ant,Exercise,http://localhost:3251@brice,true
1784623085333,Bee,Sing,http://localhost:3251@brice,true
1784623085333,brice,Sing,http://localhost:3251@Bee,false
1784623085632,Bat,Explore,null,true
1784623086661,Ant,Sing,http://localhost:3251@bear,false
1784623086662,Bat,Sing,http://localhost:3251@Ant,false
1784623087374,Bat,Walk,http://localhost:3251@bear,false
1784623087375,bear,Walk,http://localhost:3251@Ant,false
1784623087597,Bee,Explore,null,true
1784623087659,brice,Explore,null,true
1784623088617,alice,Dance,http://localhost:3251@brice,true
1784623088618,Bat,Dance,http://localhost:3251@alice,false
1784623088979,bear,Explore,null,true
1784623089564,Ant,Dance,http://localhost:3251@Bee,true
1784623089565,Bee,Dance,http://localhost:3251@alice,false
1784623089689,alice,Walk,http://localhost:3251@brice,true
1784623089690,brice,Walk,http://localhost:3251@alice,true
1784623090299,Ant,Play,http://localhost:3251@bear,false
1784623090300,Bat,Explore,null,false
1784623090300,bear,Play,http://localhost:3251@brice,true
1784623091353,Bat,Talk,http://localhost:3251@alice,true
1784623091353,brice,Talk,http://localhost:3251@Bat,true
1784623091541,alice,Exercise,http://localhost:3251@bear,false
1784623091542,bear,Exercise,http://localhost:3251@Bee,true
1784623092717,alice,Talk,http://localhost:3251@Ant,true
1784623092719,Ant,Talk,http://localhost:3251@brice,false
1784623093024,Bat,Explore,null,true
1784623093086,brice,Explore,null,true
1784623093271,Bee,Explore,null,true
1784623094077,alice,Sing,http://localhost:3251@Bat,true
1784623094078,Ant,Sing,http://localhost:3251@bear,false
1784623094078,Bat,Sing,http://localhost:3251@Ant,false
1784623094078,brice,Sing,http://localhost:3251@alice,false
1784623095579,Ant,Sing,http://localhost:3251@bear,true
1784623095579,bear,Sing,http://localhost:3251@Ant,true
1784623095684,brice,Explore,null,false
1784623096793,Ant,Sing,http://localhost:3251@bear,false
1784623096794,Bat,Sing,http://localhost:3251@Ant,false
1784623096893,alice,Walk,http://localhost:3251@brice,true
1784623096894,brice,Walk,http://localhost:3251@alice,false
1784623097391,bear,Walk,http://localhost:3251@Ant,true
1784623097392,Bee,Walk,http://localhost:3251@bear,false
1784623098319,Bat,Explore,null,true
1784623098432,brice,Explore,null,false
1784623098661,alice,Play,http://localhost:3251@Ant,true
1784623098662,Ant,Play,http://localhost:3251@alice,false
1784623098966,Bee,Explore,null,true
1784623099436,Bat,Talk,http://localhost:3251@brice,false
1784623099436,brice,Talk,http://localhost:3251@Bee,false
1784623099669,bear,Explore,null,false
1784623100134,Ant,Exercise,http://localhost:3251@Bee,false
1784623100134,Bee,Exercise,http://localhost:3251@alice,true
1784623101066,Bat,Explore,null,true
1784623101314,alice,Dance,http://localhost:3251@brice,true
1784623101315,brice,Dance,http://localhost:3251@alice,false
1784623102490,Bee,Explore,null,false
1784623102739,Ant,Fight,http://localhost:3251@alice,false
1784623102739,Bat,Fight,http://localhost:3251@Ant,true
1784623102987,brice,Explore,null,false
1784623103839,Bee,Play,http://localhost:3251@Ant,true
1784623103840,brice,Play,http://localhost:3251@Bee,false
1784623104025,bear,Explore,null,false
1784623104397,alice,Explore,null,true
1784623105080,Bat,Explore,null,false
1784623105329,bear,Sing,http://localhost:3251@brice,false
1784623105329,brice,Sing,http://localhost:3251@Bee,true
1784623106047,alice,Explore,null,false
1784623106109,Bat,Talk,http://localhost:3251@alice,false
1784623106110,brice,Talk,http://localhost:3251@Bat,true
1784623106233,Bee,Explore,null,true
1784623106827,alice,Dance,http://localhost:3251@Ant,false
1784623106828,Ant,Dance,http://localhost:3251@Bat,true
1784623107191,Bat,Talk,http://localhost:3251@alice,false
1784623107192,bear,Talk,http://localhost:3251@Bat,false
1784623108224,Ant,Dance,http://localhost:3251@Bat,false
1784623108225,Bat,Dance,http://localhost:3251@Ant,false
1784623108528,Bee,Explore,null,true
1784623109311,Bee,Exercise,http://localhost:3251@brice,true
1784623109311,brice,Exercise,http://localhost:3251@bear,true
1784623109967,Bat,Dance,http://localhost:3251@bear,false
1784623109968,bear,Dance,http://localhost:3251@brice,false
1784623110956,Bee,Explore,null,false
1784623111266,Ant,Explore,null,false
1784623111329,alice,Walk,http://localhost:3251@Bat,true
1784623111330,Bat,Walk,http://localhost:3251@alice,false
1784623111763,brice,Explore,null,true
1784623112507,Ant,Exercise,http://localhost:3251@brice,true
1784623112508,Bat,Exercise,http://localhost:3251@Ant,false
1784623112632,Bee,Explore,null,true
1784623113563,brice,Explore,null,false
1784623113812,bear,Explore,null,true
1784623113874,Ant,Dance,http://localhost:3251@Bat,false
1784623113874,Bee,Dance,http://localhost:3251@Ant,false
1784623114493,Ant,Exercise,http://localhost:3251@Bat,false
1784623114494,Bat,Exercise,http://localhost:3251@alice,true
1784623114742,alice,Sing,http://localhost:3251@Bat,false
1784623114743,Bee,Sing,http://localhost:3251@alice,false
1784623115235,bear,Dance,http://localhost:3251@brice,true
1784623115236,brice,Dance,http://localhost:3251@bear,true
1784623115789,alice,Talk,http://localhost:3251@Bat,true
1784623115790,brice,Talk,http://localhost:3251@alice,true
1784623115959,Ant,Exercise,http://localhost:3251@Bee,true
1784623115959,Bee,Exercise,http://localhost:3251@alice,false
1784623116501,alice,Dance,http://localhost:3251@Bat,false
1784623116502,Bat,Dance,http://localhost:3251@brice,true
1784623117797,alice,Sing,http://localhost:3251@Bat,false
1784623117797,Ant,Dance,http://localhost:3251@Bat,true
1784623117798,Bat,Dance,http://localhost:3251@brice,false
1784623117798,bear,Sing,http://localhost:3251@alice,false
1784623118534,Ant,Dance,http://localhost:3251@Bee,true
1784623118535,Bee,Dance,http://localhost:3251@alice,false
1784623119494,Ant,Talk,http://localhost:3251@brice,true
1784623119495,bear,Talk,http://localhost:3251@Ant,false
1784623120758,alice,Sing,http://localhost:3251@Ant,false
1784623120758,Ant,Sing,http://localhost:3251@bear,false
1784623121382,brice,Explore,null,true
1784623121443,Bat,Explore,null,true
1784623122120,alice,Dance,http://localhost:3251@brice,true
1784623122121,Bat,Dance,http://localhost:3251@alice,false
1784623122244,Bee,Explore,null,false
1784623122679,bear,Exercise,http://localhost:3251@Bee,false
1784623122680,brice,Exercise,http://localhost:3251@bear,false
1784623123299,Bee,Talk,http://localhost:3251@Bat,true
1784623123300,brice,Talk,http://localhost:3251@Bee,false
1784623124353,bear,Explore,null,false
1784623124476,Bat,Explore,null,false
1784623125036,Bee,Fight,http://localhost:3251@brice,true
1784623125037,brice,Fight,http://localhost:3251@bear,false
1784623125223,alice,Explore,null,true
1784623125824,Bat,Sing,http://localhost:3251@Bee,false
1784623125825,brice,Sing,http://localhost:3251@Bat,true
1784623126228,Ant,Sing,http://localhost:3251@bear,true
1784623126229,bear,Sing,http://localhost:3251@Ant,false
1784623126649,Bee,Explore,null,true
1784623127731,alice,Talk,http://localhost:3251@brice,true
1784623127732,brice,Talk,http://localhost:3251@Bee,true
1784623127858,Ant,Exercise,http://localhost:3251@Bee,true
1784623127858,Bee,Exercise,http://localhost:3251@alice,false
1784623128327,Bat,Exercise,http://localhost:3251@alice,true
1784623128328,bear,Exercise,http://localhost:3251@Bat,true
1784623128822,Bee,Talk,http://localhost:3251@brice,false
1784623128823,brice,Talk,http://localhost:3251@Bee,false
1784623129057,alice,Walk,http://localhost:3251@brice,true
1784623129057,bear,Walk,http://localhost:3251@alice,true
1784623129841,alice,Fight,http://localhost:3251@brice,false
1784623129841,brice,Fight,http://localhost:3251@bear,false
1784623131011,alice,Walk,http://localhost:3251@Bat,true
1784623131013,Bat,Walk,http://localhost:3251@alice,true
1784623131630,Bee,Fight,http://localhost:3251@brice,true
1784623131631,brice,Fight,http://localhost:3251@bear,false
1784623132067,Ant,Dance,http://localhost:3251@Bat,true
1784623132067,bear,Dance,http://localhost:3251@Ant,false
1784623132937,Ant,Exercise,http://localhost:3251@Bat,true
1784623132937,Bat,Exercise,http://localhost:3251@alice,false
1784623133372,alice,Explore,null,true
1784623133373,Bat,Fight,http://localhost:3251@Bee,false
1784623133373,Bee,Fight,http://localhost:3251@alice,false
1784623134114,Ant,Dance,http://localhost:3251@bear,true
1784623134115,bear,Dance,http://localhost:3251@brice,false
1784623134423,Bee,Dance,http://localhost:3251@brice,true
1784623134424,brice,Dance,http://localhost:3251@alice,false
1784623134671,alice,Exercise,http://localhost:3251@brice,true
1784623134671,bear,Exercise,http://localhost:3251@alice,false
1784623135411,Bat,Sing,http://localhost:3251@Bee,false
1784623135411,Bee,Sing,http://localhost:3251@Bat,false
1784623135778,Ant,Explore,null,true
1784623136134,Ant,Fight,http://localhost:3251@brice,true
1784623136135,brice,Fight,http://localhost:3251@bear,true
1784623136310,bear,Explore,null,false
1784623136716,alice,Dance,http://localhost:3251@Bat,true
1784623136717,Bat,Dance,http://localhost:3251@brice,true
1784623137088,Bee,Explore,null,false
1784623137507,alice,Sing,http://localhost:3251@Ant,true
1784623137508,Ant,Sing,http://localhost:3251@bear,false
1784623137748,brice,Explore,null,true
1784623138358,Bat,Explore,null,true
1784623138793,alice,Walk,http://localhost:3251@brice,false
1784623138794,brice,Walk,http://localhost:3251@alice,true
1784623139497,Ant,Sing,http://localhost:3251@bear,true
1784623139497,Bee,Sing,http://localhost:3251@Ant,false
1784623139847,bear,Explore,null,true
1784623140879,Ant,Dance,http://localhost:3251@Bee,true
1784623140880,Bee,Dance,http://localhost:3251@alice,false
1784623141687,Ant,Sing,http://localhost:3251@Bat,true
1784623141688,Bat,Sing,http://localhost:3251@Bee,false
1784623142114,alice,Dance,http://localhost:3251@brice,false
1784623142114,bear,Dance,http://localhost:3251@alice,false
1784623143045,Ant,Dance,http://localhost:3251@Bat,true
1784623143047,Bee,Dance,http://localhost:3251@Ant,true
1784623143355,Bat,Explore,null,true
1784623144163,brice,Explore,null,false
1784623144598,alice,Explore,null,false
1784623144722,Ant,Explore,null,false
1784623144910,bear,Sing,http://localhost:3251@Ant,true
1784623144911,brice,Sing,http://localhost:3251@bear,false
1784623145527,Bee,Fight,http://localhost:3251@alice,true
1784623145528,brice,Fight,http://localhost:3251@Bee,false
1784623146380,Ant,Explore,null,true
1784623146542,alice,Fight,http://localhost:3251@Bee,false
1784623146543,Bee,Fight,http://localhost:3251@alice,false
1784623146706,Bat,Play,http://localhost:3251@brice,false
1784623146706,brice,Play,http://localhost:3251@Bat,false
1784623147665,Ant,Sing,http://localhost:3251@bear,false
1784623147666,Bee,Sing,http://localhost:3251@Ant,false
1784623147836,bear,Explore,null,false
1784623148146,alice,Explore,null,true
1784623148334,Bat,Explore,null,true
1784623149158,bear,Sing,http://localhost:3251@Ant,false
1784623149158,Bee,Sing,http://localhost:3251@bear,false
1784623149933,Ant,Explore,null,true
1784623149995,Bat,Explore,null,false
1784623150120,alice,Walk,http://localhost:3251@brice,false
1784623150121,bear,Walk,http://localhost:3251@alice,true
1784623150791,Bee,Explore,null,false
1784623150840,bear,Walk,http://localhost:3251@brice,true
1784623150841,brice,Walk,http://localhost:3251@alice,false
1784623151459,alice,Dance,http://localhost:3251@brice,false
1784623151460,Ant,Dance,http://localhost:3251@alice,true
1784623152513,bear,Explore,null,false
1784623152514,Bee,Explore,null,false
1784623153507,Ant,Dance,http://localhost:3251@Bat,false
1784623153507,Bat,Dance,http://localhost:3251@Ant,false
1784623153817,alice,Explore,null,false
1784623154559,Ant,Walk,http://localhost:3251@bear,true
1784623154559,bear,Walk,http://localhost:3251@Ant,true
1784623155242,Bat,Dance,http://localhost:3251@Bee,true
1784623155243,Bee,Dance,http://localhost:3251@alice,false
1784623155551,alice,Talk,http://localhost:3251@Bat,true
1784623155551,bear,Talk,http://localhost:3251@alice,false
1784623156535,alice,Walk,http://localhost:3251@brice,true
1784623156536,brice,Walk,http://localhost:3251@alice,true
1784623156649,Ant,Walk,http://localhost:3251@Bat,true
1784623156650,Bat,Walk,http://localhost:3251@alice,false
1784623157014,Bee,Fight,http://localhost:3251@alice,true
1784623157014,brice,Fight,http://localhost:3251@Bee,true
1784623157806,bear,Explore,null,true
1784623158185,Bat,Explore,null,false
1784623158243,Ant,Play,http://localhost:3251@brice,false
1784623158243,brice,Play,http://localhost:3251@Ant,false
1784623158533,Bee,Explore,null,false
1784623159327,alice,Explore,null,false
1784623159507,Ant,Dance,http://localhost:3251@Bat,true
1784623159508,Bee,Dance,http://localhost:3251@Ant,true
1784623160417,brice,Explore,null,true
1784623160816,alice,Exercise,http://localhost:3251@bear,true
1784623160816,bear,Exercise,http://localhost:3251@Bee,false
1784623161317,Bat,Play,http://localhost:3251@brice,false
1784623161317,brice,Play,http://localhost:3251@Bat,false
1784623161738,Bee,Explore,null,false
1784623162110,alice,Dance,http://localhost:3251@brice,true
1784623162111,Ant,Dance,http://localhost:3251@alice,true
1784623162484,Bat,Talk,http://localhost:3251@bear,false
1784623162485,bear,Talk,http://localhost:3251@Bat,true
1784623162545,Bee,Exercise,http://localhost:3251@brice,false
1784623162546,brice,Exercise,http://localhost:3251@bear,false
1784623163473,Ant,Dance,http://localhost:3251@Bat,true
1784623163474,Bee,Dance,http://localhost:3251@Ant,false
1784623163722,alice,Talk,http://localhost:3251@brice,false
1784623163722,brice,Talk,http://localhost:3251@Bee,true
1784623164815,Bat,Explore,null,true
1784623165062,alice,Play,http://localhost:3251@Bat,false
1784623165063,bear,Play,http://localhost:3251@alice,true
1784623166240,brice,Explore,null,true
1784623166365,Ant,Walk,http://localhost:3251@bear,false
1784623166365,bear,Walk,http://localhost:3251@Ant,true
1784623166485,Bee,Explore,null,false
1784623166610,Bat,Talk,http://localhost:3251@alice,false
1784623166610,brice,Talk,http://localhost:3251@Bat,true
1784623167732,alice,Sing,http://localhost:3251@Bat,false
1784623167732,brice,Sing,http://localhost:3251@alice,true
1784623167969,Ant,Explore,null,false
1784623168271,Bat,Talk,http://localhost:3251@alice,false
1784623168273,brice,Talk,http://localhost:3251@Bat,true
1784623169291,alice,Sing,http://localhost:3251@Ant,true
1784623169291,Ant,Sing,http://localhost:3251@bear,false
1784623169650,Ant,Fight,http://localhost:3251@Bee,true
1784623169651,Bee,Fight,http://localhost:3251@alice,false
1784623170584,Bat,Explore,null,true
1784623170881,alice,Explore,null,true
1784623171930,Ant,Explore,null,true
1784623172303,bear,Walk,http://localhost:3251@Ant,true
1784623172304,brice,Walk,http://localhost:3251@bear,true
1784623173606,Bee,Exercise,http://localhost:3251@alice,false
1784623173607,brice,Exercise,http://localhost:3251@Bee,true
1784623173855,alice,Exercise,http://localhost:3251@Ant,true
1784623173856,Ant,Exercise,http://localhost:3251@brice,false
1784623173979,bear,Explore,null,true
1784623175163,Bat,Walk,http://localhost:3251@brice,false
1784623175164,brice,Walk,http://localhost:3251@alice,false
1784623175463,Ant,Talk,http://localhost:3251@Bee,false
1784623175464,Bee,Talk,http://localhost:3251@Bat,true
1784623175649,bear,Explore,null,false
1784623177198,Ant,Dance,http://localhost:3251@Bat,false
1784623177199,Bat,Dance,http://localhost:3251@brice,false
1784623177317,bear,Explore,null,false
1784623177483,brice,Explore,null,false
1784623177758,Bee,Explore,null,false
1784623178227,alice,Explore,null,false
1784623178761,Bat,Explore,null,true
1784623178933,Ant,Exercise,http://localhost:3251@Bee,false
1784623178934,Bee,Exercise,http://localhost:3251@alice,false
1784623179501,alice,Walk,http://localhost:3251@brice,false
1784623179502,bear,Walk,http://localhost:3251@alice,false
1784623180180,alice,Dance,http://localhost:3251@Ant,false
1784623180181,Ant,Dance,http://localhost:3251@Bat,true
1784623180512,Bee,Fight,http://localhost:3251@alice,false
1784623180512,brice,Fight,http://localhost:3251@Bee,false
1784623181299,Bat,Walk,http://localhost:3251@alice,false
1784623181300,bear,Walk,http://localhost:3251@Bat,false
1784623181854,Ant,Dance,http://localhost:3251@Bee,false
1784623181855,Bee,Dance,http://localhost:3251@alice,false
1784623182661,Ant,Sing,http://localhost:3251@Bat,false
1784623182661,Bat,Sing,http://localhost:3251@Bee,true
1784623182850,brice,Explore,null,false
1784623183137,alice,Talk,http://localhost:3251@Bat,false
1784623183138,Bat,Talk,http://localhost:3251@alice,false
1784623183975,alice,Dance,http://localhost:3251@Ant,true
1784623183976,Ant,Dance,http://localhost:3251@Bat,false
1784623184767,Bat,Explore,null,false
1784623185138,Bee,Exercise,http://localhost:3251@alice,false
1784623185139,brice,Exercise,http://localhost:3251@Bee,true
1784623186133,Ant,Sing,http://localhost:3251@bear,true
1784623186133,bear,Sing,http://localhost:3251@Ant,false
1784623186909,Bat,Dance,http://localhost:3251@brice,true
1784623186910,bear,Dance,http://localhost:3251@Bat,false
1784623187375,alice,Walk,http://localhost:3251@brice,true
1784623187376,Ant,Walk,http://localhost:3251@alice,false
1784623188189,Ant,Play,http://localhost:3251@Bat,true
1784623188190,Bat,Play,http://localhost:3251@brice,false
1784623188676,alice,Walk,http://localhost:3251@brice,false
1784623188676,brice,Walk,http://localhost:3251@alice,false
1784623188738,Bee,Explore,null,true
1784623189598,alice,Walk,http://localhost:3251@bear,false
1784623189599,bear,Walk,http://localhost:3251@Ant,true
1784623190087,Bat,Dance,http://localhost:3251@Bee,true
1784623190087,Bee,Dance,http://localhost:3251@alice,true
1784623190337,brice,Explore,null,false
1784623190911,Ant,Sing,http://localhost:3251@bear,true
1784623190911,Bee,Sing,http://localhost:3251@Ant,false
1784623191208,bear,Explore,null,true
1784623191376,Bat,Play,http://localhost:3251@brice,true
1784623191378,brice,Play,http://localhost:3251@Bat,false
1784623191912,Bee,Fight,http://localhost:3251@alice,false
1784623191912,brice,Fight,http://localhost:3251@Bee,false
1784623192721,Ant,Play,http://localhost:3251@Bat,false
1784623192721,Bat,Play,http://localhost:3251@brice,false
1784623192906,alice,Walk,http://localhost:3251@brice,false
1784623192906,brice,Walk,http://localhost:3251@alice,true
1784623194274,alice,Play,http://localhost:3251@Bat,true
1784623194274,bear,Play,http://localhost:3251@alice,true
1784623194399,Bat,Explore,null,false
1784623194585,Bee,Exercise,http://localhost:3251@alice,false
1784623194586,brice,Exercise,http://localhost:3251@Bee,false
1784623195268,Ant,Talk,http://localhost:3251@brice,false
1784623195269,bear,Talk,http://localhost:3251@Ant,true
1784623196007,alice,Explore,null,false
1784623196255,Bee,Explore,null,true
1784623196440,Bat,Sing,http://localhost:3251@Bee,true
1784623196440,brice,Sing,http://localhost:3251@Bat,true
1784623197005,Ant,Talk,http://localhost:3251@brice,true
1784623197006,Bat,Talk,http://localhost:3251@Ant,true
1784623197676,Bee,Sing,http://localhost:3251@bear,true
1784623197677,brice,Sing,http://localhost:3251@Bee,false
1784623197954,Bat,Walk,http://localhost:3251@bear,true
1784623197954,bear,Walk,http://localhost:3251@Ant,true
1784623199237,alice,Exercise,http://localhost:3251@brice,false
1784623199238,Ant,Exercise,http://localhost:3251@alice,false
1784623199981,brice,Explore,null,false
1784623200851,Ant,Sing,http://localhost:3251@Bee,true
1784623200852,Bee,Sing,http://localhost:3251@bear,false
1784623201418,bear,Explore,null,false
1784623201532,Bat,Explore,null,false
1784623201882,alice,Sing,http://localhost:3251@brice,true
1784623201882,brice,Sing,http://localhost:3251@Bee,false
1784623202006,bear,Exercise,http://localhost:3251@Bee,true
1784623202008,Bee,Exercise,http://localhost:3251@alice,true
1784623202506,Ant,Explore,null,true
1784623203193,Bat,Explore,null,true
1784623203315,bear,Sing,http://localhost:3251@brice,true
1784623203316,brice,Sing,http://localhost:3251@Bee,true
1784623203753,Bee,Explore,null,true
1784623203941,alice,Sing,http://localhost:3251@Bat,true
1784623203942,Ant,Sing,http://localhost:3251@alice,true
1784623204638,Bat,Walk,http://localhost:3251@brice,true
1784623204639,brice,Walk,http://localhost:3251@alice,false
1784623205258,alice,Exercise,http://localhost:3251@brice,true
1784623205260,bear,Exercise,http://localhost:3251@alice,true
1784623205506,Bat,Talk,http://localhost:3251@Bee,true
1784623205507,Bee,Talk,http://localhost:3251@Bat,true
1784623206682,Bat,Walk,http://localhost:3251@brice,true
1784623206683,brice,Walk,http://localhost:3251@alice,false
1784623207162,Ant,Explore,null,true
1784623207873,alice,Exercise,http://localhost:3251@brice,true
1784623207874,Ant,Exercise,http://localhost:3251@alice,false
1784623208051,Bat,Walk,http://localhost:3251@brice,false
1784623208051,brice,Walk,http://localhost:3251@alice,true
1784623208587,bear,Sing,http://localhost:3251@Ant,false
1784623208587,Bee,Sing,http://localhost:3251@bear,true
1784623209253,Bat,Exercise,http://localhost:3251@alice,false
1784623209253,bear,Exercise,http://localhost:3251@Bat,true
1784623209492,Ant,Explore,null,true
1784623209609,Bee,Fight,http://localhost:3251@alice,false
1784623209610,brice,Fight,http://localhost:3251@Bee,false
1784623211101,Ant,Exercise,http://localhost:3251@bear,true
1784623211102,bear,Exercise,http://localhost:3251@Bee,true
1784623211288,brice,Explore,null,false
1784623211859,alice,Walk,http://localhost:3251@brice,false
1784623211860,Bat,Walk,http://localhost:3251@alice,false
1784623211919,Bee,Explore,null,true
1784623212290,Bee,Talk,http://localhost:3251@brice,false
1784623212291,brice,Talk,http://localhost:3251@Bee,true
1784623213222,Bat,Walk,http://localhost:3251@alice,false
1784623213222,bear,Walk,http://localhost:3251@Bat,false
1784623213407,Ant,Explore,null,true
1784623213965,brice,Explore,null,true
1784623214560,alice,Walk,http://localhost:3251@bear,true
1784623214561,bear,Walk,http://localhost:3251@Ant,false
1784623214782,Ant,Sing,http://localhost:3251@bear,false
1784623214782,brice,Sing,http://localhost:3251@Ant,false
1784623215256,Bat,Sing,http://localhost:3251@Bee,true
1784623215258,bear,Sing,http://localhost:3251@Bat,true
1784623216095,Ant,Walk,http://localhost:3251@bear,false
1784623216096,Bat,Walk,http://localhost:3251@Ant,true
1784623217027,alice,Exercise,http://localhost:3251@Bee,false
1784623217028,Bee,Exercise,http://localhost:3251@alice,true
1784623217153,bear,Talk,http://localhost:3251@brice,false
1784623217153,brice,Talk,http://localhost:3251@Bee,true
1784623218369,Bee,Sing,http://localhost:3251@bear,true
1784623218370,brice,Sing,http://localhost:3251@Bee,false
1784623218492,Ant,Explore,null,false
1784623219296,alice,Fight,http://localhost:3251@Bat,true
1784623219296,Bat,Fight,http://localhost:3251@Bee,false
1784623220103,Bee,Explore,null,false
1784623221034,Bat,Exercise,http://localhost:3251@brice,true
1784623221035,brice,Exercise,http://localhost:3251@bear,true
1784623221222,Ant,Dance,http://localhost:3251@Bat,false
1784623221225,Bee,Dance,http://localhost:3251@Ant,true
1784623221956,alice,Talk,http://localhost:3251@Bat,true
1784623221957,bear,Talk,http://localhost:3251@alice,true
1784623222565,Bee,Walk,http://localhost:3251@Bat,true
1784623222566,brice,Walk,http://localhost:3251@Bee,false
1784623223308,bear,Sing,http://localhost:3251@Ant,true
1784623223309,Bee,Sing,http://localhost:3251@bear,false
1784623224725,alice,Play,http://localhost:3251@Bat,false
1784623224727,Bat,Play,http://localhost:3251@alice,false
1784623225410,Ant,Walk,http://localhost:3251@bear,true
1784623225412,bear,Walk,http://localhost:3251@Ant,false
1784623225659,Bee,Explore,null,true
1784623226344,brice,Explore,null,true
1784623226715,Bat,Talk,http://localhost:3251@Bee,true
1784623226716,Bee,Talk,http://localhost:3251@Bat,true
1784623227582,Ant,Exercise,http://localhost:3251@brice,false
1784623227584,brice,Exercise,http://localhost:3251@bear,true
1784623227895,alice,Talk,http://localhost:3251@Bat,true
1784623227896,bear,Talk,http://localhost:3251@alice,false
1784623228765,bear,Walk,http://localhost:3251@Bee,true
1784623228765,Bee,Walk,http://localhost:3251@Bat,true
1784623229262,Ant,Explore,null,false
1784623229680,Bat,Dance,http://localhost:3251@brice,true
1784623229682,brice,Dance,http://localhost:3251@alice,false
1784623230425,alice,Talk,http://localhost:3251@Bat,true
1784623230426,Bat,Talk,http://localhost:3251@alice,false
1784623230487,Ant,Exercise,http://localhost:3251@brice,true
1784623230488,Bee,Exercise,http://localhost:3251@Ant,true
1784623231790,bear,Sing,http://localhost:3251@brice,true
1784623231791,brice,Sing,http://localhost:3251@Bee,true
1784623232100,Bat,Explore,null,false
1784623232470,alice,Dance,http://localhost:3251@brice,true
1784623232470,brice,Dance,http://localhost:3251@alice,true
1784623232532,Ant,Sing,http://localhost:3251@Bee,true
1784623232535,Bee,Sing,http://localhost:3251@bear,true
1784623233150,alice,Exercise,http://localhost:3251@bear,true
1784623233151,bear,Exercise,http://localhost:3251@Bee,true
1784623233895,alice,Walk,http://localhost:3251@brice,false
1784623233895,brice,Walk,http://localhost:3251@alice,true
1784623234205,Bee,Explore,null,true
1784623235265,Bat,Dance,http://localhost:3251@brice,true
1784623235267,brice,Dance,http://localhost:3251@alice,true
1784623235513,bear,Explore,null,false
1784623235574,Ant,Explore,null,false
1784623235885,Bee,Explore,null,false
1784623236376,Ant,Talk,http://localhost:3251@Bat,true
1784623236377,Bat,Talk,http://localhost:3251@alice,false
1784623236998,Bat,Fight,http://localhost:3251@brice,false
1784623236999,brice,Fight,http://localhost:3251@bear,false
1784623237121,bear,Exercise,http://localhost:3251@Bee,false
1784623237122,Bee,Exercise,http://localhost:3251@alice,true
1784623237738,alice,Sing,http://localhost:3251@Ant,true
1784623237739,Ant,Sing,http://localhost:3251@bear,true
1784623238359,Bat,Sing,http://localhost:3251@Bee,false
1784623238361,bear,Sing,http://localhost:3251@Bat,false
1784623238732,alice,Talk,http://localhost:3251@brice,false
1784623238733,brice,Talk,http://localhost:3251@Bee,true
1784623238793,Ant,Fight,http://localhost:3251@alice,true
1784623238794,bear,Fight,http://localhost:3251@Ant,true
1784623239724,Bat,Walk,http://localhost:3251@alice,false
1784623239726,brice,Walk,http://localhost:3251@Bat,true
1784623239912,bear,Exercise,http://localhost:3251@Bee,false
1784623239913,Bee,Exercise,http://localhost:3251@alice,true
1784623241027,Ant,Walk,http://localhost:3251@bear,true
1784623241027,bear,Walk,http://localhost:3251@Ant,false
1784623241089,alice,Sing,http://localhost:3251@brice,false
1784623241089,brice,Sing,http://localhost:3251@Bee,false
1784623241394,Bat,Explore,null,false
1784623242696,Ant,Explore,null,false
1784623243131,Ant,Fight,http://localhost:3251@Bat,true
1784623243131,Bat,Fight,http://localhost:3251@Bee,true
1784623243132,Bee,Explore,null,false
1784623243818,alice,Play,http://localhost:3251@brice,true
1784623243821,brice,Play,http://localhost:3251@Ant,true
1784623244563,Ant,Dance,http://localhost:3251@Bee,true
1784623244563,Bee,Dance,http://localhost:3251@alice,true
1784623244875,Bat,Explore,null,true
1784623245620,alice,Talk,http://localhost:3251@Bat,false
1784623245621,brice,Talk,http://localhost:3251@alice,false
1784623245743,Bat,Fight,http://localhost:3251@Bee,false
1784623245744,Bee,Fight,http://localhost:3251@alice,false
1784623246179,bear,Explore,null,false
1784623246925,Ant,Explore,null,false
1784623247356,Bee,Fight,http://localhost:3251@brice,true
1784623247357,brice,Fight,http://localhost:3251@bear,true
1784623247976,Ant,Talk,http://localhost:3251@brice,false
1784623247977,Bee,Talk,http://localhost:3251@Ant,true
1784623249032,brice,Explore,null,true
1784623249525,Bat,Explore,null,false
1784623250024,bear,Play,http://localhost:3251@Bee,true
1784623250025,Bee,Play,http://localhost:3251@Ant,false
1784623250770,alice,Explore,null,true
1784623251018,Ant,Explore,null,false
1784623251697,Bee,Explore,null,false
1784623251759,alice,Walk,http://localhost:3251@brice,false
1784623251760,brice,Walk,http://localhost:3251@alice,false
1784623251883,Bat,Explore,null,false
1784623252256,Ant,Exercise,http://localhost:3251@brice,false
1784623252257,Bee,Exercise,http://localhost:3251@Ant,false
1784623253438,bear,Walk,http://localhost:3251@Ant,false
1784623253439,brice,Walk,http://localhost:3251@bear,true
1784623253562,Bat,Explore,null,true
1784623254595,Ant,Explore,null,true
1784623255335,Bee,Explore,null,true
1784623255574,Ant,Sing,http://localhost:3251@Bat,true
1784623255575,Bat,Sing,http://localhost:3251@Bee,true
1784623256133,alice,Talk,http://localhost:3251@bear,false
1784623256135,bear,Talk,http://localhost:3251@Bat,true
1784623256257,Bee,Sing,http://localhost:3251@brice,true
1784623256258,brice,Sing,http://localhost:3251@Bee,false
1784623257616,alice,Dance,http://localhost:3251@bear,false
1784623257617,bear,Dance,http://localhost:3251@brice,true
1784623257916,Ant,Explore,null,true
1784623258351,bear,Walk,http://localhost:3251@brice,true
1784623258352,brice,Walk,http://localhost:3251@alice,true
1784623258972,alice,Dance,http://localhost:3251@brice,true
1784623258973,Bat,Dance,http://localhost:3251@alice,true
1784623259407,Bee,Explore,null,true
1784623260328,alice,Dance,http://localhost:3251@brice,true
1784623260331,Ant,Dance,http://localhost:3251@alice,true
1784623260639,Bat,Explore,null,true
1784623261757,alice,Play,http://localhost:3251@Bat,true
1784623261759,Ant,Play,http://localhost:3251@alice,true
1784623261760,Bee,Explore,null,true
1784623262624,Ant,Dance,http://localhost:3251@bear,true
1784623262625,bear,Dance,http://localhost:3251@brice,true
1784623262863,brice,Explore,null,false
1784623263670,Bat,Explore,null,false
1784623263788,Ant,Sing,http://localhost:3251@Bee,false
1784623263789,Bee,Sing,http://localhost:3251@bear,true
1784623264596,Bat,Talk,http://localhost:3251@brice,false
1784623264597,brice,Talk,http://localhost:3251@Bee,false
1784623265027,bear,Explore,null,true
1784623265151,alice,Dance,http://localhost:3251@Ant,false
1784623265151,Ant,Dance,http://localhost:3251@Bat,false
1784623266145,Bee,Explore,null,true
1784623266393,Bat,Walk,http://localhost:3251@bear,true
1784623266393,bear,Walk,http://localhost:3251@Ant,true
1784623266890,Ant,Fight,http://localhost:3251@alice,false
1784623266890,Bat,Fight,http://localhost:3251@Ant,true
1784623267509,Bee,Dance,http://localhost:3251@alice,true
1784623267510,brice,Dance,http://localhost:3251@Bee,false
1784623267941,alice,Dance,http://localhost:3251@brice,true
1784623267941,Ant,Dance,http://localhost:3251@alice,false
1784623268744,Bat,Exercise,http://localhost:3251@Bee,true
1784623268746,Bee,Exercise,http://localhost:3251@alice,true
1784623269180,brice,Explore,null,false
1784623269304,Ant,Exercise,http://localhost:3251@brice,true
1784623269304,bear,Exercise,http://localhost:3251@Ant,true
1784623270412,Bee,Explore,null,false
1784623270783,Ant,Dance,http://localhost:3251@Bat,false
1784623270784,Bat,Dance,http://localhost:3251@brice,true
1784623271590,brice,Explore,null,false
1784623271713,alice,Explore,null,false
1784623272459,Ant,Explore,null,true
1784623272584,Bat,Talk,http://localhost:3251@alice,false
1784623272585,brice,Talk,http://localhost:3251@Bat,true
1784623273079,bear,Explore,null,false
1784623273641,alice,Exercise,http://localhost:3251@brice,false
1784623273642,brice,Exercise,http://localhost:3251@alice,true
1784623273889,Ant,Sing,http://localhost:3251@bear,true
1784623273890,bear,Sing,http://localhost:3251@Ant,true
1784623274820,alice,Talk,http://localhost:3251@Bat,true
1784623274822,brice,Talk,http://localhost:3251@alice,true
1784623274944,Bat,Explore,null,false
1784623275940,bear,Walk,http://localhost:3251@Bee,false
1784623275941,Bee,Walk,http://localhost:3251@Bat,true
1784623276002,alice,Dance,http://localhost:3251@Ant,true
1784623276002,Ant,Dance,http://localhost:3251@Bat,true
1784623276869,Bat,Exercise,http://localhost:3251@alice,false
1784623276870,Bee,Exercise,http://localhost:3251@Bat,true
1784623277175,brice,Explore,null,true
1784623277300,alice,Play,http://localhost:3251@bear,true
1784623277301,bear,Play,http://localhost:3251@brice,true
1784623278294,alice,Sing,http://localhost:3251@Bee,false
1784623278296,Bee,Sing,http://localhost:3251@bear,true
1784623278542,Bat,Explore,null,false
1784623279412,Ant,Walk,http://localhost:3251@bear,true
1784623279413,Bee,Walk,http://localhost:3251@Ant,false
1784623279663,alice,Dance,http://localhost:3251@brice,true
1784623279663,bear,Dance,http://localhost:3251@alice,true
1784623280410,bear,Talk,http://localhost:3251@brice,true
1784623280411,brice,Talk,http://localhost:3251@Bee,true
1784623280596,Ant,Sing,http://localhost:3251@Bat,false
1784623280597,Bat,Sing,http://localhost:3251@Bee,true
1784623281093,Bee,Explore,null,false
1784623281777,bear,Walk,http://localhost:3251@Ant,false
1784623281779,Bee,Walk,http://localhost:3251@bear,false
1784623281839,Bat,Play,http://localhost:3251@brice,false
1784623281841,brice,Play,http://localhost:3251@Ant,true
1784623282647,Ant,Sing,http://localhost:3251@bear,true
1784623282647,brice,Sing,http://localhost:3251@Ant,false
1784623283396,Bee,Explore,null,false
1784623284034,bear,Sing,http://localhost:3251@brice,false
1784623284036,brice,Sing,http://localhost:3251@Bee,true
1784623284503,alice,Sing,http://localhost:3251@Bat,false
1784623284504,Ant,Sing,http://localhost:3251@alice,false
1784623284789,Bat,Explore,null,true
1784623285358,Ant,Play,http://localhost:3251@bear,false
1784623285360,bear,Play,http://localhost:3251@brice,false
1784623285546,alice,Talk,http://localhost:3251@Bat,true
1784623285549,brice,Talk,http://localhost:3251@alice,true
1784623285739,Bee,Explore,null,false
1784623286818,Bat,Dance,http://localhost:3251@brice,true
1784623286819,brice,Dance,http://localhost:3251@Bat,false
1784623287317,Ant,Exercise,http://localhost:3251@bear,false
1784623287317,bear,Exercise,http://localhost:3251@Bee,true
1784623287437,Bee,Talk,http://localhost:3251@Bat,false
1784623287438,brice,Talk,http://localhost:3251@Bee,false
1784623287864,Bat,Fight,http://localhost:3251@Bee,true
1784623287866,brice,Fight,http://localhost:3251@Bat,true
1784623288319,alice,Talk,http://localhost:3251@bear,false
1784623288319,bear,Talk,http://localhost:3251@Bat,false
1784623288920,Ant,Explore,null,false
1784623289039,Bee,Explore,null,false
1784623289096,alice,Exercise,http://localhost:3251@brice,true
1784623289097,brice,Exercise,http://localhost:3251@bear,false
1784623290144,Ant,Exercise,http://localhost:3251@bear,false
1784623290146,bear,Exercise,http://localhost:3251@Bee,true
1784623290440,alice,Walk,http://localhost:3251@brice,true
1784623290441,brice,Walk,http://localhost:3251@alice,false
1784623291168,Bat,Dance,http://localhost:3251@brice,false
1784623291169,brice,Dance,http://localhost:3251@Bat,true
1784623291390,Bee,Explore,null,false
1784623291738,alice,Sing,http://localhost:3251@Bat,false
1784623291739,Ant,Explore,null,true
1784623291740,bear,Sing,http://localhost:3251@alice,false
1784623292448,bear,Walk,http://localhost:3251@brice,false
1784623292448,brice,Walk,http://localhost:3251@alice,false
1784623292721,Bat,Explore,null,false
1784623292992,Bee,Explore,null,false
1784623293834,Bat,Exercise,http://localhost:3251@alice,false
1784623293834,Bee,Exercise,http://localhost:3251@Bat,false
1784623294952,alice,Walk,http://localhost:3251@brice,false
1784623294953,bear,Walk,http://localhost:3251@alice,false
1784623295454,Bat,Explore,null,true
1784623295455,Bee,Explore,null,false
1784623295517,brice,Explore,null,true
1784623295961,Ant,Fight,http://localhost:3251@alice,false
1784623295962,Bee,Fight,http://localhost:3251@Ant,true
1784623297330,alice,Explore,null,true
1784623297384,Bat,Fight,http://localhost:3251@bear,true
1784623297384,bear,Fight,http://localhost:3251@alice,false
1784623298636,alice,Walk,http://localhost:3251@brice,false
1784623298638,brice,Walk,http://localhost:3251@alice,false
1784623298941,Ant,Explore,null,true
1784623299698,Bat,Explore,null,true
1784623300349,Ant,Sing,http://localhost:3251@bear,false
1784623300350,Bee,Sing,http://localhost:3251@Ant,false
1784623300666,Bat,Exercise,http://localhost:3251@bear,false
1784623300666,bear,Exercise,http://localhost:3251@Bee,true
1784623301327,bear,Walk,http://localhost:3251@brice,true
1784623301328,brice,Walk,http://localhost:3251@alice,false
1784623301970,Bat,Play,http://localhost:3251@brice,true
1784623301970,Bee,Play,http://localhost:3251@Bat,true
1784623302847,bear,Walk,http://localhost:3251@brice,true
1784623302848,brice,Walk,http://localhost:3251@alice,true
1784623303123,Ant,Play,http://localhost:3251@alice,false
1784623303124,Bat,Play,http://localhost:3251@Ant,true
1784623303635,alice,Explore,null,true
1784623303802,bear,Fight,http://localhost:3251@alice,true
1784623303802,Bee,Fight,http://localhost:3251@bear,false
1784623304407,brice,Explore,null,false
1784623304990,Ant,Exercise,http://localhost:3251@bear,true
1784623304991,bear,Exercise,http://localhost:3251@Bee,false
1784623305325,Bat,Explore,null,false
1784623305907,alice,Explore,null,true
1784623306566,Ant,Explore,null,false
1784623306901,Bat,Explore,null,false
1784623306903,bear,Sing,http://localhost:3251@Ant,false
1784623306904,brice,Sing,http://localhost:3251@bear,true
1784699318668,brice,Fight,http://localhost:3251@Bee,true
1784699320137,alice,Play,http://localhost:3251@bear,true
1784699320139,bear,Play,http://localhost:3251@alice,false
1784699320140,brice,Explore,null,false
1784699320708,Bat,Exercise,http://localhost:3251@brice,true
1784699320710,brice,Exercise,http://localhost:3251@Bat,true
1784699320766,Ant,Sing,http://localhost:3251@bear,false
1784699320767,bear,Sing,http://localhost:3251@Ant,false
1784699321389,alice,Dance,http://localhost:3251@Bat,true
1784699321394,Bat,Dance,http://localhost:3251@alice,true
1784699321729,alice,Talk,http://localhost:3251@Bee,false
1784699321732,Bee,Talk,http://localhost:3251@alice,false
1784699322667,bear,Play,http://localhost:3251@alice,false
1784699322668,brice,Play,http://localhost:3251@bear,true
1784699323324,Bat,Play,http://localhost:3251@brice,false
1784699323325,brice,Play,http://localhost:3251@Bat,true
1784699323433,Ant,Exercise,http://localhost:3251@bear,false
1784699323874,bear,Exercise,http://localhost:3251@Ant,true
1784699324154,alice,Exercise,http://localhost:3251@Ant,true
1784699324155,Ant,Exercise,http://localhost:3251@alice,false
1784699324832,Ant,Talk,http://localhost:3251@bear,true
1784699324833,bear,Talk,http://localhost:3251@Ant,false
1784699325214,alice,Walk,http://localhost:3251@brice,false
1784699325216,brice,Walk,http://localhost:3251@alice,true
1784699325279,Bee,Explore,null,false
1784699325877,Bat,Play,http://localhost:3251@brice,false
1784699325878,brice,Play,http://localhost:3251@Bat,false
1784699326384,alice,Exercise,http://localhost:3251@Ant,true
1784699326384,Bat,Exercise,http://localhost:3251@alice,true
1784699326534,Ant,Walk,http://localhost:3251@Bee,false
1784699326535,Bee,Walk,http://localhost:3251@Ant,false
1784699326978,Bat,Exercise,http://localhost:3251@brice,false
1784699326979,brice,Exercise,http://localhost:3251@Bat,true
1784699327725,alice,Walk,http://localhost:3251@Bat,true
1784699327726,Bat,Walk,http://localhost:3251@alice,false
1784699327788,bear,Sing,http://localhost:3251@Bee,false
1784699327789,Bee,Sing,http://localhost:3251@bear,false
1784699328466,alice,Sing,http://localhost:3251@Ant,false
1784699328467,Ant,Sing,http://localhost:3251@bear,true
1784699329008,Bat,Play,http://localhost:3251@brice,false
1784699329010,Bee,Play,http://localhost:3251@Bat,true
1784699329187,brice,Explore,null,false
1784699329794,Bat,Walk,http://localhost:3251@alice,true
1784699329857,alice,Walk,http://localhost:3251@Bat,false
1784699330554,alice,Walk,http://localhost:3251@brice,true
1784699330559,brice,Walk,http://localhost:3251@alice,false
1784699330611,Bee,Explore,null,true
1784699331665,alice,Sing,http://localhost:3251@Bat,true
1784699331668,Bat,Sing,http://localhost:3251@alice,false
1784699332147,alice,Talk,http://localhost:3251@brice,false
1784699332148,brice,Talk,http://localhost:3251@alice,false
1784699332976,alice,Talk,http://localhost:3251@bear,false
1784699332978,bear,Talk,http://localhost:3251@Ant,false
1784699333441,Bee,Explore,null,true
1784699333731,Ant,Sing,http://localhost:3251@Bat,false
1784699333732,Bat,Sing,http://localhost:3251@alice,true
1784699334070,bear,Walk,http://localhost:3251@brice,false
1784699334071,brice,Walk,http://localhost:3251@alice,true
1784699334907,alice,Walk,http://localhost:3251@Bat,false
1784699334909,bear,Walk,http://localhost:3251@alice,false
1784699335663,Bee,Explore,null,true
1784699335664,brice,Explore,null,true
1784699336511,alice,Explore,null,false
1784699336569,bear,Explore,null,false
1784699336620,Bat,Explore,null,false
1784699337403,alice,Talk,http://localhost:3251@Bee,true
1784699337404,Bee,Talk,http://localhost:3251@alice,false
1784699337512,Ant,Exercise,http://localhost:3251@bear,true
1784699337513,bear,Exercise,http://localhost:3251@Ant,true
1784699337620,Bat,Sing,http://localhost:3251@brice,true
1784699337621,brice,Sing,http://localhost:3251@Bat,false
1784699338558,alice,Exercise,http://localhost:3251@Ant,true
1784699338559,Bat,Exercise,http://localhost:3251@alice,false
1784699338892,Bee,Walk,http://localhost:3251@brice,false
1784699338893,brice,Walk,http://localhost:3251@alice,false
1784699339442,Bat,Dance,http://localhost:3251@bear,true
1784699339444,bear,Dance,http://localhost:3251@Bat,false
1784699339501,alice,Play,http://localhost:3251@Ant,false
1784699339504,Ant,Play,http://localhost:3251@alice,false
1784699340779,bear,Sing,http://localhost:3251@brice,true
1784699340781,brice,Sing,http://localhost:3251@bear,true
1784699340840,Ant,Walk,http://localhost:3251@Bee,false
1784699340842,Bee,Walk,http://localhost:3251@Ant,true
1784699341115,alice,Explore,null,false
1784699341755,Ant,Talk,http://localhost:3251@bear,true
1784699341756,bear,Talk,http://localhost:3251@Ant,false
1784699341887,Bat,Explore,null,false
1784699342994,brice,Explore,null,true
1784699343047,Ant,Sing,http://localhost:3251@bear,true
1784699343049,Bat,Sing,http://localhost:3251@bear,false
1784699343050,bear,Sing,http://localhost:3251@brice,true
1784699343050,Bee,Sing,http://localhost:3251@Ant,false
1784699343528,alice,Talk,http://localhost:3251@Bee,true
1784699343530,Bee,Talk,http://localhost:3251@alice,false
1784699344286,Ant,Walk,http://localhost:3251@brice,true
1784699344287,brice,Walk,http://localhost:3251@alice,true
1784699344339,alice,Dance,http://localhost:3251@Bat,false
1784699344341,Bat,Dance,http://localhost:3251@alice,true
1784699344853,bear,Exercise,http://localhost:3251@Ant,false
1784699344854,brice,Exercise,http://localhost:3251@bear,false
1784699345883,alice,Explore,null,true
1784699346775,bear,Play,http://localhost:3251@alice,false
1784699346776,Bee,Play,http://localhost:3251@bear,false
1784699347028,alice,Exercise,http://localhost:3251@Ant,true
1784699347030,Bat,Exercise,http://localhost:3251@alice,true
1784699348112,Ant,Walk,http://localhost:3251@Bee,true
1784699348114,Bat,Walk,http://localhost:3251@Ant,true
1784699348400,Bee,Explore,null,true
1784699349531,alice,Exercise,http://localhost:3251@Bee,true
1784699349531,Bee,Exercise,http://localhost:3251@alice,false
1784699349974,bear,Dance,http://localhost:3251@brice,false
1784699349977,brice,Dance,http://localhost:3251@bear,false
1784699350511,Bat,Exercise,http://localhost:3251@brice,false
1784699350512,Bee,Exercise,http://localhost:3251@Bat,false
1784699351146,alice,Fight,http://localhost:3251@Bee,false
1784699351148,Bee,Fight,http://localhost:3251@alice,false
1784699351254,Ant,Walk,http://localhost:3251@brice,false
1784699351256,brice,Walk,http://localhost:3251@alice,false
1784699351624,bear,Fight,http://localhost:3251@Bee,false
1784699351625,Bee,Fight,http://localhost:3251@bear,true
1784699352326,alice,Exercise,http://localhost:3251@Ant,false
1784699352342,Ant,Exercise,http://localhost:3251@alice,false
1784699352555,bear,Sing,http://localhost:3251@brice,true
1784699352556,brice,Sing,http://localhost:3251@Bat,false
1784699352606,Bat,Play,http://localhost:3251@brice,true
1784699352606,Bee,Play,http://localhost:3251@Bat,false
1784699353585,Ant,Sing,http://localhost:3251@bear,true
1784699353586,Bat,Talk,http://localhost:3251@brice,false
1784699353587,Bee,Sing,http://localhost:3251@Ant,true
1784699353588,brice,Talk,http://localhost:3251@Bat,false
1784699354586,alice,Explore,null,false
1784699354939,bear,Walk,http://localhost:3251@Bee,false
1784699354940,Bee,Walk,http://localhost:3251@Ant,false
1784699355927,Ant,Explore,null,true
1784699355929,brice,Explore,null,false
1784699356607,Bat,Explore,null,true
1784699356609,bear,Explore,null,false
1784699356611,Bee,Talk,http://localhost:3251@alice,false
1784699356612,brice,Talk,http://localhost:3251@Bee,false
1784699357120,Ant,Exercise,http://localhost:3251@bear,true
1784699357121,Bee,Exercise,http://localhost:3251@Ant,true
1784699357585,Ant,Fight,http://localhost:3251@bear,true
1784699357585,bear,Fight,http://localhost:3251@Bee,false
1784699357900,Bat,Dance,http://localhost:3251@alice,true
1784699357902,Bee,Dance,http://localhost:3251@Bat,true
1784699358215,brice,Explore,null,false
1784699359148,alice,Play,http://localhost:3251@Bat,false
1784699359149,Bat,Play,http://localhost:3251@alice,true
1784699359485,Bee,Explore,null,true
1784699359594,bear,Walk,http://localhost:3251@brice,false
1784699359596,brice,Walk,http://localhost:3251@bear,false
1784700541072,Bat,Explore,null,false
1784700541727,bear,Explore,null,false
1784700542329,alice,Explore,null,false
1784700542388,Bat,Dance,http://localhost:3251@brice,true
1784700542391,brice,Dance,http://localhost:3251@Bat,true
1784700543010,Ant,Explore,null,true
1784700543375,alice,Fight,http://localhost:3251@Ant,true
1784700543375,Ant,Fight,http://localhost:3251@alice,false
1784700543664,Bee,Explore,null,true
1784700544007,Bat,Explore,null,true
1784700544297,alice,Exercise,http://localhost:3251@bear,true
1784700544300,bear,Exercise,http://localhost:3251@alice,true
1784700544941,alice,Sing,http://localhost:3251@Bee,false
1784700544944,Ant,Explore,null,true
1784700544946,Bee,Sing,http://localhost:3251@alice,true
1784700545697,bear,Play,http://localhost:3251@brice,false
1784700545698,brice,Play,http://localhost:3251@bear,true
1784700545922,Ant,Fight,http://localhost:3251@Bat,true
1784700545923,Bat,Fight,http://localhost:3251@Ant,true
1784700546842,bear,Play,http://localhost:3251@Bee,true
1784700546843,Bee,Play,http://localhost:3251@bear,true
1784700546960,Bat,Play,http://localhost:3251@brice,true
1784700546961,brice,Play,http://localhost:3251@bear,true
1784700547672,alice,Walk,http://localhost:3251@bear,false
1784700547674,bear,Walk,http://localhost:3251@alice,true
1784700547981,Ant,Walk,http://localhost:3251@Bee,false
1784700547982,Bee,Walk,http://localhost:3251@Ant,false
1784700548974,alice,Walk,http://localhost:3251@brice,true
1784700548976,brice,Walk,http://localhost:3251@alice,false
1784700549273,Bat,Explore,null,false
1784700549329,bear,Explore,null,false
1784700549853,Bat,Exercise,http://localhost:3251@Bee,false
1784700549854,Bee,Exercise,http://localhost:3251@Bat,false
1784700549974,alice,Walk,http://localhost:3251@Ant,false
1784700549975,Ant,Walk,http://localhost:3251@Bee,true
1784700550859,alice,Fight,http://localhost:3251@Bat,false
1784700550861,Bat,Fight,http://localhost:3251@alice,false
1784700550983,Ant,Fight,http://localhost:3251@Bat,false
1784700550985,Bee,Fight,http://localhost:3251@Ant,true
1784700551229,brice,Explore,null,true
1784700551864,alice,Talk,http://localhost:3251@bear,false
1784700551865,Ant,Talk,http://localhost:3251@Bat,true
1784700551866,Bat,Talk,http://localhost:3251@Ant,true
1784700551866,bear,Talk,http://localhost:3251@alice,false
1784700552264,Bee,Dance,http://localhost:3251@brice,true
1784700552265,brice,Dance,http://localhost:3251@Bee,false
1784700553441,Ant,Explore,null,true
1784700553443,bear,Explore,null,true
1784700553550,alice,Dance,http://localhost:3251@Bee,false
1784700553551,Bee,Dance,http://localhost:3251@brice,false
1784700553852,brice,Explore,null,true
1784700554427,Bat,Walk,http://localhost:3251@bear,true
1784700554429,bear,Walk,http://localhost:3251@Bat,false
1784700555014,Ant,Explore,null,false
1784700555017,bear,Exercise,http://localhost:3251@brice,true
1784700555020,brice,Exercise,http://localhost:3251@bear,true
1784700555129,Bee,Explore,null,false
1784700555857,alice,Explore,null,true
1784700556071,Ant,Fight,http://localhost:3251@Bat,false
1784700556072,Bat,Explore,null,true
1784700556074,Bee,Fight,http://localhost:3251@Ant,true
1784700556997,Ant,Walk,http://localhost:3251@bear,true
1784700556998,bear,Walk,http://localhost:3251@Ant,false
1784700557649,Ant,Sing,http://localhost:3251@brice,true
1784700557651,Bat,Explore,null,true
1784700557655,brice,Sing,http://localhost:3251@Ant,false
1784700558074,alice,Explore,null,false
1784700558990,alice,Walk,http://localhost:3251@Bat,false
1784700558992,Bat,Walk,http://localhost:3251@bear,false
1784700559630,alice,Walk,http://localhost:3251@Ant,true
1784700559633,Ant,Walk,http://localhost:3251@Bee,false
1784700559634,Bee,Explore,null,true
1784700559932,brice,Explore,null,false
1784700560162,Bat,Exercise,http://localhost:3251@Bee,true
1784700560164,Bee,Exercise,http://localhost:3251@Bat,true
1784700560763,bear,Exercise,http://localhost:3251@alice,false
1784700560765,Bee,Exercise,http://localhost:3251@bear,false
1784700560873,alice,Play,http://localhost:3251@Bat,false
1784700560876,Bat,Play,http://localhost:3251@alice,true
1784700561216,Ant,Fight,http://localhost:3251@Bat,false
1784700561217,Bat,Fight,http://localhost:3251@Ant,false
1784700561977,alice,Fight,http://localhost:3251@Ant,true
1784700561978,Bat,Fight,http://localhost:3251@alice,true
1784700562033,Bee,Sing,http://localhost:3251@alice,true
1784700562034,brice,Sing,http://localhost:3251@Bee,true
1784700562973,Ant,Exercise,http://localhost:3251@Bee,true
1784700562974,Bee,Exercise,http://localhost:3251@Ant,true
1784700563661,brice,Explore,null,true
1784700564190,Ant,Talk,http://localhost:3251@Bat,false
1784700564197,Bat,Talk,http://localhost:3251@Ant,false
1784700564615,bear,Dance,http://localhost:3251@Bee,false
1784700564617,Bee,Dance,http://localhost:3251@bear,false
1784700564666,Ant,Talk,http://localhost:3251@brice,false
1784700564669,brice,Talk,http://localhost:3251@Ant,true
1784700565438,alice,Explore,null,false
1784700565723,Bat,Explore,null,true
1784700565851,bear,Sing,http://localhost:3251@brice,false
1784700565854,brice,Sing,http://localhost:3251@bear,false
1784700566540,alice,Play,http://localhost:3251@Bee,true
1784700566541,Bee,Play,http://localhost:3251@bear,true
1784700566896,Bat,Exercise,http://localhost:3251@Bee,true
1784700566897,brice,Exercise,http://localhost:3251@Bat,true
1784700566960,Ant,Fight,http://localhost:3251@Bat,false
1784700566961,bear,Fight,http://localhost:3251@Ant,false
1784700567525,bear,Fight,http://localhost:3251@Bee,true
1784700567527,Bee,Fight,http://localhost:3251@bear,true
1784700568084,alice,Explore,null,true
1784700568546,Bat,Fight,http://localhost:3251@alice,true
1784700568547,Bee,Fight,http://localhost:3251@Bat,false
1784700568775,Ant,Play,http://localhost:3251@bear,false
1784700568777,bear,Play,http://localhost:3251@Ant,false
1784700569128,Bee,Fight,http://localhost:3251@brice,true
1784700569130,brice,Fight,http://localhost:3251@Bee,false
1784700569374,alice,Play,http://localhost:3251@Bat,true
1784700569375,Bat,Play,http://localhost:3251@alice,false
1784700569793,Ant,Talk,http://localhost:3251@Bat,false
1784700569795,Bat,Talk,http://localhost:3251@Ant,false
1784700570465,alice,Play,http://localhost:3251@Bee,true
1784700570466,Bee,Play,http://localhost:3251@bear,false
1784700571303,Ant,Explore,null,true
1784700572340,alice,Dance,http://localhost:3251@Ant,false
1784700572342,Ant,Dance,http://localhost:3251@alice,true
1784700572652,Bee,Explore,null,false
1784700573627,alice,Play,http://localhost:3251@Bat,false
1784700573629,Bat,Play,http://localhost:3251@alice,true
1784700574204,Bee,Sing,http://localhost:3251@brice,false
1784700574205,brice,Sing,http://localhost:3251@Ant,true
1784700574612,Bat,Fight,http://localhost:3251@alice,true
1784700574614,brice,Fight,http://localhost:3251@Bat,false
1784700575502,alice,Dance,http://localhost:3251@Bee,false
1784700575505,Bee,Dance,http://localhost:3251@brice,true
1784700575558,Ant,Dance,http://localhost:3251@brice,false
1784700575571,brice,Dance,http://localhost:3251@Ant,false
1784700576142,bear,Explore,null,false
1784700576808,alice,Sing,http://localhost:3251@brice,true
1784700576811,brice,Sing,http://localhost:3251@alice,true
1784700576873,Bat,Explore,null,false
1784700577146,Ant,Explore,null,true
1784700577766,alice,Talk,http://localhost:3251@bear,false
1784700577769,Bat,Talk,http://localhost:3251@alice,true
1784700577830,Bee,Explore,null,true
1784700578191,alice,Fight,http://localhost:3251@Ant,false
1784700578194,Ant,Fight,http://localhost:3251@Bat,false
1784700578889,alice,Play,http://localhost:3251@brice,true
1784700578891,brice,Play,http://localhost:3251@bear,false
1784700579133,Ant,Sing,http://localhost:3251@Bat,true
1784700579134,Bat,Sing,http://localhost:3251@Ant,false
1784700579191,bear,Play,http://localhost:3251@Bee,false
1784700579192,Bee,Play,http://localhost:3251@bear,true
1784700580193,Bat,Play,http://localhost:3251@brice,true
1784700580194,brice,Play,http://localhost:3251@bear,true
1784700580484,alice,Sing,http://localhost:3251@Bee,false
1784700580488,Bee,Sing,http://localhost:3251@alice,false
1784700580759,bear,Explore,null,false
1784700581174,alice,Fight,http://localhost:3251@brice,false
1784700581177,brice,Fight,http://localhost:3251@Bee,false
1784700581741,Bat,Explore,null,false
1784700581908,bear,Exercise,http://localhost:3251@alice,true
1784700581909,brice,Exercise,http://localhost:3251@bear,true
1784700582641,Bee,Explore,null,true
1784700583471,bear,Explore,null,true
1784700583535,Bat,Exercise,http://localhost:3251@Bee,true
1784700583536,Bee,Exercise,http://localhost:3251@Bat,true
1784700583966,Ant,Explore,null,false
1784700584386,alice,Dance,http://localhost:3251@Ant,true
1784700584388,bear,Dance,http://localhost:3251@alice,false
1784700585108,alice,Play,http://localhost:3251@brice,false
1784700585109,Bee,Explore,null,true
1784700585110,brice,Play,http://localhost:3251@bear,true
1784700585219,Ant,Exercise,http://localhost:3251@Bee,true
1784700585220,bear,Exercise,http://localhost:3251@Ant,false
1784700586173,Bat,Play,http://localhost:3251@alice,true
1784700586175,brice,Play,http://localhost:3251@Bat,true
1784700586402,Ant,Exercise,http://localhost:3251@Bee,true
1784700586404,Bee,Exercise,http://localhost:3251@Ant,false
1784700587164,Ant,Talk,http://localhost:3251@brice,false
1784700587167,brice,Talk,http://localhost:3251@Ant,false
1784700587340,Bat,Exercise,http://localhost:3251@Bee,false
1784700587341,Bee,Exercise,http://localhost:3251@Bat,true
1784700587510,bear,Talk,http://localhost:3251@brice,false
1784700587511,brice,Talk,http://localhost:3251@bear,false
1784700588608,alice,Explore,null,true
1784700588672,Bee,Sing,http://localhost:3251@alice,false
1784700588674,brice,Sing,http://localhost:3251@Bee,false
1784700588735,Ant,Explore,null,false
1784700589213,Bat,Exercise,http://localhost:3251@Bee,false
1784700589216,Bee,Exercise,http://localhost:3251@Bat,true
1784700589328,bear,Exercise,http://localhost:3251@alice,true
1784700589329,brice,Exercise,http://localhost:3251@bear,false
1784700590007,Ant,Play,http://localhost:3251@Bee,true
1784700590012,Bee,Play,http://localhost:3251@Ant,false
1784700591196,alice,Dance,http://localhost:3251@Ant,false
1784700591198,Ant,Dance,http://localhost:3251@alice,false
1784700591430,Bat,Talk,http://localhost:3251@Ant,true
1784700591432,bear,Talk,http://localhost:3251@Bat,true
1784700592229,alice,Talk,http://localhost:3251@Ant,false
1784700592230,Ant,Talk,http://localhost:3251@Bat,true
1784700593375,brice,Explore,null,true
1784700593430,Bee,Explore,null,false
1784700593603,bear,Explore,null,false
1784700594448,alice,Explore,null,false
1784700594619,Bee,Play,http://localhost:3251@brice,true
1784700594620,brice,Play,http://localhost:3251@bear,false
1784700595484,bear,Exercise,http://localhost:3251@alice,false
1784700595487,Bee,Exercise,http://localhost:3251@bear,false
1784700596230,brice,Explore,null,false
1784700596398,alice,Dance,http://localhost:3251@Ant,false
1784700596399,Ant,Dance,http://localhost:3251@alice,false
1784700596807,Bat,Play,http://localhost:3251@Bee,false
1784700596810,Bee,Play,http://localhost:3251@bear,true
1784700597471,alice,Dance,http://localhost:3251@brice,true
1784700597475,brice,Dance,http://localhost:3251@alice,false
1784700598018,Bat,Exercise,http://localhost:3251@Bee,false
1784700598023,Bee,Exercise,http://localhost:3251@Bat,true
1784700598384,bear,Explore,null,false
1784700598796,alice,Dance,http://localhost:3251@Ant,true
1784700598798,Ant,Dance,http://localhost:3251@alice,true
1784700599052,Bee,Fight,http://localhost:3251@bear,false
1784700599053,brice,Fight,http://localhost:3251@Bee,true
1784700599991,Ant,Exercise,http://localhost:3251@Bee,true
1784700599993,bear,Exercise,http://localhost:3251@Ant,false
1784700600356,Bat,Explore,null,false
1784700600412,alice,Explore,null,true
1784700601106,bear,Dance,http://localhost:3251@Bee,true
1784700601107,Bee,Dance,http://localhost:3251@brice,false
1784700601574,alice,Exercise,http://localhost:3251@Bat,true
1784700601575,Bat,Exercise,http://localhost:3251@Bee,false
1784700602000,Ant,Play,http://localhost:3251@Bee,true
1784700602002,Bee,Play,http://localhost:3251@Ant,true
1784700602356,alice,Sing,http://localhost:3251@brice,true
1784700602357,brice,Sing,http://localhost:3251@Ant,false
1784700602727,Ant,Talk,http://localhost:3251@Bat,true
1784700602729,Bat,Talk,http://localhost:3251@Ant,false
1784700602731,bear,Explore,null,false
1784700603735,bear,Sing,http://localhost:3251@brice,false
1784700603737,brice,Sing,http://localhost:3251@Ant,false
1784700604331,Bee,Explore,null,true
1784700604388,alice,Dance,http://localhost:3251@Ant,true
1784700604390,Bat,Explore,null,true
1784700604391,bear,Dance,http://localhost:3251@alice,true
1784700605140,Ant,Explore,null,true
1784700605979,Bee,Explore,null,true
1784700606042,Bat,Explore,null,true
1784700606043,bear,Explore,null,true
1784700606448,alice,Play,http://localhost:3251@Ant,false
1784700606449,Ant,Play,http://localhost:3251@Bee,false
1784700607377,alice,Dance,http://localhost:3251@Bat,false
1784700607379,Ant,Sing,http://localhost:3251@bear,false
1784700607380,Bat,Dance,http://localhost:3251@brice,false
1784700607380,bear,Sing,http://localhost:3251@brice,true
1784700607381,brice,Explore,null,false
1784700607811,alice,Talk,http://localhost:3251@Bee,true
1784700607812,Bee,Talk,http://localhost:3251@alice,false
1784700608731,alice,Exercise,http://localhost:3251@bear,true
1784700608734,Ant,Dance,http://localhost:3251@brice,true
1784700608736,bear,Exercise,http://localhost:3251@alice,false
1784700608737,Bee,Dance,http://localhost:3251@Ant,false
1784700609010,brice,Explore,null,false
1784700609877,alice,Exercise,http://localhost:3251@Bee,false
1784700609881,Bee,Exercise,http://localhost:3251@Bat,true
1784700610366,bear,Explore,null,true
1784700610494,Bat,Explore,null,false
1784700610966,Ant,Play,http://localhost:3251@brice,true
1784700610968,brice,Play,http://localhost:3251@bear,false
1784700611181,alice,Walk,http://localhost:3251@bear,true
1784700611182,Bat,Walk,http://localhost:3251@alice,true
1784700611469,Bee,Explore,null,true
1784700612758,alice,Exercise,http://localhost:3251@brice,false
1784700612759,Bat,Explore,null,false
1784700612761,brice,Exercise,http://localhost:3251@bear,false
1784700612884,Ant,Exercise,http://localhost:3251@bear,true
1784700612886,bear,Exercise,http://localhost:3251@alice,true
1784700614074,alice,Dance,http://localhost:3251@Ant,true
1784700614076,Ant,Play,http://localhost:3251@Bee,true
1784700614078,bear,Dance,http://localhost:3251@alice,true
1784700614079,Bee,Play,http://localhost:3251@bear,false
1784700614409,Ant,Fight,http://localhost:3251@Bat,true
1784700614410,Bat,Fight,http://localhost:3251@alice,false
1784700615629,alice,Explore,null,true
1784700615630,Bee,Explore,null,true
1784700615993,Bat,Explore,null,false
1784700616589,Bat,Exercise,http://localhost:3251@bear,false
1784700616591,bear,Exercise,http://localhost:3251@alice,true
1784700616821,Ant,Exercise,http://localhost:3251@Bee,true
1784700616823,Bee,Exercise,http://localhost:3251@Bat,true
1784700616989,brice,Explore,null,false
1784700617210,alice,Explore,null,true
1784700618222,Bat,Play,http://localhost:3251@brice,true
1784700618223,brice,Play,http://localhost:3251@bear,false
1784700618328,Bee,Explore,null,true
1784700618388,Ant,Explore,null,true
1784700618739,bear,Explore,null,true
1784700618796,alice,Talk,http://localhost:3251@bear,true
1784700618800,brice,Talk,http://localhost:3251@alice,true
1784700619212,Bat,Talk,http://localhost:3251@Ant,true
1784700619213,bear,Talk,http://localhost:3251@Bat,false
1784700620244,Ant,Dance,http://localhost:3251@Bee,true
1784700620245,Bee,Dance,http://localhost:3251@brice,true
1784700620356,alice,Explore,null,false
1784700620799,bear,Explore,null,false
1784700621104,Bat,Play,http://localhost:3251@alice,false
1784700621107,brice,Play,http://localhost:3251@Bat,true
1784700622268,alice,Play,http://localhost:3251@Bat,false
1784700622269,Ant,Play,http://localhost:3251@alice,true
1784700622754,Bat,Explore,null,false
1784700622757,bear,Dance,http://localhost:3251@Bee,false
1784700622759,brice,Dance,http://localhost:3251@bear,true
1784700623067,Bee,Explore,null,false
1784700623741,Bee,Fight,http://localhost:3251@brice,false
1784700623745,brice,Fight,http://localhost:3251@Bee,false
1784700623797,alice,Explore,null,true
1784700624479,bear,Exercise,http://localhost:3251@alice,true
1784700624481,brice,Exercise,http://localhost:3251@bear,false
1784700624721,Bat,Talk,http://localhost:3251@Bee,true
1784700624723,Bee,Talk,http://localhost:3251@alice,false
1784700625043,alice,Dance,http://localhost:3251@Ant,true
1784700625045,Ant,Dance,http://localhost:3251@alice,false
1784700626285,Bat,Explore,null,true
1784700626341,alice,Walk,http://localhost:3251@bear,false
1784700626344,bear,Walk,http://localhost:3251@alice,true
1784700627268,Ant,Walk,http://localhost:3251@Bee,true
1784700627270,Bee,Walk,http://localhost:3251@Ant,false
1784700628057,Bat,Talk,http://localhost:3251@brice,true
1784700628059,brice,Talk,http://localhost:3251@Ant,false
1784700628555,bear,Explore,null,true
1784700628899,alice,Walk,http://localhost:3251@bear,false
1784700628900,Ant,Walk,http://localhost:3251@alice,false
1784700629759,Bee,Explore,null,true
1784700629821,brice,Explore,null,false
1784700630352,bear,Explore,null,false
1784700630455,Bat,Explore,null,true
1784700630741,alice,Explore,null,false
1784700631053,Bee,Play,http://localhost:3251@bear,true
1784700631054,brice,Play,http://localhost:3251@Bee,false
1784700631399,alice,Fight,http://localhost:3251@Ant,true
1784700631402,Ant,Fight,http://localhost:3251@Bat,true
1784700631910,bear,Explore,null,false
1784700632335,Bat,Walk,http://localhost:3251@brice,false
1784700632337,brice,Walk,http://localhost:3251@alice,false
1784700632390,alice,Talk,http://localhost:3251@bear,false
1784700632391,bear,Talk,http://localhost:3251@alice,false
1784700632608,Ant,Exercise,http://localhost:3251@Bee,false
1784700632609,Bee,Exercise,http://localhost:3251@Ant,true
1784700633962,alice,Fight,http://localhost:3251@Ant,false
1784700633965,brice,Fight,http://localhost:3251@alice,true
1784700634136,Bee,Explore,null,false
1784700634530,Bat,Explore,null,false
1784700634645,bear,Fight,http://localhost:3251@brice,true
1784700634647,brice,Fight,http://localhost:3251@bear,true
1784700635100,Ant,Play,http://localhost:3251@Bee,false
1784700635104,Bee,Play,http://localhost:3251@Ant,true
1784700635808,alice,Play,http://localhost:3251@Bat,true
1784700635810,Bat,Play,http://localhost:3251@alice,false
1784700636415,bear,Play,http://localhost:3251@Bee,true
1784700636416,Bee,Play,http://localhost:3251@bear,false
1784700636724,Ant,Explore,null,true
1784700636899,brice,Explore,null,false
1784700637431,Bat,Explore,null,true
1784700638045,bear,Explore,null,true
1784700638841,Ant,Walk,http://localhost:3251@brice,true
1784700638842,brice,Walk,http://localhost:3251@alice,true
1784700638999,Bat,Play,http://localhost:3251@Bee,false
1784700639000,Bee,Play,http://localhost:3251@bear,false
1784700639965,bear,Dance,http://localhost:3251@Bee,false
1784700639966,Bee,Dance,http://localhost:3251@bear,false
1784700640077,alice,Walk,http://localhost:3251@Ant,true
1784700640079,Ant,Walk,http://localhost:3251@Bee,true
1784700640743,Ant,Sing,http://localhost:3251@brice,false
1784700640745,brice,Sing,http://localhost:3251@Ant,true
1784700641377,bear,Walk,http://localhost:3251@Bee,true
1784700641378,Bee,Walk,http://localhost:3251@Ant,true
1784700641854,alice,Dance,http://localhost:3251@Bat,false
1784700641856,Bat,Dance,http://localhost:3251@brice,true
1784700642035,Ant,Sing,http://localhost:3251@Bee,false
1784700642037,Bee,Sing,http://localhost:3251@Ant,false
1784700642321,brice,Explore,null,true
1784700642752,Bat,Play,http://localhost:3251@bear,true
1784700642755,bear,Play,http://localhost:3251@Ant,true
1784700643630,Bee,Walk,http://localhost:3251@brice,true
1784700643636,brice,Walk,http://localhost:3251@alice,true
1784700644243,alice,Explore,null,false
1784700644854,alice,Sing,http://localhost:3251@brice,true
1784700644857,brice,Sing,http://localhost:3251@Ant,false
1784700646156,alice,Walk,http://localhost:3251@bear,true
1784700646157,bear,Walk,http://localhost:3251@alice,true
1784700646443,brice,Explore,null,false
1784700646807,Ant,Explore,null,true
1784700647761,alice,Explore,null,false
1784700647762,Bat,Walk,http://localhost:3251@brice,false
1784700647763,brice,Walk,http://localhost:3251@alice,true
1784700647825,Ant,Talk,http://localhost:3251@Bee,false
1784700647826,Bee,Talk,http://localhost:3251@alice,false
1784700648797,Bat,Sing,http://localhost:3251@bear,false
1784700648798,bear,Sing,http://localhost:3251@brice,true
1784700648968,alice,Exercise,http://localhost:3251@Ant,true
1784700648970,Ant,Exercise,http://localhost:3251@alice,true
1784700649729,alice,Play,http://localhost:3251@brice,true
1784700649734,brice,Play,http://localhost:3251@bear,true
1784700649785,bear,Play,http://localhost:3251@Bee,false
1784700649787,Bee,Play,http://localhost:3251@bear,false
1784700650762,Bat,Sing,http://localhost:3251@Ant,false
1784700650764,brice,Sing,http://localhost:3251@Bat,true
1784700650887,alice,Dance,http://localhost:3251@Ant,true
1784700650890,Ant,Dance,http://localhost:3251@brice,true
1784700651802,Bee,Dance,http://localhost:3251@brice,false
1784700651803,brice,Dance,http://localhost:3251@Bee,false
1784700652629,bear,Explore,null,true
1784700652797,Ant,Sing,http://localhost:3251@Bee,false
1784700652798,Bee,Sing,http://localhost:3251@Ant,false
1784700652969,Bat,Explore,null,true
1784700653658,Bee,Exercise,http://localhost:3251@brice,false
1784700653668,brice,Exercise,http://localhost:3251@bear,false
1784700654425,Ant,Explore,null,true
1784700655232,Bee,Explore,null,true
1784700655644,alice,Play,http://localhost:3251@Bat,false
1784700655645,Bat,Sing,http://localhost:3251@brice,true
1784700655645,bear,Play,http://localhost:3251@alice,false
1784700655645,brice,Sing,http://localhost:3251@Ant,true
1784700656032,Ant,Explore,null,true
1784700656685,Bat,Fight,http://localhost:3251@alice,true
1784700656686,Bee,Fight,http://localhost:3251@Bat,false
1784700657645,Ant,Explore,null,false
1784700657921,alice,Explore,null,true
1784700657923,brice,Explore,null,true
1784700658244,Ant,Walk,http://localhost:3251@bear,true
1784700658246,bear,Walk,http://localhost:3251@Ant,false
1784700658635,Bat,Sing,http://localhost:3251@Ant,true
1784700658639,brice,Sing,http://localhost:3251@Bat,false
1784700659091,alice,Exercise,http://localhost:3251@Ant,true
1784700659092,Ant,Exercise,http://localhost:3251@alice,true
1784700659260,Bat,Play,http://localhost:3251@Bee,true
1784700659261,Bee,Play,http://localhost:3251@bear,false
1784700659924,bear,Play,http://localhost:3251@brice,true
1784700659927,brice,Play,http://localhost:3251@bear,false
1784700660544,Ant,Sing,http://localhost:3251@Bat,false
1784700660545,Bat,Sing,http://localhost:3251@Ant,false
1784700661186,alice,Play,http://localhost:3251@bear,false
1784700661187,Ant,Walk,http://localhost:3251@brice,false
1784700661190,bear,Play,http://localhost:3251@Ant,true
1784700661191,brice,Walk,http://localhost:3251@alice,true
1784700661858,Bat,Dance,http://localhost:3251@brice,false
1784700662199,Bat,Talk,http://localhost:3251@Bee,true
1784700662200,Bee,Talk,http://localhost:3251@alice,false
1784700662357,brice,Walk,http://localhost:3251@Ant,false
1784700662471,Ant,Walk,http://localhost:3251@Bee,false
1784700663785,Ant,Play,http://localhost:3251@Bee,false
1784700663786,Bat,Explore,null,false
1784700663787,Bee,Play,http://localhost:3251@Ant,true
1784700663849,alice,Sing,http://localhost:3251@brice,true
1784700663850,bear,Sing,http://localhost:3251@alice,false
1784700663976,brice,Explore,null,true
1784700665378,Ant,Explore,null,false
1784700665507,Bat,Talk,http://localhost:3251@Ant,true
1784700665508,Bee,Talk,http://localhost:3251@Bat,true
1784700665564,brice,Explore,null,false
1784700666183,bear,Fight,http://localhost:3251@brice,false
1784700666185,Bee,Fight,http://localhost:3251@bear,true
1784700666690,alice,Explore,null,true
1784700666821,Ant,Dance,http://localhost:3251@brice,true
1784700666821,Bat,Play,http://localhost:3251@alice,false
1784700666823,Bee,Play,http://localhost:3251@Bat,true
1784700666823,brice,Dance,http://localhost:3251@alice,true
1784700667464,bear,Walk,http://localhost:3251@Ant,false
1784700667465,brice,Walk,http://localhost:3251@bear,false
1784700667973,alice,Dance,http://localhost:3251@Ant,true
1784700667974,Bat,Dance,http://localhost:3251@alice,true
1784700668460,Bat,Talk,http://localhost:3251@brice,false
1784700668462,brice,Talk,http://localhost:3251@Ant,true
1784700669333,alice,Dance,http://localhost:3251@Ant,false
1784700669333,Ant,Exercise,http://localhost:3251@Bee,false
1784700669334,bear,Dance,http://localhost:3251@alice,false
1784700669334,Bee,Exercise,http://localhost:3251@Ant,false
1784700670091,Bat,Explore,null,false
1784700670492,bear,Walk,http://localhost:3251@brice,false
1784700670494,brice,Walk,http://localhost:3251@alice,false
1784700670881,Ant,Explore,null,false
1784700671217,alice,Sing,http://localhost:3251@brice,false
1784700671218,bear,Sing,http://localhost:3251@alice,true
1784700671802,Ant,Exercise,http://localhost:3251@Bee,true
1784700671804,Bee,Exercise,http://localhost:3251@Bat,true
1784700672387,bear,Sing,http://localhost:3251@brice,true
1784700672388,brice,Sing,http://localhost:3251@Ant,true
1784700672446,Bat,Explore,null,false
1784700673375,Bat,Fight,http://localhost:3251@brice,false
1784700673377,brice,Fight,http://localhost:3251@Bee,true
1784700673426,alice,Explore,null,true
1784700674227,Bat,Exercise,http://localhost:3251@Bee,true
1784700674228,Bee,Exercise,http://localhost:3251@Bat,true
1784700674310,bear,Play,http://localhost:3251@Ant,true
1784700674311,brice,Play,http://localhost:3251@bear,false
1784700674997,alice,Explore,null,true
1784700674998,Ant,Sing,http://localhost:3251@Bee,false
1784700674999,brice,Sing,http://localhost:3251@Ant,true
1784700675432,bear,Exercise,http://localhost:3251@alice,false
1784700675433,Bee,Exercise,http://localhost:3251@bear,true
1784700675770,Bat,Explore,null,false
1784700676102,Ant,Exercise,http://localhost:3251@Bee,true
1784700676105,Bee,Exercise,http://localhost:3251@Ant,false
1784700676500,brice,Explore,null,true
1784700676550,alice,Fight,http://localhost:3251@Ant,true
1784700676551,Ant,Fight,http://localhost:3251@alice,false
1784700677331,alice,Walk,http://localhost:3251@bear,false
1784700677332,bear,Walk,http://localhost:3251@Ant,false
1784700677386,Bat,Dance,http://localhost:3251@Bee,false
1784700677387,Bee,Dance,http://localhost:3251@brice,true
1784700678171,alice,Talk,http://localhost:3251@brice,true
1784700678172,brice,Talk,http://localhost:3251@Ant,true
1784700678832,Ant,Explore,null,false
1784700679070,Bee,Explore,null,false
1784700679787,alice,Explore,null,false
1784700679965,Ant,Exercise,http://localhost:3251@Bat,true
1784700679966,Bat,Exercise,http://localhost:3251@Bee,false
1784700680367,bear,Dance,http://localhost:3251@Bee,false
1784700680368,Bee,Dance,http://localhost:3251@brice,true
1784700681057,brice,Explore,null,true
1784700681348,alice,Explore,null,true
1784700681699,Ant,Walk,http://localhost:3251@bear,true
1784700681700,bear,Walk,http://localhost:3251@Ant,true
1784700681753,Bat,Exercise,http://localhost:3251@Bee,false
1784700681755,brice,Exercise,http://localhost:3251@Bat,true
1784700682622,alice,Walk,http://localhost:3251@bear,false
1784700682623,Ant,Walk,http://localhost:3251@alice,true
1784700683566,Bee,Walk,http://localhost:3251@Ant,true
1784700683568,brice,Walk,http://localhost:3251@Bee,true
1784700684425,Bat,Play,http://localhost:3251@alice,true
1784700684426,Bee,Play,http://localhost:3251@Bat,false
1784700684903,alice,Explore,null,false
1784700685190,Ant,Walk,http://localhost:3251@Bee,true
1784700685191,Bee,Walk,http://localhost:3251@Ant,true
1784700685301,bear,Explore,null,true
1784700685990,Bat,Explore,null,false
1784700686169,alice,Fight,http://localhost:3251@Bee,true
1784700686170,Ant,Play,http://localhost:3251@brice,false
1784700686171,Bee,Fight,http://localhost:3251@bear,false
1784700686172,brice,Play,http://localhost:3251@bear,false
1784700687879,bear,Play,http://localhost:3251@Ant,true
1784700687880,brice,Play,http://localhost:3251@bear,false
1784700688446,alice,Explore,null,false
1784700688762,Bee,Exercise,http://localhost:3251@Bat,false
1784700688764,brice,Exercise,http://localhost:3251@Bee,true
1784700689326,Bat,Sing,http://localhost:3251@Ant,true
1784700689328,bear,Sing,http://localhost:3251@Bat,false
1784700689885,alice,Walk,http://localhost:3251@bear,false
1784700689887,brice,Walk,http://localhost:3251@alice,true
1784700690265,Ant,Sing,http://localhost:3251@Bee,true
1784700690269,bear,Sing,http://localhost:3251@Ant,true
1784700690453,Bee,Explore,null,false
1784700691137,alice,Exercise,http://localhost:3251@Ant,true
1784700691138,Ant,Exercise,http://localhost:3251@alice,true
1784700691591,brice,Explore,null,false
1784700691651,Bat,Explore,null,false
1784700691769,Ant,Play,http://localhost:3251@Bee,true
1784700691770,Bee,Play,http://localhost:3251@bear,true
1784700692526,bear,Explore,null,true
1784700692579,Bee,Fight,http://localhost:3251@brice,false
1784700692580,brice,Fight,http://localhost:3251@Bee,true
1784700693312,Ant,Talk,http://localhost:3251@Bat,false
1784700693314,Bat,Talk,http://localhost:3251@Ant,true
1784700693935,bear,Sing,http://localhost:3251@Bee,false
1784700693937,Bee,Sing,http://localhost:3251@alice,true
1784700694545,Ant,Walk,http://localhost:3251@brice,false
1784700694546,brice,Walk,http://localhost:3251@alice,true
1784700695623,Bat,Explore,null,true
1784700695680,Bee,Talk,http://localhost:3251@alice,true
1784700695840,Ant,Exercise,http://localhost:3251@bear,true
1784700696634,Bee,Fight,http://localhost:3251@bear,false
1784700696636,brice,Fight,http://localhost:3251@Bee,true
1784700696974,alice,Sing,http://localhost:3251@brice,true
1784700696977,Ant,Sing,http://localhost:3251@alice,false
1784700697151,Bat,Explore,null,true
1784700697882,bear,Play,http://localhost:3251@brice,true
1784700697885,brice,Play,http://localhost:3251@bear,true
1784700698214,alice,Dance,http://localhost:3251@Ant,false
1784700698215,Bat,Dance,http://localhost:3251@alice,true
1784700698506,Ant,Explore,null,false
1784700698851,Bee,Explore,null,false
1784700699430,bear,Explore,null,false
1784700699774,alice,Explore,null,false
1784700700130,Bat,Talk,http://localhost:3251@brice,false
1784700700132,brice,Talk,http://localhost:3251@Ant,false
1784700700180,alice,Talk,http://localhost:3251@Ant,true
1784700700182,Ant,Talk,http://localhost:3251@Bat,true
1784700700946,Bee,Fight,http://localhost:3251@brice,false
1784700701123,alice,Talk,http://localhost:3251@Bat,false
1784700701125,Bat,Talk,http://localhost:3251@Ant,false
1784700701126,brice,Fight,http://localhost:3251@Bee,false
1784700701370,Ant,Dance,http://localhost:3251@bear,true
1784700701371,bear,Dance,http://localhost:3251@Bee,true
1784700702430,Ant,Play,http://localhost:3251@brice,false
1784700702433,brice,Play,http://localhost:3251@bear,true
1784700702656,alice,Play,http://localhost:3251@bear,true
1784700702658,bear,Play,http://localhost:3251@Ant,true
1784700703572,alice,Play,http://localhost:3251@Bee,true
1784700703573,Bee,Play,http://localhost:3251@bear,false
1784700704070,Ant,Explore,null,true
1784700704250,Bat,Fight,http://localhost:3251@alice,false
1784700704253,brice,Fight,http://localhost:3251@Bat,false
1784700705009,brice,Dance,http://localhost:3251@alice,true
1784700705678,Ant,Explore,null,false
1784700705680,bear,Explore,null,false
1784700706306,alice,Walk,http://localhost:3251@Bee,false
1784700706308,Bee,Walk,http://localhost:3251@Ant,false
1784700706834,bear,Exercise,http://localhost:3251@alice,false
1784700706859,brice,Exercise,http://localhost:3251@bear,false
1784700707874,alice,Explore,null,true
1784700707875,Ant,Explore,null,false
1784700708385,Bat,Talk,http://localhost:3251@Ant,false
1784700708386,bear,Explore,null,false
1784700708386,brice,Talk,http://localhost:3251@Bat,false
1784700709039,bear,Play,http://localhost:3251@Bee,false
1784700709040,Bee,Play,http://localhost:3251@bear,false
1784700709155,alice,Play,http://localhost:3251@Bat,false
1784700709156,brice,Play,http://localhost:3251@alice,true
1784700709641,Bat,Play,http://localhost:3251@alice,true
1784700709642,bear,Play,http://localhost:3251@Bat,true
1784700710531,Ant,Walk,http://localhost:3251@Bee,true
1784700710532,brice,Walk,http://localhost:3251@Ant,true
1784700710589,Bee,Explore,null,true
1784700710922,alice,Play,http://localhost:3251@Bat,true
1784700710923,Bat,Play,http://localhost:3251@alice,false
1784700712823,bear,Explore,null,false
1784700712825,Bee,Explore,null,true
1784700713802,alice,Exercise,http://localhost:3251@Bat,false
1784700713805,Bat,Exercise,http://localhost:3251@alice,false
1784700713862,Ant,Sing,http://localhost:3251@bear,false
1784700713864,bear,Sing,http://localhost:3251@Ant,true
1784700714179,Bee,Walk,http://localhost:3251@brice,false
1784700714180,brice,Walk,http://localhost:3251@Bee,false
1784700714961,Bat,Fight,http://localhost:3251@bear,false
1784700714963,bear,Fight,http://localhost:3251@Bat,false
1784700714964,brice,Fight,http://localhost:3251@Ant,false
1784700716235,alice,Play,http://localhost:3251@bear,true
1784700716237,bear,Play,http://localhost:3251@alice,false
1784700716531,brice,Explore,null,false
1784700716827,Ant,Explore,null,true
1784700717203,Bat,Explore,null,true
1784700717423,alice,Exercise,http://localhost:3251@Bat,false
1784700717425,brice,Exercise,http://localhost:3251@alice,false
1784700717774,bear,Explore,null,true
1784700718410,Ant,Explore,null,true
1784700718411,Bat,Talk,http://localhost:3251@brice,false
1784700718413,brice,Talk,http://localhost:3251@Bat,true
1784700718963,alice,Explore,null,false
1784700719359,Bee,Walk,http://localhost:3251@brice,true
1784700719360,brice,Walk,http://localhost:3251@Bee,true
1784700720041,bear,Fight,http://localhost:3251@Bat,true
1784700720044,brice,Fight,http://localhost:3251@bear,true
1784700720218,alice,Dance,http://localhost:3251@Bat,false
1784700720221,Bat,Dance,http://localhost:3251@alice,true
1784700720652,Ant,Explore,null,false
1784700721117,Bat,Fight,http://localhost:3251@bear,true
1784700721118,bear,Fight,http://localhost:3251@Bat,false
1784700721758,Bee,Explore,null,true
1784700722001,Ant,Walk,http://localhost:3251@brice,true
1784700722002,brice,Walk,http://localhost:3251@Ant,true
1784700722696,Bat,Explore,null,false
1784700722698,bear,Explore,null,true
1784700723048,Bee,Sing,http://localhost:3251@brice,true
1784700723049,brice,Sing,http://localhost:3251@Bee,false
1784700723159,alice,Explore,null,false
1784700723562,Ant,Explore,null,false
1784700723686,alice,Talk,http://localhost:3251@Bat,true
1784700723687,Bat,Talk,http://localhost:3251@alice,false
1784700724429,Ant,Play,http://localhost:3251@Bee,true
1784700724430,Bee,Play,http://localhost:3251@Ant,false
1784700724616,brice,Explore,null,false
1784700725068,alice,Play,http://localhost:3251@bear,true
1784700725069,bear,Play,http://localhost:3251@alice,false
1784700725976,bear,Dance,http://localhost:3251@brice,true
1784700725977,brice,Dance,http://localhost:3251@bear,true
1784700726085,Ant,Explore,null,true
1784700726086,Bee,Explore,null,false
1784700726784,alice,Explore,null,false
1784700726839,Ant,Exercise,http://localhost:3251@Bat,true
1784700726840,Bat,Exercise,http://localhost:3251@Ant,false
1784700727929,Bat,Sing,http://localhost:3251@brice,true
1784700727930,brice,Sing,http://localhost:3251@Bat,false
1784700728114,alice,Walk,http://localhost:3251@Ant,false
1784700728116,Ant,Walk,http://localhost:3251@alice,false
1784700728290,bear,Explore,null,true
1784700728982,alice,Talk,http://localhost:3251@Bat,false
1784700728983,Bat,Talk,http://localhost:3251@alice,true
1784700729344,Bee,Exercise,http://localhost:3251@brice,true
1784700729346,brice,Exercise,http://localhost:3251@Bee,false
1784700729906,bear,Explore,null,false
1784700730084,Ant,Sing,http://localhost:3251@bear,true
1784700730085,Bat,Sing,http://localhost:3251@Ant,true
1784700730576,alice,Explore,null,false
1784700731279,bear,Walk,http://localhost:3251@Bee,false
1784700731293,Bee,Walk,http://localhost:3251@brice,false
1784700731396,alice,Play,http://localhost:3251@Bat,false
1784700731396,Ant,Dance,http://localhost:3251@brice,true
1784700731397,Bat,Play,http://localhost:3251@alice,false
1784700731398,brice,Dance,http://localhost:3251@Ant,false
1784700732456,Ant,Exercise,http://localhost:3251@bear,false
1784700732458,bear,Exercise,http://localhost:3251@Ant,true
1784700733321,alice,Play,http://localhost:3251@Bee,true
1784700733323,Bee,Play,http://localhost:3251@Ant,true
1784700734327,brice,Explore,null,false
1784700734454,alice,Play,http://localhost:3251@Ant,true
1784700734455,Ant,Play,http://localhost:3251@alice,true
1784700734974,bear,Exercise,http://localhost:3251@Ant,false
1784700734976,brice,Exercise,http://localhost:3251@bear,true
1784700735096,Bat,Fight,http://localhost:3251@Bee,false
1784700735097,Bee,Fight,http://localhost:3251@Bat,true
1784700735737,alice,Walk,http://localhost:3251@Ant,true
1784700735739,brice,Walk,http://localhost:3251@alice,true
1784700736684,Ant,Explore,null,true
1784700736685,Bat,Explore,null,false
1784700737292,Ant,Fight,http://localhost:3251@bear,false
1784700737293,bear,Fight,http://localhost:3251@Bat,true
1784700737406,brice,Explore,null,true
1784700738295,Bat,Explore,null,false
1784700739032,brice,Explore,null,false
1784700739095,Ant,Dance,http://localhost:3251@Bee,false
1784700739098,Bee,Dance,http://localhost:3251@Ant,false
1784700739307,Bat,Sing,http://localhost:3251@bear,true
1784700739308,bear,Sing,http://localhost:3251@Bat,false
1784700740454,alice,Dance,http://localhost:3251@Ant,true
1784700740456,Ant,Dance,http://localhost:3251@brice,false
1784700740577,brice,Explore,null,true
1784700740956,bear,Fight,http://localhost:3251@Bat,true
1784700740959,brice,Fight,http://localhost:3251@bear,false
1784700741321,alice,Sing,http://localhost:3251@Bat,true
1784700741323,Bat,Sing,http://localhost:3251@alice,true
1784700741756,bear,Walk,http://localhost:3251@Bee,true
1784700741757,Bee,Walk,http://localhost:3251@brice,true
1784700742365,Bat,Fight,http://localhost:3251@brice,false
1784700742366,brice,Fight,http://localhost:3251@Bat,false
1784700742825,Ant,Explore,null,false
1784700743429,Bee,Talk,http://localhost:3251@brice,false
1784700743431,brice,Talk,http://localhost:3251@Bee,false
1784700743667,Bat,Dance,http://localhost:3251@bear,true
1784700743669,bear,Dance,http://localhost:3251@Bat,false
1784700744001,alice,Walk,http://localhost:3251@Ant,true
1784700744002,Ant,Walk,http://localhost:3251@alice,true
1784700744529,bear,Talk,http://localhost:3251@brice,false
1784700744531,brice,Talk,http://localhost:3251@Bat,false
1784700744762,Ant,Talk,http://localhost:3251@Bat,false
1784700744763,Bat,Talk,http://localhost:3251@alice,true
1784700745456,alice,Walk,http://localhost:3251@Bee,true
1784700745458,Bee,Walk,http://localhost:3251@brice,false
1784700745792,Ant,Walk,http://localhost:3251@brice,true
1784700745793,brice,Walk,http://localhost:3251@Ant,true
1784700746681,alice,Walk,http://localhost:3251@Ant,false
1784700746683,bear,Walk,http://localhost:3251@alice,false
1784700747246,Bee,Exercise,http://localhost:3251@brice,false
1784700747248,brice,Exercise,http://localhost:3251@Bee,false
1784700747368,Ant,Explore,null,false
1784700748009,alice,Walk,http://localhost:3251@Ant,false
1784700748011,Bee,Walk,http://localhost:3251@alice,false
1784700748653,alice,Walk,http://localhost:3251@Ant,true
1784700748655,Ant,Walk,http://localhost:3251@brice,true
1784700749385,Bee,Sing,http://localhost:3251@brice,true
1784700749387,brice,Sing,http://localhost:3251@Bee,false
1784700749570,Bat,Explore,null,true
1784700750275,alice,Explore,null,false
1784700750451,Bat,Fight,http://localhost:3251@Bee,false
1784700750452,Bee,Fight,http://localhost:3251@Bat,false
1784700750834,bear,Explore,null,true
1784700751006,Ant,Fight,http://localhost:3251@brice,true
1784700751007,Bat,Fight,http://localhost:3251@Ant,false
1784700751508,alice,Play,http://localhost:3251@bear,true
1784700751511,bear,Play,http://localhost:3251@alice,true
1784700752162,alice,Exercise,http://localhost:3251@Bee,true
1784700752165,Bee,Exercise,http://localhost:3251@brice,true
1784700752269,Ant,Play,http://localhost:3251@alice,false
1784700752271,Bat,Play,http://localhost:3251@Ant,false
1784700753396,alice,Play,http://localhost:3251@bear,true
1784700753398,Bat,Play,http://localhost:3251@alice,true
1784700753696,Bee,Explore,null,false
1784700753813,Ant,Sing,http://localhost:3251@brice,false
1784700753814,brice,Sing,http://localhost:3251@Bat,false
1784700754282,bear,Explore,null,true
1784700754582,alice,Exercise,http://localhost:3251@Bat,true
1784700754583,Bee,Exercise,http://localhost:3251@alice,false
1784700755311,Bat,Walk,http://localhost:3251@Bee,false
1784700755313,Bee,Walk,http://localhost:3251@Bat,true
1784700755829,bear,Explore,null,false
1784700756358,alice,Play,http://localhost:3251@brice,false
1784700756359,brice,Play,http://localhost:3251@alice,true
1784700756717,Ant,Explore,null,false
1784700756884,Bee,Explore,null,true
1784700757606,alice,Sing,http://localhost:3251@Bat,false
1784700757608,Ant,Walk,http://localhost:3251@brice,true
1784700757609,Bat,Sing,http://localhost:3251@alice,true
1784700757610,brice,Walk,http://localhost:3251@Ant,true
1784700758006,bear,Explore,null,true
1784700758839,bear,Play,http://localhost:3251@Bee,false
1784700758841,Bee,Play,http://localhost:3251@Ant,false
1784700759174,alice,Explore,null,true
1784700759774,Bat,Explore,null,false
1784700759884,Ant,Explore,null,false
1784700760122,alice,Fight,http://localhost:3251@Bat,true
1784700760123,Bat,Fight,http://localhost:3251@alice,true
1784700761084,brice,Explore,null,false
1784700761145,bear,Explore,null,true
1784700761503,Ant,Explore,null,false
1784700761892,bear,Exercise,http://localhost:3251@Bee,true
1784700761894,Bee,Exercise,http://localhost:3251@brice,true
1784700762481,alice,Fight,http://localhost:3251@Bat,false
1784700762482,bear,Fight,http://localhost:3251@alice,false
1784700762774,Bat,Dance,http://localhost:3251@brice,true
1784700762776,brice,Dance,http://localhost:3251@Bat,true
1784700763171,bear,Walk,http://localhost:3251@Bee,true
1784700763172,Bee,Walk,http://localhost:3251@brice,true
1784700763740,Bat,Talk,http://localhost:3251@alice,true
1784700763741,bear,Talk,http://localhost:3251@Bat,false
1784700764359,brice,Explore,null,true
1784700764851,Bee,Talk,http://localhost:3251@brice,true
1784700764852,brice,Talk,http://localhost:3251@Bee,false
1784700765716,alice,Play,http://localhost:3251@bear,true
1784700765719,brice,Play,http://localhost:3251@alice,false
1784700765778,Bat,Dance,http://localhost:3251@brice,true
1784700765779,Bee,Dance,http://localhost:3251@Bat,false
1784700766373,bear,Sing,http://localhost:3251@Bat,true
1784700766374,Bee,Sing,http://localhost:3251@bear,false
1784700766615,Ant,Dance,http://localhost:3251@brice,true
1784700766617,Bat,Dance,http://localhost:3251@Ant,true
1784700767559,alice,Exercise,http://localhost:3251@Bee,false
1784700767568,Bee,Exercise,http://localhost:3251@brice,true
1784700767616,Ant,Walk,http://localhost:3251@brice,false
1784700767617,brice,Walk,http://localhost:3251@Ant,false
1784700768343,Ant,Walk,http://localhost:3251@bear,true
1784700768344,bear,Walk,http://localhost:3251@Ant,true
1784700768647,Bat,Talk,http://localhost:3251@brice,false
1784700768649,brice,Talk,http://localhost:3251@Bat,true
1784700769327,Ant,Fight,http://localhost:3251@brice,false
1784700769328,Bat,Fight,http://localhost:3251@Ant,false
1784700769500,Bee,Dance,http://localhost:3251@Ant,false
1784700769501,brice,Dance,http://localhost:3251@Bee,true
1784700769550,alice,Dance,http://localhost:3251@Bat,false
1784700769552,bear,Dance,http://localhost:3251@alice,true
1784700770830,Bat,Play,http://localhost:3251@brice,true
1784700770835,brice,Play,http://localhost:3251@alice,true
1784700770962,alice,Play,http://localhost:3251@bear,false
1784700770966,Ant,Play,http://localhost:3251@alice,false
1784700771222,bear,Explore,null,false
1784700771869,bear,Fight,http://localhost:3251@brice,false
1784700771871,brice,Fight,http://localhost:3251@bear,true
1784700772609,Ant,Explore,null,true
1784700773178,alice,Walk,http://localhost:3251@brice,false
1784700773181,Bat,Walk,http://localhost:3251@bear,false
1784700773182,bear,Walk,http://localhost:3251@Ant,false
1784700773183,brice,Walk,http://localhost:3251@Ant,true
1784700774156,alice,Talk,http://localhost:3251@brice,false
1784700774158,brice,Talk,http://localhost:3251@Bat,true
1784700774486,Bee,Explore,null,true
1784700774781,Ant,Fight,http://localhost:3251@Bat,false
1784700774782,Bat,Fight,http://localhost:3251@brice,false
1784700775138,alice,Talk,http://localhost:3251@Ant,true
1784700775140,Ant,Talk,http://localhost:3251@alice,true
1784700775299,Bat,Exercise,http://localhost:3251@brice,true
1784700775301,brice,Exercise,http://localhost:3251@Bat,true
1784700775739,bear,Dance,http://localhost:3251@Bat,true
1784700775740,Bee,Dance,http://localhost:3251@bear,false
1784700776448,alice,Dance,http://localhost:3251@Bat,false
1784700776450,Bee,Dance,http://localhost:3251@alice,false
1784700776624,Bat,Play,http://localhost:3251@alice,false
1784700776625,bear,Play,http://localhost:3251@Bat,true
1784700776731,Ant,Explore,null,true
1784700777216,bear,Exercise,http://localhost:3251@brice,false
1784700777217,brice,Exercise,http://localhost:3251@Bat,false
1784700777626,alice,Exercise,http://localhost:3251@Bat,true
1784700777627,Ant,Exercise,http://localhost:3251@alice,false
1784700778697,Bee,Explore,null,true
1784700778821,brice,Explore,null,true
1784700778997,alice,Walk,http://localhost:3251@Ant,true
1784700778998,Ant,Walk,http://localhost:3251@brice,true
1784700779458,bear,Explore,null,false
1784700780120,alice,Walk,http://localhost:3251@brice,false
1784700780122,brice,Walk,http://localhost:3251@Ant,false
1784700780633,Ant,Dance,http://localhost:3251@Bat,true
1784700780635,Bat,Dance,http://localhost:3251@brice,false
1784700781063,bear,Explore,null,true
1784700781706,brice,Explore,null,true
1784700781822,alice,Exercise,http://localhost:3251@Bat,true
1784700781823,Bat,Exercise,http://localhost:3251@Ant,true
1784700782209,Ant,Explore,null,true
1784700782855,Ant,Exercise,http://localhost:3251@bear,false
1784700782857,bear,Exercise,http://localhost:3251@Ant,true
1784700783399,Bat,Explore,null,true
1784700783519,Bee,Explore,null,false
1784700783632,bear,Dance,http://localhost:3251@brice,true
1784700783633,brice,Dance,http://localhost:3251@bear,false
1784700784347,alice,Dance,http://localhost:3251@Bat,true
1784700784348,Bat,Dance,http://localhost:3251@alice,true
1784700784407,Ant,Explore,null,false
1784700785018,Bee,Play,http://localhost:3251@brice,true
1784700785020,brice,Play,http://localhost:3251@alice,false
1784700785631,alice,Exercise,http://localhost:3251@Bat,true
1784700785634,Bat,Exercise,http://localhost:3251@Ant,true
1784700785741,Ant,Dance,http://localhost:3251@brice,false
1784700785742,Bee,Dance,http://localhost:3251@Ant,false
1784700785986,bear,Explore,null,false
1784700786693,bear,Talk,http://localhost:3251@brice,true
1784700786696,brice,Talk,http://localhost:3251@Bat,false
1784700787262,alice,Explore,null,true
1784700787315,Bat,Explore,null,true
1784700787317,Bee,Explore,null,false
1784700788414,alice,Dance,http://localhost:3251@Ant,true
1784700788416,Ant,Dance,http://localhost:3251@brice,true
1784700789315,Bat,Sing,http://localhost:3251@brice,true
1784700789317,brice,Sing,http://localhost:3251@Bat,false
1784700789726,alice,Sing,http://localhost:3251@Bat,false
1784700789728,Bee,Sing,http://localhost:3251@alice,false
1784700789948,Bat,Dance,http://localhost:3251@bear,true
1784700789949,bear,Dance,http://localhost:3251@Bat,false
1784700790288,bear,Fight,http://localhost:3251@brice,true
1784700790289,brice,Fight,http://localhost:3251@bear,false
1784700790699,Ant,Fight,http://localhost:3251@brice,false
1784700790700,bear,Fight,http://localhost:3251@Ant,true
1784700790883,Bee,Exercise,http://localhost:3251@brice,true
1784700790884,brice,Exercise,http://localhost:3251@Bee,true
1784700791997,bear,Dance,http://localhost:3251@Bat,true
1784700791998,Bee,Dance,http://localhost:3251@bear,true
1784700792166,Bat,Explore,null,false
1784700792930,alice,Play,http://localhost:3251@bear,false
1784700792932,Bee,Play,http://localhost:3251@alice,false
1784700793164,brice,Explore,null,true
1784700793271,Ant,Walk,http://localhost:3251@brice,false
1784700793273,Bat,Walk,http://localhost:3251@Ant,false
1784700794590,Bat,Sing,http://localhost:3251@alice,false
1784700794592,brice,Sing,http://localhost:3251@Bat,true
1784700795166,alice,Explore,null,true
1784700795498,bear,Explore,null,false
1784700795726,alice,Exercise,http://localhost:3251@Bat,false
1784700795727,Bat,Exercise,http://localhost:3251@Ant,true
1784700796144,Ant,Explore,null,true
1784700796431,Bee,Explore,null,false
1784700796844,Ant,Play,http://localhost:3251@bear,false
1784700796845,bear,Play,http://localhost:3251@alice,false
1784700797174,Bat,Dance,http://localhost:3251@brice,false
1784700797176,Bee,Dance,http://localhost:3251@Bat,true
1784700797473,brice,Explore,null,true
1784700797977,bear,Exercise,http://localhost:3251@Ant,false
1784700797980,Bee,Exercise,http://localhost:3251@bear,false
1784700798817,Bat,Talk,http://localhost:3251@alice,true
1784700798819,bear,Dance,http://localhost:3251@brice,false
1784700798820,Bee,Talk,http://localhost:3251@Bat,true
1784700798822,brice,Dance,http://localhost:3251@bear,false
1784700799000,Ant,Explore,null,false
1784700799354,alice,Fight,http://localhost:3251@Bat,false
1784700799356,Bee,Fight,http://localhost:3251@alice,false
1784700799798,alice,Fight,http://localhost:3251@Bat,false
1784700799800,Bat,Fight,http://localhost:3251@brice,true
1784700800077,Ant,Play,http://localhost:3251@brice,false
1784700800079,brice,Play,http://localhost:3251@alice,true
1784700801052,Bat,Talk,http://localhost:3251@brice,true
1784700801053,bear,Explore,null,true
1784700801054,brice,Talk,http://localhost:3251@Bat,false
1784700801331,alice,Explore,null,true
1784700801555,Bee,Fight,http://localhost:3251@Bat,true
1784700801557,brice,Fight,http://localhost:3251@Bee,true
1784700801616,Ant,Explore,null,false
1784700802288,Ant,Play,http://localhost:3251@Bat,false
1784700802289,Bat,Play,http://localhost:3251@alice,false
1784700802585,alice,Play,http://localhost:3251@bear,true
1784700802586,Bee,Play,http://localhost:3251@alice,true
1784700803138,brice,Explore,null,false
1784700803660,Bee,Fight,http://localhost:3251@Bat,false
1784700803687,brice,Fight,http://localhost:3251@Bee,false
1784700803932,alice,Fight,http://localhost:3251@Bat,false
1784700803934,Bat,Fight,http://localhost:3251@brice,false
1784700803982,bear,Explore,null,false
1784700804544,alice,Fight,http://localhost:3251@Ant,true
1784700804546,Ant,Fight,http://localhost:3251@brice,false
1784700804648,Bat,Fight,http://localhost:3251@brice,false
1784700804650,brice,Fight,http://localhost:3251@bear,false
1784700804932,bear,Fight,http://localhost:3251@Bat,true
1784700804934,Bee,Fight,http://localhost:3251@bear,true
1784700805818,alice,Exercise,http://localhost:3251@Bat,true
1784700805819,Ant,Dance,http://localhost:3251@brice,true
1784700805820,Bat,Exercise,http://localhost:3251@Ant,false
1784700805820,bear,Dance,http://localhost:3251@Ant,true
1784700806266,bear,Talk,http://localhost:3251@brice,true
1784700806268,brice,Talk,http://localhost:3251@Bat,false
1784700806544,Bee,Explore,null,true
1784700807421,Bat,Explore,null,false
1784700807495,Ant,Walk,http://localhost:3251@bear,false
1784700807510,bear,Walk,http://localhost:3251@Ant,true
1784700808022,alice,Talk,http://localhost:3251@Ant,true
1784700808023,Bat,Talk,http://localhost:3251@alice,true
1784700808133,bear,Play,http://localhost:3251@brice,true
1784700808135,brice,Play,http://localhost:3251@alice,false
1784700809110,Ant,Explore,null,true
1784700809414,alice,Dance,http://localhost:3251@Bat,true
1784700809415,Bat,Dance,http://localhost:3251@brice,true
1784700809477,Bee,Explore,null,false
1784700809819,brice,Explore,null,false
1784700810410,Ant,Sing,http://localhost:3251@bear,true
1784700810413,bear,Explore,null,false
1784700810415,Bee,Sing,http://localhost:3251@Ant,true
1784700811377,brice,Explore,null,true
1784700811666,Ant,Dance,http://localhost:3251@brice,false
1784700811667,Bat,Dance,http://localhost:3251@Ant,false
1784700811837,alice,Exercise,http://localhost:3251@Bat,false
1784700811839,Bee,Exercise,http://localhost:3251@alice,false
1784700812153,bear,Explore,null,false
1784700812691,Ant,Sing,http://localhost:3251@brice,true
1784700812693,brice,Sing,http://localhost:3251@Bat,false
1784700813757,bear,Explore,null,false
1784700813868,alice,Sing,http://localhost:3251@Bat,false
1784700813869,brice,Sing,http://localhost:3251@alice,false
1784700814347,Ant,Fight,http://localhost:3251@brice,true
1784700814348,bear,Fight,http://localhost:3251@Ant,true
1784700815215,Ant,Dance,http://localhost:3251@brice,false
1784700815216,brice,Dance,http://localhost:3251@bear,false
1784700815388,Bat,Explore,null,false
1784700816221,Bee,Explore,null,true
1784700816385,Bat,Dance,http://localhost:3251@bear,true
1784700816387,bear,Dance,http://localhost:3251@Bat,false
1784700817141,Ant,Walk,http://localhost:3251@brice,false
1784700817143,brice,Walk,http://localhost:3251@Ant,true
1784700817432,Bat,Exercise,http://localhost:3251@Bee,false
1784700817434,Bee,Exercise,http://localhost:3251@brice,true
1784700817488,alice,Explore,null,true
1784700818188,Ant,Talk,http://localhost:3251@Bat,false
1784700818189,Bat,Talk,http://localhost:3251@Ant,false
1784700818430,alice,Play,http://localhost:3251@brice,true
1784700818431,brice,Play,http://localhost:3251@alice,true
1784700818656,Bat,Talk,http://localhost:3251@bear,true
1784700818657,bear,Talk,http://localhost:3251@Bat,true
1784700819164,alice,Talk,http://localhost:3251@Ant,true
1784700819171,Ant,Talk,http://localhost:3251@Bat,true
1784700819927,alice,Walk,http://localhost:3251@bear,true
1784700819929,bear,Walk,http://localhost:3251@Ant,true
1784700820215,Bat,Explore,null,true
1784700820273,Bee,Explore,null,false
1784700820690,brice,Explore,null,false
1784700821115,alice,Walk,http://localhost:3251@Ant,false
1784700821118,Ant,Walk,http://localhost:3251@brice,false
1784700821289,bear,Talk,http://localhost:3251@Bee,false
1784700821292,Bee,Talk,http://localhost:3251@brice,false
1784700822030,Bat,Walk,http://localhost:3251@brice,true
1784700822031,brice,Walk,http://localhost:3251@Ant,true
1784700822321,Ant,Talk,http://localhost:3251@Bee,false
1784700822324,Bee,Talk,http://localhost:3251@brice,false
1784700822432,alice,Play,http://localhost:3251@bear,true
1784700822434,bear,Play,http://localhost:3251@alice,false
1784700823711,Bat,Sing,http://localhost:3251@bear,false
1784700823712,bear,Sing,http://localhost:3251@Bat,true
1784700824350,alice,Play,http://localhost:3251@bear,false
1784700824353,Ant,Play,http://localhost:3251@alice,true
1784700824476,Bee,Exercise,http://localhost:3251@brice,false
1784700824478,brice,Exercise,http://localhost:3251@Bat,false
1784700825331,bear,Explore,null,false
1784700825814,Ant,Walk,http://localhost:3251@brice,true
1784700825815,brice,Walk,http://localhost:3251@Ant,false
1784700826231,Bat,Exercise,http://localhost:3251@Ant,false
1784700826233,bear,Exercise,http://localhost:3251@Bat,false
1784700826799,Bee,Explore,null,true
1784700827529,Ant,Explore,null,false
1784700827931,Bat,Explore,null,true
1784700828154,alice,Dance,http://localhost:3251@bear,false
1784700828157,bear,Dance,http://localhost:3251@Bat,true
1784700829326,brice,Explore,null,true
1784700829543,Bat,Sing,http://localhost:3251@bear,false
1784700829544,bear,Sing,http://localhost:3251@Bat,false
1784700829710,Bee,Explore,null,true
1784700830321,alice,Explore,null,true
1784700830322,Ant,Explore,null,true
1784700831417,Bat,Sing,http://localhost:3251@alice,true
1784700831420,Bee,Sing,http://localhost:3251@Bat,true
1784700831484,alice,Exercise,http://localhost:3251@Bat,true
1784700831486,brice,Exercise,http://localhost:3251@alice,false
1784700831821,Bat,Talk,http://localhost:3251@bear,true
1784700831822,bear,Talk,http://localhost:3251@Bat,true
1784700832377,bear,Talk,http://localhost:3251@Bee,false
1784700832378,Bee,Talk,http://localhost:3251@brice,false
1784700832554,Ant,Explore,null,false
1784700833342,Bat,Walk,http://localhost:3251@brice,true
1784700833344,brice,Walk,http://localhost:3251@Ant,false
1784700833907,Bee,Explore,null,false
1784700833958,alice,Play,http://localhost:3251@bear,true
1784700833959,Bat,Play,http://localhost:3251@alice,false
1784700834066,bear,Fight,http://localhost:3251@Bat,true
1784700834067,brice,Fight,http://localhost:3251@bear,true
1784700834947,Bat,Talk,http://localhost:3251@alice,false
1784700834949,bear,Talk,http://localhost:3251@Bat,true
1784700835330,Bee,Walk,http://localhost:3251@brice,true
1784700835331,brice,Walk,http://localhost:3251@Ant,true
1784700835543,Ant,Exercise,http://localhost:3251@Bat,true
1784700835544,Bat,Exercise,http://localhost:3251@Ant,true
1784700835887,alice,Fight,http://localhost:3251@bear,false
1784700835889,bear,Fight,http://localhost:3251@Bat,false
1784700836635,Bee,Walk,http://localhost:3251@brice,true
1784700836636,brice,Walk,http://localhost:3251@Ant,false
1784700837142,alice,Play,http://localhost:3251@bear,true
1784700837220,Bat,Play,http://localhost:3251@alice,false
1784700837539,bear,Explore,null,true
1784700837856,Ant,Explore,null,false
1784700838487,bear,Talk,http://localhost:3251@brice,false
1784700838490,brice,Talk,http://localhost:3251@Bat,false
1784700838820,alice,Explore,null,true
1784700838822,Bat,Explore,null,true
1784700839119,Ant,Walk,http://localhost:3251@brice,false
1784700839121,brice,Walk,http://localhost:3251@Ant,false
1784700839342,bear,Sing,http://localhost:3251@Bee,false
1784700839345,Bee,Sing,http://localhost:3251@brice,false
1784700840132,Bat,Dance,http://localhost:3251@brice,false
1784700840133,bear,Dance,http://localhost:3251@Bat,false
1784700841036,alice,Explore,null,true
1784700841162,Bat,Walk,http://localhost:3251@brice,false
1784700841165,brice,Walk,http://localhost:3251@Ant,true
1784700841387,Ant,Explore,null,false
1784700841754,bear,Explore,null,true
1784700842130,Ant,Dance,http://localhost:3251@Bee,true
1784700842133,Bee,Dance,http://localhost:3251@Ant,false
1784700842773,brice,Explore,null,false
1784700843009,alice,Dance,http://localhost:3251@Bat,false
1784700843010,Bat,Dance,http://localhost:3251@alice,true
1784700843713,Bee,Explore,null,false
1784700843776,Bat,Dance,http://localhost:3251@bear,true
1784700843777,bear,Dance,http://localhost:3251@Bat,false
1784700844092,alice,Play,http://localhost:3251@brice,false
1784700844093,brice,Play,http://localhost:3251@alice,false
1784700844802,Ant,Sing,http://localhost:3251@bear,true
1784700844804,Bat,Sing,http://localhost:3251@Ant,true
1784700845399,Bee,Explore,null,true
1784700846039,alice,Play,http://localhost:3251@bear,true
1784700846040,Bat,Play,http://localhost:3251@alice,true
1784700846040,bear,Explore,null,false
1784700846345,brice,Explore,null,true
1784700847346,Ant,Walk,http://localhost:3251@bear,false
1784700847349,bear,Walk,http://localhost:3251@Ant,false
1784700848147,Bee,Play,http://localhost:3251@Ant,true
1784700848149,brice,Play,http://localhost:3251@Bee,false
1784700848606,Bat,Sing,http://localhost:3251@bear,true
1784700848607,bear,Sing,http://localhost:3251@Bat,true
1784700848944,Ant,Talk,http://localhost:3251@Bat,true
1784700848946,Bee,Talk,http://localhost:3251@Ant,false
1784700849362,alice,Sing,http://localhost:3251@Bat,false
1784700849365,Bat,Sing,http://localhost:3251@alice,true
1784700849693,brice,Explore,null,false
1784700850482,Bat,Sing,http://localhost:3251@bear,false
1784700850483,bear,Sing,http://localhost:3251@Bat,true
1784700851184,Ant,Fight,http://localhost:3251@brice,true
1784700851186,bear,Fight,http://localhost:3251@Ant,false
1784700852236,alice,Explore,null,true
1784700852483,Bat,Walk,http://localhost:3251@Bee,true
1784700852484,Bee,Walk,http://localhost:3251@Bat,false
1784700852710,brice,Explore,null,false
1784700852877,Ant,Explore,null,true
1784700853434,bear,Explore,null,true
1784700853775,alice,Play,http://localhost:3251@Bee,false
1784700853776,Bee,Play,http://localhost:3251@Ant,true
1784700853992,Bat,Explore,null,true
1784700854571,bear,Exercise,http://localhost:3251@Ant,false
1784700854572,brice,Exercise,http://localhost:3251@bear,false
1784700855031,alice,Play,http://localhost:3251@bear,true
1784700855033,Bat,Play,http://localhost:3251@alice,true
1784700855447,Bee,Fight,http://localhost:3251@Bat,false
1784700855448,brice,Fight,http://localhost:3251@Bee,false
1784700856230,bear,Explore,null,false
1784700856333,alice,Dance,http://localhost:3251@Bat,false
1784700856334,Ant,Dance,http://localhost:3251@alice,false
1784700856618,Bat,Explore,null,false
1784700857042,Bee,Explore,null,false
1784700857446,Ant,Dance,http://localhost:3251@brice,true
1784700857447,brice,Dance,http://localhost:3251@bear,true
1784700857499,Bat,Dance,http://localhost:3251@bear,true
1784700857500,bear,Dance,http://localhost:3251@Bat,true
1784700858426,Ant,Talk,http://localhost:3251@Bat,true
1784700858427,Bee,Talk,http://localhost:3251@Ant,false
1784700858875,alice,Walk,http://localhost:3251@Ant,true
1784700858877,brice,Walk,http://localhost:3251@alice,false
1784700859458,Bat,Sing,http://localhost:3251@alice,false
1784700859459,bear,Sing,http://localhost:3251@Bat,false
1784700859566,Ant,Fight,http://localhost:3251@brice,false
1784700859568,Bee,Fight,http://localhost:3251@Ant,false
1784700860398,alice,Explore,null,true
1784700861374,Bat,Walk,http://localhost:3251@bear,false
1784700861375,bear,Walk,http://localhost:3251@Ant,true
1784700861494,alice,Walk,http://localhost:3251@Ant,true
1784700861495,Ant,Walk,http://localhost:3251@brice,true
1784700861496,Bee,Walk,http://localhost:3251@brice,false
1784700861497,brice,Walk,http://localhost:3251@Ant,true
1784700862951,bear,Explore,null,true
1784700863069,brice,Explore,null,false
1784700863125,Ant,Explore,null,true
1784700863845,alice,Talk,http://localhost:3251@Ant,false
1784700863847,bear,Talk,http://localhost:3251@alice,true
1784700863964,Bat,Sing,http://localhost:3251@alice,true
1784700863965,Bee,Sing,http://localhost:3251@Bat,true
1784700864730,Bat,Talk,http://localhost:3251@brice,true
1784700864733,brice,Talk,http://localhost:3251@Bat,false
1784700865272,bear,Sing,http://localhost:3251@Bee,true
1784700865273,Bee,Sing,http://localhost:3251@brice,false
1784700865493,Ant,Talk,http://localhost:3251@Bat,false
1784700865494,brice,Talk,http://localhost:3251@Ant,false
1784700866020,Bat,Play,http://localhost:3251@alice,false
1784700866021,bear,Play,http://localhost:3251@Bat,false
1784700867031,Ant,Exercise,http://localhost:3251@Bee,false
1784700867032,Bee,Exercise,http://localhost:3251@brice,false
1784700867033,brice,Explore,null,true
1784700867567,Bat,Explore,null,false
1784700867756,alice,Play,http://localhost:3251@bear,true
1784700867757,bear,Play,http://localhost:3251@alice,false
1784700868442,Ant,Sing,http://localhost:3251@bear,false
1784700868444,bear,Dance,http://localhost:3251@brice,true
1784700868444,Bee,Sing,http://localhost:3251@Ant,true
1784700868445,brice,Dance,http://localhost:3251@bear,true
1784700869075,alice,Walk,http://localhost:3251@Ant,true
1784700869077,bear,Walk,http://localhost:3251@alice,true
1784700869664,Ant,Exercise,http://localhost:3251@Bat,true
1784700869666,Bat,Exercise,http://localhost:3251@Ant,true
1784700869725,alice,Play,http://localhost:3251@Bee,false
1784700869729,Bee,Play,http://localhost:3251@Ant,false
1784700870353,bear,Sing,http://localhost:3251@Bat,false
1784700870354,Bee,Sing,http://localhost:3251@bear,true
1784700870908,alice,Play,http://localhost:3251@Bat,true
1784700870911,Bat,Play,http://localhost:3251@alice,false
1784700871442,alice,Exercise,http://localhost:3251@Ant,false
1784700871443,Ant,Exercise,http://localhost:3251@Bat,true
1784700872486,Bat,Explore,null,true
1784700872590,Ant,Fight,http://localhost:3251@bear,false
1784700872594,bear,Fight,http://localhost:3251@Bat,false
1784700873336,alice,Walk,http://localhost:3251@Ant,false
1784700873337,Bat,Walk,http://localhost:3251@alice,false
1784700873674,Bee,Play,http://localhost:3251@Ant,false
1784700873675,brice,Play,http://localhost:3251@Bee,true
1784700874187,alice,Talk,http://localhost:3251@bear,true
1784700874189,bear,Talk,http://localhost:3251@Bat,true
1784700874880,Bat,Explore,null,true
1784700875187,Ant,Walk,http://localhost:3251@brice,false
1784700875190,brice,Walk,http://localhost:3251@Ant,false
1784700875482,bear,Dance,http://localhost:3251@Bat,true
1784700875483,Bee,Dance,http://localhost:3251@bear,false
1784700876438,alice,Explore,null,true
1784700876787,Ant,Explore,null,false
1784700877836,Bat,Explore,null,false
1784700878086,Ant,Play,http://localhost:3251@alice,true
1784700878089,brice,Play,http://localhost:3251@Ant,false
1784700878142,bear,Walk,http://localhost:3251@Bee,true
1784700878144,Bee,Walk,http://localhost:3251@brice,false
1784700879094,alice,Fight,http://localhost:3251@Ant,false
1784700879095,Ant,Fight,http://localhost:3251@brice,true
1784700879735,bear,Explore,null,false
1784700880062,alice,Talk,http://localhost:3251@Ant,false
1784700880064,Bat,Talk,http://localhost:3251@alice,true
1784700880453,alice,Fight,http://localhost:3251@Bee,true
1784700880454,Bee,Fight,http://localhost:3251@Bat,false
1784700880687,bear,Walk,http://localhost:3251@brice,true
1784700880687,brice,Walk,http://localhost:3251@Ant,false
1784700882058,Ant,Talk,http://localhost:3251@Bat,false
1784700882059,bear,Talk,http://localhost:3251@Ant,false
1784700882630,Bee,Explore,null,false
1784700882850,brice,Explore,null,false
1784700882911,Bat,Explore,null,false
1784700883266,alice,Explore,null,false
1784700883650,alice,Talk,http://localhost:3251@bear,true
1784700883651,bear,Talk,http://localhost:3251@Bat,false
1784700884086,Bat,Walk,http://localhost:3251@brice,false
1784700884088,brice,Walk,http://localhost:3251@Ant,true
1784700884141,Bee,Explore,null,true
1784700885375,Ant,Sing,http://localhost:3251@Bat,false
1784700885376,Bat,Sing,http://localhost:3251@alice,false
1784700885376,bear,Sing,http://localhost:3251@brice,true
1784700885377,brice,Sing,http://localhost:3251@Bat,true
1784700886373,Bee,Explore,null,true
1784700886430,alice,Talk,http://localhost:3251@Bat,false
1784700886431,Bat,Talk,http://localhost:3251@alice,false
1784700887324,bear,Play,http://localhost:3251@brice,true
1784700887325,brice,Play,http://localhost:3251@alice,false
1784700888243,Ant,Explore,null,true
1784700888307,Bat,Dance,http://localhost:3251@Bee,true
1784700888308,Bee,Dance,http://localhost:3251@Ant,true
1784700888719,alice,Explore,null,false
1784700889173,Ant,Exercise,http://localhost:3251@brice,false
1784700889175,brice,Exercise,http://localhost:3251@Bat,false
1784700889997,Bat,Dance,http://localhost:3251@bear,false
1784700889998,bear,Dance,http://localhost:3251@Bat,false
1784700890270,Bee,Sing,http://localhost:3251@brice,true
1784700890272,brice,Sing,http://localhost:3251@Bee,true
1784700891228,bear,Sing,http://localhost:3251@Bat,true
1784700891229,Bee,Sing,http://localhost:3251@bear,false
1784700891431,Ant,Explore,null,false
1784700891896,bear,Fight,http://localhost:3251@brice,false
1784700891898,brice,Fight,http://localhost:3251@bear,true
1784700892522,alice,Sing,http://localhost:3251@Bee,true
1784700892523,Bee,Sing,http://localhost:3251@brice,false
1784700893144,alice,Sing,http://localhost:3251@brice,false
1784700893146,brice,Sing,http://localhost:3251@Bat,true
1784700893198,Ant,Sing,http://localhost:3251@Bat,true
1784700893200,Bat,Sing,http://localhost:3251@alice,false
1784700893458,bear,Explore,null,false
1784700894511,Bat,Fight,http://localhost:3251@bear,false
1784700894512,bear,Fight,http://localhost:3251@Bat,true
1784700894790,alice,Explore,null,true
1784700895157,bear,Play,http://localhost:3251@brice,true
1784700895158,brice,Play,http://localhost:3251@alice,true
1784700895564,Ant,Talk,http://localhost:3251@Bat,true
1784700895565,Bat,Talk,http://localhost:3251@Ant,false
1784700896067,alice,Sing,http://localhost:3251@Bat,true
1784700896069,bear,Sing,http://localhost:3251@alice,true
1784700896608,Ant,Play,http://localhost:3251@Bee,true
1784700896610,Bee,Play,http://localhost:3251@Ant,false
1784700897395,alice,Sing,http://localhost:3251@Bat,false
1784700897397,Ant,Sing,http://localhost:3251@alice,true
1784700897399,bear,Walk,http://localhost:3251@Ant,false
1784700897399,Bee,Walk,http://localhost:3251@bear,false
1784700898604,Ant,Exercise,http://localhost:3251@bear,true
1784700898605,bear,Exercise,http://localhost:3251@Ant,true
1784700898721,brice,Explore,null,true
1784700899339,alice,Dance,http://localhost:3251@Bat,false
1784700899340,Ant,Dance,http://localhost:3251@alice,false
1784700899340,Bat,Sing,http://localhost:3251@Bee,false
1784700899341,Bee,Sing,http://localhost:3251@brice,false
1784700900044,Bat,Dance,http://localhost:3251@brice,false
1784700900047,brice,Dance,http://localhost:3251@bear,true
1784700900664,alice,Exercise,http://localhost:3251@Bee,false
1784700900666,Bee,Exercise,http://localhost:3251@brice,true
1784700900895,bear,Explore,null,true
1784700901431,alice,Play,http://localhost:3251@brice,true
1784700901433,brice,Play,http://localhost:3251@alice,false
1784700902075,Ant,Sing,http://localhost:3251@bear,false
1784700902076,brice,Sing,http://localhost:3251@Ant,true
1784700902455,Bat,Talk,http://localhost:3251@alice,true
1784700902456,bear,Talk,http://localhost:3251@Bat,true
1784700903031,alice,Explore,null,false
1784700903410,bear,Sing,http://localhost:3251@brice,false
1784700903411,brice,Sing,http://localhost:3251@Bat,false
1784700904677,alice,Dance,http://localhost:3251@brice,true
1784700904678,Ant,Walk,http://localhost:3251@brice,false
1784700904678,Bat,Walk,http://localhost:3251@Ant,true
1784700904679,brice,Dance,http://localhost:3251@bear,false
1784700904844,Bee,Explore,null,true
1784700905761,Bat,Fight,http://localhost:3251@bear,true
1784700905763,bear,Fight,http://localhost:3251@Bat,true
1784700906264,brice,Explore,null,true
1784700906448,Bee,Explore,null,false
1784700906790,Ant,Fight,http://localhost:3251@Bat,true
1784700906791,Bat,Fight,http://localhost:3251@brice,true
1784700907564,bear,Walk,http://localhost:3251@brice,true
1784700907566,brice,Walk,http://localhost:3251@Ant,true
1784700908086,alice,Walk,http://localhost:3251@Ant,false
1784700908087,Ant,Walk,http://localhost:3251@brice,false
1784700908862,bear,Play,http://localhost:3251@alice,true
1784700908863,brice,Play,http://localhost:3251@bear,true
1784700909094,Bat,Explore,null,true
1784700909840,Ant,Exercise,http://localhost:3251@Bat,false
1784700909843,bear,Exercise,http://localhost:3251@Ant,false
1784700909963,Bee,Explore,null,true
1784700910311,Bat,Dance,http://localhost:3251@brice,false
1784700910311,brice,Dance,http://localhost:3251@bear,true
1784700911148,alice,Dance,http://localhost:3251@bear,false
1784700911150,bear,Dance,http://localhost:3251@Bat,false
1784700911425,Ant,Explore,null,false
1784700912164,Bat,Talk,http://localhost:3251@bear,true
1784700912166,bear,Talk,http://localhost:3251@Bat,true
1784700912275,Bee,Walk,http://localhost:3251@brice,true
1784700912279,brice,Walk,http://localhost:3251@Ant,false
1784700913426,alice,Explore,null,true
1784700913608,Ant,Sing,http://localhost:3251@brice,true
1784700913609,Bat,Sing,http://localhost:3251@Bee,true
1784700913609,Bee,Sing,http://localhost:3251@brice,false
1784700913610,brice,Sing,http://localhost:3251@Bat,false
1784700914742,Bat,Exercise,http://localhost:3251@bear,true
1784700914744,bear,Exercise,http://localhost:3251@Ant,true
1784700915056,alice,Explore,null,false
1784700916231,Ant,Play,http://localhost:3251@alice,false
1784700916234,Bat,Play,http://localhost:3251@Ant,false
1784700916675,alice,Play,http://localhost:3251@bear,false
1784700916677,bear,Play,http://localhost:3251@alice,true
1784700917398,Bat,Exercise,http://localhost:3251@Ant,true
1784700917401,Bee,Exercise,http://localhost:3251@Bat,true
1784700917867,Ant,Fight,http://localhost:3251@brice,false
1784700917869,Bat,Fight,http://localhost:3251@Ant,false
1784700917987,brice,Explore,null,true
1784700918372,Ant,Talk,http://localhost:3251@bear,false
1784700918373,bear,Talk,http://localhost:3251@Bat,false
1784700918642,alice,Play,http://localhost:3251@bear,false
1784700918643,Bat,Play,http://localhost:3251@alice,true
1784700919231,bear,Dance,http://localhost:3251@brice,false
1784700919232,brice,Dance,http://localhost:3251@bear,true
1784700919893,Bat,Walk,http://localhost:3251@Bee,false
1784700919895,bear,Walk,http://localhost:3251@Bat,true
1784700920942,Bee,Explore,null,true
1784700921007,alice,Walk,http://localhost:3251@Ant,true
1784700921008,Ant,Walk,http://localhost:3251@brice,false
1784700921242,Bat,Dance,http://localhost:3251@brice,true
1784700921247,brice,Dance,http://localhost:3251@bear,true
1784700921519,bear,Explore,null,true
1784700921920,Bat,Talk,http://localhost:3251@Bee,true
1784700921925,Bee,Talk,http://localhost:3251@brice,true
1784700922255,alice,Dance,http://localhost:3251@Bat,false
1784700922257,bear,Dance,http://localhost:3251@alice,true
1784700922820,brice,Explore,null,false
1784700922944,alice,Dance,http://localhost:3251@Ant,true
1784700922945,Ant,Dance,http://localhost:3251@brice,true
1784700923309,Bat,Dance,http://localhost:3251@brice,false
1784700923311,bear,Dance,http://localhost:3251@Bat,true
1784700924164,bear,Play,http://localhost:3251@brice,true
1784700924166,brice,Play,http://localhost:3251@alice,true
1784700924566,Ant,Explore,null,false
1784700924915,alice,Dance,http://localhost:3251@Bat,false
1784700924917,Bat,Explore,null,false
1784700924918,bear,Dance,http://localhost:3251@alice,false
1784700925559,Ant,Talk,http://localhost:3251@Bat,true
1784700925560,Bat,Talk,http://localhost:3251@Ant,true
1784700926175,bear,Play,http://localhost:3251@brice,true
1784700926176,Bee,Explore,null,false
1784700926177,brice,Play,http://localhost:3251@alice,true
1784700926578,Bat,Talk,http://localhost:3251@alice,true
1784700926580,Bee,Talk,http://localhost:3251@Bat,true
1784700927912,alice,Explore,null,false
1784700928152,Bat,Dance,http://localhost:3251@bear,false
1784700928153,bear,Dance,http://localhost:3251@Bat,false
1784700928441,Ant,Exercise,http://localhost:3251@Bee,true
1784700928444,Bee,Exercise,http://localhost:3251@brice,false
1784700928445,brice,Explore,null,false
1784700929117,alice,Exercise,http://localhost:3251@Bat,false
1784700929118,Ant,Exercise,http://localhost:3251@alice,true
1784700930140,Bee,Explore,null,true
1784700930142,brice,Explore,null,false
1784700931176,Ant,Dance,http://localhost:3251@brice,false
1784700931178,Bat,Dance,http://localhost:3251@Ant,true
1784700931824,bear,Explore,null,false
1784700932135,alice,Explore,null,true
1784700932423,Bat,Exercise,http://localhost:3251@Ant,false
1784700932438,Bee,Exercise,http://localhost:3251@Bat,false
1784700932478,brice,Explore,null,true
1784700933107,alice,Sing,http://localhost:3251@bear,false
1784700933108,bear,Sing,http://localhost:3251@Bat,true
1784700933452,bear,Fight,http://localhost:3251@brice,true
1784700933453,brice,Fight,http://localhost:3251@bear,false
1784700934302,alice,Exercise,http://localhost:3251@Bat,false
1784700934304,Ant,Exercise,http://localhost:3251@alice,false
1784700934472,bear,Fight,http://localhost:3251@Bat,false
1784700934473,Bee,Fight,http://localhost:3251@bear,false
1784700935053,brice,Explore,null,true
1784700935397,Bat,Talk,http://localhost:3251@alice,false
1784700935399,Bee,Talk,http://localhost:3251@Bat,true
1784700935855,alice,Explore,null,false
1784700936198,Ant,Sing,http://localhost:3251@bear,true
1784700936201,Bat,Sing,http://localhost:3251@Ant,false
1784700936573,brice,Explore,null,true
1784700936930,Bee,Explore,null,true
1784700936985,Bat,Sing,http://localhost:3251@bear,true
1784700936986,bear,Sing,http://localhost:3251@Bat,true
1784700938175,brice,Explore,null,false
1784700938455,Ant,Explore,null,true
1784700938456,Bat,Walk,http://localhost:3251@bear,true
1784700938456,bear,Walk,http://localhost:3251@Ant,true
1784700938907,alice,Explore,null,false
1784700939974,Bat,Explore,null,true
1784700940031,Bee,Sing,http://localhost:3251@brice,false
1784700940033,brice,Sing,http://localhost:3251@Bat,true
1784700940432,alice,Explore,null,true
1784700940674,Ant,Explore,null,false
1784700940791,bear,Fight,http://localhost:3251@Bat,false
1784700940792,brice,Fight,http://localhost:3251@bear,false
1784700941719,alice,Play,http://localhost:3251@bear,false
1784700941720,Ant,Play,http://localhost:3251@alice,false
1784700942697,alice,Play,http://localhost:3251@bear,false
1784700942698,bear,Play,http://localhost:3251@alice,true
1784700943001,Bat,Talk,http://localhost:3251@Bee,true
1784700943003,Bee,Talk,http://localhost:3251@brice,true
1784700943411,alice,Fight,http://localhost:3251@Ant,true
1784700943412,Ant,Fight,http://localhost:3251@brice,false
1784700943873,Bat,Exercise,http://localhost:3251@brice,false
1784700943874,brice,Exercise,http://localhost:3251@Bat,true
1784700944583,Bee,Explore,null,false
1784700945019,bear,Explore,null,true
1784700945477,brice,Explore,null,true
1784700946052,alice,Walk,http://localhost:3251@Ant,true
1784700946053,Ant,Walk,http://localhost:3251@alice,true
1784700946486,Bat,Fight,http://localhost:3251@brice,true
1784700946487,brice,Fight,http://localhost:3251@bear,false
1784700946830,Bee,Explore,null,false
1784700947338,bear,Fight,http://localhost:3251@Bat,true
1784700947339,brice,Fight,http://localhost:3251@bear,false
1784700947972,alice,Dance,http://localhost:3251@Bat,true
1784700947974,bear,Dance,http://localhost:3251@alice,false
1784700948508,alice,Talk,http://localhost:3251@Ant,false
1784700948509,Ant,Talk,http://localhost:3251@Bat,true
1784700948796,bear,Play,http://localhost:3251@Bee,true
1784700948797,Bee,Play,http://localhost:3251@Ant,false
1784700948908,brice,Explore,null,true
1784700949385,Bat,Fight,http://localhost:3251@brice,false
1784700949386,bear,Fight,http://localhost:3251@Bat,false
1784700950097,alice,Explore,null,false
1784700950212,Bee,Dance,http://localhost:3251@brice,true
1784700950212,brice,Dance,http://localhost:3251@bear,false
1784700951338,alice,Dance,http://localhost:3251@Bat,true
1784700951346,Bat,Dance,http://localhost:3251@brice,false
1784700951775,Ant,Walk,http://localhost:3251@brice,false
1784700951776,brice,Walk,http://localhost:3251@Ant,true
1784700952053,bear,Sing,http://localhost:3251@Bat,false
1784700952575,Bee,Explore,null,true
1784700952577,brice,Sing,http://localhost:3251@bear,false
1784700952873,Bat,Explore,null,false
1784700953062,alice,Sing,http://localhost:3251@Ant,true
1784700953080,Ant,Sing,http://localhost:3251@bear,false
1784700954020,Bat,Exercise,http://localhost:3251@Ant,false
1784700954021,Bee,Exercise,http://localhost:3251@Bat,true
1784700954254,bear,Explore,null,false
1784700955274,alice,Explore,null,false
1784700955384,brice,Explore,null,true
1784700955797,bear,Explore,null,false
1784700956186,Bat,Explore,null,false
1784700956673,Ant,Talk,http://localhost:3251@Bat,true
1784700956675,Bee,Talk,http://localhost:3251@Ant,false
1784700957036,brice,Explore,null,true
1784700957320,alice,Dance,http://localhost:3251@Bat,true
1784700957321,Ant,Dance,http://localhost:3251@alice,false
1784700957785,bear,Walk,http://localhost:3251@Ant,true
1784700957786,Bee,Walk,http://localhost:3251@bear,false
1784700957909,Ant,Talk,http://localhost:3251@Bat,false
1784700957910,Bat,Talk,http://localhost:3251@alice,false
1784700958586,alice,Walk,http://localhost:3251@Ant,true
1784700958587,Bat,Walk,http://localhost:3251@alice,true
1784700959220,brice,Explore,null,true
1784700959606,Ant,Fight,http://localhost:3251@Bat,false
1784700959611,Bat,Fight,http://localhost:3251@brice,false
1784700960077,Bee,Explore,null,false
1784700960363,alice,Sing,http://localhost:3251@bear,true
1784700960365,bear,Sing,http://localhost:3251@Bat,false
1784700961143,Ant,Explore,null,true
1784700961144,Bat,Walk,http://localhost:3251@brice,true
1784700961145,brice,Walk,http://localhost:3251@Ant,false
1784700961924,alice,Sing,http://localhost:3251@Bee,true
1784700961925,Bee,Sing,http://localhost:3251@brice,false
1784700962218,bear,Walk,http://localhost:3251@Ant,true
1784700962220,brice,Walk,http://localhost:3251@bear,false
1784700962679,Bat,Explore,null,false
1784700963274,bear,Sing,http://localhost:3251@Bee,true
1784700963276,Bee,Sing,http://localhost:3251@brice,false
1784700963864,alice,Walk,http://localhost:3251@Ant,false
1784700963865,Bat,Walk,http://localhost:3251@alice,true
1784700965076,brice,Explore,null,true
1784700965717,Ant,Sing,http://localhost:3251@bear,false
1784700965720,bear,Sing,http://localhost:3251@Ant,true
1784700965769,alice,Play,http://localhost:3251@bear,true
1784700965772,Bat,Play,http://localhost:3251@alice,false
1784700966111,Bee,Explore,null,true
1784700966988,Ant,Exercise,http://localhost:3251@Bat,true
1784700966989,Bat,Exercise,http://localhost:3251@Ant,false
1784700966990,Bee,Walk,http://localhost:3251@brice,true
1784700966991,brice,Walk,http://localhost:3251@Ant,false
1784700967341,alice,Explore,null,true
1784700967630,Ant,Walk,http://localhost:3251@bear,false
1784700967632,bear,Walk,http://localhost:3251@Ant,true
1784700968619,brice,Explore,null,false
1784700968971,Ant,Dance,http://localhost:3251@Bat,true
1784700968972,Bat,Dance,http://localhost:3251@brice,true
1784700969024,alice,Talk,http://localhost:3251@Ant,true
1784700969025,bear,Talk,http://localhost:3251@alice,true
1784700969583,bear,Talk,http://localhost:3251@brice,false
1784700969585,brice,Talk,http://localhost:3251@Bat,true
1784700969931,Ant,Talk,http://localhost:3251@Bat,false
1784700969933,bear,Talk,http://localhost:3251@Ant,false
1784700970505,Bat,Explore,null,false
1784700970506,Bee,Explore,null,true
1784700970846,alice,Walk,http://localhost:3251@brice,true
1784700970848,brice,Walk,http://localhost:3251@Ant,false
1784700971183,Bat,Walk,http://localhost:3251@bear,true
1784700971185,bear,Walk,http://localhost:3251@Ant,true
1784700971786,alice,Walk,http://localhost:3251@Ant,true
1784700971787,Ant,Walk,http://localhost:3251@brice,false
1784700972360,Bat,Dance,http://localhost:3251@Bee,false
1784700972362,Bee,Dance,http://localhost:3251@Ant,false
1784700973097,Ant,Dance,http://localhost:3251@brice,true
1784700973099,brice,Dance,http://localhost:3251@Ant,false
1784700973623,alice,Exercise,http://localhost:3251@Bat,true
1784700973624,Ant,Exercise,http://localhost:3251@alice,false
1784700973686,bear,Sing,http://localhost:3251@Bee,true
1784700973687,Bee,Sing,http://localhost:3251@brice,true
1784700974223,Ant,Exercise,http://localhost:3251@Bat,true
1784700974224,Bat,Exercise,http://localhost:3251@Ant,true
1784700974824,alice,Exercise,http://localhost:3251@Bat,false
1784700974825,Bee,Exercise,http://localhost:3251@alice,true
1784700975878,Ant,Talk,http://localhost:3251@Bat,true
1784700975879,Bat,Talk,http://localhost:3251@alice,false
1784700976394,Bee,Explore,null,true
1784700976453,bear,Sing,http://localhost:3251@brice,true
1784700976454,brice,Sing,http://localhost:3251@Bat,true
1784700976857,Ant,Talk,http://localhost:3251@Bat,true
1784700976858,bear,Talk,http://localhost:3251@Ant,false
1784700977141,Bat,Play,http://localhost:3251@alice,false
1784700977143,brice,Play,http://localhost:3251@Bat,false
1784700977652,alice,Play,http://localhost:3251@Bee,false
1784700977653,Bee,Play,http://localhost:3251@Ant,false
1784700978266,Bat,Exercise,http://localhost:3251@Ant,true
1784700978267,Bee,Exercise,http://localhost:3251@Bat,false
1784700978885,alice,Walk,http://localhost:3251@Ant,false
1784700978888,brice,Walk,http://localhost:3251@alice,true
1784700978992,Ant,Explore,null,false
1784700979576,alice,Walk,http://localhost:3251@Bat,false
1784700979577,Bat,Walk,http://localhost:3251@Bee,true
1784700980266,bear,Play,http://localhost:3251@alice,true
1784700980268,Bee,Play,http://localhost:3251@bear,false
1784700980791,Bat,Walk,http://localhost:3251@brice,false
1784700980792,brice,Walk,http://localhost:3251@Ant,true
1784700981880,Bee,Explore,null,false
1784700981997,alice,Explore,null,true
1784700982449,alice,Fight,http://localhost:3251@brice,false
1784700982450,brice,Fight,http://localhost:3251@bear,false
1784700983141,alice,Walk,http://localhost:3251@Bee,false
1784700983143,Bee,Walk,http://localhost:3251@brice,true
1784700983364,Bat,Play,http://localhost:3251@alice,false
1784700983366,bear,Play,http://localhost:3251@Bat,true
1784700983705,Ant,Dance,http://localhost:3251@brice,true
1784700983706,brice,Dance,http://localhost:3251@bear,false
1784700984318,alice,Fight,http://localhost:3251@bear,false
1784700984321,bear,Fight,http://localhost:3251@Bat,true
1784700984377,Bee,Dance,http://localhost:3251@Ant,false
1784700984379,brice,Dance,http://localhost:3251@Bee,false
1784700984825,alice,Exercise,http://localhost:3251@Ant,true
1784700984826,Ant,Exercise,http://localhost:3251@Bat,true
1784700985000,Bat,Talk,http://localhost:3251@alice,false
1784700985001,bear,Talk,http://localhost:3251@Bat,true
1784700986348,alice,Explore,null,true
1784700986413,Ant,Explore,null,true
1784700987167,brice,Explore,null,true
1784700987407,Ant,Fight,http://localhost:3251@brice,false
1784700987408,Bat,Fight,http://localhost:3251@Ant,true
1784700987979,alice,Explore,null,true
1784700988151,Bat,Walk,http://localhost:3251@bear,true
1784700988152,bear,Walk,http://localhost:3251@Ant,true
1784700988431,Bee,Explore,null,true
1784700989355,alice,Sing,http://localhost:3251@Bat,true
1784700989356,bear,Sing,http://localhost:3251@alice,false
1784700989526,Bat,Dance,http://localhost:3251@brice,true
1784700989526,brice,Dance,http://localhost:3251@Bat,false
1784700990471,Bat,Dance,http://localhost:3251@Bee,true
1784700990473,Bee,Dance,http://localhost:3251@Ant,true
1784700991418,Ant,Sing,http://localhost:3251@bear,true
1784700991420,Bee,Sing,http://localhost:3251@Ant,true
1784700992274,alice,Explore,null,false
1784700992685,Bee,Dance,http://localhost:3251@Ant,false
1784700992686,brice,Dance,http://localhost:3251@Bee,false
1784700993048,Ant,Walk,http://localhost:3251@Bat,false
1784700993050,Bat,Walk,http://localhost:3251@Bee,true
1784700993952,Ant,Dance,http://localhost:3251@brice,true
1784700993954,brice,Dance,http://localhost:3251@bear,false
1784700994295,alice,Talk,http://localhost:3251@bear,false
1784700994297,bear,Talk,http://localhost:3251@Bat,false
1784700994921,Ant,Sing,http://localhost:3251@Bat,true
1784700994922,Bat,Sing,http://localhost:3251@alice,true
1784700995264,alice,Talk,http://localhost:3251@Ant,true
1784700995269,Bee,Talk,http://localhost:3251@alice,false
1784700995818,bear,Explore,null,true
1784700996498,bear,Sing,http://localhost:3251@Bee,false
1784700996499,Bee,Sing,http://localhost:3251@brice,true
1784700996723,brice,Explore,null,false
1784700996838,alice,Explore,null,false
1784700997185,Ant,Explore,null,false
1784700998038,bear,Explore,null,true
1784700998160,alice,Dance,http://localhost:3251@Bat,false
1784700998160,brice,Dance,http://localhost:3251@alice,true
1784700998692,Bee,Explore,null,true
1784700998926,Ant,Explore,null,false
1784700999340,Bat,Walk,http://localhost:3251@Bee,true
1784700999341,Bee,Walk,http://localhost:3251@Bat,true
1784700999631,bear,Explore,null,true
1784700999758,alice,Explore,null,false
1784700999760,brice,Explore,null,true
1784701000218,Ant,Sing,http://localhost:3251@bear,false
1784701000220,Bat,Sing,http://localhost:3251@Ant,true
1784701000608,Bat,Talk,http://localhost:3251@bear,false
1784701000609,bear,Talk,http://localhost:3251@Bat,false
1784701000907,alice,Exercise,http://localhost:3251@Bat,true
1784701000909,Ant,Exercise,http://localhost:3251@alice,false
1784701001185,bear,Exercise,http://localhost:3251@Bee,true
1784701001186,Bee,Exercise,http://localhost:3251@brice,false
1784701001740,Bat,Exercise,http://localhost:3251@Ant,true
1784701001741,Bee,Exercise,http://localhost:3251@Bat,false
1784701001900,brice,Explore,null,false
1784701002167,Bat,Fight,http://localhost:3251@bear,false
1784701002169,bear,Fight,http://localhost:3251@Bat,false
1784701002800,alice,Walk,http://localhost:3251@Ant,true
1784701002802,bear,Walk,http://localhost:3251@alice,true
1784701003154,Ant,Dance,http://localhost:3251@brice,false
1784701003156,brice,Dance,http://localhost:3251@bear,false
1784701003791,bear,Talk,http://localhost:3251@Bat,false
1784701003792,brice,Talk,http://localhost:3251@bear,true
1784701004419,alice,Sing,http://localhost:3251@Ant,true
1784701004422,Ant,Sing,http://localhost:3251@bear,false
1784701004816,Ant,Talk,http://localhost:3251@brice,false
1784701004817,brice,Talk,http://localhost:3251@Bat,false
1784701005049,Bat,Walk,http://localhost:3251@bear,true
1784701005052,bear,Walk,http://localhost:3251@Ant,false
1784701005373,Bee,Exercise,http://localhost:3251@brice,false
1784701005376,brice,Exercise,http://localhost:3251@Bee,true
1784701006243,Bat,Exercise,http://localhost:3251@Ant,false
1784701006244,Bee,Exercise,http://localhost:3251@Bat,true
1784701006401,Ant,Explore,null,true
1784701007081,alice,Walk,http://localhost:3251@bear,false
1784701007083,bear,Walk,http://localhost:3251@Ant,true
1784701007856,Bat,Explore,null,false
1784701007972,bear,Walk,http://localhost:3251@brice,false
1784701007974,brice,Walk,http://localhost:3251@Ant,true
1784701008094,Ant,Explore,null,true
1784701008714,bear,Exercise,http://localhost:3251@Bee,true
1784701008717,Bee,Exercise,http://localhost:3251@brice,true
1784701009763,Ant,Sing,http://localhost:3251@Bat,false
1784701009764,Bat,Sing,http://localhost:3251@alice,true
1784701009878,bear,Play,http://localhost:3251@brice,true
1784701009879,brice,Play,http://localhost:3251@alice,false
1784701009942,alice,Explore,null,false
1784701010300,Bee,Explore,null,false
1784701010764,alice,Talk,http://localhost:3251@Bat,false
1784701010765,Bat,Talk,http://localhost:3251@alice,false
1784701011147,bear,Walk,http://localhost:3251@brice,false
1784701011148,brice,Walk,http://localhost:3251@Ant,false
1784701011502,Bat,Exercise,http://localhost:3251@Bee,true
1784701011503,Bee,Exercise,http://localhost:3251@brice,false
1784701011926,alice,Exercise,http://localhost:3251@Bat,true
1784701011928,bear,Exercise,http://localhost:3251@alice,false
1784701012051,Ant,Explore,null,true
1784701013212,Bat,Walk,http://localhost:3251@brice,false
1784701013213,brice,Walk,http://localhost:3251@Ant,false
1784701013269,alice,Dance,http://localhost:3251@Bat,false
1784701013271,Ant,Dance,http://localhost:3251@alice,true
1784701014078,Bat,Exercise,http://localhost:3251@Bee,false
1784701014078,Bee,Exercise,http://localhost:3251@brice,false
1784701014824,Ant,Talk,http://localhost:3251@brice,false
1784701014826,brice,Talk,http://localhost:3251@Bat,false
1784701015691,Bee,Explore,null,true
1784701015815,alice,Talk,http://localhost:3251@brice,true
1784701015817,brice,Talk,http://localhost:3251@Bat,true
1784701016501,bear,Play,http://localhost:3251@alice,false
1784701016502,brice,Play,http://localhost:3251@bear,false
1784701016918,Bat,Explore,null,false
1784701017268,Bee,Explore,null,false
1784701018057,bear,Explore,null,true
1784701018222,Bat,Walk,http://localhost:3251@Bee,false
1784701018223,brice,Walk,http://localhost:3251@Bat,true
1784701018330,alice,Walk,http://localhost:3251@Ant,true
1784701018331,Ant,Walk,http://localhost:3251@alice,false
1784701019462,Bee,Explore,null,true
1784701019569,alice,Sing,http://localhost:3251@Bat,true
1784701019571,Bat,Sing,http://localhost:3251@alice,true
1784701020088,Ant,Exercise,http://localhost:3251@Bat,false
1784701020089,Bat,Exercise,http://localhost:3251@Ant,false
1784701020823,alice,Walk,http://localhost:3251@Ant,true
1784701020825,bear,Walk,http://localhost:3251@alice,true
1784701021011,Bee,Explore,null,true
1784701021855,alice,Exercise,http://localhost:3251@Bat,true
1784701021856,Bat,Exercise,http://localhost:3251@Ant,true
1784701022031,Ant,Dance,http://localhost:3251@brice,true
1784701022033,Bee,Dance,http://localhost:3251@Ant,true
1784701022486,bear,Talk,http://localhost:3251@Bat,false
1784701022487,Bee,Talk,http://localhost:3251@bear,true
1784701023547,Ant,Explore,null,true
1784701023603,brice,Explore,null,true
1784701024347,Bat,Walk,http://localhost:3251@Bee,true
1784701024349,brice,Walk,http://localhost:3251@Bat,false
1784701024645,alice,Explore,null,false
1784701024953,Bat,Exercise,http://localhost:3251@Bee,false
1784701024954,Bee,Exercise,http://localhost:3251@brice,false
1784701025480,Ant,Dance,http://localhost:3251@brice,false
1784701025481,bear,Dance,http://localhost:3251@Ant,true
1784701025652,Bee,Walk,http://localhost:3251@brice,true
1784701025652,brice,Walk,http://localhost:3251@Ant,false
1784701026748,alice,Dance,http://localhost:3251@bear,true
1784701026750,Ant,Dance,http://localhost:3251@brice,false
1784701026751,Bat,Dance,http://localhost:3251@Ant,true
1784701026752,bear,Dance,http://localhost:3251@Bat,true
1784701027201,Bee,Explore,null,true
1784701027203,brice,Explore,null,false
1784701028313,bear,Explore,null,true
1784701028950,Bat,Explore,null,false
1784701029000,Ant,Explore,null,false
1784701029291,alice,Play,http://localhost:3251@bear,true
1784701029292,bear,Play,http://localhost:3251@alice,false
1784701029411,brice,Explore,null,false
1784701029467,Bee,Explore,null,false
1784701029938,alice,Talk,http://localhost:3251@Bat,true
1784701029940,Bat,Talk,http://localhost:3251@alice,false
1784701030569,Ant,Explore,null,true
1784701031543,Bat,Explore,null,false
1784701031825,alice,Exercise,http://localhost:3251@bear,false
1784701031826,bear,Exercise,http://localhost:3251@Ant,true
1784701031827,Bee,Explore,null,true
1784701032641,alice,Play,http://localhost:3251@Ant,false
1784701032642,Ant,Play,http://localhost:3251@alice,false
1784701032869,Bat,Sing,http://localhost:3251@alice,false
1784701032870,Bee,Sing,http://localhost:3251@Bat,false
1784701033433,bear,Explore,null,false
1784701033914,alice,Exercise,http://localhost:3251@brice,true
1784701033915,brice,Exercise,http://localhost:3251@Bat,false
1784701034525,alice,Walk,http://localhost:3251@Ant,false
1784701034527,Ant,Walk,http://localhost:3251@brice,true
1784701034741,Bat,Walk,http://localhost:3251@Bee,false
1784701034742,Bee,Walk,http://localhost:3251@brice,true
1784701035458,brice,Explore,null,false
1784701036191,bear,Explore,null,false
1784701036302,Bee,Explore,null,false
1784701036358,Ant,Walk,http://localhost:3251@brice,true
1784701036359,Bat,Walk,http://localhost:3251@Ant,false
1784701036691,alice,Play,http://localhost:3251@brice,false
1784701036692,brice,Play,http://localhost:3251@alice,true
1784701037552,Bat,Sing,http://localhost:3251@Bee,false
1784701037574,Bee,Sing,http://localhost:3251@brice,true
1784701038057,Ant,Walk,http://localhost:3251@bear,true
1784701038060,bear,Walk,http://localhost:3251@Ant,false
1784701038447,alice,Exercise,http://localhost:3251@Bat,true
1784701038450,Bee,Exercise,http://localhost:3251@alice,false
1784701038794,Bat,Exercise,http://localhost:3251@Ant,true
1784701038795,bear,Exercise,http://localhost:3251@Bat,true
1784701039692,Bat,Exercise,http://localhost:3251@brice,true
1784701039694,brice,Exercise,http://localhost:3251@Bat,false
1784701040469,Ant,Exercise,http://localhost:3251@Bat,true
1784701040471,Bat,Exercise,http://localhost:3251@Ant,false
1784701040578,Bee,Explore,null,false
1784701040920,alice,Play,http://localhost:3251@brice,true
1784701040921,brice,Play,http://localhost:3251@alice,true
1784701041786,alice,Sing,http://localhost:3251@Ant,true
1784701041787,Ant,Sing,http://localhost:3251@bear,false
1784701042215,Bee,Explore,null,true
1784701042502,Ant,Walk,http://localhost:3251@Bat,true
1784701042504,Bat,Walk,http://localhost:3251@Bee,false
1784701042848,bear,Exercise,http://localhost:3251@brice,false
1784701042849,brice,Exercise,http://localhost:3251@Bat,true
1784701043657,Bat,Exercise,http://localhost:3251@Ant,true
1784701043658,bear,Exercise,http://localhost:3251@Bat,false
1784701044392,Ant,Walk,http://localhost:3251@brice,false
1784701044394,Bat,Walk,http://localhost:3251@Ant,false
1784701044720,alice,Sing,http://localhost:3251@Bee,false
1784701044722,Bee,Sing,http://localhost:3251@brice,true
1784701045524,Bat,Walk,http://localhost:3251@bear,true
1784701045526,bear,Walk,http://localhost:3251@Ant,true
1784701046278,alice,Sing,http://localhost:3251@Ant,false
1784701046279,Ant,Sing,http://localhost:3251@bear,true
1784701046335,brice,Explore,null,false
1784701047424,alice,Walk,http://localhost:3251@bear,false
1784701047428,bear,Walk,http://localhost:3251@Ant,true
1784701047541,Bee,Explore,null,true
1784701048244,Bee,Sing,http://localhost:3251@brice,false
1784701048245,brice,Sing,http://localhost:3251@Bat,true
1784701048359,Bat,Explore,null,false
1784701049043,bear,Explore,null,false
1784701049511,Bat,Sing,http://localhost:3251@brice,false
1784701049512,brice,Sing,http://localhost:3251@Bat,false
1784701049824,Bee,Explore,null,true
1784701051002,alice,Explore,null,true
1784701051597,Bat,Walk,http://localhost:3251@Bee,true
1784701051598,brice,Walk,http://localhost:3251@Bat,true
1784701052191,alice,Exercise,http://localhost:3251@Bat,false
1784701052194,Bat,Exercise,http://localhost:3251@alice,true
1784701052733,Ant,Exercise,http://localhost:3251@Bat,true
1784701052734,brice,Exercise,http://localhost:3251@Ant,true
1784701052902,alice,Fight,http://localhost:3251@Bee,true
1784701052903,Bee,Fight,http://localhost:3251@Bat,true
1784701053193,Ant,Talk,http://localhost:3251@Bat,false
1784701053196,Bat,Talk,http://localhost:3251@alice,false
1784701053979,Ant,Fight,http://localhost:3251@Bee,false
1784701053980,Bee,Fight,http://localhost:3251@Bat,false
1784701054035,bear,Sing,http://localhost:3251@brice,false
1784701054036,brice,Sing,http://localhost:3251@Bat,false
1784701054949,Bat,Talk,http://localhost:3251@Bee,true
1784701054950,Bee,Talk,http://localhost:3251@brice,false
1784701055681,Bee,Talk,http://localhost:3251@brice,false
1784701055683,brice,Talk,http://localhost:3251@Bat,true
1784701055791,alice,Explore,null,false
1784701056323,Ant,Explore,null,false
1784701057291,Bat,Talk,http://localhost:3251@Bee,true
1784701057292,Bee,Talk,http://localhost:3251@brice,false
1784701057582,alice,Sing,http://localhost:3251@Ant,true
1784701057583,Ant,Sing,http://localhost:3251@bear,false
1784701057891,brice,Explore,null,true
1784701059202,Ant,Sing,http://localhost:3251@brice,false
1784701059204,brice,Sing,http://localhost:3251@Bat,true
1784701059544,alice,Dance,http://localhost:3251@Bat,true
1784701059546,Bat,Dance,http://localhost:3251@alice,true
1784701059781,Ant,Exercise,http://localhost:3251@Bee,true
1784701059782,Bee,Exercise,http://localhost:3251@brice,false
1784701060569,bear,Play,http://localhost:3251@alice,true
1784701060572,brice,Play,http://localhost:3251@bear,true
1784701061134,Bat,Walk,http://localhost:3251@Bee,false
1784701061138,Bee,Walk,http://localhost:3251@brice,false
1784701061668,Ant,Exercise,http://localhost:3251@Bat,false
1784701061669,Bat,Exercise,http://localhost:3251@Ant,false
1784701062444,Bat,Walk,http://localhost:3251@Bee,false
1784701062447,Bee,Walk,http://localhost:3251@brice,false
1784701063218,Ant,Sing,http://localhost:3251@bear,false
1784701063221,bear,Sing,http://localhost:3251@Bat,true
1784701063275,alice,Dance,http://localhost:3251@brice,true
1784701063276,brice,Dance,http://localhost:3251@bear,false
1784701064402,alice,Play,http://localhost:3251@Bat,true
1784701064404,Bat,Play,http://localhost:3251@alice,true
1784701064895,alice,Talk,http://localhost:3251@Ant,false
1784701064899,Ant,Talk,http://localhost:3251@Bat,true
1784701064900,brice,Explore,null,false
1784701065407,Bee,Explore,null,true
1784701065825,alice,Play,http://localhost:3251@bear,false
1784701065826,bear,Play,http://localhost:3251@alice,false
1784701066469,Ant,Walk,http://localhost:3251@Bat,true
1784701066470,Bat,Walk,http://localhost:3251@Bee,false
1784701066597,brice,Explore,null,false
1784701067257,Bat,Play,http://localhost:3251@bear,true
1784701067258,bear,Play,http://localhost:3251@alice,true
1784701067659,alice,Talk,http://localhost:3251@Ant,true
1784701067661,Bat,Talk,http://localhost:3251@alice,false
1784701068094,Ant,Explore,null,false
1784701068444,Bee,Explore,null,true
1784701069302,Bat,Explore,null,true
1784701069792,Ant,Exercise,http://localhost:3251@brice,true
1784701069793,brice,Exercise,http://localhost:3251@Bat,false
1784701070444,Ant,Exercise,http://localhost:3251@bear,false
1784701070445,bear,Exercise,http://localhost:3251@Ant,true
1784701070929,Bat,Explore,null,true
1784701071396,alice,Talk,http://localhost:3251@Ant,true
1784701071396,Ant,Talk,http://localhost:3251@alice,false
1784701072149,Bee,Explore,null,true
1784701072497,alice,Play,http://localhost:3251@brice,true
1784701072499,Ant,Walk,http://localhost:3251@bear,false
1784701072501,bear,Walk,http://localhost:3251@Ant,false
1784701072502,brice,Play,http://localhost:3251@alice,true
1784701073740,Bat,Walk,http://localhost:3251@Bee,false
1784701073743,Bee,Walk,http://localhost:3251@Bat,false
1784701074521,Bat,Dance,http://localhost:3251@brice,false
1784701074523,brice,Dance,http://localhost:3251@bear,false
1784701076372,bear,Exercise,http://localhost:3251@alice,true
1784701076430,alice,Exercise,http://localhost:3251@Bat,false
1784701077219,alice,Walk,http://localhost:3251@brice,false
1784701077221,brice,Walk,http://localhost:3251@Ant,false
1784701077270,Ant,Dance,http://localhost:3251@Bat,true
1784701077271,Bat,Dance,http://localhost:3251@brice,true
1784701077997,bear,Explore,null,true
1784701078510,alice,Exercise,http://localhost:3251@Bat,true
1784701078512,Bat,Exercise,http://localhost:3251@Ant,true
1784701079434,brice,Explore,null,true
1784701080825,bear,Explore,null,false
1784701081635,brice,Explore,null,false
1784701081869,Ant,Play,http://localhost:3251@Bat,true
1784701081870,Bat,Play,http://localhost:3251@alice,false
1784701081870,Bee,Explore,null,true
1784701081994,alice,Sing,http://localhost:3251@Bat,false
1784701081995,bear,Sing,http://localhost:3251@alice,true
1784701082602,alice,Talk,http://localhost:3251@brice,true
1784701082605,brice,Talk,http://localhost:3251@Bat,false
1784701083747,alice,Dance,http://localhost:3251@Ant,true
1784701083749,Ant,Dance,http://localhost:3251@brice,true
1784701084135,brice,Explore,null,true
1784701084369,Ant,Walk,http://localhost:3251@Bee,true
1784701084370,Bee,Walk,http://localhost:3251@brice,false
1784701084796,bear,Explore,null,false
1784701084850,Ant,Talk,http://localhost:3251@Bat,true
1784701084851,Bat,Talk,http://localhost:3251@alice,false
1784701085334,alice,Explore,null,true
1784701086039,bear,Fight,http://localhost:3251@Bee,true
1784701086040,Bee,Fight,http://localhost:3251@Bat,true
1784701086478,Ant,Explore,null,false
1784701086813,Bat,Dance,http://localhost:3251@brice,true
1784701086814,bear,Dance,http://localhost:3251@Bat,true
1784701087608,Bee,Explore,null,false
1784701087958,Ant,Exercise,http://localhost:3251@bear,false
1784701087960,bear,Exercise,http://localhost:3251@Ant,false
1784701088319,alice,Explore,null,false
1784701088655,bear,Sing,http://localhost:3251@brice,false
1784701088656,brice,Sing,http://localhost:3251@Bat,false
1784701088895,Ant,Sing,http://localhost:3251@Bee,true
1784701088896,Bee,Sing,http://localhost:3251@brice,false
1784701089069,Bat,Explore,null,true
1784701089350,alice,Talk,http://localhost:3251@Ant,true
1784701089351,brice,Talk,http://localhost:3251@alice,true
1784701090254,bear,Explore,null,true
1784701090641,Bat,Explore,null,false
1784701090863,alice,Walk,http://localhost:3251@Bee,true
1784701090864,Bee,Walk,http://localhost:3251@brice,true
1784701090916,brice,Explore,null,true
1784701091163,Ant,Talk,http://localhost:3251@Bat,false
1784701091164,bear,Talk,http://localhost:3251@Ant,false
1784701092218,Bat,Sing,http://localhost:3251@brice,false
1784701092219,brice,Sing,http://localhost:3251@Bat,true
1784701093477,alice,Walk,http://localhost:3251@Ant,false
1784701093479,Ant,Walk,http://localhost:3251@alice,true
1784701093541,Bat,Dance,http://localhost:3251@brice,false
1784701093542,Bee,Dance,http://localhost:3251@Bat,false
1784701094139,bear,Explore,null,true
1784701094249,Ant,Sing,http://localhost:3251@brice,false
1784701094253,brice,Sing,http://localhost:3251@Bat,true
1784701095319,alice,Exercise,http://localhost:3251@Bat,true
1784701095320,Ant,Exercise,http://localhost:3251@alice,false
1784701095370,Bat,Exercise,http://localhost:3251@Ant,true
1784701095373,bear,Exercise,http://localhost:3251@Bat,true
1784701095865,Bee,Explore,null,false
1784701095866,brice,Explore,null,true
1784701097071,bear,Explore,null,false
1784701097320,Ant,Dance,http://localhost:3251@brice,true
1784701097322,Bat,Dance,http://localhost:3251@Ant,true
1784701098544,bear,Sing,http://localhost:3251@brice,false
1784701098545,brice,Sing,http://localhost:3251@Bat,false
1784701099291,bear,Play,http://localhost:3251@Bee,true
1784701099292,Bee,Play,http://localhost:3251@Ant,false
1784701100203,brice,Explore,null,false
1784701100318,alice,Explore,null,false
1784701100320,Bat,Talk,http://localhost:3251@Bee,true
1784701100321,Bee,Talk,http://localhost:3251@brice,false
1784701101291,alice,Walk,http://localhost:3251@bear,true
1784701101292,bear,Walk,http://localhost:3251@Ant,false
1784701101516,Bee,Walk,http://localhost:3251@brice,true
1784701101519,brice,Walk,http://localhost:3251@Ant,false
1784701102005,Ant,Walk,http://localhost:3251@brice,true
1784701102006,Bat,Walk,http://localhost:3251@Ant,false
1784701102724,Bat,Exercise,http://localhost:3251@Bee,true
1784701102726,Bee,Exercise,http://localhost:3251@brice,false
1784701102921,alice,Explore,null,false
1784701103711,Ant,Explore,null,false
1784701103947,Bat,Exercise,http://localhost:3251@Ant,false
1784701103947,bear,Exercise,http://localhost:3251@Bat,false
1784701104529,brice,Explore,null,true
1784701105482,Bat,Dance,http://localhost:3251@Bee,false
1784701105484,Bee,Dance,http://localhost:3251@Ant,false
1784701105546,bear,Explore,null,true
1784701106022,alice,Talk,http://localhost:3251@Ant,true
1784701106023,Bee,Talk,http://localhost:3251@alice,true
1784701106200,Ant,Exercise,http://localhost:3251@Bat,false
1784701106201,Bat,Exercise,http://localhost:3251@Ant,true
1784701106797,brice,Explore,null,false
1784701106861,Bat,Play,http://localhost:3251@bear,false
1784701106863,bear,Play,http://localhost:3251@alice,false
1784701107720,Bee,Explore,null,true
1784701108013,alice,Exercise,http://localhost:3251@Bat,true
1784701108015,bear,Exercise,http://localhost:3251@alice,true
1784701108406,brice,Explore,null,false
1784701108469,Bat,Explore,null,true
1784701109014,bear,Sing,http://localhost:3251@Bee,false
1784701109017,Bee,Sing,http://localhost:3251@brice,true
1784701109442,Ant,Exercise,http://localhost:3251@Bat,false
1784701109443,Bat,Exercise,http://localhost:3251@Ant,false
1784701110409,alice,Sing,http://localhost:3251@brice,false
1784701110411,brice,Sing,http://localhost:3251@Bat,false
1784701110861,Bat,Sing,http://localhost:3251@alice,true
1784701110865,Bee,Sing,http://localhost:3251@Bat,false
1784701111863,Ant,Explore,null,true
1784701112157,Bat,Talk,http://localhost:3251@bear,false
1784701112159,bear,Talk,http://localhost:3251@Bat,true
1784701112760,bear,Exercise,http://localhost:3251@Bee,true
1784701112762,Bee,Exercise,http://localhost:3251@brice,false
1784701112824,alice,Explore,null,false
1784701112828,brice,Explore,null,false
1784701113447,Bat,Dance,http://localhost:3251@brice,true
1784701113449,brice,Dance,http://localhost:3251@Bat,false
1784701113817,alice,Talk,http://localhost:3251@Ant,true
1784701113820,Bat,Talk,http://localhost:3251@alice,false
1784701114369,Ant,Exercise,http://localhost:3251@Bat,false
1784701114370,bear,Exercise,http://localhost:3251@Ant,true
1784701115029,alice,Exercise,http://localhost:3251@Bat,false
1784701115031,bear,Exercise,http://localhost:3251@alice,false
1784701115031,Bee,Explore,null,false
1784701116169,alice,Walk,http://localhost:3251@brice,false
1784701116171,brice,Walk,http://localhost:3251@Ant,true
1784701117246,Bee,Explore,null,true
1784701117648,Bat,Exercise,http://localhost:3251@Ant,true
1784701117649,bear,Exercise,http://localhost:3251@Bat,true
1784701117865,Ant,Explore,null,false
1784701118099,alice,Walk,http://localhost:3251@brice,false
1784701118099,brice,Walk,http://localhost:3251@Ant,true
1784701118498,Bat,Sing,http://localhost:3251@Bee,false
1784701118500,Bee,Sing,http://localhost:3251@brice,false
1784701119157,Ant,Dance,http://localhost:3251@brice,true
1784701119159,Bat,Dance,http://localhost:3251@Ant,false
1784701119612,bear,Walk,http://localhost:3251@Ant,true
1784701119613,Bee,Walk,http://localhost:3251@bear,true
1784701120736,Ant,Explore,null,true
1784701120846,alice,Dance,http://localhost:3251@bear,false
1784701120847,Bat,Sing,http://localhost:3251@Bee,false
1784701120848,bear,Dance,http://localhost:3251@Bat,true
1784701120848,Bee,Sing,http://localhost:3251@brice,false
1784701121961,bear,Walk,http://localhost:3251@brice,false
1784701121965,brice,Walk,http://localhost:3251@Ant,true
1784701122408,alice,Explore,null,false
1784701122410,Bee,Explore,null,true
1784701123218,bear,Walk,http://localhost:3251@Ant,true
1784701123219,Bee,Walk,http://localhost:3251@bear,true
1784701123386,alice,Talk,http://localhost:3251@Ant,true
1784701123387,Ant,Talk,http://localhost:3251@alice,false
1784701123498,brice,Explore,null,false
1784701124175,Ant,Dance,http://localhost:3251@Bat,false
1784701124179,Bat,Dance,http://localhost:3251@brice,false
1784701124502,bear,Play,http://localhost:3251@alice,false
1784701124503,brice,Play,http://localhost:3251@bear,false
1784701124780,Bee,Explore,null,true
1784701125189,alice,Talk,http://localhost:3251@Ant,false
1784701125190,Ant,Talk,http://localhost:3251@Bat,true
1784701125521,Bat,Fight,http://localhost:3251@bear,true
1784701125528,bear,Fight,http://localhost:3251@Bat,false
1784701126313,Bee,Explore,null,false
1784701126636,Ant,Sing,http://localhost:3251@bear,false
1784701126636,bear,Sing,http://localhost:3251@Ant,false
1784701127541,alice,Explore,null,false
1784701127877,Bat,Explore,null,true
1784701128155,bear,Explore,null,true
1784701129046,bear,Sing,http://localhost:3251@Bee,true
1784701129048,Bee,Sing,http://localhost:3251@brice,false
1784701129108,alice,Sing,http://localhost:3251@brice,true
1784701129109,brice,Sing,http://localhost:3251@Bat,true
1784701129770,Ant,Dance,http://localhost:3251@Bat,false
1784701129773,Bat,Dance,http://localhost:3251@brice,false
1784701130269,Bee,Walk,http://localhost:3251@brice,true
1784701130271,brice,Walk,http://localhost:3251@Bee,true
1784701130935,bear,Walk,http://localhost:3251@Ant,false
1784701130937,brice,Walk,http://localhost:3251@bear,false
1784701131278,alice,Explore,null,true
1784701131972,Ant,Explore,null,false
1784701132083,alice,Exercise,http://localhost:3251@brice,false
1784701132084,brice,Exercise,http://localhost:3251@Bat,false
1784701132253,Bat,Play,http://localhost:3251@Bee,false
1784701132254,Bee,Play,http://localhost:3251@Ant,false
1784701132466,bear,Explore,null,true
1784701133208,Ant,Dance,http://localhost:3251@brice,true
1784701133210,bear,Dance,http://localhost:3251@Ant,true
1784701133824,Bee,Explore,null,false
1784701133996,bear,Walk,http://localhost:3251@brice,false
1784701133997,brice,Walk,http://localhost:3251@Ant,false
1784701134448,Bat,Explore,null,true
1784701134689,alice,Play,http://localhost:3251@bear,true
1784701134690,Ant,Play,http://localhost:3251@alice,false
1784701135035,alice,Talk,http://localhost:3251@brice,true
1784701135035,brice,Talk,http://localhost:3251@Bat,false
1784701135384,Bee,Explore,null,true
1784701135550,bear,Explore,null,false
1784701135938,Ant,Play,http://localhost:3251@alice,false
1784701135940,Bat,Play,http://localhost:3251@Ant,false
1784701136671,Ant,Walk,http://localhost:3251@Bee,true
1784701136672,Bee,Walk,http://localhost:3251@brice,false
1784701136923,alice,Sing,http://localhost:3251@Bat,true
1784701136924,bear,Sing,http://localhost:3251@alice,true
1784701137475,brice,Explore,null,false
1784701138311,Bat,Dance,http://localhost:3251@brice,true
1784701138313,bear,Dance,http://localhost:3251@Bat,false
1784701138960,alice,Talk,http://localhost:3251@Bee,true
1784701138961,Ant,Explore,null,true
1784701138962,Bee,Talk,http://localhost:3251@brice,false
1784701140005,alice,Dance,http://localhost:3251@bear,false
1784701140007,Ant,Sing,http://localhost:3251@Bat,false
1784701140008,Bat,Sing,http://localhost:3251@alice,true
1784701140008,bear,Dance,http://localhost:3251@Bat,true
1784701140336,brice,Explore,null,true
1784701141361,Bat,Exercise,http://localhost:3251@Ant,true
1784701142183,brice,Explore,null,true
1784701142237,bear,Dance,http://localhost:3251@Bat,false
1784701142239,Bee,Dance,http://localhost:3251@bear,true
1784701143296,alice,Explore,null,true
1784701144195,Bee,Explore,null,true
1784701144251,Bat,Dance,http://localhost:3251@Ant,true
1784701144549,alice,Fight,http://localhost:3251@Bat,true
1784701144551,brice,Fight,http://localhost:3251@alice,false
1784701144613,Ant,Dance,http://localhost:3251@brice,false
1784701145026,bear,Explore,null,false
1784701145870,brice,Talk,http://localhost:3251@Bat,false
1784701146112,Bee,Explore,null,true
1784701146812,alice,Play,http://localhost:3251@bear,false
1784701146813,Bat,Play,http://localhost:3251@alice,false
1784701147630,bear,Sing,http://localhost:3251@Bee,true
1784701147631,Bee,Sing,http://localhost:3251@brice,false
1784701148383,Ant,Walk,http://localhost:3251@brice,true
1784701148385,brice,Explore,null,true
1784701148820,bear,Walk,http://localhost:3251@Ant,false
1784701148872,alice,Explore,null,false
1784701149668,Bee,Explore,null,false
1784701149718,Bat,Explore,null,true
1784701150070,alice,Play,http://localhost:3251@brice,false
1784701150072,brice,Play,http://localhost:3251@alice,false
1784701150967,alice,Fight,http://localhost:3251@bear,false
1784701150968,bear,Fight,http://localhost:3251@Bat,false
1784701151749,alice,Play,http://localhost:3251@brice,true
1784701151763,brice,Play,http://localhost:3251@alice,false
1784701153188,Bee,Explore,null,false
1784701153643,brice,Explore,null,true
1784701153770,Ant,Talk,http://localhost:3251@Bat,false
1784701153771,Bat,Talk,http://localhost:3251@Ant,true
1784701154326,bear,Explore,null,false
1784701155172,Ant,Walk,http://localhost:3251@brice,true
1784701155223,Bat,Sing,http://localhost:3251@alice,true
1784701155224,bear,Sing,http://localhost:3251@Bat,true
1784701155963,alice,Explore,null,true
1784701156242,bear,Walk,http://localhost:3251@Bee,false
1784701156243,Bee,Walk,http://localhost:3251@brice,true
1784701156661,Ant,Exercise,http://localhost:3251@Bat,false
1784701156662,Bat,Exercise,http://localhost:3251@Ant,false
1784701157605,Bat,Fight,http://localhost:3251@Bee,true
1784701157606,Bee,Fight,http://localhost:3251@Bat,true
1784701157886,brice,Explore,null,false
1784701158184,alice,Walk,http://localhost:3251@Ant,false
1784701158186,Ant,Walk,http://localhost:3251@brice,false
1784701158187,bear,Explore,null,false
1784701159176,Ant,Walk,http://localhost:3251@Bee,true
1784701159177,Bee,Walk,http://localhost:3251@brice,true
1784701159444,Bat,Explore,null,false
1784701159798,Ant,Talk,http://localhost:3251@brice,false
1784701160682,bear,Dance,http://localhost:3251@Bee,false
1784701160683,Bee,Dance,http://localhost:3251@Ant,true
1784701161542,alice,Explore,null,false
1784701162140,Bat,Sing,http://localhost:3251@Bee,true
1784701162252,brice,Walk,http://localhost:3251@Ant,true
1784701162305,bear,Walk,http://localhost:3251@brice,true
1784701162912,alice,Dance,http://localhost:3251@Bee,false
1784701162915,Bee,Dance,http://localhost:3251@Ant,true
1784701164005,Ant,Dance,http://localhost:3251@Bat,false
1784701164060,brice,Explore,null,false
1784701164305,Bat,Dance,http://localhost:3251@brice,false
1784701164306,bear,Dance,http://localhost:3251@Bee,true
1784701164307,Bee,Dance,http://localhost:3251@Ant,false
1784701165144,bear,Play,http://localhost:3251@alice,false
1784701165519,alice,Fight,http://localhost:3251@Bat,true
1784701165520,Ant,Fight,http://localhost:3251@Bee,true
1784701165520,Bat,Fight,http://localhost:3251@brice,true
1784701165520,Bee,Fight,http://localhost:3251@Bat,false
1784701166254,alice,Walk,http://localhost:3251@brice,false
1784701166255,brice,Walk,http://localhost:3251@Ant,true
1784701167860,bear,Explore,null,true
1784701167916,Bee,Walk,http://localhost:3251@brice,true
1784701167917,brice,Walk,http://localhost:3251@Ant,true
1784701168135,Bat,Explore,null,false
1784701169328,alice,Play,http://localhost:3251@brice,true
1784701169328,brice,Play,http://localhost:3251@alice,false
1784701169849,Bee,Explore,null,false
1784701171004,alice,Sing,http://localhost:3251@Bat,true
1784701171005,Bat,Sing,http://localhost:3251@alice,true
1784701172099,brice,Explore,null,true
1784701172165,Bat,Fight,http://localhost:3251@brice,true
1784701172166,bear,Fight,http://localhost:3251@Bat,true
1784701173014,bear,Walk,http://localhost:3251@Bee,false
1784701173014,Bee,Walk,http://localhost:3251@brice,false
1784701174087,Ant,Sing,http://localhost:3251@bear,false
1784701174088,bear,Sing,http://localhost:3251@Ant,false
1784701174193,alice,Exercise,http://localhost:3251@brice,false
1784701174195,brice,Exercise,http://localhost:3251@Bat,true
1784701175162,Ant,Walk,http://localhost:3251@Bee,false
1784701175164,Bee,Walk,http://localhost:3251@brice,false
1784701175668,alice,Fight,http://localhost:3251@Bat,false
1784701175669,Bat,Fight,http://localhost:3251@brice,false
1784701176604,Bat,Play,http://localhost:3251@bear,false
1784701176608,bear,Play,http://localhost:3251@alice,true
1784701176962,brice,Explore,null,true
1784701178693,Ant,Walk,http://localhost:3251@brice,true
1784701178694,brice,Walk,http://localhost:3251@Ant,true
1784701179311,Bat,Explore,null,true
1784701180190,bear,Explore,null,false
1784701180979,Bat,Sing,http://localhost:3251@alice,false
1784701180980,bear,Sing,http://localhost:3251@Bat,true
1784701181512,Bee,Explore,null,true
1784701182202,brice,Explore,null,false
1784701182504,bear,Dance,http://localhost:3251@Bat,false
1784701182505,Bee,Dance,http://localhost:3251@bear,true
1784701182610,alice,Explore,null,false
1784701183636,alice,Exercise,http://localhost:3251@brice,false
1784701183637,Bat,Explore,null,true
1784701183638,brice,Exercise,http://localhost:3251@Bat,true
1784701183940,Ant,Walk,http://localhost:3251@Bee,true
1784701183941,Bee,Walk,http://localhost:3251@brice,false
1784701184894,brice,Talk,http://localhost:3251@Bat,true
1784701185115,bear,Explore,null,false
1784701185890,Bee,Explore,null,false
1784701186827,Ant,Dance,http://localhost:3251@Bat,false
1784701186830,Bat,Dance,http://localhost:3251@brice,false
1784701187232,Bee,Walk,http://localhost:3251@brice,false
1784701187232,brice,Walk,http://localhost:3251@Ant,true
1784701188782,alice,Explore,null,false
1784701188965,Ant,Talk,http://localhost:3251@Bat,false
1784701188966,bear,Talk,http://localhost:3251@Ant,true
1784701189141,Bee,Walk,http://localhost:3251@Bat,false
1784701190721,brice,Explore,null,false
1784701190903,bear,Explore,null,false
1784701191496,alice,Explore,null,true
1784701191835,Bat,Explore,null,false
1784701191836,Bee,Explore,null,true
1784701192612,Ant,Dance,http://localhost:3251@bear,true
1784701192613,bear,Dance,http://localhost:3251@Bat,true
1784701193378,alice,Dance,http://localhost:3251@Bat,false
1784701193378,Bat,Dance,http://localhost:3251@brice,false
1784701193499,brice,Explore,null,true
1784701193714,Bee,Explore,null,false
1784701195689,alice,Sing,http://localhost:3251@bear,true
1784701195691,bear,Sing,http://localhost:3251@Bat,true
1784701195692,Bee,Explore,null,false
1784701196553,Bat,Sing,http://localhost:3251@alice,false
1784701196555,brice,Sing,http://localhost:3251@Bat,true
1784701196858,Ant,Explore,null,false
1784701197215,Bat,Dance,http://localhost:3251@bear,false
1784701198078,alice,Walk,http://localhost:3251@brice,false
1784701198080,Bat,Walk,http://localhost:3251@bear,true
1784701198083,bear,Walk,http://localhost:3251@Ant,true
1784701198086,brice,Walk,http://localhost:3251@Ant,true
1784701199245,Ant,Sing,http://localhost:3251@bear,false
1784701199246,Bee,Explore,null,false
1784701199247,brice,Sing,http://localhost:3251@Ant,true
1784701200812,Bat,Exercise,http://localhost:3251@Bee,false
1784701200813,Bee,Exercise,http://localhost:3251@brice,true
1784701216847,Ant,Explore,null,false
1784701217632,brice,Explore,null,true
1784701217977,Ant,Play,http://localhost:3251@Bee,true
1784701217978,Bee,Play,http://localhost:3251@Ant,true
1784701218260,Bat,Explore,null,false
1784701218653,bear,Play,http://localhost:3251@Bee,false
1784701218654,Bee,Play,http://localhost:3251@bear,true
1784701219322,alice,Dance,http://localhost:3251@Bat,false
1784701219323,Bat,Dance,http://localhost:3251@alice,true
1784701219785,brice,Explore,null,true
1784701219841,Ant,Sing,http://localhost:3251@Bee,false
1784701219843,Bee,Sing,http://localhost:3251@Ant,true
1784701220182,bear,Explore,null,true
1784701220466,alice,Exercise,http://localhost:3251@brice,true
1784701220468,brice,Exercise,http://localhost:3251@alice,false
1784701220574,Ant,Sing,http://localhost:3251@Bat,true
1784701220575,Bat,Sing,http://localhost:3251@Ant,true
1784701221578,Ant,Exercise,http://localhost:3251@brice,false
1784701221579,brice,Exercise,http://localhost:3251@Ant,false
1784701221982,alice,Explore,null,true
1784701221983,Bee,Explore,null,false
1784701222320,Bat,Explore,null,false
1784701222925,bear,Explore,null,false
1784701223091,brice,Explore,null,true
1784701223369,alice,Play,http://localhost:3251@Bee,false
1784701223370,Bee,Play,http://localhost:3251@Ant,true
1784701224167,Bat,Sing,http://localhost:3251@Ant,true
1784701224170,brice,Sing,http://localhost:3251@Bat,false
1784701224586,alice,Talk,http://localhost:3251@Ant,true
1784701224587,Ant,Talk,http://localhost:3251@alice,false
1784701224926,Bee,Explore,null,false
1784701225146,bear,Talk,http://localhost:3251@brice,true
1784701225148,brice,Talk,http://localhost:3251@bear,true
1784701225210,Ant,Talk,http://localhost:3251@Bat,true
1784701225211,Bat,Talk,http://localhost:3251@Ant,false
1784701225857,alice,Play,http://localhost:3251@Ant,false
1784701225859,Ant,Play,http://localhost:3251@alice,false
1784701226259,Bat,Sing,http://localhost:3251@Bee,true
1784701226260,Bee,Sing,http://localhost:3251@Bat,true
1784701226835,alice,Fight,http://localhost:3251@Bee,true
1784701226837,Bee,Fight,http://localhost:3251@alice,false
1784701226890,Ant,Talk,http://localhost:3251@Bat,true
1784701226892,Bat,Talk,http://localhost:3251@Ant,false
1784701227358,brice,Explore,null,true
1784701228131,Bat,Sing,http://localhost:3251@Bee,false
1784701228132,Bee,Sing,http://localhost:3251@Bat,true
1784701228535,alice,Talk,http://localhost:3251@Ant,true
1784701228537,Ant,Explore,null,true
1784701228538,brice,Talk,http://localhost:3251@alice,true
1784701229333,Bat,Exercise,http://localhost:3251@brice,false
1784701229334,brice,Exercise,http://localhost:3251@Bat,false
1784701229442,Ant,Walk,http://localhost:3251@Bee,true
1784701229443,Bee,Walk,http://localhost:3251@Ant,false
1784701230047,bear,Explore,null,true
1784701230457,Bat,Fight,http://localhost:3251@Bee,false
1784701230458,Bee,Fight,http://localhost:3251@Bat,false
1784701230639,alice,Dance,http://localhost:3251@brice,false
1784701230640,brice,Dance,http://localhost:3251@alice,true
1784701231349,alice,Walk,http://localhost:3251@bear,true
1784701231351,bear,Walk,http://localhost:3251@alice,true
1784701231895,Ant,Talk,http://localhost:3251@Bat,true
1784701231898,Bee,Talk,http://localhost:3251@Ant,true
1784701232582,Bee,Walk,http://localhost:3251@brice,true
1784701232584,brice,Walk,http://localhost:3251@Bee,true
1784701232648,Bat,Sing,http://localhost:3251@bear,false
1784701232650,bear,Sing,http://localhost:3251@Bat,false
1784701233574,Ant,Fight,http://localhost:3251@Bat,false
1784701233576,Bat,Fight,http://localhost:3251@Ant,true
1784701234213,Bee,Explore,null,true
1784701234263,alice,Explore,null,false
1784701234844,brice,Explore,null,true
1784701235489,Bat,Dance,http://localhost:3251@bear,false
1784701235490,bear,Dance,http://localhost:3251@Bat,true
1784701236149,Ant,Walk,http://localhost:3251@Bee,true
1784701236151,Bee,Walk,http://localhost:3251@Ant,true
1784701236501,Bat,Talk,http://localhost:3251@Ant,false
1784701236502,Bee,Talk,http://localhost:3251@Bat,false
1784701237404,Bat,Dance,http://localhost:3251@bear,false
1784701237405,bear,Dance,http://localhost:3251@Bat,false
1784701237405,Bee,Play,http://localhost:3251@brice,true
1784701237406,brice,Play,http://localhost:3251@Bee,true
1784701238333,Ant,Explore,null,true
1784701238822,alice,Walk,http://localhost:3251@Bee,false
1784701238824,Bee,Walk,http://localhost:3251@Ant,false
1784701239332,Ant,Sing,http://localhost:3251@Bat,false
1784701239333,Bat,Sing,http://localhost:3251@Ant,true
1784701239510,bear,Dance,http://localhost:3251@Bat,true
1784701239512,Bee,Dance,http://localhost:3251@bear,true
1784701239991,Ant,Sing,http://localhost:3251@brice,false
1784701239993,brice,Sing,http://localhost:3251@Ant,false
1784701240465,alice,Fight,http://localhost:3251@Bee,true
1784701240466,Ant,Fight,http://localhost:3251@alice,false
1784701240632,Bat,Walk,http://localhost:3251@bear,true
1784701240633,bear,Walk,http://localhost:3251@Bat,false
1784701241731,alice,Sing,http://localhost:3251@bear,true
1784701241732,bear,Sing,http://localhost:3251@alice,false
1784701241733,Bee,Explore,null,true
1784701241885,Ant,Walk,http://localhost:3251@Bat,true
1784701241886,Bat,Walk,http://localhost:3251@bear,false
1784701243857,Bat,Dance,http://localhost:3251@bear,true
1784701243859,Bee,Dance,http://localhost:3251@Bat,false
1784701243982,bear,Explore,null,false
1784701244265,alice,Fight,http://localhost:3251@Bee,false
1784701244266,Ant,Sing,http://localhost:3251@brice,false
1784701244266,Bat,Fight,http://localhost:3251@alice,false
1784701244267,brice,Sing,http://localhost:3251@Ant,false
1784701245346,alice,Dance,http://localhost:3251@bear,true
1784701245347,bear,Dance,http://localhost:3251@Bat,false
1784701245457,Bat,Talk,http://localhost:3251@Bee,true
1784701245459,Bee,Talk,http://localhost:3251@Bat,true
1784701245837,Ant,Explore,null,true
1784701246635,alice,Sing,http://localhost:3251@bear,false
1784701246637,Bee,Sing,http://localhost:3251@alice,true
1784701246968,Ant,Exercise,http://localhost:3251@Bat,false
1784701246970,Bat,Exercise,http://localhost:3251@Ant,false
1784701247518,bear,Explore,null,false
1784701248192,Bat,Sing,http://localhost:3251@Ant,false
1784701248194,Bee,Sing,http://localhost:3251@Bat,true
1784701248357,brice,Explore,null,true
1784701248778,Ant,Sing,http://localhost:3251@bear,false
1784701248780,bear,Sing,http://localhost:3251@Bat,true
1784701249191,Bee,Fight,http://localhost:3251@Bat,false
1784701249192,brice,Fight,http://localhost:3251@Bee,true
1784701249416,alice,Explore,null,true
1784701249801,Ant,Fight,http://localhost:3251@Bat,false
1784701249803,Bat,Fight,http://localhost:3251@Ant,true
1784701250317,bear,Explore,null,false
1784701250546,alice,Exercise,http://localhost:3251@brice,true
1784701250547,Ant,Exercise,http://localhost:3251@alice,true
1784701250712,Bee,Explore,null,false
1784701250714,brice,Explore,null,true
1784701251586,Bat,Sing,http://localhost:3251@bear,true
1784701251587,bear,Sing,http://localhost:3251@Bat,false
1784701252251,brice,Explore,null,false
1784701252412,alice,Play,http://localhost:3251@Ant,true
1784701252414,Bee,Play,http://localhost:3251@alice,true
1784701253124,bear,Explore,null,false
1784701253233,alice,Dance,http://localhost:3251@Ant,false
1784701253235,Ant,Dance,http://localhost:3251@alice,true
1784701253401,Bat,Exercise,http://localhost:3251@brice,false
1784701253402,Bee,Exercise,http://localhost:3251@Bat,true
1784701254242,alice,Fight,http://localhost:3251@Bee,true
1784701254244,Bee,Fight,http://localhost:3251@alice,false
1784701254865,Ant,Talk,http://localhost:3251@Bat,false
1784701254867,Bat,Talk,http://localhost:3251@Ant,false
1784701255097,bear,Sing,http://localhost:3251@Bat,true
1784701255099,brice,Sing,http://localhost:3251@bear,true
1784701255212,Bat,Talk,http://localhost:3251@Bee,true
1784701255214,Bee,Talk,http://localhost:3251@Bat,false
1784701255922,Ant,Fight,http://localhost:3251@Bat,false
1784701255924,bear,Fight,http://localhost:3251@Ant,false
1784701256522,alice,Fight,http://localhost:3251@Bee,true
1784701256523,Bee,Fight,http://localhost:3251@alice,false
1784701256762,Ant,Fight,http://localhost:3251@brice,true
1784701256763,brice,Fight,http://localhost:3251@Ant,true
1784701256872,alice,Talk,http://localhost:3251@Bat,true
1784701256873,Bat,Talk,http://localhost:3251@Ant,true
1784701257515,bear,Explore,null,true
1784701257696,Ant,Exercise,http://localhost:3251@Bee,true
1784701257696,Bee,Exercise,http://localhost:3251@Ant,true
1784701258464,Ant,Fight,http://localhost:3251@Bat,true
1784701258465,Bat,Fight,http://localhost:3251@Ant,false
1784701258757,bear,Sing,http://localhost:3251@Bat,true
1784701258758,Bee,Sing,http://localhost:3251@bear,true
1784701259125,bear,Fight,http://localhost:3251@brice,true
1784701259127,brice,Fight,http://localhost:3251@Ant,false
1784701259868,alice,Talk,http://localhost:3251@Ant,false
1784701259869,bear,Talk,http://localhost:3251@alice,true
1784701260058,Bee,Sing,http://localhost:3251@Bat,true
1784701260059,brice,Sing,http://localhost:3251@Bee,false
1784701260122,Ant,Explore,null,false
1784701260676,Bat,Explore,null,false
1784701260859,Ant,Fight,http://localhost:3251@bear,true
1784701260861,bear,Fight,http://localhost:3251@Ant,true
1784701261045,Bat,Talk,http://localhost:3251@Bee,true
1784701261046,Bee,Talk,http://localhost:3251@Bat,true
1784701261513,alice,Explore,null,false
1784701261800,Bee,Fight,http://localhost:3251@brice,false
1784701261802,brice,Fight,http://localhost:3251@Ant,true
1784701261855,alice,Talk,http://localhost:3251@bear,false
1784701261856,bear,Talk,http://localhost:3251@alice,false
1784701262787,Ant,Play,http://localhost:3251@bear,true
1784701262788,bear,Play,http://localhost:3251@Ant,true
1784701263423,alice,Explore,null,false
1784701263989,brice,Explore,null,true
1784701264045,alice,Fight,http://localhost:3251@Bee,true
1784701264047,Bee,Fight,http://localhost:3251@Bat,true
1784701264224,Bat,Exercise,http://localhost:3251@brice,true
1784701264231,bear,Exercise,http://localhost:3251@Bat,true
1784701265945,Ant,Walk,http://localhost:3251@Bee,true
1784701265947,Bee,Walk,http://localhost:3251@Ant,true
1784701266179,brice,Explore,null,false
1784701266775,Bat,Play,http://localhost:3251@bear,false
1784701266777,bear,Play,http://localhost:3251@Bee,false
1784701267032,alice,Talk,http://localhost:3251@Ant,false
1784701267035,Bee,Talk,http://localhost:3251@alice,true
1784701267590,Ant,Talk,http://localhost:3251@Bat,false
1784701267591,Bat,Talk,http://localhost:3251@Ant,true
1784701267757,brice,Explore,null,false
1784701268256,alice,Walk,http://localhost:3251@Bat,true
1784701268258,Bat,Walk,http://localhost:3251@alice,true
1784701268590,alice,Talk,http://localhost:3251@Bee,true
1784701268591,Bee,Talk,http://localhost:3251@Bat,true
1784701269062,Bat,Sing,http://localhost:3251@brice,true
1784701269063,brice,Sing,http://localhost:3251@Ant,true
1784701269122,Ant,Explore,null,false
1784701269851,Ant,Sing,http://localhost:3251@Bee,true
1784701269852,Bee,Sing,http://localhost:3251@Bat,false
1784701270121,alice,Explore,null,false
1784701270401,bear,Exercise,http://localhost:3251@Bat,false
1784701270403,brice,Exercise,http://localhost:3251@bear,true
1784701271413,Bee,Explore,null,true
1784701272076,alice,Dance,http://localhost:3251@Bat,false
1784701272077,bear,Dance,http://localhost:3251@alice,true
1784701272693,alice,Sing,http://localhost:3251@Bee,true
1784701272696,Bee,Sing,http://localhost:3251@Bat,true
1784701273816,Ant,Play,http://localhost:3251@bear,false
1784701273817,Bat,Explore,null,true
1784701273818,Bee,Play,http://localhost:3251@Ant,true
1784701274467,bear,Dance,http://localhost:3251@brice,true
1784701274468,brice,Dance,http://localhost:3251@alice,false
1784701275760,alice,Play,http://localhost:3251@Bee,true
1784701275766,Bee,Play,http://localhost:3251@Ant,false
1784701275824,bear,Dance,http://localhost:3251@brice,false
1784701275825,brice,Dance,http://localhost:3251@alice,false
1784701276680,Ant,Explore,null,true
1784701277403,alice,Fight,http://localhost:3251@Bee,true
1784701277403,Bat,Fight,http://localhost:3251@alice,true
1784701277405,bear,Explore,null,false
1784701277406,brice,Explore,null,false
1784701278369,alice,Dance,http://localhost:3251@Bee,true
1784701278370,Ant,Fight,http://localhost:3251@Bat,false
1784701278370,bear,Fight,http://localhost:3251@Ant,false
1784701278371,Bee,Dance,http://localhost:3251@alice,true
1784701279003,brice,Explore,null,false
1784701279570,Bat,Exercise,http://localhost:3251@Bee,false
1784701279571,Bee,Exercise,http://localhost:3251@Ant,false
1784701281452,Bee,Dance,http://localhost:3251@brice,false
1784701281454,brice,Dance,http://localhost:3251@Bee,true
1784701281801,alice,Talk,http://localhost:3251@Bat,true
1784701281803,Bat,Talk,http://localhost:3251@alice,true
1784701282027,Ant,Exercise,http://localhost:3251@brice,false
1784701282030,brice,Exercise,http://localhost:3251@Ant,false
1784701283045,alice,Sing,http://localhost:3251@Bee,false
1784701283047,Bee,Sing,http://localhost:3251@alice,true
1784701283378,Bat,Explore,null,false
1784701283664,brice,Explore,null,false
1784701284002,Ant,Play,http://localhost:3251@bear,false
1784701284006,bear,Play,http://localhost:3251@Ant,true
1784701284580,alice,Explore,null,true
1784701284581,Bat,Exercise,http://localhost:3251@bear,true
1784701284581,bear,Exercise,http://localhost:3251@Bat,true
1784701284936,Ant,Sing,http://localhost:3251@Bee,true
1784701284937,Bee,Sing,http://localhost:3251@Ant,true
1784701285238,brice,Explore,null,true
1784701286855,alice,Explore,null,true
1784701287195,Bat,Play,http://localhost:3251@alice,false
1784701287435,bear,Explore,null,false
1784701287602,alice,Play,http://localhost:3251@Bat,true
1784701287604,brice,Explore,null,true
1784701287761,Ant,Explore,null,false
1784701288424,Bat,Sing,http://localhost:3251@bear,true
1784701288425,bear,Sing,http://localhost:3251@Bat,true
1784701288428,Bee,Dance,http://localhost:3251@brice,true
1784701288840,brice,Dance,http://localhost:3251@Bee,false
1784701289529,alice,Dance,http://localhost:3251@brice,false
1784701289532,Ant,Exercise,http://localhost:3251@brice,false
1784701289533,Bat,Dance,http://localhost:3251@alice,false
1784701289534,brice,Exercise,http://localhost:3251@Ant,true
1784701290010,bear,Explore,null,false
1784701290559,Bat,Talk,http://localhost:3251@brice,true
1784701290560,brice,Talk,http://localhost:3251@Bat,false
1784701290611,Bee,Explore,null,false
1784701292786,alice,Explore,null,false
1784701292789,Ant,Explore,null,true
1784701293407,Bat,Explore,null,false
1784701293795,Bee,Dance,http://localhost:3251@brice,false
1784701293796,brice,Dance,http://localhost:3251@Bee,true
1784701294043,alice,Exercise,http://localhost:3251@bear,false
1784701294049,bear,Exercise,http://localhost:3251@alice,false
1784701295016,Bat,Explore,null,false
1784701295369,brice,Explore,null,false
1784701296313,Bat,Dance,http://localhost:3251@bear,false
1784701296313,bear,Dance,http://localhost:3251@Bat,true
1784701296651,Bee,Explore,null,false
1784701297254,Ant,Dance,http://localhost:3251@brice,true
1784701297255,brice,Dance,http://localhost:3251@Ant,true
1784701297492,Bat,Exercise,http://localhost:3251@Bee,false
1784701297494,Bee,Exercise,http://localhost:3251@Bat,true
1784701297672,alice,Explore,null,true
1784701298776,bear,Walk,http://localhost:3251@Bee,false
1784701298777,Bee,Walk,http://localhost:3251@bear,true
1784701298834,Ant,Walk,http://localhost:3251@Bat,true
1784701298835,Bat,Walk,http://localhost:3251@Ant,true
1784701298835,brice,Explore,null,false
1784701299707,alice,Dance,http://localhost:3251@brice,false
1784701299708,brice,Dance,http://localhost:3251@alice,true
1784701300402,Ant,Explore,null,true
1784701301041,alice,Play,http://localhost:3251@brice,true
1784701301044,Bat,Explore,null,false
1784701301045,brice,Play,http://localhost:3251@alice,false
1784701301695,Ant,Sing,http://localhost:3251@Bee,true
1784701301697,Bee,Sing,http://localhost:3251@Ant,false
1784701302304,Bat,Sing,http://localhost:3251@Bee,true
1784701302305,Bee,Sing,http://localhost:3251@Bat,false
1784701302649,bear,Walk,http://localhost:3251@brice,false
1784701302650,brice,Walk,http://localhost:3251@bear,true
1784701303296,Ant,Explore,null,true
1784701303710,alice,Talk,http://localhost:3251@bear,false
1784701303713,bear,Talk,http://localhost:3251@alice,false
1784701304400,Ant,Talk,http://localhost:3251@bear,true
1784701304402,Bat,Dance,http://localhost:3251@bear,true
1784701304403,bear,Talk,http://localhost:3251@Ant,false
1784701304405,brice,Dance,http://localhost:3251@Bat,true
1784701304700,Bee,Explore,null,false
1784701305672,bear,Sing,http://localhost:3251@Bee,false
1784701305674,Bee,Sing,http://localhost:3251@bear,false
1784701305725,Ant,Walk,http://localhost:3251@brice,false
1784701305727,brice,Walk,http://localhost:3251@Ant,false
1784701306072,alice,Fight,http://localhost:3251@Ant,false
1784701306074,Ant,Fight,http://localhost:3251@alice,true
1784701306809,Bee,Exercise,http://localhost:3251@brice,true
1784701306810,brice,Exercise,http://localhost:3251@Bee,false
1784701307205,Ant,Sing,http://localhost:3251@Bat,false
1784701307207,Bat,Sing,http://localhost:3251@Bee,false
1784701307259,bear,Explore,null,false
1784701307988,alice,Dance,http://localhost:3251@brice,false
1784701307991,brice,Dance,http://localhost:3251@alice,false
1784701310651,Ant,Dance,http://localhost:3251@bear,false
1784701310652,Bat,Dance,http://localhost:3251@Bee,false
1784701310653,bear,Dance,http://localhost:3251@Ant,true
1784701310654,Bee,Dance,http://localhost:3251@Bat,false
1784701311013,brice,Explore,null,true
1784701312581,Bat,Dance,http://localhost:3251@brice,false
1784701312583,brice,Dance,http://localhost:3251@Bat,false
1784701312884,alice,Explore,null,true
1784701313502,Ant,Explore,null,true
1784701313987,Bee,Walk,http://localhost:3251@brice,true
1784701313988,brice,Walk,http://localhost:3251@Bee,true
1784701314229,Bat,Explore,null,false
1784701314231,bear,Explore,null,true
1784701315159,alice,Exercise,http://localhost:3251@Bee,true
1784701315160,Ant,Fight,http://localhost:3251@brice,true
1784701315161,Bee,Exercise,http://localhost:3251@alice,true
1784701315162,brice,Fight,http://localhost:3251@Ant,false
1784701315783,bear,Explore,null,true
1784701315957,alice,Talk,http://localhost:3251@Bat,true
1784701315958,Bat,Talk,http://localhost:3251@alice,false
1784701316687,Ant,Explore,null,true
1784701316963,alice,Exercise,http://localhost:3251@bear,false
1784701316964,bear,Exercise,http://localhost:3251@alice,true
1784701317313,brice,Explore,null,false
1784701317645,Bat,Dance,http://localhost:3251@Bee,false
1784701317646,Bee,Dance,http://localhost:3251@Bat,false
1784701317805,alice,Exercise,http://localhost:3251@Ant,false
1784701317807,Ant,Exercise,http://localhost:3251@alice,false
1784701318481,Bee,Exercise,http://localhost:3251@brice,true
1784701318483,brice,Exercise,http://localhost:3251@Bee,true
1784701319169,bear,Explore,null,false
1784701319231,Bat,Explore,null,false
1784701320481,Bat,Walk,http://localhost:3251@Bee,false
1784701320482,Bee,Walk,http://localhost:3251@Bat,true
1784701320776,Ant,Explore,null,true
1784701321064,bear,Dance,http://localhost:3251@Ant,false
1784701321065,brice,Dance,http://localhost:3251@bear,false
1784701321413,alice,Fight,http://localhost:3251@Bee,true
1784701321414,Bee,Fight,http://localhost:3251@alice,false
1784701322063,Bat,Fight,http://localhost:3251@brice,true
1784701322065,brice,Fight,http://localhost:3251@Bat,false
1784701323000,Ant,Explore,null,false
1784701323357,alice,Fight,http://localhost:3251@bear,false
1784701323359,bear,Fight,http://localhost:3251@alice,false
1784701323857,Bat,Exercise,http://localhost:3251@bear,false
1784701323859,bear,Exercise,http://localhost:3251@Bat,false
1784701324356,bear,Fight,http://localhost:3251@Bee,true
1784701324357,Bee,Fight,http://localhost:3251@bear,false
1784701324525,Ant,Explore,null,true
1784701324894,alice,Explore,null,true
1784701325151,Bat,Play,http://localhost:3251@Bee,false
1784701325153,Bee,Play,http://localhost:3251@Bat,true
1784701325579,Ant,Exercise,http://localhost:3251@bear,true
1784701325580,bear,Exercise,http://localhost:3251@alice,false
1784701325640,brice,Explore,null,false
1784701326183,Ant,Fight,http://localhost:3251@Bat,false
1784701326184,Bat,Fight,http://localhost:3251@Ant,false
1784701326248,alice,Play,http://localhost:3251@bear,true
1784701326249,bear,Play,http://localhost:3251@alice,true
1784701327130,alice,Play,http://localhost:3251@Bee,true
1784701327132,Bee,Play,http://localhost:3251@alice,false
1784701327923,brice,Explore,null,true
1784701328282,bear,Sing,http://localhost:3251@Bee,false
1784701328284,Bee,Sing,http://localhost:3251@bear,false
1784701328450,Bat,Explore,null,false
1784701329401,alice,Explore,null,false
1784701329640,Ant,Talk,http://localhost:3251@brice,false
1784701329641,brice,Talk,http://localhost:3251@Ant,true
1784701329942,Bee,Explore,null,false
1784701330580,Bat,Walk,http://localhost:3251@Bee,false
1784701330582,brice,Walk,http://localhost:3251@Bat,false
1784701331068,alice,Fight,http://localhost:3251@Bee,false
1784701331070,Bat,Fight,http://localhost:3251@alice,false
1784701331256,Ant,Explore,null,true
1784701331258,bear,Sing,http://localhost:3251@Bee,false
1784701331260,Bee,Sing,http://localhost:3251@bear,false
1784701332723,alice,Explore,null,false
1784701333287,Ant,Sing,http://localhost:3251@brice,false
1784701333288,Bat,Explore,null,false
1784701333290,brice,Sing,http://localhost:3251@Ant,true
1784701334339,Ant,Exercise,http://localhost:3251@bear,true
1784701334340,bear,Exercise,http://localhost:3251@alice,true
1784701334933,brice,Explore,null,true
1784701335266,Ant,Sing,http://localhost:3251@Bat,false
1784701335269,Bat,Sing,http://localhost:3251@Ant,false
1784701335624,Bee,Explore,null,false
1784701336540,Bat,Dance,http://localhost:3251@brice,false
1784701336541,brice,Dance,http://localhost:3251@Bat,true
1784701337444,Ant,Explore,null,true
1784701337499,bear,Walk,http://localhost:3251@brice,false
1784701337500,brice,Walk,http://localhost:3251@bear,false
1784701338154,Bat,Explore,null,true
1784701338270,alice,Sing,http://localhost:3251@Bee,true
1784701338271,Bee,Sing,http://localhost:3251@bear,false
1784701339123,brice,Explore,null,true
1784701339389,Bat,Play,http://localhost:3251@Bee,false
1784701339390,bear,Play,http://localhost:3251@Bat,false
1784701339781,Bee,Explore,null,false
1784701339997,alice,Walk,http://localhost:3251@Ant,false
1784701339997,Ant,Walk,http://localhost:3251@alice,true
1784701340653,brice,Explore,null,true
1784701340766,alice,Talk,http://localhost:3251@Bee,true
1784701340768,Bee,Talk,http://localhost:3251@alice,true
1784701340937,Bat,Explore,null,false
1784701341588,bear,Explore,null,true
1784701341712,Ant,Fight,http://localhost:3251@brice,true
1784701341713,brice,Fight,http://localhost:3251@Bat,true
1784701341767,Bat,Fight,http://localhost:3251@Bee,true
1784701341768,Bee,Fight,http://localhost:3251@bear,false
1784701342652,alice,Fight,http://localhost:3251@Ant,true
1784701342653,Ant,Fight,http://localhost:3251@brice,true
1784701343278,Bat,Explore,null,false
1784701343334,alice,Talk,http://localhost:3251@Bee,false
1784701343336,Bee,Talk,http://localhost:3251@alice,true
1784701343735,bear,Explore,null,false
1784701344249,Ant,Fight,http://localhost:3251@Bat,false
1784701344252,Bat,Fight,http://localhost:3251@Ant,true
1784701344583,Bee,Walk,http://localhost:3251@brice,false
1784701344585,brice,Walk,http://localhost:3251@Bee,false
1784701345156,alice,Talk,http://localhost:3251@Ant,false
1784701345160,Ant,Talk,http://localhost:3251@alice,true
1784701345283,bear,Explore,null,false
1784701346156,Bat,Play,http://localhost:3251@Bee,true
1784701346158,Bee,Explore,null,true
1784701346159,brice,Play,http://localhost:3251@Bat,false
1784701346502,Ant,Walk,http://localhost:3251@alice,false
1784701346503,bear,Walk,http://localhost:3251@Ant,false
1784701347112,alice,Play,http://localhost:3251@bear,false
1784701347114,bear,Play,http://localhost:3251@alice,false
1784701348044,bear,Dance,http://localhost:3251@Bee,false
1784701348045,Bee,Dance,http://localhost:3251@Bat,true
1784701348100,Ant,Explore,null,true
1784701348749,Ant,Dance,http://localhost:3251@Bat,false
1784701348754,Bat,Dance,http://localhost:3251@brice,true
1784701348973,brice,Explore,null,false
1784701349673,Bat,Talk,http://localhost:3251@Bee,false
1784701349674,Bee,Talk,http://localhost:3251@alice,false
1784701349900,Ant,Exercise,http://localhost:3251@alice,true
1784701349902,brice,Exercise,http://localhost:3251@Ant,false
1784701350373,alice,Play,http://localhost:3251@bear,true
1784701350374,Bee,Play,http://localhost:3251@alice,true
1784701351249,Ant,Walk,http://localhost:3251@bear,true
1784701351251,bear,Walk,http://localhost:3251@brice,false
1784701351834,Bat,Sing,http://localhost:3251@brice,false
1784701351836,brice,Sing,http://localhost:3251@Bat,true
1784701352378,Ant,Exercise,http://localhost:3251@alice,false
1784701352379,Bat,Exercise,http://localhost:3251@Ant,true
1784701352612,alice,Explore,null,false
1784701353122,Bat,Fight,http://localhost:3251@bear,true
1784701353124,bear,Fight,http://localhost:3251@alice,false
1784701353901,Bee,Explore,null,true
1784701354639,Bat,Explore,null,false
1784701355598,alice,Explore,null,false
1784701355767,Bee,Sing,http://localhost:3251@bear,true
1784701355768,brice,Sing,http://localhost:3251@Bee,false
1784701355820,Ant,Explore,null,false
1784701356155,Bat,Explore,null,false
1784701357100,Ant,Dance,http://localhost:3251@Bee,false
1784701357102,Bee,Dance,http://localhost:3251@Ant,false
1784701357557,alice,Sing,http://localhost:3251@brice,false
1784701357558,Bat,Walk,http://localhost:3251@bear,true
1784701357558,bear,Walk,http://localhost:3251@brice,true
1784701357559,brice,Sing,http://localhost:3251@alice,true
1784701358645,Ant,Explore,null,true
1784701358700,Bee,Explore,null,false
1784701359500,Bat,Walk,http://localhost:3251@bear,true
1784701359501,bear,Walk,http://localhost:3251@brice,false
1784701359778,alice,Fight,http://localhost:3251@Bee,true
1784701359779,Ant,Fight,http://localhost:3251@alice,true
1784701360303,alice,Talk,http://localhost:3251@Bee,false
1784701360304,Bee,Talk,http://localhost:3251@alice,false
1784701360696,Ant,Exercise,http://localhost:3251@bear,false
1784701360698,bear,Exercise,http://localhost:3251@alice,false
1784701360976,brice,Explore,null,true
1784701361645,bear,Talk,http://localhost:3251@Bee,true
1784701361646,Bee,Talk,http://localhost:3251@bear,true
1784701362210,alice,Sing,http://localhost:3251@brice,false
1784701362212,Bat,Sing,http://localhost:3251@alice,false
1784701362887,bear,Sing,http://localhost:3251@Bee,false
1784701362891,brice,Sing,http://localhost:3251@bear,true
1784701363526,alice,Sing,http://localhost:3251@Bee,true
1784701363528,Bee,Sing,http://localhost:3251@bear,true
1784701364096,Ant,Walk,http://localhost:3251@Bat,false
1784701364096,Bat,Walk,http://localhost:3251@Bee,true
1784701364471,brice,Explore,null,false
1784701364918,Bat,Walk,http://localhost:3251@bear,true
1784701364921,bear,Walk,http://localhost:3251@brice,true
1784701365218,alice,Fight,http://localhost:3251@Bee,true
1784701365221,Bee,Fight,http://localhost:3251@alice,true
1784701365734,Ant,Explore,null,true
1784701366525,bear,Fight,http://localhost:3251@alice,false
1784701366526,Bee,Fight,http://localhost:3251@bear,true
1784701367648,Ant,Sing,http://localhost:3251@brice,false
1784701367650,Bee,Sing,http://localhost:3251@Ant,false
1784701367756,alice,Play,http://localhost:3251@bear,false
1784701367757,Bat,Play,http://localhost:3251@alice,false
1784701368441,Ant,Play,http://localhost:3251@bear,true
1784701368442,bear,Play,http://localhost:3251@Ant,false
1784701369591,alice,Exercise,http://localhost:3251@Ant,true
1784701369594,Ant,Exercise,http://localhost:3251@alice,false
1784701369645,Bee,Exercise,http://localhost:3251@brice,false
1784701369646,brice,Exercise,http://localhost:3251@Bee,false
1784701370368,Bat,Sing,http://localhost:3251@Ant,false
1784701370369,bear,Sing,http://localhost:3251@Bat,false
1784701371600,Ant,Sing,http://localhost:3251@brice,true
1784701371603,brice,Sing,http://localhost:3251@Ant,true
1784701371879,bear,Explore,null,false
1784701372100,Ant,Exercise,http://localhost:3251@Bat,false
1784701372101,Bat,Exercise,http://localhost:3251@bear,false
1784701372767,bear,Dance,http://localhost:3251@Bee,true
1784701372770,Bee,Dance,http://localhost:3251@Bat,true
1784701372876,alice,Dance,http://localhost:3251@brice,false
1784701372877,brice,Dance,http://localhost:3251@alice,true
1784701373619,Bat,Explore,null,true
1784701374412,alice,Explore,null,true
1784701374634,Ant,Sing,http://localhost:3251@bear,true
1784701374636,bear,Sing,http://localhost:3251@Bee,true
1784701374924,Bee,Explore,null,false
1784701375601,Ant,Talk,http://localhost:3251@Bee,false
1784701375615,Bee,Talk,http://localhost:3251@Ant,true
1784701375778,brice,Explore,null,false
1784701375835,Bat,Explore,null,true
1784701376294,alice,Sing,http://localhost:3251@brice,false
1784701376295,Ant,Sing,http://localhost:3251@alice,true
1784701376810,bear,Explore,null,true
1784701377403,brice,Explore,null,true
1784701377590,alice,Walk,http://localhost:3251@Bat,false
1784701377591,Bat,Walk,http://localhost:3251@alice,true
1784701378264,Ant,Walk,http://localhost:3251@alice,true
1784701378270,brice,Walk,http://localhost:3251@Ant,false
1784701378431,bear,Talk,http://localhost:3251@Bee,false
1784701378432,Bee,Talk,http://localhost:3251@bear,true
1784701379516,alice,Sing,http://localhost:3251@Ant,true
1784701379517,Ant,Sing,http://localhost:3251@brice,true
1784701379961,Bee,Explore,null,true
1784701380017,alice,Exercise,http://localhost:3251@brice,false
1784701380017,brice,Exercise,http://localhost:3251@Bee,true
1784701380312,Ant,Dance,http://localhost:3251@bear,false
1784701380313,bear,Dance,http://localhost:3251@Ant,false
1784701380471,Bat,Explore,null,false
1784701380919,Bee,Fight,http://localhost:3251@bear,false
1784701380921,brice,Fight,http://localhost:3251@Bee,true
1784701381256,alice,Play,http://localhost:3251@bear,true
1784701381258,Ant,Play,http://localhost:3251@alice,true
1784701381535,Bat,Sing,http://localhost:3251@bear,false
1784701381536,bear,Sing,http://localhost:3251@Bee,true
1784701382153,Bat,Play,http://localhost:3251@brice,true
1784701382155,brice,Play,http://localhost:3251@Bat,false
1784701382478,alice,Talk,http://localhost:3251@Bee,false
1784701382480,Bee,Talk,http://localhost:3251@alice,true
1784701387345,alice,Dance,http://localhost:3251@Ant,false
1784701387346,Ant,Dance,http://localhost:3251@alice,true
1784701387527,bear,Explore,null,false
1784701387528,brice,Explore,null,false
1784701388295,Bat,Fight,http://localhost:3251@bear,false
1784701388296,bear,Fight,http://localhost:3251@Bat,false
1784701388820,alice,Walk,http://localhost:3251@brice,true
1784701388821,brice,Walk,http://localhost:3251@alice,true
1784701388994,bear,Fight,http://localhost:3251@Bee,true
1784701388995,Bee,Fight,http://localhost:3251@bear,false
1784701390256,Ant,Explore,null,false
1784701390310,alice,Walk,http://localhost:3251@Bee,false
1784701390312,Bee,Walk,http://localhost:3251@alice,true
1784701390946,Bat,Exercise,http://localhost:3251@bear,false
1784701390950,bear,Exercise,http://localhost:3251@Bat,true
1784701391289,alice,Fight,http://localhost:3251@bear,true
1784701391290,bear,Fight,http://localhost:3251@alice,true
1784701391834,Ant,Explore,null,false
1784701392233,Bat,Dance,http://localhost:3251@brice,true
1784701392236,brice,Dance,http://localhost:3251@Bat,false
1784701392851,alice,Explore,null,true
1784701392912,Bee,Sing,http://localhost:3251@brice,false
1784701392913,brice,Sing,http://localhost:3251@Bee,true
1784701393909,bear,Play,http://localhost:3251@Bee,true
1784701393912,Bee,Play,http://localhost:3251@bear,false
1784701394152,alice,Walk,http://localhost:3251@Ant,false
1784701394153,Ant,Walk,http://localhost:3251@alice,false
1784701394960,Bat,Sing,http://localhost:3251@brice,true
1784701394961,brice,Sing,http://localhost:3251@Bat,true
1784701395119,Ant,Fight,http://localhost:3251@Bee,true
1784701395122,Bee,Fight,http://localhost:3251@Ant,false
1784701395960,alice,Talk,http://localhost:3251@brice,false
1784701395961,brice,Talk,http://localhost:3251@alice,true
1784701396534,Bat,Explore,null,true
1784701397296,alice,Play,http://localhost:3251@Bat,false
1784701397297,Bat,Play,http://localhost:3251@alice,true
1784701397586,bear,Explore,null,false
1784701398153,brice,Explore,null,true
1784701398207,bear,Exercise,http://localhost:3251@Bee,false
1784701398208,Bee,Exercise,http://localhost:3251@bear,true
1784701398901,Ant,Explore,null,true
1784701399488,alice,Explore,null,true
1784701400100,Ant,Exercise,http://localhost:3251@Bat,false
1784701400101,Bat,Exercise,http://localhost:3251@Ant,false
1784701400499,Ant,Fight,http://localhost:3251@bear,true
1784701400503,bear,Fight,http://localhost:3251@Ant,true
1784701401073,Bee,Talk,http://localhost:3251@brice,false
1784701401076,brice,Talk,http://localhost:3251@alice,false
1784701401156,alice,Explore,null,true
1784701401685,Bat,Explore,null,false
1784701402670,brice,Explore,null,false
1784701402788,Ant,Explore,null,true
1784701402790,Bat,Fight,http://localhost:3251@bear,false
1784701402791,Bee,Fight,http://localhost:3251@Bat,true
1784701403447,alice,Explore,null,false
1784701403813,Bat,Talk,http://localhost:3251@brice,true
1784701403815,brice,Talk,http://localhost:3251@Bat,false
1784701404356,alice,Fight,http://localhost:3251@bear,true
1784701404360,bear,Fight,http://localhost:3251@Ant,true
1784701404839,Bat,Fight,http://localhost:3251@bear,true
1784701404840,bear,Fight,http://localhost:3251@Bat,false
1784701405630,alice,Walk,http://localhost:3251@Ant,false
1784701405631,brice,Walk,http://localhost:3251@alice,true
1784701406310,Ant,Explore,null,false
1784701406724,Bee,Play,http://localhost:3251@brice,false
1784701406725,brice,Play,http://localhost:3251@Bee,false
1784701406774,alice,Exercise,http://localhost:3251@bear,true
1784701406776,bear,Exercise,http://localhost:3251@alice,false
1784701407903,Ant,Explore,null,true
1784701408290,brice,Explore,null,false
1784701408346,Bat,Explore,null,false
1784701408347,bear,Explore,null,false
1784701409011,alice,Explore,null,false
1784701409016,Bee,Explore,null,true
1784701409189,Ant,Walk,http://localhost:3251@brice,true
1784701409192,brice,Walk,http://localhost:3251@Ant,true
1784701409923,Bat,Explore,null,true
1784701410315,Ant,Exercise,http://localhost:3251@Bat,true
1784701410317,bear,Exercise,http://localhost:3251@Ant,false
1784701410725,brice,Explore,null,false
1784701410916,Bat,Fight,http://localhost:3251@bear,false
1784701410917,Bee,Fight,http://localhost:3251@Bat,true
1784701411349,Ant,Talk,http://localhost:3251@Bee,false
1784701411357,Bee,Talk,http://localhost:3251@Ant,true
1784701411530,alice,Exercise,http://localhost:3251@bear,false
1784701411531,Bat,Exercise,http://localhost:3251@alice,true
1784701411959,bear,Explore,null,false
1784701412400,bear,Talk,http://localhost:3251@brice,false
1784701412401,brice,Talk,http://localhost:3251@alice,false
1784701412629,Bat,Play,http://localhost:3251@Bee,true
1784701412630,Bee,Play,http://localhost:3251@brice,true
1784701413247,Ant,Sing,http://localhost:3251@Bat,true
1784701413248,Bat,Sing,http://localhost:3251@Ant,true
1784701413976,alice,Talk,http://localhost:3251@bear,true
1784701413978,bear,Talk,http://localhost:3251@alice,true
1784701414774,Ant,Explore,null,true
1784701414949,alice,Dance,http://localhost:3251@brice,false
1784701414951,brice,Dance,http://localhost:3251@alice,false
1784701415577,Bat,Fight,http://localhost:3251@bear,false
1784701415578,bear,Fight,http://localhost:3251@Ant,true
1784701416062,alice,Sing,http://localhost:3251@Ant,false
1784701416065,Ant,Sing,http://localhost:3251@Bat,true
1784701416689,Bee,Explore,null,false
1784701417161,Bat,Explore,null,true
1784701417266,Ant,Sing,http://localhost:3251@Bat,true
1784701417267,bear,Sing,http://localhost:3251@Ant,false
1784701417566,alice,Explore,null,true
1784701417851,Ant,Fight,http://localhost:3251@brice,true
1784701417853,brice,Fight,http://localhost:3251@Ant,true
1784701418564,Bat,Dance,http://localhost:3251@Bee,false
1784701418573,Bee,Dance,http://localhost:3251@Bat,false
1784701418832,alice,Walk,http://localhost:3251@Ant,true
1784701418833,brice,Walk,http://localhost:3251@alice,true
1784701418890,bear,Fight,http://localhost:3251@Ant,true
1784701418891,Bee,Fight,http://localhost:3251@bear,true
1784701420154,Ant,Explore,null,false
1784701420156,Bat,Sing,http://localhost:3251@brice,false
1784701420158,brice,Sing,http://localhost:3251@Bat,true
1784701420733,alice,Exercise,http://localhost:3251@bear,false
1784701420734,bear,Exercise,http://localhost:3251@alice,false
1784701421377,Bee,Explore,null,false
1784701421669,Ant,Fight,http://localhost:3251@bear,false
1784701421671,bear,Fight,http://localhost:3251@Ant,true
1784701421721,Bat,Explore,null,false
1784701422567,alice,Walk,http://localhost:3251@Ant,false
1784701422568,Bee,Walk,http://localhost:3251@alice,true
1784701423211,Ant,Explore,null,false
1784701423610,Bat,Walk,http://localhost:3251@bear,false
1784701423613,bear,Walk,http://localhost:3251@Bat,false
1784701423614,brice,Explore,null,true
1784701424144,alice,Explore,null,false
1784701424717,alice,Fight,http://localhost:3251@Bat,false
1784701424722,Bat,Fight,http://localhost:3251@bear,false
1784701424888,Ant,Walk,http://localhost:3251@brice,false
1784701424890,brice,Walk,http://localhost:3251@alice,false
1784701425512,Bee,Explore,null,true
1784701426124,Bat,Play,http://localhost:3251@bear,true
1784701426125,bear,Play,http://localhost:3251@Bee,false
1784701426235,alice,Explore,null,false
1784701427064,brice,Explore,null,true
1784701427119,bear,Talk,http://localhost:3251@alice,false
1784701427121,Bee,Talk,http://localhost:3251@bear,false
1784701427641,Bat,Explore,null,false
1784701428566,bear,Dance,http://localhost:3251@Bee,false
1784701428568,Bee,Dance,http://localhost:3251@bear,true
1784701429071,Ant,Talk,http://localhost:3251@Bee,false
1784701429073,bear,Talk,http://localhost:3251@Ant,false
1784701429136,alice,Explore,null,true
1784701429196,Bat,Explore,null,false
1784701429251,brice,Explore,null,false
1784701430368,bear,Walk,http://localhost:3251@brice,false
1784701430371,brice,Walk,http://localhost:3251@bear,false
1784701430854,Ant,Exercise,http://localhost:3251@Bat,false
1784701430855,Bat,Exercise,http://localhost:3251@Ant,false
1784701431416,alice,Fight,http://localhost:3251@bear,true
1784701431418,Ant,Fight,http://localhost:3251@alice,false
1784701431527,bear,Exercise,http://localhost:3251@Bat,true
1784701431529,Bee,Exercise,http://localhost:3251@bear,false
1784701431873,brice,Explore,null,true
1784701432726,Ant,Play,http://localhost:3251@Bat,true
1784701432727,Bat,Play,http://localhost:3251@Ant,false
1784701432777,alice,Walk,http://localhost:3251@Ant,true
1784701432778,Bee,Walk,http://localhost:3251@alice,false
1784701432831,bear,Play,http://localhost:3251@Bee,false
1784701432832,brice,Play,http://localhost:3251@bear,false
1784701434044,Bat,Play,http://localhost:3251@Bee,true
1784701434045,Bee,Play,http://localhost:3251@Bat,true
1784701434347,Ant,Explore,null,true
1784701434525,bear,Explore,null,true
1784701435392,alice,Walk,http://localhost:3251@Bee,true
1784701435393,Bee,Walk,http://localhost:3251@alice,false
1784701435785,brice,Explore,null,true
1784701436008,Ant,Explore,null,false
1784701436166,Bat,Sing,http://localhost:3251@Bee,false
1784701436167,Bee,Sing,http://localhost:3251@Bat,true
1784701437281,Ant,Walk,http://localhost:3251@brice,false
1784701437282,Bee,Walk,http://localhost:3251@Ant,false
1784701437566,alice,Explore,null,true
1784701437788,Bat,Explore,null,true
1784701438062,bear,Explore,null,true
1784701438064,Bee,Fight,http://localhost:3251@brice,true
1784701438065,brice,Fight,http://localhost:3251@Ant,true
1784701439097,alice,Explore,null,true
1784701439321,Ant,Walk,http://localhost:3251@brice,true
1784701439322,brice,Walk,http://localhost:3251@alice,false
1784701439375,Bat,Talk,http://localhost:3251@brice,false
1784701439376,Bee,Talk,http://localhost:3251@Bat,true
1784701439612,bear,Explore,null,true
1784701440700,alice,Explore,null,true
1784701440759,Ant,Walk,http://localhost:3251@Bee,true
1784701440761,Bee,Walk,http://localhost:3251@alice,false
1784701440762,brice,Sing,http://localhost:3251@Bat,false
1784701441212,bear,Explore,null,true
1784701441614,Bat,Explore,null,false
1784701441883,Bee,Exercise,http://localhost:3251@brice,true
1784701441884,brice,Exercise,http://localhost:3251@Bee,false
1784701442289,alice,Explore,null,false
1784701442766,Bat,Exercise,http://localhost:3251@Bee,true
1784701442767,Bee,Exercise,http://localhost:3251@Bat,false
1784701443055,Ant,Talk,http://localhost:3251@Bee,true
1784701443056,bear,Talk,http://localhost:3251@Ant,true
1784701443806,Ant,Dance,http://localhost:3251@brice,true
1784701443807,brice,Dance,http://localhost:3251@alice,false
1784701444225,alice,Sing,http://localhost:3251@Bee,true
1784701444226,Bee,Sing,http://localhost:3251@alice,true
1784701445077,alice,Play,http://localhost:3251@brice,false
1784701445079,brice,Play,http://localhost:3251@alice,false
1784701445310,Bat,Dance,http://localhost:3251@brice,false
1784701445313,bear,Explore,null,true
1784701445314,Bee,Dance,http://localhost:3251@Bat,true
1784701445737,Ant,Play,http://localhost:3251@Bat,true
1784701445738,brice,Play,http://localhost:3251@Ant,true
1784701446305,Ant,Fight,http://localhost:3251@Bee,false
1784701446307,Bee,Fight,http://localhost:3251@bear,false
1784701446366,alice,Dance,http://localhost:3251@bear,true
1784701446367,bear,Dance,http://localhost:3251@alice,true
1784701447241,Bat,Play,http://localhost:3251@Bee,true
1784701447242,Bee,Play,http://localhost:3251@Bat,false
1784701447294,brice,Explore,null,false
1784701447919,Ant,Explore,null,false
1784701447977,bear,Fight,http://localhost:3251@Ant,true
1784701447979,Bee,Fight,http://localhost:3251@bear,true
1784701448266,alice,Play,http://localhost:3251@Bat,false
1784701448267,Bat,Play,http://localhost:3251@alice,true
1784701449247,Ant,Walk,http://localhost:3251@brice,false
1784701449248,Bee,Walk,http://localhost:3251@Ant,true
1784701449601,bear,Explore,null,true
1784701449903,alice,Explore,null,true
1784701449966,Bee,Play,http://localhost:3251@brice,true
1784701449967,brice,Play,http://localhost:3251@alice,true
1784701450256,alice,Talk,http://localhost:3251@Ant,true
1784701450258,Ant,Talk,http://localhost:3251@Bee,true
1784701451219,Bat,Explore,null,true
1784701451277,Ant,Walk,http://localhost:3251@brice,true
1784701451278,brice,Walk,http://localhost:3251@alice,false
1784701451566,bear,Sing,http://localhost:3251@Bee,true
1784701451567,Bee,Sing,http://localhost:3251@bear,true
1784701452162,alice,Talk,http://localhost:3251@Bat,false
1784701452163,Bat,Talk,http://localhost:3251@alice,true
1784701452389,Ant,Talk,http://localhost:3251@brice,true
1784701452391,brice,Talk,http://localhost:3251@alice,true
1784701452884,Bat,Play,http://localhost:3251@Bee,false
1784701452886,Bee,Play,http://localhost:3251@brice,true
1784701453316,bear,Explore,null,false
1784701453797,alice,Explore,null,false
1784701454511,Bee,Explore,null,false
1784701454679,Ant,Sing,http://localhost:3251@bear,true
1784701454682,bear,Sing,http://localhost:3251@Bee,false
1784701454683,brice,Explore,null,true
1784701455444,alice,Talk,http://localhost:3251@Bat,false
1784701455445,Bat,Talk,http://localhost:3251@alice,true
1784701455848,Ant,Sing,http://localhost:3251@Bee,true
1784701455850,Bee,Sing,http://localhost:3251@brice,false
1784701456330,Bee,Talk,http://localhost:3251@brice,false
1784701456331,brice,Talk,http://localhost:3251@alice,false
1784701457377,alice,Walk,http://localhost:3251@Ant,true
1784701457379,Ant,Walk,http://localhost:3251@alice,false
1784701457546,bear,Explore,null,false
1784701457609,Bat,Sing,http://localhost:3251@Bee,true
1784701457611,Bee,Sing,http://localhost:3251@brice,true
1784701458001,bear,Fight,http://localhost:3251@brice,true
1784701458002,brice,Fight,http://localhost:3251@Ant,true
1784701458941,Ant,Explore,null,true
1784701459166,Bat,Explore,null,true
1784701459168,Bee,Explore,null,false
1784701459332,alice,Dance,http://localhost:3251@bear,false
1784701459333,bear,Dance,http://localhost:3251@Bee,false
1784701460179,alice,Fight,http://localhost:3251@Bat,true
1784701460180,Bat,Fight,http://localhost:3251@bear,true
1784701460463,Bee,Exercise,http://localhost:3251@brice,true
1784701460464,brice,Exercise,http://localhost:3251@Bee,true
1784701460588,Ant,Explore,null,true
1784701461443,alice,Dance,http://localhost:3251@bear,true
1784701461446,brice,Dance,http://localhost:3251@alice,true
1784701461615,bear,Explore,null,true
1784701461852,Ant,Sing,http://localhost:3251@Bat,true
1784701461855,Bee,Sing,http://localhost:3251@Ant,false
1784701462143,alice,Play,http://localhost:3251@Bat,false
1784701462146,Bat,Play,http://localhost:3251@Bee,true
1784701463363,Bee,Dance,http://localhost:3251@brice,true
1784701463364,brice,Dance,http://localhost:3251@alice,true
1784701463419,Ant,Explore,null,true
1784701463799,alice,Explore,null,true
1784701463857,bear,Talk,http://localhost:3251@alice,true
1784701463860,Bee,Talk,http://localhost:3251@bear,true
1784701464567,Ant,Walk,http://localhost:3251@brice,true
1784701464569,brice,Walk,http://localhost:3251@alice,true
1784701465288,Bat,Walk,http://localhost:3251@bear,false
1784701465290,Bee,Walk,http://localhost:3251@Bat,false
1784701465463,alice,Fight,http://localhost:3251@bear,false
1784701465464,bear,Fight,http://localhost:3251@Ant,true
1784701466519,Bat,Talk,http://localhost:3251@bear,false
1784701466520,bear,Talk,http://localhost:3251@alice,false
1784701466521,Bee,Play,http://localhost:3251@brice,true
1784701466521,brice,Play,http://localhost:3251@alice,false
1784701467090,alice,Explore,null,true
1784701467091,Ant,Exercise,http://localhost:3251@Bat,false
1784701467092,brice,Exercise,http://localhost:3251@Ant,true
1784701468635,alice,Explore,null,true
1784701468635,Ant,Explore,null,false
1784701468745,bear,Talk,http://localhost:3251@alice,true
1784701468747,brice,Talk,http://localhost:3251@bear,true
1784701469417,alice,Fight,http://localhost:3251@Bee,false
1784701469419,Bee,Fight,http://localhost:3251@bear,false
1784701469727,Ant,Fight,http://localhost:3251@bear,false
1784701469730,bear,Fight,http://localhost:3251@Ant,false
1784701470388,Ant,Walk,http://localhost:3251@Bat,false
1784701470390,Bat,Walk,http://localhost:3251@bear,false
1784701470935,bear,Exercise,http://localhost:3251@Bat,false
1784701470937,brice,Exercise,http://localhost:3251@bear,false
1784701471109,alice,Explore,null,false
1784701472255,Ant,Exercise,http://localhost:3251@Bat,true
1784701472257,bear,Exercise,http://localhost:3251@Ant,false
1784701472912,Bat,Sing,http://localhost:3251@brice,true
1784701472913,brice,Sing,http://localhost:3251@Bat,true
1784701473080,alice,Dance,http://localhost:3251@bear,false
1784701473081,Bee,Dance,http://localhost:3251@alice,true
1784701473432,Ant,Exercise,http://localhost:3251@Bat,false
1784701473434,Bat,Exercise,http://localhost:3251@Ant,true
1784701473843,bear,Explore,null,true
1784701474188,Ant,Dance,http://localhost:3251@brice,true
1784701474190,brice,Dance,http://localhost:3251@alice,true
1784701474427,Bat,Talk,http://localhost:3251@brice,true
1784701474428,Bee,Talk,http://localhost:3251@Bat,true
1784701475201,bear,Walk,http://localhost:3251@brice,false
1784701475202,brice,Walk,http://localhost:3251@bear,false
1784701475382,alice,Explore,null,false
1784701476077,Bat,Explore,null,true
1784701476079,Bee,Explore,null,true
1784701476489,Ant,Explore,null,false
1784701476780,bear,Explore,null,false
1784701476782,brice,Explore,null,true
1784701476958,alice,Explore,null,true
1784701477377,Ant,Walk,http://localhost:3251@Bee,true
1784701477378,Bee,Walk,http://localhost:3251@alice,true
1784701478085,alice,Sing,http://localhost:3251@bear,false
1784701478086,bear,Sing,http://localhost:3251@Bee,false
1784701478377,Ant,Talk,http://localhost:3251@Bee,false
1784701478379,Bat,Talk,http://localhost:3251@Ant,false
1784701478380,brice,Explore,null,false
1784701479456,bear,Dance,http://localhost:3251@Bee,true
1784701479457,brice,Dance,http://localhost:3251@bear,true
1784701479985,Ant,Explore,null,true
1784701480332,Bee,Explore,null,true
1784701480498,Ant,Fight,http://localhost:3251@bear,true
1784701480498,bear,Fight,http://localhost:3251@Ant,false
1784701480617,Bat,Explore,null,false
1784701481460,alice,Sing,http://localhost:3251@Bee,true
1784701481461,Bee,Sing,http://localhost:3251@alice,true
1784701481710,brice,Explore,null,true
1784701482290,Bat,Fight,http://localhost:3251@bear,true
1784701482291,bear,Fight,http://localhost:3251@Bat,true
1784701482454,Ant,Dance,http://localhost:3251@alice,false
1784701482455,brice,Dance,http://localhost:3251@Ant,true
1784701483004,alice,Explore,null,false
1784701486845,Ant,Explore,null,false
1784701487337,bear,Walk,http://localhost:3251@Bee,true
1784701487338,Bee,Walk,http://localhost:3251@bear,false
1784701487568,Bat,Explore,null,false
1784701487678,alice,Explore,null,false
1784701488521,Bat,Dance,http://localhost:3251@brice,false
1784701488522,brice,Dance,http://localhost:3251@Bat,false
1784701488811,Ant,Walk,http://localhost:3251@Bee,false
1784701488813,Bee,Walk,http://localhost:3251@Ant,true
1784701489222,bear,Sing,http://localhost:3251@brice,false
1784701489223,brice,Sing,http://localhost:3251@bear,true
1784701489780,Bat,Fight,http://localhost:3251@Bee,true
1784701489782,Bee,Fight,http://localhost:3251@Bat,true
1784701490353,Ant,Explore,null,false
1784701490466,Bee,Play,http://localhost:3251@brice,false
1784701490467,brice,Play,http://localhost:3251@Bee,false
1784701490855,alice,Sing,http://localhost:3251@Bat,false
1784701490857,Bat,Sing,http://localhost:3251@alice,true
1784701491597,Ant,Walk,http://localhost:3251@Bee,true
1784701491599,brice,Walk,http://localhost:3251@Ant,true
1784701492015,Bee,Explore,null,true
1784701492422,Bat,Explore,null,false
1784701492776,bear,Explore,null,true
1784701492839,alice,Dance,http://localhost:3251@brice,true
1784701492840,brice,Dance,http://localhost:3251@alice,false
1784701493576,Ant,Sing,http://localhost:3251@Bat,false
1784701493579,Bat,Sing,http://localhost:3251@Ant,false
1784701494375,bear,Explore,null,false
1784701495452,Ant,Sing,http://localhost:3251@Bat,false
1784701495454,bear,Sing,http://localhost:3251@Ant,false
1784701495517,Bee,Explore,null,true
1784701495768,Bat,Explore,null,false
1784701496153,Bee,Dance,http://localhost:3251@brice,true
1784701496154,brice,Dance,http://localhost:3251@Bat,false
1784701496747,Ant,Play,http://localhost:3251@Bat,true
1784701496748,Bat,Play,http://localhost:3251@Ant,true
1784701496799,alice,Exercise,http://localhost:3251@brice,true
1784701496803,brice,Exercise,http://localhost:3251@alice,true
1784701498112,alice,Sing,http://localhost:3251@Bat,true
1784701498114,brice,Sing,http://localhost:3251@alice,false
1784701499015,Ant,Explore,null,true
1784701499071,bear,Explore,null,true
1784701499697,Bee,Explore,null,false
1784701499761,bear,Fight,http://localhost:3251@brice,false
1784701499763,brice,Fight,http://localhost:3251@bear,true
1784701499994,Ant,Dance,http://localhost:3251@Bat,false
1784701499995,Bat,Dance,http://localhost:3251@Ant,false
1784701500865,Ant,Exercise,http://localhost:3251@Bee,false
1784701500866,Bee,Exercise,http://localhost:3251@Ant,true
1784701500991,bear,Exercise,http://localhost:3251@brice,true
1784701500993,brice,Exercise,http://localhost:3251@bear,true
1784701502278,Bat,Explore,null,true
1784701502279,bear,Play,http://localhost:3251@Bee,true
1784701502280,Bee,Play,http://localhost:3251@bear,false
1784701502641,brice,Explore,null,false
1784701503407,Ant,Exercise,http://localhost:3251@bear,true
1784701503408,bear,Exercise,http://localhost:3251@Ant,true
1784701503891,Bee,Explore,null,false
1784701504731,Ant,Play,http://localhost:3251@Bat,false
1784701504733,bear,Walk,http://localhost:3251@Bee,true
1784701504734,Bee,Walk,http://localhost:3251@bear,true
1784701504735,brice,Play,http://localhost:3251@Ant,true
1784701505454,Bat,Exercise,http://localhost:3251@Bee,false
1784701505456,Bee,Exercise,http://localhost:3251@Bat,true
1784701505764,alice,Talk,http://localhost:3251@brice,true
1784701505766,brice,Talk,http://localhost:3251@alice,false
1784701507344,alice,Explore,null,false
1784701507346,Ant,Play,http://localhost:3251@Bat,false
1784701507348,brice,Play,http://localhost:3251@Ant,false
1784701507675,Bee,Explore,null,true
1784701507874,Ant,Exercise,http://localhost:3251@bear,true
1784701507875,bear,Exercise,http://localhost:3251@brice,true
1784701508509,Bee,Exercise,http://localhost:3251@brice,true
1784701508510,brice,Exercise,http://localhost:3251@Bee,false
1784701508804,alice,Sing,http://localhost:3251@Bat,false
1784701508805,Bat,Sing,http://localhost:3251@alice,false
1784701509145,bear,Sing,http://localhost:3251@brice,false
1784701509147,brice,Sing,http://localhost:3251@bear,false
1784701509984,alice,Exercise,http://localhost:3251@brice,false
1784701509986,brice,Exercise,http://localhost:3251@alice,true
1784701510555,Ant,Sing,http://localhost:3251@Bat,true
1784701510557,Bat,Sing,http://localhost:3251@Ant,false
1784701510746,bear,Explore,null,true
1784701511389,Bee,Explore,null,true
1784701511752,alice,Exercise,http://localhost:3251@Ant,true
1784701511754,Ant,Exercise,http://localhost:3251@bear,false
1784701512071,bear,Play,http://localhost:3251@brice,false
1784701512072,brice,Play,http://localhost:3251@bear,false
1784701512353,Bat,Fight,http://localhost:3251@Bee,false
1784701512354,Bee,Fight,http://localhost:3251@Bat,true
1784701513378,alice,Dance,http://localhost:3251@bear,true
1784701513379,Ant,Explore,null,true
1784701513380,bear,Dance,http://localhost:3251@alice,false
1784701513683,brice,Explore,null,true
1784701514351,Ant,Play,http://localhost:3251@Bat,false
1784701514352,Bat,Play,http://localhost:3251@Ant,false
1784701514709,Bee,Explore,null,true
1784701515140,Bat,Fight,http://localhost:3251@bear,false
1784701515141,bear,Fight,http://localhost:3251@Bat,true
1784701515713,Bee,Sing,http://localhost:3251@brice,false
1784701515770,brice,Sing,http://localhost:3251@Bee,true
1784701516333,alice,Exercise,http://localhost:3251@bear,false
1784701516335,bear,Exercise,http://localhost:3251@brice,true
1784701516874,Ant,Talk,http://localhost:3251@Bee,true
1784701516880,Bee,Talk,http://localhost:3251@Ant,true
1784701517336,brice,Explore,null,true
1784701517389,Bat,Explore,null,false
1784701517635,alice,Dance,http://localhost:3251@brice,false
1784701517637,Ant,Dance,http://localhost:3251@alice,true
1784701518177,alice,Exercise,http://localhost:3251@bear,false
1784701518179,bear,Exercise,http://localhost:3251@brice,true
1784701518353,Ant,Fight,http://localhost:3251@brice,false
1784701518354,brice,Fight,http://localhost:3251@bear,false
1784701519177,Ant,Fight,http://localhost:3251@bear,true
1784701519179,bear,Fight,http://localhost:3251@Bat,true
1784701519455,alice,Sing,http://localhost:3251@Bat,true
1784701519457,Bat,Dance,http://localhost:3251@Bee,true
1784701519458,Bee,Dance,http://localhost:3251@Bat,true
1784701519458,brice,Sing,http://localhost:3251@alice,true
1784701520482,alice,Walk,http://localhost:3251@Ant,true
1784701520483,Ant,Walk,http://localhost:3251@Bee,true
1784701520537,bear,Dance,http://localhost:3251@alice,false
1784701520538,brice,Dance,http://localhost:3251@bear,true
1784701521484,Bat,Sing,http://localhost:3251@alice,true
1784701521486,bear,Sing,http://localhost:3251@Bat,true
1784701521722,Bee,Explore,null,false
1784701522432,bear,Walk,http://localhost:3251@brice,false
1784701522433,brice,Walk,http://localhost:3251@bear,true
1784701522711,Bat,Sing,http://localhost:3251@alice,false
1784701522712,Bee,Sing,http://localhost:3251@Bat,true
1784701523575,alice,Exercise,http://localhost:3251@brice,false
1784701523577,brice,Exercise,http://localhost:3251@Bee,false
1784701523905,Ant,Explore,null,false
1784701523959,bear,Explore,null,false
1784701524771,alice,Exercise,http://localhost:3251@brice,false
1784701524773,Bee,Exercise,http://localhost:3251@alice,false
1784701525527,Ant,Explore,null,false
1784701525628,bear,Explore,null,true
1784701526489,brice,Explore,null,true
1784701526780,Ant,Walk,http://localhost:3251@Bee,false
1784701526782,bear,Walk,http://localhost:3251@Ant,true
1784701527304,alice,Sing,http://localhost:3251@Bat,true
1784701527306,brice,Sing,http://localhost:3251@alice,false
1784701527752,Ant,Fight,http://localhost:3251@Bee,false
1784701527753,Bee,Fight,http://localhost:3251@Ant,true
1784701528263,Bat,Explore,null,false
1784701528378,bear,Explore,null,false
1784701529206,Ant,Play,http://localhost:3251@Bat,true
1784701529208,bear,Play,http://localhost:3251@Ant,false
1784701529266,Bat,Talk,http://localhost:3251@Bee,true
1784701529268,Bee,Talk,http://localhost:3251@Bat,true
1784701530177,brice,Explore,null,false
1784701530448,alice,Walk,http://localhost:3251@Bee,true
1784701530450,Bee,Walk,http://localhost:3251@alice,true
1784701530727,Ant,Explore,null,true
1784701530833,Bat,Fight,http://localhost:3251@bear,false
1784701530834,bear,Fight,http://localhost:3251@Bat,false
1784701531678,bear,Dance,http://localhost:3251@Bee,true
1784701531679,Bee,Dance,http://localhost:3251@Bat,false
1784701532314,brice,Explore,null,true
1784701532422,Bat,Fight,http://localhost:3251@Bee,false
1784701532424,bear,Fight,http://localhost:3251@Bat,true
1784701532588,alice,Explore,null,true
1784701532755,Ant,Fight,http://localhost:3251@Bee,false
1784701532757,Bee,Fight,http://localhost:3251@Bat,false
1784701533355,Ant,Fight,http://localhost:3251@bear,false
1784701533356,bear,Fight,http://localhost:3251@Bat,true
1784701533848,brice,Explore,null,true
1784701534358,Bee,Explore,null,true
1784701534415,alice,Exercise,http://localhost:3251@brice,false
1784701534416,brice,Exercise,http://localhost:3251@alice,true
1784701534638,Bat,Explore,null,true
1784701535308,Ant,Play,http://localhost:3251@Bat,true
1784701535309,bear,Play,http://localhost:3251@Ant,false
1784701535466,alice,Exercise,http://localhost:3251@Bee,false
1784701535467,Bee,Exercise,http://localhost:3251@Ant,false
1784701535988,brice,Explore,null,false
1784701536891,Ant,Explore,null,true
1784701537532,bear,Explore,null,false
1784701537701,alice,Explore,null,false
1784701537702,Bee,Explore,null,true
1784701538178,Bat,Explore,null,false
1784701538404,Bee,Fight,http://localhost:3251@brice,false
1784701538406,brice,Fight,http://localhost:3251@bear,false
1784701538711,Bat,Exercise,http://localhost:3251@bear,true
1784701538712,bear,Exercise,http://localhost:3251@brice,false
1784701539730,Bat,Talk,http://localhost:3251@Bee,true
1784701539732,brice,Talk,http://localhost:3251@Bat,false
1784701539792,Ant,Explore,null,true
1784701540666,alice,Sing,http://localhost:3251@bear,true
1784701540667,bear,Sing,http://localhost:3251@brice,false
1784701540668,Bee,Explore,null,true
1784701541131,Ant,Sing,http://localhost:3251@Bat,true
1784701541133,Bat,Sing,http://localhost:3251@alice,true
1784701541675,Bee,Fight,http://localhost:3251@Bat,true
1784701541676,brice,Fight,http://localhost:3251@Bee,true
1784701542001,alice,Sing,http://localhost:3251@Bat,true
1784701542002,Bat,Sing,http://localhost:3251@alice,false
1784701542541,Ant,Dance,http://localhost:3251@brice,true
1784701542542,brice,Dance,http://localhost:3251@Ant,false
1784701543055,bear,Explore,null,false
1784701544299,Ant,Exercise,http://localhost:3251@bear,true
1784701544300,Bat,Exercise,http://localhost:3251@Ant,true
1784701544586,alice,Talk,http://localhost:3251@Bee,true
1784701544587,Bee,Talk,http://localhost:3251@alice,false
1784701544709,brice,Explore,null,true
1784701545605,Ant,Fight,http://localhost:3251@Bee,true
1784701545608,Bee,Fight,http://localhost:3251@Bat,true
1784701545890,alice,Sing,http://localhost:3251@Bat,true
1784701545892,Bat,Sing,http://localhost:3251@alice,false
1784701546471,Ant,Talk,http://localhost:3251@brice,false
1784701546525,brice,Talk,http://localhost:3251@alice,true
1784701546682,alice,Fight,http://localhost:3251@Bee,true
1784701546683,Bee,Fight,http://localhost:3251@Bat,true
1784701546954,Bat,Talk,http://localhost:3251@Bee,true
1784701546956,brice,Talk,http://localhost:3251@Bat,true
1784701547465,bear,Exercise,http://localhost:3251@brice,false
1784701547466,Bee,Exercise,http://localhost:3251@bear,false
1784701547940,alice,Play,http://localhost:3251@Bat,true
1784701547942,Bat,Play,http://localhost:3251@alice,true
1784701548475,Bat,Fight,http://localhost:3251@Bee,true
1784701548476,Bee,Fight,http://localhost:3251@Bat,false
1784701548539,brice,Explore,null,true
1784701548778,Ant,Walk,http://localhost:3251@bear,true
1784701548779,bear,Walk,http://localhost:3251@Bee,false
1784701549489,alice,Talk,http://localhost:3251@Bat,true
1784701549490,Bat,Talk,http://localhost:3251@Bee,false
1784701549798,Ant,Play,http://localhost:3251@Bee,false
1784701549800,Bee,Play,http://localhost:3251@bear,true
1784701550140,brice,Explore,null,false
1784701550478,bear,Explore,null,false
1784701550787,Ant,Talk,http://localhost:3251@Bee,true
1784701550788,brice,Talk,http://localhost:3251@Ant,false
1784701551142,Ant,Fight,http://localhost:3251@Bat,true
1784701551143,Bat,Fight,http://localhost:3251@Bee,false
1784701551365,Bee,Explore,null,false
1784701551811,alice,Talk,http://localhost:3251@bear,true
1784701551813,bear,Talk,http://localhost:3251@alice,true
1784701552338,Bat,Talk,http://localhost:3251@Bee,true
1784701552339,Bee,Talk,http://localhost:3251@alice,false
1784701552340,brice,Explore,null,false
1784701552888,alice,Talk,http://localhost:3251@bear,true
1784701552889,Bat,Talk,http://localhost:3251@alice,true
1784701553955,Bee,Explore,null,true
1784701553957,brice,Explore,null,true
1784701554542,Ant,Play,http://localhost:3251@Bat,true
1784701554543,bear,Play,http://localhost:3251@Ant,true
1784701554898,Bat,Play,http://localhost:3251@Ant,true
1784701554900,Bee,Play,http://localhost:3251@Bat,false
1784701555174,alice,Explore,null,true
1784701555520,alice,Talk,http://localhost:3251@bear,false
1784701555523,bear,Talk,http://localhost:3251@alice,false
1784701555571,brice,Explore,null,true
1784701555911,Bat,Fight,http://localhost:3251@Bee,true
1784701555913,bear,Fight,http://localhost:3251@Bat,false
1784701556675,bear,Exercise,http://localhost:3251@Bee,true
1784701556677,Bee,Exercise,http://localhost:3251@Ant,false
1784701557375,Bat,Exercise,http://localhost:3251@brice,true
1784701557376,brice,Exercise,http://localhost:3251@Bee,false
1784701558044,alice,Sing,http://localhost:3251@Bat,true
1784701558045,brice,Sing,http://localhost:3251@alice,false
1784701558325,Ant,Play,http://localhost:3251@Bat,true
1784701558325,Bee,Play,http://localhost:3251@Ant,false
1784701558831,bear,Explore,null,false
1784701559279,Bat,Walk,http://localhost:3251@brice,false
1784701559280,brice,Walk,http://localhost:3251@bear,true
1784701559982,Ant,Exercise,http://localhost:3251@bear,true
1784701559983,bear,Exercise,http://localhost:3251@brice,true
1784701560326,alice,Explore,null,false
1784701560897,brice,Explore,null,false
1784701561512,Bee,Walk,http://localhost:3251@brice,false
1784701561514,brice,Walk,http://localhost:3251@Bee,false
1784701561955,alice,Fight,http://localhost:3251@brice,false
1784701561960,brice,Fight,http://localhost:3251@alice,false
1784701562125,Bat,Explore,null,true
1784701562444,bear,Exercise,http://localhost:3251@brice,false
1784701562445,brice,Exercise,http://localhost:3251@bear,true
1784701563042,Bee,Explore,null,false
1784701563097,Bat,Talk,http://localhost:3251@Bee,false
1784701563098,bear,Talk,http://localhost:3251@Bat,true
1784701563559,alice,Talk,http://localhost:3251@bear,true
1784701563560,Bee,Talk,http://localhost:3251@alice,true
1784701564387,Ant,Play,http://localhost:3251@bear,true
1784701564390,bear,Play,http://localhost:3251@brice,false
1784701565521,alice,Play,http://localhost:3251@Bat,false
1784701565523,brice,Play,http://localhost:3251@alice,true
1784701565830,Bat,Walk,http://localhost:3251@bear,true
1784701565833,bear,Walk,http://localhost:3251@Bee,true
1784701566007,Ant,Explore,null,false
1784701566845,alice,Walk,http://localhost:3251@Bee,false
1784701566846,bear,Walk,http://localhost:3251@alice,true
1784701567027,Ant,Exercise,http://localhost:3251@Bat,false
1784701567029,Bat,Exercise,http://localhost:3251@Bee,true
1784701567890,Bee,Explore,null,true
1784701568539,alice,Explore,null,true
1784701568904,bear,Fight,http://localhost:3251@Bee,false
1784701568906,Bee,Fight,http://localhost:3251@Bat,true
1784701569088,Ant,Walk,http://localhost:3251@Bat,true
1784701569089,Bat,Walk,http://localhost:3251@Ant,false
1784701569606,alice,Sing,http://localhost:3251@brice,true
1784701569609,brice,Sing,http://localhost:3251@Bee,true
1784701569966,Bee,Talk,http://localhost:3251@alice,true
1784701569968,brice,Talk,http://localhost:3251@Bee,false
1784701570202,Bat,Dance,http://localhost:3251@bear,true
1784701570203,bear,Dance,http://localhost:3251@alice,false
1784701570625,alice,Talk,http://localhost:3251@bear,true
1784701570626,brice,Talk,http://localhost:3251@alice,false
1784701571065,Ant,Play,http://localhost:3251@Bat,true
1784701571066,Bee,Play,http://localhost:3251@Ant,true
1784701571362,alice,Exercise,http://localhost:3251@bear,true
1784701571364,bear,Exercise,http://localhost:3251@brice,false
1784701571827,Bat,Fight,http://localhost:3251@Bee,true
1784701571828,Bee,Fight,http://localhost:3251@Bat,true
1784701572623,alice,Dance,http://localhost:3251@brice,true
1784701572625,Ant,Dance,http://localhost:3251@alice,false
1784701572781,brice,Explore,null,true
1784701573353,Bat,Explore,null,true
1784701574002,alice,Sing,http://localhost:3251@Bat,false
1784701574004,brice,Sing,http://localhost:3251@alice,true
1784701574165,Bee,Explore,null,false
1784701574930,Bat,Explore,null,true
1784701574995,alice,Fight,http://localhost:3251@brice,false
1784701574998,Bee,Fight,http://localhost:3251@alice,false
1784701575897,alice,Dance,http://localhost:3251@Ant,true
1784701575898,Ant,Dance,http://localhost:3251@brice,false
1784701575953,Bat,Fight,http://localhost:3251@Bee,true
1784701575954,Bee,Fight,http://localhost:3251@Bat,false
1784701576413,bear,Explore,null,false
1784701576666,Bee,Play,http://localhost:3251@brice,true
1784701576667,brice,Play,http://localhost:3251@Bee,false
1784701577164,Bat,Exercise,http://localhost:3251@Bee,false
1784701577165,bear,Exercise,http://localhost:3251@Bat,false
1784701578047,Bat,Sing,http://localhost:3251@Bee,false
1784701578049,Bee,Sing,http://localhost:3251@Bat,true
1784701578336,brice,Explore,null,true
1784701579584,bear,Explore,null,true
1784701579711,Bee,Explore,null,true
1784701580029,brice,Explore,null,false
1784701580398,Ant,Explore,null,false
1784701580399,Bat,Explore,null,false
1784701580646,alice,Talk,http://localhost:3251@bear,false
1784701580648,bear,Talk,http://localhost:3251@alice,false
1784701581280,Ant,Exercise,http://localhost:3251@brice,true
1784701581282,brice,Exercise,http://localhost:3251@Bee,false
1784701581398,Bee,Explore,null,false
1784701581902,Bat,Exercise,http://localhost:3251@bear,false
1784701581903,bear,Exercise,http://localhost:3251@brice,false
1784701582649,alice,Sing,http://localhost:3251@brice,true
1784701582652,brice,Sing,http://localhost:3251@Bee,true
1784701582960,bear,Fight,http://localhost:3251@Bat,true
1784701582962,Bee,Fight,http://localhost:3251@bear,false
1784701583309,alice,Play,http://localhost:3251@Bat,true
1784701583311,Bat,Play,http://localhost:3251@Ant,false
1784701583682,Ant,Talk,http://localhost:3251@Bee,true
1784701583684,Bee,Talk,http://localhost:3251@Ant,false
1784701584303,Bat,Play,http://localhost:3251@bear,true
1784701584305,bear,Play,http://localhost:3251@brice,true
1784701584305,brice,Explore,null,false
1784701584987,Ant,Exercise,http://localhost:3251@bear,true
1784701584991,bear,Exercise,http://localhost:3251@Ant,false
1784701585051,alice,Walk,http://localhost:3251@Bee,true
1784701585054,Bee,Walk,http://localhost:3251@brice,false
1784701585999,Bat,Explore,null,true
1784701586293,alice,Dance,http://localhost:3251@Ant,false
1784701586294,Ant,Dance,http://localhost:3251@brice,false
1784701586960,Bat,Walk,http://localhost:3251@bear,true
1784701586962,bear,Walk,http://localhost:3251@Bee,true
1784701587632,alice,Exercise,http://localhost:3251@Bee,true
1784701587634,Ant,Play,http://localhost:3251@Bat,true
1784701587635,Bat,Play,http://localhost:3251@Ant,true
1784701587638,Bee,Exercise,http://localhost:3251@Ant,true
1784701587947,brice,Explore,null,true
1784701588291,Ant,Play,http://localhost:3251@bear,true
1784701588295,bear,Play,http://localhost:3251@brice,false
1784701588956,Bee,Walk,http://localhost:3251@brice,true
1784701588957,brice,Walk,http://localhost:3251@Bee,true
1784701589311,Ant,Fight,http://localhost:3251@Bee,false
1784701589312,Bat,Talk,http://localhost:3251@Bee,false
1784701589312,Bee,Fight,http://localhost:3251@Ant,false
1784701589313,brice,Talk,http://localhost:3251@Bat,false
1784701590773,alice,Sing,http://localhost:3251@Bee,true
1784701590775,Bee,Sing,http://localhost:3251@Bat,false
1784701591271,bear,Explore,null,true
1784701591766,Ant,Explore,null,true
1784701592008,bear,Exercise,http://localhost:3251@Bee,true
1784701592010,Bee,Exercise,http://localhost:3251@Ant,false
1784701592066,alice,Dance,http://localhost:3251@brice,true
1784701592068,brice,Dance,http://localhost:3251@Bat,false
1784701592742,Bat,Sing,http://localhost:3251@alice,true
1784701592744,bear,Sing,http://localhost:3251@Bat,false
1784701592974,alice,Talk,http://localhost:3251@Bee,true
1784701592975,Bee,Talk,http://localhost:3251@alice,true
1784701593690,Ant,Play,http://localhost:3251@Bat,false
1784701593691,Bat,Play,http://localhost:3251@Ant,false
1784701594601,alice,Explore,null,false
1784701594663,Bee,Explore,null,true
1784701594963,brice,Explore,null,false
1784701595027,bear,Explore,null,false
1784701595322,Ant,Explore,null,false
1784701595949,alice,Dance,http://localhost:3251@brice,true
1784701595950,Bee,Dance,http://localhost:3251@alice,false
1784701596642,Ant,Sing,http://localhost:3251@Bat,false
1784701596643,Bat,Sing,http://localhost:3251@Ant,false
1784701597228,brice,Explore,null,true
1784701597343,Ant,Fight,http://localhost:3251@bear,true
1784701597344,bear,Fight,http://localhost:3251@Bat,false
1784701597507,Bee,Explore,null,false
1784701598197,Bat,Explore,null,true
1784701598327,Ant,Talk,http://localhost:3251@Bee,false
1784701598329,brice,Talk,http://localhost:3251@Ant,false
1784701599069,Bee,Explore,null,false
1784701599179,alice,Sing,http://localhost:3251@Bat,false
1784701599180,brice,Sing,http://localhost:3251@alice,false
1784701599864,Bat,Explore,null,false
1784701600197,alice,Dance,http://localhost:3251@Ant,false
1784701600198,Ant,Dance,http://localhost:3251@brice,true
1784701600776,bear,Explore,null,true
1784701601112,alice,Dance,http://localhost:3251@Bat,false
1784701601114,Bat,Dance,http://localhost:3251@Ant,true
1784701601740,Ant,Fight,http://localhost:3251@bear,true
1784701601741,bear,Fight,http://localhost:3251@Bat,true
1784701601856,Bee,Explore,null,false
1784701602330,Bat,Play,http://localhost:3251@brice,true
1784701602331,brice,Play,http://localhost:3251@Bee,true
1784701603057,alice,Walk,http://localhost:3251@Bee,false
1784701603059,brice,Walk,http://localhost:3251@alice,false
1784701603248,Ant,Play,http://localhost:3251@Bee,true
1784701603255,Bee,Play,http://localhost:3251@bear,true
1784701604041,Bat,Explore,null,true
1784701604370,alice,Sing,http://localhost:3251@Bat,true
1784701604372,Bee,Sing,http://localhost:3251@alice,true
1784701604740,Ant,Fight,http://localhost:3251@bear,false
1784701604741,bear,Fight,http://localhost:3251@Bat,false
1784701605353,alice,Talk,http://localhost:3251@brice,false
1784701605355,brice,Talk,http://localhost:3251@alice,false
1784701605664,Bat,Explore,null,true
1784701605786,alice,Talk,http://localhost:3251@bear,false
1784701605787,bear,Talk,http://localhost:3251@alice,false
1784701606023,Bee,Explore,null,false
1784701606708,Bat,Play,http://localhost:3251@brice,false
1784701606710,brice,Play,http://localhost:3251@Bee,false
1784701607420,Ant,Dance,http://localhost:3251@brice,true
1784701607425,Bee,Dance,http://localhost:3251@Ant,false
1784701607768,Bat,Walk,http://localhost:3251@bear,false
1784701607769,bear,Walk,http://localhost:3251@Bee,true
1784701608475,alice,Walk,http://localhost:3251@Bee,true
1784701608478,Bat,Walk,http://localhost:3251@alice,true
1784701608685,Ant,Play,http://localhost:3251@Bat,true
1784701608687,bear,Play,http://localhost:3251@Ant,true
1784701609078,alice,Talk,http://localhost:3251@Bee,true
1784701609080,Bee,Talk,http://localhost:3251@alice,false
1784701609428,Bat,Talk,http://localhost:3251@Bee,true
1784701609430,Bee,Talk,http://localhost:3251@Bat,true
1784701610344,Ant,Fight,http://localhost:3251@bear,false
1784701610346,bear,Fight,http://localhost:3251@Bat,false
1784701610676,Bat,Exercise,http://localhost:3251@Bee,true
1784701610678,Bee,Exercise,http://localhost:3251@Ant,false
1784701611402,alice,Fight,http://localhost:3251@brice,false
1784701611404,Bee,Fight,http://localhost:3251@alice,true
1784701612319,brice,Explore,null,false
1784701612731,bear,Explore,null,true
1784701612790,alice,Dance,http://localhost:3251@brice,true
1784701612792,Ant,Dance,http://localhost:3251@alice,true
1784701613536,Bat,Play,http://localhost:3251@Bee,false
1784701613538,Bee,Play,http://localhost:3251@bear,true
1784701614083,Ant,Sing,http://localhost:3251@bear,true
1784701614084,bear,Sing,http://localhost:3251@brice,true
1784701614690,brice,Explore,null,true
1784701614944,Bat,Play,http://localhost:3251@Bee,true
1784701614947,Bee,Play,http://localhost:3251@bear,true
1784701615819,alice,Explore,null,true
1784701616062,Bat,Play,http://localhost:3251@brice,true
1784701616063,brice,Play,http://localhost:3251@Bee,true
1784701616364,bear,Explore,null,false
1784701617015,Ant,Explore,null,false
1784701617017,Bee,Walk,http://localhost:3251@brice,true
1784701617018,brice,Walk,http://localhost:3251@Bee,true
1784701617142,alice,Play,http://localhost:3251@Bat,true
1784701617144,Bat,Play,http://localhost:3251@alice,true
1784701618352,alice,Walk,http://localhost:3251@bear,true
1784701618354,bear,Walk,http://localhost:3251@Bee,true
1784701618481,Bat,Walk,http://localhost:3251@Ant,false
1784701618483,Bee,Walk,http://localhost:3251@Bat,false
1784701619318,brice,Explore,null,true
1784701619808,bear,Play,http://localhost:3251@Bee,true
1784701619810,Bee,Play,http://localhost:3251@bear,true
1784701619992,alice,Explore,null,false
1784701620313,Bat,Talk,http://localhost:3251@Bee,true
1784701620314,Bee,Talk,http://localhost:3251@Bat,true
1784701621220,alice,Sing,http://localhost:3251@bear,true
1784701621222,bear,Sing,http://localhost:3251@brice,false
1784701621337,Ant,Exercise,http://localhost:3251@brice,true
1784701621338,brice,Exercise,http://localhost:3251@Bee,true
1784701621949,Bat,Explore,null,true
1784701622077,Bee,Explore,null,true
1784701622552,Ant,Walk,http://localhost:3251@bear,false
1784701622554,bear,Walk,http://localhost:3251@Bee,true
1784701622961,Bat,Talk,http://localhost:3251@Bee,true
1784701622962,Bee,Talk,http://localhost:3251@Bat,true
1784701623554,alice,Talk,http://localhost:3251@Ant,true
1784701623555,Ant,Talk,http://localhost:3251@Bee,false
1784701623857,Bat,Play,http://localhost:3251@bear,false
1784701623859,bear,Play,http://localhost:3251@brice,false
1784701624881,alice,Walk,http://localhost:3251@Bee,true
1784701624883,Ant,Walk,http://localhost:3251@Bee,true
1784701624884,bear,Walk,http://localhost:3251@alice,true
1784701624885,brice,Walk,http://localhost:3251@Ant,false
1784701625488,Bat,Explore,null,true
1784701625785,alice,Walk,http://localhost:3251@Bee,true
1784701625787,Bee,Walk,http://localhost:3251@brice,false
1784701626821,Ant,Play,http://localhost:3251@Bat,false
1784701626823,Bat,Play,http://localhost:3251@Ant,true
1784701627194,brice,Explore,null,true
1784701627433,alice,Explore,null,false
1784701627914,bear,Explore,null,true
1784701628454,alice,Fight,http://localhost:3251@brice,false
1784701628456,Ant,Fight,http://localhost:3251@alice,false
1784701629171,Ant,Play,http://localhost:3251@Bee,false
1784701629172,Bee,Play,http://localhost:3251@bear,false
1784701629234,alice,Talk,http://localhost:3251@Bat,true
1784701629235,Bat,Talk,http://localhost:3251@Bee,false
1784701629954,bear,Dance,http://localhost:3251@alice,false
1784701629957,Bee,Dance,http://localhost:3251@bear,true
1784701631241,alice,Walk,http://localhost:3251@Bee,true
1784701631243,bear,Walk,http://localhost:3251@alice,true
1784701631244,Bee,Play,http://localhost:3251@brice,true
1784701631245,brice,Play,http://localhost:3251@Bee,true
1784701632433,bear,Talk,http://localhost:3251@alice,false
1784701632435,Bee,Talk,http://localhost:3251@bear,false
1784701632924,Ant,Explore,null,true
1784701633628,brice,Explore,null,false
1784701634272,Ant,Dance,http://localhost:3251@brice,false
1784701634273,bear,Dance,http://localhost:3251@Ant,false
1784701634462,alice,Talk,http://localhost:3251@bear,true
1784701634463,Bee,Talk,http://localhost:3251@alice,true
1784701634925,Bat,Explore,null,false
1784701635613,Bat,Dance,http://localhost:3251@bear,false
1784701635615,bear,Dance,http://localhost:3251@alice,false
1784701635789,Ant,Play,http://localhost:3251@brice,true
1784701635791,brice,Play,http://localhost:3251@Bee,true
1784701636359,Ant,Exercise,http://localhost:3251@Bee,true
1784701636361,Bee,Exercise,http://localhost:3251@Ant,false
1784701637273,Bat,Explore,null,false
1784701637709,alice,Dance,http://localhost:3251@Bee,false
1784701637712,bear,Walk,http://localhost:3251@Bee,true
1784701637716,Bee,Dance,http://localhost:3251@Bat,false
1784701637718,brice,Walk,http://localhost:3251@bear,false
1784701639002,Bat,Fight,http://localhost:3251@Bee,true
1784701639004,brice,Fight,http://localhost:3251@Bat,true
1784701639352,alice,Explore,null,false
1784701639353,bear,Explore,null,true
1784701639773,Ant,Walk,http://localhost:3251@Bee,false
1784701639775,Bee,Walk,http://localhost:3251@Ant,false
1784701640453,Bat,Dance,http://localhost:3251@Ant,true
1784701640454,bear,Dance,http://localhost:3251@Bat,true
1784701641295,brice,Explore,null,false
1784701641786,alice,Dance,http://localhost:3251@Bat,false
1784701641788,Bat,Dance,http://localhost:3251@Ant,true
1784701642439,alice,Walk,http://localhost:3251@Ant,false
1784701642442,Ant,Walk,http://localhost:3251@Bee,true
1784701642742,Bee,Explore,null,false
1784701642797,Ant,Talk,http://localhost:3251@Bat,false
1784701642799,Bat,Talk,http://localhost:3251@Bee,false
1784701643420,alice,Talk,http://localhost:3251@bear,false
1784701643422,Bat,Talk,http://localhost:3251@alice,false
1784701643547,brice,Explore,null,true
1784701644335,Bee,Explore,null,true
1784701644391,Ant,Explore,null,true
1784701645053,bear,Dance,http://localhost:3251@alice,false
1784701645055,Bee,Dance,http://localhost:3251@bear,false
1784701645433,Ant,Exercise,http://localhost:3251@brice,true
1784701645436,brice,Exercise,http://localhost:3251@Bee,false
1784701646165,alice,Sing,http://localhost:3251@Bat,true
1784701646166,Ant,Sing,http://localhost:3251@alice,true
1784701646166,Bat,Fight,http://localhost:3251@Bee,false
1784701646167,Bee,Fight,http://localhost:3251@Bat,false
1784701647364,Bat,Exercise,http://localhost:3251@Bee,false
1784701647366,bear,Exercise,http://localhost:3251@Bat,false
1784701648537,alice,Explore,null,true
1784701648538,Bee,Explore,null,false
1784701648664,bear,Exercise,http://localhost:3251@brice,false
1784701648665,brice,Exercise,http://localhost:3251@bear,false
1784701649352,alice,Play,http://localhost:3251@Bat,true
1784701649353,Bat,Play,http://localhost:3251@Ant,false
1784701649806,Ant,Dance,http://localhost:3251@Bee,false
1784701649807,Bee,Dance,http://localhost:3251@Bat,false
1784701650325,Bat,Talk,http://localhost:3251@bear,false
1784701650326,bear,Talk,http://localhost:3251@alice,false
1784701650387,alice,Talk,http://localhost:3251@bear,false
1784701650388,Ant,Talk,http://localhost:3251@alice,true
1784701651197,Ant,Walk,http://localhost:3251@Bee,false
1784701651198,Bee,Walk,http://localhost:3251@brice,true
1784701651980,alice,Explore,null,false
1784701651982,Ant,Sing,http://localhost:3251@brice,false
1784701651983,brice,Sing,http://localhost:3251@Bee,false
1784701652386,bear,Walk,http://localhost:3251@Bee,false
1784701652387,Bee,Walk,http://localhost:3251@bear,false
1784701652689,Bat,Explore,null,false
1784701653360,alice,Walk,http://localhost:3251@Bee,true
1784701653361,Ant,Sing,http://localhost:3251@Bat,false
1784701653363,bear,Sing,http://localhost:3251@Ant,true
1784701653365,Bee,Walk,http://localhost:3251@alice,false
1784701654028,Bee,Sing,http://localhost:3251@brice,false
1784701654029,brice,Sing,http://localhost:3251@Bee,true
1784701654971,Ant,Explore,null,false
1784701655364,alice,Exercise,http://localhost:3251@Bee,true
1784701655366,Bee,Exercise,http://localhost:3251@Ant,true
1784701655734,alice,Talk,http://localhost:3251@Bat,true
1784701655736,Bat,Talk,http://localhost:3251@Bee,true
1784701656644,Ant,Explore,null,false
1784701656707,Bat,Walk,http://localhost:3251@bear,true
1784701656708,bear,Walk,http://localhost:3251@Bee,true
1784701656769,alice,Fight,http://localhost:3251@brice,true
1784701656771,Bee,Fight,http://localhost:3251@alice,true
1784701657023,brice,Explore,null,true
1784701657885,Ant,Exercise,http://localhost:3251@bear,true
1784701657887,Bee,Exercise,http://localhost:3251@Ant,false
1784701658065,alice,Exercise,http://localhost:3251@brice,true
1784701658067,bear,Exercise,http://localhost:3251@alice,true
1784701658446,Bat,Fight,http://localhost:3251@Bee,true
1784701658447,Bee,Fight,http://localhost:3251@Bat,false
1784701659002,Ant,Exercise,http://localhost:3251@brice,true
1784701659004,brice,Exercise,http://localhost:3251@Bee,true
1784701659509,alice,Talk,http://localhost:3251@Bat,false
1784701659511,Bat,Talk,http://localhost:3251@Bee,false
1784701659798,bear,Dance,http://localhost:3251@Bee,false
1784701659799,Bee,Dance,http://localhost:3251@Bat,false
1784701660314,alice,Dance,http://localhost:3251@Ant,false
1784701660315,Ant,Dance,http://localhost:3251@brice,false
1784701660772,alice,Talk,http://localhost:3251@Bee,true
1784701660773,Bat,Walk,http://localhost:3251@Ant,true
1784701660812,bear,Walk,http://localhost:3251@Bat,false
1784701660814,Bee,Talk,http://localhost:3251@alice,false
1784701660964,Ant,Play,http://localhost:3251@brice,false
1784701660966,brice,Play,http://localhost:3251@Bee,true
1784701662132,Bee,Sing,http://localhost:3251@Bat,false
1784701662135,brice,Sing,http://localhost:3251@Bee,true
1784701662338,Ant,Walk,http://localhost:3251@Bee,true
1784701662340,Bat,Walk,http://localhost:3251@Ant,true
1784701662452,alice,Explore,null,false
1784701663175,alice,Fight,http://localhost:3251@bear,false
1784701663176,bear,Fight,http://localhost:3251@Bat,false
1784701663680,Ant,Walk,http://localhost:3251@Bee,true
1784701663683,brice,Walk,http://localhost:3251@Ant,true
1784701663872,Bee,Explore,null,false
1784701664841,alice,Talk,http://localhost:3251@bear,true
1784701664843,Bat,Talk,http://localhost:3251@alice,true
1784701665505,bear,Explore,null,false
1784701665567,Ant,Exercise,http://localhost:3251@bear,true
1784701665569,Bee,Exercise,http://localhost:3251@Ant,false
1784701665979,alice,Fight,http://localhost:3251@brice,false
1784701665981,brice,Fight,http://localhost:3251@bear,false
1784701666551,alice,Talk,http://localhost:3251@Bee,false
1784701666553,Bee,Talk,http://localhost:3251@alice,true
1784701666670,Ant,Exercise,http://localhost:3251@Bat,true
1784701666671,Bat,Exercise,http://localhost:3251@Bee,false
1784701667100,bear,Explore,null,true
1784701667682,alice,Talk,http://localhost:3251@bear,true
1784701667684,Bat,Talk,http://localhost:3251@alice,false
1784701667686,brice,Explore,null,false
1784701668523,alice,Sing,http://localhost:3251@bear,true
1784701668525,bear,Sing,http://localhost:3251@brice,true
1784701668651,Bee,Dance,http://localhost:3251@Bat,true
1784701668653,brice,Dance,http://localhost:3251@Bee,true
1784701669434,Ant,Walk,http://localhost:3251@Bee,true
1784701669436,Bat,Talk,http://localhost:3251@Bee,true
1784701669437,bear,Walk,http://localhost:3251@Ant,true
1784701669438,Bee,Talk,http://localhost:3251@Bat,true
1784701670332,brice,Explore,null,false
1784701670742,bear,Exercise,http://localhost:3251@brice,false
1784701670743,Bee,Exercise,http://localhost:3251@bear,false
1784701670798,alice,Sing,http://localhost:3251@Bat,true
1784701670800,Bat,Sing,http://localhost:3251@alice,false
1784701671522,Ant,Play,http://localhost:3251@Bat,false
1784701671524,brice,Play,http://localhost:3251@Ant,false
1784701672219,Bat,Sing,http://localhost:3251@alice,false
1784701672221,bear,Sing,http://localhost:3251@Bat,true
1784701672451,Bee,Explore,null,true
1784701673474,Ant,Walk,http://localhost:3251@Bat,false
1784701673475,Bat,Walk,http://localhost:3251@Ant,true
1784701673765,brice,Explore,null,false
1784701673985,Bat,Exercise,http://localhost:3251@bear,false
1784701673986,bear,Exercise,http://localhost:3251@brice,false
1784701674613,alice,Exercise,http://localhost:3251@Ant,false
1784701674615,Ant,Exercise,http://localhost:3251@bear,false
1784701675007,Bat,Sing,http://localhost:3251@Bee,false
1784701675008,Bee,Sing,http://localhost:3251@Bat,false
1784701675951,alice,Walk,http://localhost:3251@Ant,true
1784701675953,Ant,Walk,http://localhost:3251@Bee,false
1784701676173,bear,Explore,null,true
1784701676605,Bee,Explore,null,true
1784701676606,brice,Explore,null,true
1784701678151,bear,Walk,http://localhost:3251@Bee,true
1784701678152,brice,Walk,http://localhost:3251@bear,true
1784701678207,Bee,Explore,null,false
1784701678816,Bat,Explore,null,true
1784701679523,Bat,Play,http://localhost:3251@bear,true
1784701679524,bear,Play,http://localhost:3251@brice,true
1784701679573,Ant,Explore,null,false
1784701679574,Bee,Walk,http://localhost:3251@brice,false
1784701679576,brice,Walk,http://localhost:3251@Bee,true
1784701680951,alice,Explore,null,true
1784701681007,Ant,Play,http://localhost:3251@Bat,true
1784701681008,Bat,Play,http://localhost:3251@Ant,false
1784701681451,bear,Fight,http://localhost:3251@Bee,true
1784701681452,Bee,Fight,http://localhost:3251@Bat,false
1784701681629,Bat,Exercise,http://localhost:3251@brice,true
1784701681630,brice,Exercise,http://localhost:3251@Bee,true
1784701681998,alice,Fight,http://localhost:3251@brice,false
1784701681999,Bat,Fight,http://localhost:3251@alice,true
1784701682571,Ant,Fight,http://localhost:3251@bear,false
1784701682572,bear,Fight,http://localhost:3251@Bat,true
1784701682690,Bat,Exercise,http://localhost:3251@Bee,true
1784701682691,Bee,Exercise,http://localhost:3251@Ant,true
1784701682985,alice,Sing,http://localhost:3251@brice,false
1784701682986,brice,Sing,http://localhost:3251@Bee,true
1784701683662,Ant,Talk,http://localhost:3251@Bee,false
1784701684542,Ant,Exercise,http://localhost:3251@Bat,false
1784701684543,Bat,Exercise,http://localhost:3251@Bee,false
1784701684733,alice,Play,http://localhost:3251@Bee,true
1784701684737,Bee,Play,http://localhost:3251@bear,false
1784701685216,Bat,Dance,http://localhost:3251@bear,false
1784701685222,bear,Dance,http://localhost:3251@alice,true
1784701686380,alice,Explore,null,false
1784701686382,Bee,Explore,null,false
1784701686620,brice,Explore,null,true
1784701686859,Bat,Explore,null,true
1784701687433,bear,Talk,http://localhost:3251@Bee,false
1784701687434,Bee,Talk,http://localhost:3251@alice,false
1784701687918,Ant,Play,http://localhost:3251@Bat,true
1784701687919,brice,Play,http://localhost:3251@Ant,true
1784701688586,Bat,Explore,null,false
1784701688881,alice,Talk,http://localhost:3251@bear,true
1784701688882,brice,Talk,http://localhost:3251@alice,true
1784701689352,Ant,Dance,http://localhost:3251@brice,false
1784701689357,Bat,Dance,http://localhost:3251@Ant,true
1784701690173,Bee,Sing,http://localhost:3251@Bat,false
1784701690175,brice,Sing,http://localhost:3251@Bee,false
1784701690503,bear,Explore,null,true
1784701691540,Bat,Walk,http://localhost:3251@brice,false
1784701691541,bear,Sing,http://localhost:3251@Bee,true
1784701691542,Bee,Sing,http://localhost:3251@Bat,true
1784701691542,brice,Walk,http://localhost:3251@bear,true
1784701692324,alice,Dance,http://localhost:3251@brice,false
1784701692325,Ant,Explore,null,false
1784701692326,Bat,Dance,http://localhost:3251@alice,true
1784701693156,Bee,Explore,null,false
1784701693206,alice,Talk,http://localhost:3251@brice,true
1784701693208,brice,Talk,http://localhost:3251@alice,true
1784701693270,Ant,Talk,http://localhost:3251@bear,false
1784701693271,bear,Talk,http://localhost:3251@alice,true
1784701694279,alice,Fight,http://localhost:3251@brice,false
1784701694284,Bee,Fight,http://localhost:3251@alice,false
1784701694438,Ant,Walk,http://localhost:3251@Bat,false
1784701694441,Bat,Walk,http://localhost:3251@Ant,true
1784701695043,bear,Fight,http://localhost:3251@brice,true
1784701695045,brice,Fight,http://localhost:3251@bear,false
1784701695697,alice,Dance,http://localhost:3251@brice,false
1784701695698,brice,Dance,http://localhost:3251@alice,false
1784701695984,Bee,Explore,null,false
1784701696287,alice,Exercise,http://localhost:3251@Ant,false
1784701696289,Ant,Exercise,http://localhost:3251@bear,true
1784701696996,Bee,Fight,http://localhost:3251@Bat,false
1784701696998,brice,Fight,http://localhost:3251@Bee,false
1784701697061,Ant,Dance,http://localhost:3251@Bat,false
1784701697063,Bat,Dance,http://localhost:3251@Ant,false
1784701697351,bear,Explore,null,true
1784701698464,Ant,Walk,http://localhost:3251@Bee,true
1784701698465,bear,Walk,http://localhost:3251@Ant,false
1784701698466,Bee,Play,http://localhost:3251@brice,false
1784701698466,brice,Play,http://localhost:3251@Bee,true
1784701698755,Bat,Explore,null,false
1784701699660,alice,Exercise,http://localhost:3251@Ant,false
1784701699662,Ant,Exercise,http://localhost:3251@bear,true
1784701699777,Bat,Dance,http://localhost:3251@bear,false
1784701699778,bear,Dance,http://localhost:3251@alice,true
1784701701628,alice,Walk,http://localhost:3251@Bee,true
1784701701629,Ant,Walk,http://localhost:3251@Bee,true
1784701701630,Bat,Walk,http://localhost:3251@Ant,true
1784701701631,Bee,Walk,http://localhost:3251@alice,true
1784701702084,bear,Explore,null,false
1784701702890,Ant,Exercise,http://localhost:3251@bear,false
1784701702891,bear,Exercise,http://localhost:3251@Ant,false
1784701702892,brice,Exercise,http://localhost:3251@Ant,false
1784701703205,Bat,Explore,null,true
1784701703973,Bee,Explore,null,true
1784701704195,Ant,Sing,http://localhost:3251@Bat,true
1784701704201,Bat,Sing,http://localhost:3251@Ant,false
1784701704551,bear,Explore,null,true
1784701704552,brice,Explore,null,false
1784701704678,alice,Explore,null,false
1784701705343,bear,Sing,http://localhost:3251@Bee,false
1784701705344,Bee,Sing,http://localhost:3251@Bat,false
1784701705896,alice,Exercise,http://localhost:3251@brice,false
1784701705899,Ant,Explore,null,false
1784701705900,Bat,Exercise,http://localhost:3251@alice,false
1784701706239,Bee,Talk,http://localhost:3251@brice,true
1784701706240,brice,Talk,http://localhost:3251@alice,true
1784701707207,alice,Play,http://localhost:3251@Bat,true
1784701707208,Ant,Walk,http://localhost:3251@Bee,true
1784701707210,Bee,Play,http://localhost:3251@alice,true
1784701707211,brice,Walk,http://localhost:3251@Ant,false
1784701708000,alice,Sing,http://localhost:3251@bear,false
1784701708001,bear,Sing,http://localhost:3251@brice,false
1784701708162,Bat,Explore,null,false
1784701708811,Ant,Explore,null,true
1784701708866,alice,Talk,http://localhost:3251@Bee,true
1784701708867,Bee,Talk,http://localhost:3251@alice,false
1784701708867,brice,Explore,null,true
1784701709426,Bat,Walk,http://localhost:3251@Ant,true
1784701709427,bear,Walk,http://localhost:3251@Bat,true
1784701710039,Ant,Walk,http://localhost:3251@Bee,true
1784701710041,Bat,Walk,http://localhost:3251@Ant,true
1784701710986,bear,Explore,null,false
1784701711461,alice,Walk,http://localhost:3251@Bee,true
1784701711462,Bee,Walk,http://localhost:3251@alice,false
1784701711617,Ant,Explore,null,false
1784701712644,alice,Talk,http://localhost:3251@bear,true
1784701712646,bear,Talk,http://localhost:3251@alice,true
1784701712942,Bat,Explore,null,true
1784701713113,alice,Talk,http://localhost:3251@Bee,false
1784701713114,Bee,Talk,http://localhost:3251@alice,true
1784701713562,Ant,Walk,http://localhost:3251@Bee,true
1784701713562,Bat,Walk,http://localhost:3251@Ant,true
1784701713729,brice,Explore,null,false
1784701714362,bear,Walk,http://localhost:3251@Bee,true
1784701714362,Bee,Walk,http://localhost:3251@brice,true
1784701714418,alice,Walk,http://localhost:3251@Bee,true
1784701714419,brice,Walk,http://localhost:3251@alice,false
1784701715489,Bat,Play,http://localhost:3251@Ant,false
1784701715490,brice,Play,http://localhost:3251@Bat,true
1784701716073,bear,Talk,http://localhost:3251@alice,false
1784701716074,brice,Talk,http://localhost:3251@bear,false
1784701716654,alice,Explore,null,true
1784701717011,Bat,Walk,http://localhost:3251@Bee,false
1784701717012,Bee,Walk,http://localhost:3251@brice,true
1784701717707,brice,Explore,null,false
1784701718004,alice,Walk,http://localhost:3251@Bee,true
1784701718006,bear,Walk,http://localhost:3251@alice,false
1784701718119,Bee,Talk,http://localhost:3251@alice,true
1784701718120,brice,Talk,http://localhost:3251@Bee,true
1784701719060,Ant,Explore,null,false
1784701719292,alice,Sing,http://localhost:3251@Bat,false
1784701719293,Bee,Sing,http://localhost:3251@alice,true
1784701720000,Bat,Fight,http://localhost:3251@Bee,false
1784701720001,brice,Fight,http://localhost:3251@Bat,false
1784701720292,Ant,Talk,http://localhost:3251@bear,false
1784701720293,bear,Talk,http://localhost:3251@alice,false
1784701721183,Bee,Play,http://localhost:3251@bear,true
1784701721185,brice,Play,http://localhost:3251@Bee,true
1784701721533,Bat,Explore,null,true
1784701721850,bear,Explore,null,false
1784701722490,alice,Sing,http://localhost:3251@Bee,false
1784701722492,Bee,Sing,http://localhost:3251@Bat,false
1784701722840,bear,Fight,http://localhost:3251@Bat,false
1784701722841,Bee,Fight,http://localhost:3251@bear,true
1784701723131,Ant,Dance,http://localhost:3251@brice,true
1784701723132,brice,Dance,http://localhost:3251@Bat,true
1784701723814,Bat,Explore,null,true
1784701724499,Bee,Explore,null,false
1784701724978,Bat,Exercise,http://localhost:3251@brice,true
1784701724979,brice,Exercise,http://localhost:3251@Bee,true
1784701725380,alice,Explore,null,false
1784701725787,Ant,Walk,http://localhost:3251@Bee,true
1784701725788,Bat,Walk,http://localhost:3251@Ant,true
1784701725850,bear,Walk,http://localhost:3251@Bee,true
1784701725850,Bee,Walk,http://localhost:3251@brice,false
1784701726398,alice,Talk,http://localhost:3251@bear,false
1784701726399,Ant,Talk,http://localhost:3251@alice,true
1784701727136,alice,Play,http://localhost:3251@bear,true
1784701727138,bear,Play,http://localhost:3251@brice,false
1784701727190,brice,Explore,null,true
1784701727457,Bee,Explore,null,false
1784701727520,Ant,Talk,http://localhost:3251@Bat,false
1784701727520,Bat,Talk,http://localhost:3251@Bee,true
1784701728198,Bat,Talk,http://localhost:3251@bear,true
1784701728199,bear,Talk,http://localhost:3251@alice,false
1784701728496,alice,Talk,http://localhost:3251@Bee,true
1784701728497,Bee,Talk,http://localhost:3251@alice,false
1784701728817,Bee,Fight,http://localhost:3251@brice,false
1784701728817,brice,Fight,http://localhost:3251@bear,true
1784701729477,Ant,Walk,http://localhost:3251@Bat,true
1784701729478,Bat,Walk,http://localhost:3251@Ant,false
1784701729776,alice,Play,http://localhost:3251@Bat,false
1784701729777,bear,Play,http://localhost:3251@alice,false
1784701729828,Bat,Talk,http://localhost:3251@brice,true
1784701729828,brice,Talk,http://localhost:3251@alice,false
1784701730716,alice,Talk,http://localhost:3251@bear,true
1784701730717,Ant,Talk,http://localhost:3251@alice,true
1784701731332,bear,Walk,http://localhost:3251@Bee,false
1784701731332,Bee,Walk,http://localhost:3251@brice,false
1784701731332,brice,Explore,null,false
1784701732237,alice,Explore,null,false
1784701732679,Bat,Explore,null,false
1784701732997,bear,Explore,null,true
1784701732999,brice,Explore,null,false
1784701733183,alice,Exercise,http://localhost:3251@Bee,true
1784701733184,Bee,Exercise,http://localhost:3251@Ant,true
1784701733910,Ant,Exercise,http://localhost:3251@Bat,true
1784701733910,Bat,Exercise,http://localhost:3251@Bee,true
1784701734036,bear,Fight,http://localhost:3251@Bat,false
1784701734036,Bee,Fight,http://localhost:3251@bear,false
1784701735330,brice,Explore,null,true
1784701735498,alice,Explore,null,false
1784701735559,Bat,Explore,null,true
1784701736163,bear,Play,http://localhost:3251@brice,true
1784701736164,Bee,Play,http://localhost:3251@bear,false
1784701736421,Ant,Talk,http://localhost:3251@Bee,false
1784701736421,Bat,Talk,http://localhost:3251@Ant,true
1784701737158,alice,Explore,null,false
1784701737503,Ant,Play,http://localhost:3251@Bee,true
1784701737504,Bee,Play,http://localhost:3251@bear,false
1784701737716,Bat,Dance,http://localhost:3251@Ant,false
1784701737717,bear,Dance,http://localhost:3251@Bat,false
1784701738657,alice,Exercise,http://localhost:3251@Bee,false
1784701738658,Bat,Walk,http://localhost:3251@brice,false
1784701738658,Bee,Exercise,http://localhost:3251@Ant,true
1784701738659,brice,Walk,http://localhost:3251@bear,true
1784701738767,Ant,Sing,http://localhost:3251@Bat,true
1784701738768,bear,Sing,http://localhost:3251@Ant,true
1784701740028,Ant,Dance,http://localhost:3251@Bat,false
1784701740028,Bat,Dance,http://localhost:3251@Ant,true
1784701740138,bear,Walk,http://localhost:3251@Bee,false
1784701740139,Bee,Walk,http://localhost:3251@bear,false
1784701740261,brice,Explore,null,true
1784701740998,Bat,Talk,http://localhost:3251@Bee,true
1784701740999,bear,Talk,http://localhost:3251@Bat,true
1784701741811,brice,Explore,null,false
1784701741927,alice,Sing,http://localhost:3251@Ant,true
1784701741928,Ant,Sing,http://localhost:3251@Bat,false
1784701742514,alice,Talk,http://localhost:3251@Bee,true
1784701742515,Bee,Talk,http://localhost:3251@alice,true
1784701742579,bear,Explore,null,true
1784701742700,Bat,Explore,null,true
1784701743800,Bat,Play,http://localhost:3251@brice,true
1784701743800,brice,Play,http://localhost:3251@Bee,true
1784701744127,Ant,Explore,null,true
1784701744655,bear,Walk,http://localhost:3251@Bee,false
1784701744958,Ant,Exercise,http://localhost:3251@Bat,true
1784701744959,Bat,Exercise,http://localhost:3251@Bee,true
1784701745883,alice,Talk,http://localhost:3251@Bee,false
1784701746178,Bee,Talk,http://localhost:3251@alice,false
1784701746570,Bat,Explore,null,false
1784701747321,Ant,Walk,http://localhost:3251@bear,true
1784701747322,bear,Walk,http://localhost:3251@Bee,false
1784701747549,Bee,Play,http://localhost:3251@bear,false
1784701747549,brice,Play,http://localhost:3251@Bee,false
1784701747888,alice,Walk,http://localhost:3251@Bat,true
1784701747889,Bat,Walk,http://localhost:3251@Ant,false
1784701748587,alice,Play,http://localhost:3251@Ant,false
1784701748587,Ant,Play,http://localhost:3251@Bat,false
1784701748694,bear,Exercise,http://localhost:3251@Bee,true
1784701748695,Bee,Exercise,http://localhost:3251@Ant,false
1784701749925,alice,Walk,http://localhost:3251@Bee,true
1784701749925,Ant,Play,http://localhost:3251@Bat,false
1784701749926,Bat,Walk,http://localhost:3251@alice,true
1784701749926,bear,Play,http://localhost:3251@Ant,false
1784701750172,Bee,Play,http://localhost:3251@brice,false
1784701750173,brice,Play,http://localhost:3251@Bee,false
1784701751322,Bat,Dance,http://localhost:3251@Ant,true
1784701751323,brice,Dance,http://localhost:3251@Bat,true
1784701751563,Ant,Exercise,http://localhost:3251@Bee,false
1784701751564,Bee,Exercise,http://localhost:3251@Ant,true
1784701751626,bear,Explore,null,false
1784701752689,Bat,Walk,http://localhost:3251@Ant,false
1784701752690,bear,Walk,http://localhost:3251@Bat,false
1784701753686,Ant,Exercise,http://localhost:3251@bear,true
1784701753687,Bee,Exercise,http://localhost:3251@Ant,true
1784701754431,brice,Explore,null,false
1784701754871,Ant,Dance,http://localhost:3251@Bat,false
1784701754872,Bat,Dance,http://localhost:3251@Ant,true
1784701754983,alice,Dance,http://localhost:3251@brice,true
1784701754984,Bee,Dance,http://localhost:3251@alice,true
1784701755094,bear,Explore,null,true
1784701756106,alice,Talk,http://localhost:3251@brice,false
1784701756107,brice,Talk,http://localhost:3251@alice,true
1784701756497,Ant,Explore,null,false
1784701756498,Bat,Explore,null,false
1784701756688,alice,Fight,http://localhost:3251@Bee,true
1784701756690,Bee,Fight,http://localhost:3251@Bat,true
1784701757432,bear,Explore,null,false
1784701757938,alice,Exercise,http://localhost:3251@brice,false
1784701757939,Bat,Exercise,http://localhost:3251@alice,false
1784701758190,Ant,Explore,null,true
1784701758486,alice,Talk,http://localhost:3251@Bee,false
1784701758486,Bee,Talk,http://localhost:3251@alice,false
1784701758854,Bat,Dance,http://localhost:3251@brice,false
1784701758854,brice,Dance,http://localhost:3251@Bat,true
1784701759875,Ant,Sing,http://localhost:3251@Bee,true
1784701759876,Bee,Sing,http://localhost:3251@Bat,false
1784701760250,Bat,Dance,http://localhost:3251@Ant,false
1784701760251,brice,Dance,http://localhost:3251@Bat,true
1784701760794,Ant,Exercise,http://localhost:3251@bear,true
1784701760850,bear,Exercise,http://localhost:3251@brice,true
1784701761127,alice,Sing,http://localhost:3251@Bat,false
1784701761128,Bee,Sing,http://localhost:3251@alice,false
1784701761855,brice,Explore,null,true
1784701762090,Ant,Walk,http://localhost:3251@Bee,false
1784701762091,bear,Walk,http://localhost:3251@Ant,false
1784701762525,Bat,Explore,null,true
1784701763186,bear,Walk,http://localhost:3251@brice,false
1784701763188,brice,Walk,http://localhost:3251@bear,true
1784701763448,alice,Explore,null,true
1784701763563,Bee,Explore,null,false
1784701763843,Ant,Walk,http://localhost:3251@Bat,false
1784701763845,Bat,Walk,http://localhost:3251@Ant,true
1784701764190,Ant,Fight,http://localhost:3251@bear,true
1784701764192,bear,Fight,http://localhost:3251@Bat,true
1784701765233,Bee,Talk,http://localhost:3251@alice,false
1784701765234,brice,Talk,http://localhost:3251@Bee,true
1784701765486,alice,Dance,http://localhost:3251@brice,false
1784701765488,Ant,Dance,http://localhost:3251@alice,false
1784701765489,Bat,Explore,null,true
1784701766314,alice,Fight,http://localhost:3251@Bee,true
1784701766315,Bee,Fight,http://localhost:3251@Bat,true
1784701766726,bear,Explore,null,true
1784701766911,brice,Explore,null,true
1784701767822,Bat,Explore,null,false
1784701767999,Bee,Explore,null,true
1784701768550,brice,Explore,null,true
1784701768728,Ant,Sing,http://localhost:3251@bear,true
1784701768728,bear,Sing,http://localhost:3251@brice,true
1784701769715,alice,Play,http://localhost:3251@Bat,true
1784701769716,Bat,Play,http://localhost:3251@alice,true
1784701770549,alice,Talk,http://localhost:3251@bear,true
1784701770550,bear,Talk,http://localhost:3251@alice,true
1784701770660,Ant,Exercise,http://localhost:3251@bear,true
1784701770661,brice,Exercise,http://localhost:3251@Ant,true
1784701771231,Bat,Exercise,http://localhost:3251@Bee,true
1784701771231,Bee,Exercise,http://localhost:3251@Ant,true
1784701771953,alice,Dance,http://localhost:3251@brice,true
1784701771954,brice,Dance,http://localhost:3251@Bat,true
1784701772291,Ant,Explore,null,false
1784701772867,Ant,Fight,http://localhost:3251@Bee,true
1784701772868,Bee,Fight,http://localhost:3251@Bat,true
1784701773497,Bat,Explore,null,true
1784701773554,alice,Explore,null,false
1784701773555,brice,Explore,null,false
1784701773827,bear,Play,http://localhost:3251@brice,true
1784701773828,Bee,Play,http://localhost:3251@bear,false
1784701774817,Bat,Talk,http://localhost:3251@Bee,true
1784701774818,Bee,Talk,http://localhost:3251@alice,false
1784701774873,Ant,Play,http://localhost:3251@Bat,false
1784701774874,bear,Play,http://localhost:3251@Ant,false
1784701775093,alice,Explore,null,true
1784701776038,alice,Walk,http://localhost:3251@Bat,false
1784701776039,Bat,Walk,http://localhost:3251@Ant,false
1784701776752,Ant,Sing,http://localhost:3251@Bee,false
1784701776753,Bee,Sing,http://localhost:3251@Bat,false
1784701777043,bear,Explore,null,true
1784701777769,alice,Talk,http://localhost:3251@bear,true
1784701777769,Bat,Fight,http://localhost:3251@Bee,true
1784701777769,bear,Talk,http://localhost:3251@alice,false
1784701777770,Bee,Fight,http://localhost:3251@Bat,true
1784701779044,Ant,Walk,http://localhost:3251@bear,true
1784701779044,Bat,Walk,http://localhost:3251@Ant,false
1784701779045,bear,Walk,http://localhost:3251@Bee,true
1784701779046,brice,Walk,http://localhost:3251@Bat,false
1784701780373,Ant,Walk,http://localhost:3251@Bee,true
1784701780374,brice,Walk,http://localhost:3251@Ant,false
1784701781182,alice,Explore,null,false
1784701781253,Bat,Explore,null,true
1784701781955,Bee,Explore,null,true
1784701782112,Ant,Exercise,http://localhost:3251@bear,true
1784701782113,bear,Exercise,http://localhost:3251@brice,true
1784701782905,Bee,Walk,http://localhost:3251@brice,false
1784701782905,brice,Walk,http://localhost:3251@bear,true
1784701783538,Bat,Talk,http://localhost:3251@Bee,true
1784701783538,brice,Talk,http://localhost:3251@Bat,true
1784701783708,alice,Fight,http://localhost:3251@Ant,false
1784701783709,Ant,Fight,http://localhost:3251@Bee,true
1784701784421,bear,Explore,null,true
1784701784728,Ant,Fight,http://localhost:3251@Bee,false
1784701784729,Bee,Fight,http://localhost:3251@Ant,true
1784701785527,alice,Play,http://localhost:3251@Bat,false
1784701785527,Bat,Play,http://localhost:3251@Ant,true
1784701786379,Bee,Explore,null,false
1784701786432,Bat,Play,http://localhost:3251@bear,true
1784701786433,bear,Play,http://localhost:3251@brice,false
1784701786536,brice,Explore,null,false
1784701787305,Bat,Talk,http://localhost:3251@Bee,false
1784701787306,Bee,Talk,http://localhost:3251@alice,false
1784701787412,alice,Sing,http://localhost:3251@Bat,false
1784701787412,brice,Sing,http://localhost:3251@alice,true
1784701788527,Bat,Walk,http://localhost:3251@Ant,false
1784701788528,brice,Walk,http://localhost:3251@Bat,false
1784701788635,alice,Play,http://localhost:3251@Bat,false
1784701788636,Ant,Play,http://localhost:3251@alice,false
1784701788987,Bat,Talk,http://localhost:3251@Bee,false
1784701788987,Bee,Talk,http://localhost:3251@alice,false
1784701789322,bear,Explore,null,true
1784701789781,Ant,Play,http://localhost:3251@brice,true
1784701789782,brice,Play,http://localhost:3251@Bee,true
1784701789997,Bat,Talk,http://localhost:3251@Bee,false
1784701789998,Bee,Talk,http://localhost:3251@alice,true
1784701790780,alice,Explore,null,false
1784701791010,Ant,Play,http://localhost:3251@Bat,true
1784701791010,Bat,Play,http://localhost:3251@Ant,true
1784701791799,bear,Sing,http://localhost:3251@brice,true
1784701791800,brice,Sing,http://localhost:3251@bear,false
1784701792376,Ant,Exercise,http://localhost:3251@Bee,true
1784701792378,Bee,Exercise,http://localhost:3251@Ant,true
1784701793049,Bat,Walk,http://localhost:3251@brice,false
1784701793050,brice,Walk,http://localhost:3251@bear,true
1784701793328,alice,Fight,http://localhost:3251@Bee,true
1784701793328,Bee,Fight,http://localhost:3251@Bat,true
1784701793994,bear,Talk,http://localhost:3251@alice,true
1784701793995,Bee,Talk,http://localhost:3251@bear,true
1784701794851,Ant,Sing,http://localhost:3251@Bat,false
1784701794851,bear,Sing,http://localhost:3251@Ant,false
1784701795453,alice,Explore,null,false
1784701795519,Ant,Play,http://localhost:3251@Bat,false
1784701795520,Bat,Play,http://localhost:3251@Ant,true
1784701796182,Bee,Explore,null,false
1784701796468,Bat,Talk,http://localhost:3251@bear,false
1784701796469,bear,Talk,http://localhost:3251@alice,false
1784701796764,alice,Walk,http://localhost:3251@Bee,true
1784701796765,Ant,Walk,http://localhost:3251@alice,false
1784701797106,brice,Explore,null,true
1784701797327,Bat,Exercise,http://localhost:3251@Bee,true
1784701797327,Bee,Exercise,http://localhost:3251@Ant,true
1784701798375,Bee,Talk,http://localhost:3251@alice,true
1784701798376,brice,Talk,http://localhost:3251@Bee,false
1784701798681,Ant,Walk,http://localhost:3251@Bat,true
1784701798681,Bat,Walk,http://localhost:3251@Ant,true
1784701798809,bear,Explore,null,false
1784701799423,Bat,Fight,http://localhost:3251@Bee,true
1784701799424,Bee,Fight,http://localhost:3251@Bat,true
1784701799549,alice,Walk,http://localhost:3251@Bee,true
1784701799550,brice,Walk,http://localhost:3251@alice,false
1784701800016,Ant,Sing,http://localhost:3251@Bat,false
1784701800017,bear,Sing,http://localhost:3251@Ant,true
1784701800746,Bat,Dance,http://localhost:3251@Ant,false
1784701800747,brice,Dance,http://localhost:3251@Bat,true
1784701801360,Ant,Play,http://localhost:3251@Bat,true
1784701801361,Bee,Play,http://localhost:3251@Ant,true
1784701801729,Ant,Fight,http://localhost:3251@bear,true
1784701801730,bear,Fight,http://localhost:3251@Bat,false
1784701801854,alice,Explore,null,true
1784701802408,Bat,Talk,http://localhost:3251@Bee,false
1784701802409,Bee,Talk,http://localhost:3251@alice,false
1784701802759,bear,Fight,http://localhost:3251@Bat,false
1784701802760,Bee,Fight,http://localhost:3251@bear,false
1784701802823,alice,Walk,http://localhost:3251@brice,true
1784701802824,brice,Walk,http://localhost:3251@bear,false
1784701803796,alice,Play,http://localhost:3251@Ant,true
1784701803796,Ant,Play,http://localhost:3251@Bat,true
1784701804793,Bat,Explore,null,false
1784701804917,Ant,Play,http://localhost:3251@brice,false
1784701804918,brice,Play,http://localhost:3251@Bee,true
1784701805168,alice,Talk,http://localhost:3251@Bee,true
1784701805169,Bee,Talk,http://localhost:3251@alice,true
1784701806182,Ant,Sing,http://localhost:3251@Bat,true
1784701806183,Bat,Sing,http://localhost:3251@alice,true
1784701806510,brice,Explore,null,false
1784701806561,Ant,Talk,http://localhost:3251@bear,false
1784701806561,bear,Talk,http://localhost:3251@alice,true
1784701807685,Bat,Exercise,http://localhost:3251@Bee,false
1784701807686,Bee,Exercise,http://localhost:3251@Ant,false
1784701808471,alice,Walk,http://localhost:3251@Bee,true
1784701808472,Bat,Walk,http://localhost:3251@alice,true
1784701808760,brice,Explore,null,true
1784701808977,Ant,Play,http://localhost:3251@Bee,false
1784701808977,Bee,Play,http://localhost:3251@bear,true
1784701809646,bear,Exercise,http://localhost:3251@brice,false
1784701809647,Bee,Exercise,http://localhost:3251@bear,false
1784701810012,alice,Play,http://localhost:3251@brice,true
1784701810013,brice,Play,http://localhost:3251@Bee,false
1784701810358,Ant,Play,http://localhost:3251@Bat,false
1784701810359,Bat,Play,http://localhost:3251@Ant,true
1784701811234,alice,Fight,http://localhost:3251@bear,false
1784701811235,bear,Fight,http://localhost:3251@Bat,false
1784701811294,Bat,Walk,http://localhost:3251@brice,true
1784701811295,brice,Walk,http://localhost:3251@bear,false
1784701811810,Bee,Explore,null,true
1784701811860,Ant,Explore,null,false
1784701812822,alice,Explore,null,true
1784701812824,Ant,Fight,http://localhost:3251@Bee,false
1784701812824,Bee,Fight,http://localhost:3251@Bat,false
1784701812886,Bat,Fight,http://localhost:3251@bear,false
1784701812887,bear,Fight,http://localhost:3251@Bat,false
1784701812889,brice,Explore,null,false
1784701813965,Ant,Exercise,http://localhost:3251@bear,false
1784701813966,bear,Exercise,http://localhost:3251@Ant,true
1784701814133,Bee,Play,http://localhost:3251@brice,true
1784701814134,brice,Play,http://localhost:3251@Bee,true
1784701815046,alice,Explore,null,true
1784701815046,Bat,Explore,null,true
1784701815483,Ant,Explore,null,false
1784701815484,bear,Explore,null,false
1784701815709,Bat,Fight,http://localhost:3251@Bee,true
1784701815710,Bee,Fight,http://localhost:3251@Bat,true
1784701816806,alice,Walk,http://localhost:3251@Ant,true
1784701816807,Ant,Walk,http://localhost:3251@Bee,true
1784701817027,bear,Explore,null,true
1784701817357,Bee,Walk,http://localhost:3251@brice,true
1784701817358,brice,Walk,http://localhost:3251@bear,true
1784701817849,Bat,Explore,null,true
1784701818018,Ant,Play,http://localhost:3251@Bat,false
1784701818018,Bee,Play,http://localhost:3251@Ant,false
1784701818371,Bat,Fight,http://localhost:3251@brice,false
1784701818372,brice,Fight,http://localhost:3251@bear,true
1784701819596,Ant,Exercise,http://localhost:3251@bear,false
1784701819597,bear,Exercise,http://localhost:3251@brice,false
1784701819782,Bat,Dance,http://localhost:3251@brice,true
1784701819783,brice,Dance,http://localhost:3251@Bat,false
1784701820354,alice,Fight,http://localhost:3251@brice,true
1784701820355,Ant,Fight,http://localhost:3251@alice,false
1784701820860,bear,Walk,http://localhost:3251@Bee,true
1784701820860,Bee,Walk,http://localhost:3251@bear,false
1784701821026,alice,Dance,http://localhost:3251@brice,true
1784701821027,brice,Dance,http://localhost:3251@Bat,true
1784701821339,Bat,Explore,null,false
1784701822213,Bat,Dance,http://localhost:3251@Bee,false
1784701822214,Bee,Dance,http://localhost:3251@Bat,false
1784701822340,Ant,Dance,http://localhost:3251@brice,true
1784701822342,brice,Dance,http://localhost:3251@Ant,true
1784701822537,bear,Explore,null,false
1784701823426,Bee,Talk,http://localhost:3251@brice,false
1784701823427,brice,Talk,http://localhost:3251@alice,false
1784701824219,alice,Talk,http://localhost:3251@bear,true
1784701824221,Bee,Talk,http://localhost:3251@alice,false
1784701824282,Bat,Walk,http://localhost:3251@Ant,true
1784701824283,bear,Walk,http://localhost:3251@Bat,false
1784701824399,Ant,Sing,http://localhost:3251@Bat,false
1784701824400,brice,Sing,http://localhost:3251@Ant,true
1784701825260,Ant,Fight,http://localhost:3251@Bee,true
1784701825261,Bee,Fight,http://localhost:3251@Bat,true
1784701825441,alice,Exercise,http://localhost:3251@brice,true
1784701825441,brice,Exercise,http://localhost:3251@alice,true
1784701826298,Bee,Fight,http://localhost:3251@Bat,false
1784701826299,brice,Fight,http://localhost:3251@Bee,true
1784701826361,alice,Sing,http://localhost:3251@Bat,false
1784701826362,Bat,Sing,http://localhost:3251@alice,false
1784701826609,bear,Explore,null,false
1784701827515,Bat,Exercise,http://localhost:3251@Bee,true
1784701827515,Bee,Exercise,http://localhost:3251@Ant,true
1784701828004,alice,Talk,http://localhost:3251@brice,false
1784701828006,brice,Talk,http://localhost:3251@alice,false
1784701828626,Ant,Sing,http://localhost:3251@bear,true
1784701828627,bear,Sing,http://localhost:3251@brice,false
1784701829196,Bat,Explore,null,true
1784701829376,Ant,Dance,http://localhost:3251@brice,true
1784701829378,brice,Dance,http://localhost:3251@Bat,true
1784701829555,alice,Play,http://localhost:3251@Bee,true
1784701829555,Bee,Play,http://localhost:3251@bear,true
1784701830281,Bat,Fight,http://localhost:3251@Bee,false
1784701830282,Bee,Fight,http://localhost:3251@Bat,false
1784701830721,alice,Sing,http://localhost:3251@bear,false
1784701830722,bear,Sing,http://localhost:3251@brice,false
1784701831038,brice,Explore,null,true
1784701831479,Ant,Walk,http://localhost:3251@Bee,false
1784701831481,Bee,Walk,http://localhost:3251@Ant,false
1784701832100,alice,Play,http://localhost:3251@Bat,false
1784701832101,Bat,Play,http://localhost:3251@alice,true
1784701832713,Bat,Exercise,http://localhost:3251@Bee,false
1784701832714,Bee,Exercise,http://localhost:3251@Ant,false
1784701833334,Bat,Exercise,http://localhost:3251@bear,false
1784701833336,bear,Exercise,http://localhost:3251@brice,true
1784701833752,Bee,Fight,http://localhost:3251@Bat,true
1784701833753,brice,Fight,http://localhost:3251@Bee,false
1784701834181,alice,Walk,http://localhost:3251@Ant,false
1784701834182,Ant,Walk,http://localhost:3251@Bee,false
1784701834662,bear,Play,http://localhost:3251@brice,true
1784701834663,Bee,Play,http://localhost:3251@bear,false
1784701834726,Bat,Play,http://localhost:3251@Ant,true
1784701834727,brice,Play,http://localhost:3251@Bat,false
1784701835215,Ant,Fight,http://localhost:3251@Bee,true
1784701835216,Bee,Fight,http://localhost:3251@Ant,false
1784701835521,alice,Walk,http://localhost:3251@Bee,false
1784701835523,brice,Walk,http://localhost:3251@alice,true
1784701836371,Bat,Explore,null,false
1784701836624,Ant,Sing,http://localhost:3251@Bat,false
1784701836626,bear,Sing,http://localhost:3251@Ant,false
1784701837195,brice,Explore,null,true
1784701837569,alice,Dance,http://localhost:3251@brice,true
1784701837571,Bee,Dance,http://localhost:3251@alice,true
1784701838565,alice,Dance,http://localhost:3251@brice,false
1784701838566,brice,Dance,http://localhost:3251@Bat,false
1784701839242,Bee,Explore,null,false
1784701839478,alice,Talk,http://localhost:3251@Bat,false
1784701839479,Bat,Talk,http://localhost:3251@Bee,true
1784701839911,Bee,Play,http://localhost:3251@brice,true
1784701839912,brice,Play,http://localhost:3251@Bee,true
1784701840405,bear,Explore,null,false
1784701840709,Ant,Dance,http://localhost:3251@brice,true
1784701840711,Bee,Dance,http://localhost:3251@Ant,true
1784701841272,bear,Play,http://localhost:3251@brice,false
1784701841273,brice,Play,http://localhost:3251@Bee,true
1784701841590,Ant,Play,http://localhost:3251@Bat,false
1784701841590,Bat,Play,http://localhost:3251@Ant,false
1784701842764,bear,Walk,http://localhost:3251@Bee,false
1784701842765,Bee,Walk,http://localhost:3251@brice,true
1784701842937,brice,Explore,null,true
1784701844258,Ant,Play,http://localhost:3251@Bat,false
1784701844259,Bat,Play,http://localhost:3251@Ant,true
1784701844378,Bee,Explore,null,false
1784701844798,Ant,Exercise,http://localhost:3251@brice,false
1784701844800,brice,Exercise,http://localhost:3251@Bee,false
1784701845547,Bee,Exercise,http://localhost:3251@Ant,true
1784701845548,brice,Exercise,http://localhost:3251@Bee,true
1784701845669,bear,Explore,null,true
1784701846116,Bat,Exercise,http://localhost:3251@Bee,true
1784701846118,brice,Exercise,http://localhost:3251@Bat,false
1784701846537,alice,Explore,null,true
1784701846901,Bat,Walk,http://localhost:3251@Bee,false
1784701846903,Bee,Walk,http://localhost:3251@brice,false
1784701847419,alice,Fight,http://localhost:3251@bear,true
1784701847420,bear,Fight,http://localhost:3251@Bat,false
1784701847614,Ant,Sing,http://localhost:3251@Bat,true
1784701847615,Bee,Sing,http://localhost:3251@Ant,false
1784701847792,brice,Explore,null,false
1784701849309,Ant,Explore,null,true
1784701850172,Ant,Play,http://localhost:3251@bear,true
1784701850173,bear,Play,http://localhost:3251@brice,true
1784701850173,brice,Explore,null,false
1784701850234,alice,Play,http://localhost:3251@Bat,false
1784701850236,Bat,Play,http://localhost:3251@alice,false
1784701851099,Ant,Play,http://localhost:3251@Bee,true
1784701851101,Bee,Play,http://localhost:3251@bear,true
1784701852165,Ant,Talk,http://localhost:3251@Bee,true
1784701852165,Bee,Talk,http://localhost:3251@alice,false
1784701852483,bear,Explore,null,false
1784701852547,Bat,Explore,null,true
1784701853534,Ant,Play,http://localhost:3251@Bat,false
1784701853534,Bat,Play,http://localhost:3251@Ant,true
1784701853895,Ant,Talk,http://localhost:3251@Bee,false
1784701853896,Bee,Talk,http://localhost:3251@alice,false
1784701854909,bear,Explore,null,false
1784701855166,Bat,Explore,null,true
1784701855335,alice,Explore,null,false
1784701855336,brice,Explore,null,true
1784701855868,Bat,Walk,http://localhost:3251@Bee,true
1784701855869,Bee,Walk,http://localhost:3251@brice,false
1784701856433,alice,Talk,http://localhost:3251@bear,false
1784701856434,Bee,Talk,http://localhost:3251@alice,true
1784701856555,bear,Explore,null,false
1784701857300,Ant,Walk,http://localhost:3251@Bee,false
1784701857301,brice,Walk,http://localhost:3251@Ant,false
1784701857565,Bat,Explore,null,true
1784701858119,alice,Explore,null,false
1784701858500,Ant,Sing,http://localhost:3251@Bee,true
1784701858501,Bee,Sing,http://localhost:3251@Bat,true
1784701858947,bear,Explore,null,false
1784701859186,Bat,Explore,null,true
1784701859312,alice,Dance,http://localhost:3251@brice,false
1784701859313,brice,Dance,http://localhost:3251@Bat,false
1784701859537,Bat,Talk,http://localhost:3251@Bee,true
1784701859538,Bee,Talk,http://localhost:3251@alice,false
1784701860167,Ant,Explore,null,true
1784701860221,bear,Walk,http://localhost:3251@Bee,true
1784701860222,brice,Walk,http://localhost:3251@bear,false
1784701861292,alice,Sing,http://localhost:3251@Bat,true
1784701861292,Ant,Sing,http://localhost:3251@alice,true
1784701862331,alice,Walk,http://localhost:3251@Bat,true
1784701862332,Bat,Walk,http://localhost:3251@Ant,false
1784701862523,bear,Explore,null,true
1784701862965,Bee,Sing,http://localhost:3251@Bat,false
1784701862966,brice,Sing,http://localhost:3251@Bee,false
1784701863361,Bat,Talk,http://localhost:3251@Bee,false
1784701863361,Bee,Talk,http://localhost:3251@Bat,true
1784701863814,alice,Walk,http://localhost:3251@bear,false
1784701863815,bear,Walk,http://localhost:3251@Bee,true
1784701864220,Bee,Sing,http://localhost:3251@brice,true
1784701864220,brice,Sing,http://localhost:3251@Bee,true
1784701865113,alice,Walk,http://localhost:3251@Bee,true
1784701865115,brice,Walk,http://localhost:3251@alice,true
1784701865503,Ant,Explore,null,true
1784701865782,Bat,Exercise,http://localhost:3251@Bee,true
1784701865782,Bee,Explore,null,false
1784701865783,brice,Exercise,http://localhost:3251@Bat,false
1784701865997,bear,Explore,null,false
1784701867016,bear,Walk,http://localhost:3251@brice,false
1784701867017,brice,Walk,http://localhost:3251@bear,false
1784701867361,alice,Dance,http://localhost:3251@Ant,false
1784701867362,Ant,Dance,http://localhost:3251@brice,true
1784701867362,Bat,Fight,http://localhost:3251@Bee,false
1784701867362,Bee,Fight,http://localhost:3251@Bat,true
1784701868987,bear,Dance,http://localhost:3251@alice,false
1784701868988,Bee,Dance,http://localhost:3251@bear,true
1784701869216,alice,Exercise,http://localhost:3251@Bat,true
1784701869217,Bat,Exercise,http://localhost:3251@Bee,false
1784701869217,brice,Explore,null,false
1784701870115,alice,Talk,http://localhost:3251@bear,false
1784701870116,bear,Talk,http://localhost:3251@alice,true
1784701870294,Ant,Explore,null,true
1784701870294,Bat,Play,http://localhost:3251@Bee,false
1784701870295,Bee,Play,http://localhost:3251@bear,true
1784701871271,alice,Exercise,http://localhost:3251@brice,true
1784701871272,Bat,Exercise,http://localhost:3251@alice,false
1784701871459,Ant,Sing,http://localhost:3251@bear,false
1784701871461,bear,Sing,http://localhost:3251@brice,true
1784701872098,bear,Exercise,http://localhost:3251@Bee,true
1784701872099,Bee,Exercise,http://localhost:3251@Ant,false
1784701872803,Bee,Talk,http://localhost:3251@brice,true
1784701872804,brice,Talk,http://localhost:3251@alice,false
1784701873489,alice,Explore,null,true
1784701874113,Bat,Explore,null,false
1784701874171,Ant,Play,http://localhost:3251@Bee,false
1784701874171,Bee,Play,http://localhost:3251@bear,true
1784701874335,brice,Explore,null,false
1784701874399,bear,Explore,null,false
1784701875405,alice,Play,http://localhost:3251@Bat,true
1784701875405,Bee,Play,http://localhost:3251@alice,true
1784701875705,Bat,Explore,null,false
1784701876677,bear,Play,http://localhost:3251@Bee,true
1784701876678,Bee,Play,http://localhost:3251@bear,true
1784701877041,alice,Talk,http://localhost:3251@bear,false
1784701877042,Bat,Talk,http://localhost:3251@alice,true
1784701877554,Bee,Play,http://localhost:3251@brice,true
1784701877555,brice,Play,http://localhost:3251@Bee,true
1784701878171,Bat,Exercise,http://localhost:3251@Bee,true
1784701878172,bear,Exercise,http://localhost:3251@Bat,false
1784701878351,alice,Walk,http://localhost:3251@Bee,true
1784701878353,Ant,Walk,http://localhost:3251@alice,true
1784701878820,Bat,Play,http://localhost:3251@Bee,false
1784701878822,Bee,Play,http://localhost:3251@bear,true
1784701879482,Bee,Sing,http://localhost:3251@brice,false
1784701879483,brice,Sing,http://localhost:3251@Bee,false
1784701880151,Bat,Dance,http://localhost:3251@Ant,false
1784701880152,brice,Dance,http://localhost:3251@Bat,true
1784701880372,bear,Explore,null,false
1784701880895,Ant,Walk,http://localhost:3251@Bee,false
1784701880897,brice,Walk,http://localhost:3251@Ant,false
1784701881539,alice,Play,http://localhost:3251@Bat,false
1784701881541,brice,Play,http://localhost:3251@alice,false
1784701882132,bear,Dance,http://localhost:3251@Bee,false
1784701882134,Bee,Dance,http://localhost:3251@Bat,false
1784701883725,bear,Explore,null,true
1784701883787,brice,Explore,null,false
1784701883851,Bat,Fight,http://localhost:3251@Bee,true
1784701883852,Bee,Fight,http://localhost:3251@Bat,false
1784701884436,Ant,Explore,null,false
1784701884617,alice,Talk,http://localhost:3251@bear,true
1784701884618,Bee,Talk,http://localhost:3251@alice,true
1784701885405,Bat,Talk,http://localhost:3251@brice,true
1784701885406,brice,Talk,http://localhost:3251@alice,false
1784701885631,Ant,Sing,http://localhost:3251@bear,true
1784701885632,bear,Sing,http://localhost:3251@brice,false
1784701886136,Bee,Explore,null,false
1784701886853,alice,Talk,http://localhost:3251@bear,true
1784701886854,Bee,Talk,http://localhost:3251@alice,false
1784701886908,Bat,Play,http://localhost:3251@bear,true
1784701886909,bear,Play,http://localhost:3251@brice,true
1784701886970,brice,Explore,null,false
1784701888104,bear,Sing,http://localhost:3251@Bee,false
1784701888104,Bee,Sing,http://localhost:3251@Bat,true
1784701889117,Bat,Explore,null,true
1784701889393,Ant,Walk,http://localhost:3251@bear,true
1784701889394,bear,Walk,http://localhost:3251@Bee,true
1784701889686,Bee,Explore,null,false
1784701890152,bear,Play,http://localhost:3251@brice,false
1784701890154,brice,Play,http://localhost:3251@Bee,false
1784701890373,Bat,Play,http://localhost:3251@Ant,false
1784701890373,Bee,Play,http://localhost:3251@Bat,true
1784701891647,alice,Play,http://localhost:3251@Bee,true
1784701891649,Bee,Play,http://localhost:3251@bear,true
1784701892104,Ant,Walk,http://localhost:3251@bear,true
1784701892106,bear,Walk,http://localhost:3251@Bee,true
1784701892620,Bat,Explore,null,false
1784701892981,brice,Explore,null,false
1784701893382,alice,Play,http://localhost:3251@Ant,true
1784701893383,Ant,Play,http://localhost:3251@Bat,false
1784701894043,bear,Sing,http://localhost:3251@brice,false
1784701894044,Bee,Sing,http://localhost:3251@bear,false
1784701894392,Ant,Talk,http://localhost:3251@Bee,false
1784701894393,Bee,Talk,http://localhost:3251@Ant,false
1784701895013,alice,Explore,null,false
1784701895077,Bat,Exercise,http://localhost:3251@Bee,true
1784701895080,bear,Exercise,http://localhost:3251@Bat,false
1784701895707,bear,Play,http://localhost:3251@Bee,true
1784701895708,Bee,Play,http://localhost:3251@bear,false
1784701895815,brice,Explore,null,true
1784701896919,alice,Play,http://localhost:3251@Bat,true
1784701896920,brice,Play,http://localhost:3251@alice,true
1784701897041,Ant,Play,http://localhost:3251@Bat,true
1784701897042,Bat,Play,http://localhost:3251@Ant,true
1784701897282,Bee,Explore,null,false
1784701897612,alice,Sing,http://localhost:3251@bear,false
1784701897613,bear,Sing,http://localhost:3251@brice,false
1784701898542,alice,Sing,http://localhost:3251@Bee,false
1784701898543,Bee,Sing,http://localhost:3251@Bat,true
1784701899557,Bee,Play,http://localhost:3251@brice,true
1784701899558,brice,Play,http://localhost:3251@Bee,true
1784701900520,alice,Exercise,http://localhost:3251@brice,true
1784701900522,bear,Exercise,http://localhost:3251@alice,false
1784701901124,Bee,Explore,null,true
1784701901182,alice,Talk,http://localhost:3251@brice,true
1784701901184,brice,Talk,http://localhost:3251@alice,false
1784701901596,Ant,Fight,http://localhost:3251@bear,false
1784701901597,bear,Fight,http://localhost:3251@Bat,true
1784701902182,Bat,Dance,http://localhost:3251@Ant,true
1784701902182,brice,Dance,http://localhost:3251@Bat,true
1784701902282,Ant,Exercise,http://localhost:3251@Bee,true
1784701902282,Bee,Exercise,http://localhost:3251@Ant,false
1784701903071,alice,Play,http://localhost:3251@Bat,false
1784701903072,Bee,Play,http://localhost:3251@alice,false
1784701903515,Ant,Sing,http://localhost:3251@Bat,false
1784701903516,Bat,Sing,http://localhost:3251@Ant,false
1784701904026,alice,Play,http://localhost:3251@brice,true
1784701904027,brice,Play,http://localhost:3251@Bee,true
1784701904260,Ant,Exercise,http://localhost:3251@Bee,false
1784701904261,Bee,Exercise,http://localhost:3251@Ant,true
1784701904791,bear,Walk,http://localhost:3251@Bee,true
1784701904793,brice,Walk,http://localhost:3251@bear,false
1784701905145,Bat,Explore,null,true
1784701905888,Ant,Explore,null,false
1784701906235,Bee,Play,http://localhost:3251@bear,false
1784701906236,brice,Play,http://localhost:3251@Bee,false
1784701906654,Ant,Exercise,http://localhost:3251@bear,true
1784701906655,bear,Exercise,http://localhost:3251@brice,true
1784701906837,Bat,Fight,http://localhost:3251@Bee,false
1784701906838,brice,Fight,http://localhost:3251@Bat,true
1784701907306,Ant,Fight,http://localhost:3251@Bee,true
1784701907307,Bee,Fight,http://localhost:3251@Bat,false
1784701908282,Bee,Talk,http://localhost:3251@alice,false
1784701908283,brice,Talk,http://localhost:3251@Bee,false
1784701908904,alice,Talk,http://localhost:3251@bear,true
1784701908905,Bat,Talk,http://localhost:3251@alice,false
1784701909194,Ant,Walk,http://localhost:3251@Bee,false
1784701909194,brice,Walk,http://localhost:3251@Ant,true
1784701909561,Bat,Walk,http://localhost:3251@Bee,true
1784701909561,Bee,Walk,http://localhost:3251@brice,false
1784701910162,bear,Explore,null,true
1784701910711,Ant,Explore,null,true
1784701911394,Bee,Play,http://localhost:3251@bear,true
1784701911395,brice,Play,http://localhost:3251@Bee,true
1784701911818,alice,Explore,null,true
1784701912041,Ant,Walk,http://localhost:3251@Bee,true
1784701912043,brice,Walk,http://localhost:3251@Ant,true
1784701912375,alice,Fight,http://localhost:3251@Bee,false
1784701912376,Bat,Explore,null,false
1784701912376,Bee,Fight,http://localhost:3251@Bat,true
1784701912727,Ant,Dance,http://localhost:3251@bear,false
1784701912728,bear,Dance,http://localhost:3251@alice,true
1784701913662,alice,Walk,http://localhost:3251@Bee,false
1784701913663,Ant,Walk,http://localhost:3251@alice,true
1784701913664,bear,Dance,http://localhost:3251@Bee,false
1784701913665,Bee,Dance,http://localhost:3251@Bat,true
1784701913938,Bat,Explore,null,true
1784701914562,Bat,Play,http://localhost:3251@brice,false
1784701914563,brice,Play,http://localhost:3251@Bee,false
1784701915156,Ant,Explore,null,true
1784701915488,bear,Walk,http://localhost:3251@Bee,false
1784701915490,brice,Walk,http://localhost:3251@bear,true
1784701915810,Bat,Talk,http://localhost:3251@Bee,false
1784701915812,Bee,Talk,http://localhost:3251@alice,false
1784701915863,alice,Explore,null,true
1784701916082,Ant,Talk,http://localhost:3251@Bee,false
1784701916084,bear,Talk,http://localhost:3251@Ant,false
1784701916976,brice,Explore,null,true
1784701917153,alice,Play,http://localhost:3251@Bat,true
1784701917154,Ant,Play,http://localhost:3251@alice,true
1784701917727,bear,Dance,http://localhost:3251@Bee,true
1784701917728,Bee,Dance,http://localhost:3251@Bat,false
1784701918438,alice,Play,http://localhost:3251@Bat,false
1784701918439,Bee,Play,http://localhost:3251@alice,true
1784701919193,brice,Explore,null,true
1784701919315,Ant,Fight,http://localhost:3251@Bat,false
1784701919316,Bat,Fight,http://localhost:3251@Bee,true
1784701920460,alice,Walk,http://localhost:3251@Bee,true
1784701920461,Bat,Walk,http://localhost:3251@alice,true
1784701920760,Ant,Talk,http://localhost:3251@bear,true
1784701920761,bear,Talk,http://localhost:3251@alice,true
1784701920826,brice,Explore,null,true
1784701921527,Bat,Fight,http://localhost:3251@Bee,true
1784701921528,Bee,Fight,http://localhost:3251@Bat,false
1784701921755,alice,Play,http://localhost:3251@Bat,true
1784701921755,brice,Play,http://localhost:3251@alice,true
1784701922665,bear,Exercise,http://localhost:3251@brice,true
1784701922666,brice,Exercise,http://localhost:3251@bear,false
1784701922717,alice,Talk,http://localhost:3251@bear,true
1784701922719,Bat,Talk,http://localhost:3251@alice,false
1784701923050,Bee,Explore,null,true
1784701923893,alice,Exercise,http://localhost:3251@brice,true
1784701923894,bear,Exercise,http://localhost:3251@alice,false
1784701924171,brice,Explore,null,true
1784701924354,Ant,Explore,null,true
1784701925263,Bee,Explore,null,true
1784701925419,Bat,Walk,http://localhost:3251@brice,true
1784701925420,brice,Walk,http://localhost:3251@bear,true
1784701925584,alice,Play,http://localhost:3251@Ant,true
1784701925585,Ant,Play,http://localhost:3251@Bat,false
1784701926502,alice,Play,http://localhost:3251@Bee,false
1784701926504,Bee,Play,http://localhost:3251@bear,true
1784701927147,Ant,Explore,null,false
1784701927326,alice,Walk,http://localhost:3251@brice,true
1784701927327,brice,Walk,http://localhost:3251@bear,false
1784701927383,bear,Explore,null,true
1784701927875,Bat,Exercise,http://localhost:3251@Bee,false
1784701927876,brice,Exercise,http://localhost:3251@Bat,false
1784701928516,Bat,Sing,http://localhost:3251@Bee,false
1784701928517,Bee,Sing,http://localhost:3251@Bat,true
1784701929009,bear,Explore,null,false
1784701929320,alice,Sing,http://localhost:3251@Bat,true
1784701929321,Ant,Sing,http://localhost:3251@alice,true
1784701929480,brice,Explore,null,false
1784701930563,Bat,Walk,http://localhost:3251@Ant,true
1784701930564,brice,Walk,http://localhost:3251@Bat,true
1784701930815,Bee,Explore,null,false
1784701930941,alice,Explore,null,true
1784701932047,bear,Explore,null,true
1784701932871,alice,Sing,http://localhost:3251@Bat,true
1784701932871,Ant,Sing,http://localhost:3251@alice,false
1784701933293,Bat,Exercise,http://localhost:3251@Bee,false
1784701933293,Bee,Exercise,http://localhost:3251@Ant,true
1784701933708,bear,Explore,null,false
1784701934499,bear,Play,http://localhost:3251@brice,false
1784701934500,brice,Play,http://localhost:3251@Bee,false
1784701934986,bear,Talk,http://localhost:3251@Bee,true
1784701934987,Bee,Talk,http://localhost:3251@alice,false
1784701935049,alice,Fight,http://localhost:3251@Bat,false
1784701935050,Bat,Fight,http://localhost:3251@Bee,false
1784701935524,Ant,Sing,http://localhost:3251@Bat,true
1784701935525,brice,Sing,http://localhost:3251@Ant,false
1784701936010,Bat,Fight,http://localhost:3251@Bee,false
1784701936011,Bee,Fight,http://localhost:3251@Bat,false
1784701936305,alice,Walk,http://localhost:3251@bear,true
1784701936306,bear,Walk,http://localhost:3251@Bee,false
1784701936598,Bat,Talk,http://localhost:3251@brice,false
1784701936599,brice,Talk,http://localhost:3251@alice,false
1784701937092,Bee,Talk,http://localhost:3251@alice,true
1784701937093,brice,Talk,http://localhost:3251@Bee,true
1784701937796,alice,Exercise,http://localhost:3251@Bat,true
1784701937797,Bat,Exercise,http://localhost:3251@Bee,true
1784701938547,Ant,Explore,null,true
1784701938737,brice,Explore,null,false
1784701938981,alice,Exercise,http://localhost:3251@brice,false
1784701938982,bear,Exercise,http://localhost:3251@alice,true
1784701939395,Bat,Explore,null,false
1784701939873,Ant,Walk,http://localhost:3251@Bee,false
1784701939875,brice,Walk,http://localhost:3251@Ant,true
1784701940000,Bat,Talk,http://localhost:3251@bear,true
1784701940002,bear,Talk,http://localhost:3251@alice,false
1784701940895,Ant,Exercise,http://localhost:3251@Bee,true
1784701940896,Bee,Exercise,http://localhost:3251@Ant,true
1784701941021,alice,Walk,http://localhost:3251@Bee,false
1784701941022,Bat,Walk,http://localhost:3251@alice,false
1784701941655,bear,Explore,null,false
1784701942129,brice,Explore,null,false
1784701942185,Bat,Play,http://localhost:3251@Bee,true
1784701942186,Bee,Play,http://localhost:3251@bear,true
1784701942481,Ant,Explore,null,true
1784701942974,alice,Play,http://localhost:3251@Bat,false
1784701942975,Bat,Play,http://localhost:3251@alice,false
1784701942976,bear,Play,http://localhost:3251@brice,true
1784701942977,Bee,Play,http://localhost:3251@bear,false
1784701943510,alice,Talk,http://localhost:3251@Ant,true
1784701943511,Ant,Talk,http://localhost:3251@Bee,true
1784701944173,alice,Exercise,http://localhost:3251@Bat,false
1784701944175,Bat,Exercise,http://localhost:3251@Bee,true
1784701944749,Bee,Dance,http://localhost:3251@brice,false
1784701944749,brice,Dance,http://localhost:3251@Bat,true
1784701944804,alice,Exercise,http://localhost:3251@bear,false
1784701944805,bear,Exercise,http://localhost:3251@brice,false
1784701945438,Bat,Walk,http://localhost:3251@Ant,false
1784701945439,bear,Walk,http://localhost:3251@Bat,false
1784701946660,Bat,Play,http://localhost:3251@Bee,false
1784701946661,Bee,Play,http://localhost:3251@bear,true
1784701946718,alice,Sing,http://localhost:3251@bear,true
1784701946732,bear,Sing,http://localhost:3251@brice,false
1784701947008,brice,Explore,null,false
1784701947669,alice,Fight,http://localhost:3251@Bat,false
1784701947670,Bat,Fight,http://localhost:3251@Bee,true
1784701947893,Ant,Exercise,http://localhost:3251@Bee,true
1784701947895,Bee,Exercise,http://localhost:3251@Ant,true
1784701948004,bear,Walk,http://localhost:3251@Bee,false
1784701948004,brice,Walk,http://localhost:3251@bear,true
1784701948960,alice,Play,http://localhost:3251@Bat,true
1784701948961,brice,Play,http://localhost:3251@alice,false
1784701949086,Bat,Exercise,http://localhost:3251@Bee,true
1784701949086,Bee,Exercise,http://localhost:3251@Ant,false
1784701949217,Ant,Exercise,http://localhost:3251@bear,false
1784701949218,bear,Exercise,http://localhost:3251@brice,false
1784701950436,bear,Play,http://localhost:3251@Bee,true
1784701950437,Bee,Play,http://localhost:3251@bear,true
1784701950615,alice,Explore,null,false
1784701951236,brice,Explore,null,true
1784701951479,Ant,Talk,http://localhost:3251@Bee,false
1784701951480,Bee,Talk,http://localhost:3251@alice,false
1784701952436,Bee,Exercise,http://localhost:3251@brice,true
1784701952436,brice,Exercise,http://localhost:3251@Bee,true
1784701952550,alice,Exercise,http://localhost:3251@Bat,false
1784701952550,Bat,Exercise,http://localhost:3251@Bee,true
1784701953081,Ant,Explore,null,true
1784701953837,alice,Sing,http://localhost:3251@Bat,true
1784701953838,brice,Sing,http://localhost:3251@alice,true
1784701954023,Bee,Explore,null,false
1784701954667,bear,Explore,null,true
1784701954793,Bat,Explore,null,false
1784701955659,Ant,Sing,http://localhost:3251@Bat,false
1784701955660,brice,Sing,http://localhost:3251@Ant,false
1784701956175,Bat,Walk,http://localhost:3251@Ant,true
1784701956176,Bee,Walk,http://localhost:3251@Bat,true
1784701956426,alice,Sing,http://localhost:3251@Bat,false
1784701956427,Ant,Sing,http://localhost:3251@alice,false
1784701957242,Ant,Play,http://localhost:3251@bear,true
1784701957243,bear,Play,http://localhost:3251@brice,true
1784701957243,brice,Explore,null,true
1784701957969,alice,Explore,null,false
1784701958098,bear,Play,http://localhost:3251@Bee,true
1784701958099,Bee,Play,http://localhost:3251@bear,false
1784701959104,Ant,Walk,http://localhost:3251@Bee,false
1784701959105,Bee,Walk,http://localhost:3251@Ant,false
1784701959660,Bat,Explore,null,true
1784701960325,Bat,Walk,http://localhost:3251@Bee,true
1784701960326,Bee,Walk,http://localhost:3251@brice,true
1784701960377,bear,Explore,null,true
1784701960593,Ant,Explore,null,true
1784701961015,Bee,Sing,http://localhost:3251@brice,true
1784701961016,brice,Sing,http://localhost:3251@Bee,true
1784701961515,alice,Explore,null,true
1784701961642,Ant,Play,http://localhost:3251@bear,true
1784701961644,bear,Play,http://localhost:3251@brice,true
1784701961875,Bat,Explore,null,true
1784701962618,brice,Explore,null,true
1784701963414,alice,Play,http://localhost:3251@Bat,false
1784701963415,Ant,Play,http://localhost:3251@alice,false
1784701964054,Bat,Exercise,http://localhost:3251@Bee,false
1784701964055,Bee,Exercise,http://localhost:3251@Ant,false
1784701964170,bear,Sing,http://localhost:3251@brice,true
1784701964171,brice,Sing,http://localhost:3251@bear,true
1784701964556,alice,Exercise,http://localhost:3251@brice,false
1784701964557,Bat,Exercise,http://localhost:3251@alice,false
1784701964992,Ant,Explore,null,false
1784701965390,bear,Sing,http://localhost:3251@brice,false
1784701965390,Bee,Sing,http://localhost:3251@bear,false
1784701965809,Bat,Walk,http://localhost:3251@Ant,false
1784701965810,brice,Walk,http://localhost:3251@Bat,true
1784701966115,alice,Explore,null,false
1784701966355,Ant,Play,http://localhost:3251@Bat,true
1784701966356,bear,Play,http://localhost:3251@Ant,false
1784701967519,Bat,Play,http://localhost:3251@Bee,true
1784701967520,Bee,Play,http://localhost:3251@bear,false
1784701967874,alice,Explore,null,true
1784701968404,Ant,Play,http://localhost:3251@Bat,true
1784701968405,Bat,Play,http://localhost:3251@Ant,false
1784701968711,bear,Explore,null,true
1784701968876,alice,Sing,http://localhost:3251@Bee,true
1784701968877,Bee,Sing,http://localhost:3251@Bat,true
1784701969737,alice,Talk,http://localhost:3251@bear,false
1784701969738,bear,Talk,http://localhost:3251@alice,true
1784701969847,Bat,Dance,http://localhost:3251@brice,false
1784701969847,brice,Dance,http://localhost:3251@Bat,true
1784701970015,Ant,Explore,null,true
1784701971576,Bee,Sing,http://localhost:3251@Bat,true
1784701971577,brice,Sing,http://localhost:3251@Bee,false
1784701972062,Bat,Explore,null,true
1784701972282,Ant,Explore,null,true
1784701972595,Bat,Fight,http://localhost:3251@Bee,true
1784701972596,Bee,Fight,http://localhost:3251@Bat,true
1784701972721,bear,Explore,null,true
1784701973832,Bee,Exercise,http://localhost:3251@Ant,false
1784701973833,brice,Exercise,http://localhost:3251@Bee,true
1784701973896,Ant,Explore,null,false
1784701974182,Bat,Explore,null,true
1784701974351,bear,Fight,http://localhost:3251@Bat,true
1784701974352,brice,Fight,http://localhost:3251@bear,true
1784701975097,Bat,Play,http://localhost:3251@Bee,true
1784701975098,Bee,Play,http://localhost:3251@bear,false
1784701975147,alice,Explore,null,false
1784701975915,brice,Explore,null,false
1784701976752,Ant,Explore,null,false
1784701977366,bear,Explore,null,true
1784701977868,Bat,Explore,null,false
1784701977869,Bee,Explore,null,false
1784701978036,Ant,Walk,http://localhost:3251@Bee,false
1784701978037,bear,Walk,http://localhost:3251@Ant,false
1784701978152,brice,Explore,null,false
1784701979048,alice,Play,http://localhost:3251@Bat,true
1784701979049,brice,Play,http://localhost:3251@alice,false
1784701979158,Ant,Walk,http://localhost:3251@Bee,true
1784701979159,Bee,Walk,http://localhost:3251@brice,true
1784701979460,Bat,Explore,null,true
1784701979737,bear,Talk,http://localhost:3251@alice,true
1784701979737,brice,Talk,http://localhost:3251@bear,true
1784701980446,alice,Walk,http://localhost:3251@Ant,false
1784701980446,Ant,Walk,http://localhost:3251@Bee,false
1784701980447,Bat,Dance,http://localhost:3251@Bee,true
1784701980448,Bee,Dance,http://localhost:3251@Bat,true
1784701981414,bear,Explore,null,true
1784701981700,Bat,Dance,http://localhost:3251@brice,false
1784701981700,brice,Dance,http://localhost:3251@Bat,true
1784701982037,Ant,Explore,null,false
1784701982381,Bat,Play,http://localhost:3251@Bee,true
1784701982382,Bee,Play,http://localhost:3251@bear,false
1784701982962,bear,Explore,null,true
1784701983435,alice,Explore,null,false
1784701984001,Ant,Fight,http://localhost:3251@bear,true
1784701984001,Bat,Explore,null,false
1784701984002,bear,Fight,http://localhost:3251@Bat,false
1784701984630,brice,Explore,null,false
1784701984694,alice,Exercise,http://localhost:3251@brice,false
1784701984696,Bee,Exercise,http://localhost:3251@alice,true
1784701985068,alice,Talk,http://localhost:3251@bear,true
1784701985070,bear,Talk,http://localhost:3251@alice,true
1784701985688,Bat,Explore,null,true
1784701986079,alice,Dance,http://localhost:3251@Ant,true
1784701986080,Ant,Dance,http://localhost:3251@brice,false
1784701986371,Bee,Explore,null,true
1784701986789,alice,Talk,http://localhost:3251@bear,true
1784701986791,bear,Talk,http://localhost:3251@alice,true
1784701987018,Bat,Dance,http://localhost:3251@Ant,false
1784701987018,Bee,Dance,http://localhost:3251@Bat,true
1784701987892,Bee,Fight,http://localhost:3251@brice,false
1784701987896,brice,Fight,http://localhost:3251@bear,true
1784701988145,Ant,Walk,http://localhost:3251@bear,false
1784701988156,bear,Walk,http://localhost:3251@Bee,true
1784701989512,Bat,Walk,http://localhost:3251@bear,true
1784701989512,bear,Walk,http://localhost:3251@Bee,false
1784701990249,Bee,Explore,null,false
1784701990250,brice,Explore,null,true
1784701990485,alice,Talk,http://localhost:3251@bear,false
1784701990487,bear,Talk,http://localhost:3251@alice,true
1784701991803,Ant,Play,http://localhost:3251@bear,false
1784701991804,Bat,Explore,null,false
1784701991805,bear,Play,http://localhost:3251@brice,false
1784701992498,alice,Play,http://localhost:3251@Bat,false
1784701992500,brice,Play,http://localhost:3251@alice,false
1784701993118,Bat,Walk,http://localhost:3251@Ant,false
1784701993118,Bee,Walk,http://localhost:3251@Bat,false
1784701993409,bear,Explore,null,false
1784701994031,alice,Explore,null,true
1784701994470,Bat,Dance,http://localhost:3251@Bee,true
1784701994470,Bee,Dance,http://localhost:3251@Bat,false
1784701995260,alice,Walk,http://localhost:3251@Bee,false
1784701995261,Bat,Walk,http://localhost:3251@alice,false
1784701995315,Bee,Fight,http://localhost:3251@brice,false
1784701995317,brice,Fight,http://localhost:3251@bear,false
1784701996504,Ant,Walk,http://localhost:3251@Bat,true
1784701996505,Bat,Walk,http://localhost:3251@Ant,true
1784701996892,alice,Talk,http://localhost:3251@bear,false
1784701996894,bear,Talk,http://localhost:3251@alice,true
1784701997498,Bee,Explore,null,true
1784701997704,Ant,Play,http://localhost:3251@Bat,true
1784701997705,bear,Play,http://localhost:3251@Ant,false
1784701997992,Bat,Explore,null,true
1784701998750,brice,Explore,null,false
1784701999033,Bee,Explore,null,false
1784701999293,bear,Explore,null,true
1784701999992,alice,Sing,http://localhost:3251@Bat,true
1784701999994,Ant,Sing,http://localhost:3251@alice,true
1784702000169,Bat,Explore,null,false
1784702000648,bear,Talk,http://localhost:3251@Bee,true
1784702000649,Bee,Talk,http://localhost:3251@alice,false
1784702000973,brice,Explore,null,false
1784702001244,alice,Sing,http://localhost:3251@Bat,true
1784702001245,bear,Sing,http://localhost:3251@alice,true
1784702001296,Bat,Exercise,http://localhost:3251@Bee,true
1784702001296,Bee,Exercise,http://localhost:3251@Bat,true
1784702002406,Ant,Exercise,http://localhost:3251@bear,true
1784702002408,brice,Exercise,http://localhost:3251@Ant,true
1784702002769,alice,Explore,null,false
1784702002770,bear,Explore,null,true
1784702003147,Bat,Dance,http://localhost:3251@Ant,false
1784702003148,brice,Dance,http://localhost:3251@Bat,true
1784702004095,Bat,Talk,http://localhost:3251@Bee,true
1784702004096,Bee,Talk,http://localhost:3251@Bat,false
1784702004265,bear,Exercise,http://localhost:3251@brice,false
1784702004267,brice,Exercise,http://localhost:3251@Bee,true
1784702004924,alice,Explore,null,false
1784702005364,alice,Talk,http://localhost:3251@Ant,false
1784702005365,Ant,Talk,http://localhost:3251@Bee,true
1784702005604,Bee,Dance,http://localhost:3251@brice,false
1784702005605,brice,Dance,http://localhost:3251@Bat,false
1784702005719,Bat,Explore,null,false
1784702006641,alice,Play,http://localhost:3251@Bat,true
1784702006642,brice,Play,http://localhost:3251@alice,true
1784702006752,Bat,Exercise,http://localhost:3251@Bee,false
1784702006752,Bee,Exercise,http://localhost:3251@Ant,true
1784702007270,Ant,Walk,http://localhost:3251@Bee,true
1784702007271,brice,Walk,http://localhost:3251@Ant,true
1784702007709,bear,Fight,http://localhost:3251@Bee,true
1784702007710,Bee,Fight,http://localhost:3251@Bat,true
1784702008329,Bat,Talk,http://localhost:3251@Bee,false
1784702008330,Bee,Talk,http://localhost:3251@Bat,false
1784702008830,alice,Explore,null,true
1784702008831,brice,Explore,null,true
1784702008940,Ant,Walk,http://localhost:3251@bear,true
1784702008941,bear,Walk,http://localhost:3251@Bee,true
1784702010069,alice,Play,http://localhost:3251@Bat,false
1784702010070,Ant,Play,http://localhost:3251@alice,true
1784702010341,brice,Explore,null,false
1784702010455,Bee,Explore,null,true
1784702010802,Ant,Walk,http://localhost:3251@Bat,false
1784702010803,Bat,Walk,http://localhost:3251@Ant,false
1784702010869,alice,Sing,http://localhost:3251@bear,true
1784702010870,bear,Sing,http://localhost:3251@brice,true
1784702011592,Bee,Play,http://localhost:3251@brice,false
1784702011593,brice,Play,http://localhost:3251@Bee,false
1784702012082,Bat,Play,http://localhost:3251@bear,false
1784702012082,bear,Play,http://localhost:3251@brice,true
1784702012736,alice,Sing,http://localhost:3251@Bat,true
1784702012738,bear,Sing,http://localhost:3251@alice,true
1784702013282,Ant,Exercise,http://localhost:3251@bear,false
1784702013283,Bee,Exercise,http://localhost:3251@Ant,false
1784702013685,Bat,Explore,null,true
1784702014014,bear,Play,http://localhost:3251@brice,true
1784702014015,Bee,Play,http://localhost:3251@bear,true
1784702014692,Bat,Talk,http://localhost:3251@Bee,false
1784702014693,Bee,Talk,http://localhost:3251@Bat,true
1784702015137,brice,Explore,null,true
1784702015703,alice,Fight,http://localhost:3251@brice,true
1784702015704,brice,Fight,http://localhost:3251@alice,false
1784702016202,Bat,Explore,null,true
1784702016880,bear,Explore,null,false
1784702017264,Ant,Explore,null,true
1784702017440,Bat,Walk,http://localhost:3251@Ant,false
1784702017440,Bee,Walk,http://localhost:3251@Bat,false
1784702018049,bear,Exercise,http://localhost:3251@brice,false
1784702018049,Bee,Exercise,http://localhost:3251@bear,false
1784702018764,alice,Exercise,http://localhost:3251@brice,true
1784702018765,Ant,Explore,null,false
1784702018766,bear,Exercise,http://localhost:3251@alice,true
1784702018925,Bat,Explore,null,true
1784702019881,Bee,Walk,http://localhost:3251@brice,false
1784702019882,brice,Walk,http://localhost:3251@Bee,true
1784702020385,bear,Talk,http://localhost:3251@alice,false
1784702020386,Bee,Talk,http://localhost:3251@bear,false
1784702020569,Bat,Talk,http://localhost:3251@Bee,true
1784702020570,brice,Talk,http://localhost:3251@Bat,true
1784702021569,alice,Explore,null,true
1784702021907,Bee,Explore,null,false
1784702022076,brice,Explore,null,true
1784702022303,Ant,Dance,http://localhost:3251@bear,true
1784702022304,bear,Dance,http://localhost:3251@alice,true
1784702023110,Bat,Walk,http://localhost:3251@Ant,true
1784702023111,brice,Walk,http://localhost:3251@Bat,false
1784702023169,Ant,Sing,http://localhost:3251@Bee,true
1784702023171,Bee,Sing,http://localhost:3251@Bat,false
1784702023464,alice,Dance,http://localhost:3251@brice,false
1784702023465,bear,Dance,http://localhost:3251@alice,true
1784702024391,alice,Sing,http://localhost:3251@brice,true
1784702024392,brice,Sing,http://localhost:3251@Bee,true
1784702024659,Bat,Explore,null,true
1784702025052,Bee,Walk,http://localhost:3251@brice,false
1784702025053,brice,Walk,http://localhost:3251@Bee,false
1784702025386,alice,Talk,http://localhost:3251@bear,true
1784702025387,Bat,Talk,http://localhost:3251@alice,false
1784702025451,Ant,Explore,null,true
1784702025992,Ant,Fight,http://localhost:3251@brice,true
1784702025993,Bat,Play,http://localhost:3251@bear,true
1784702025993,bear,Play,http://localhost:3251@brice,false
1784702025994,brice,Fight,http://localhost:3251@bear,true
1784702026774,Bat,Exercise,http://localhost:3251@Bee,false
1784702026775,Bee,Exercise,http://localhost:3251@Ant,false
1784702027146,alice,Exercise,http://localhost:3251@bear,true
1784702027147,bear,Exercise,http://localhost:3251@brice,true
1784702027689,Ant,Fight,http://localhost:3251@Bee,false
1784702027690,Bee,Fight,http://localhost:3251@Bat,true
1784702028563,Bat,Walk,http://localhost:3251@Ant,false
1784702028564,bear,Walk,http://localhost:3251@Bat,false
1784702029506,alice,Talk,http://localhost:3251@bear,true
1784702029507,bear,Talk,http://localhost:3251@alice,false
1784702029508,Bee,Play,http://localhost:3251@bear,false
1784702029509,brice,Play,http://localhost:3251@Bee,true
1784702030117,alice,Sing,http://localhost:3251@Ant,false
1784702030118,Ant,Sing,http://localhost:3251@Bat,false
1784702030455,alice,Talk,http://localhost:3251@bear,true
1784702030455,Bat,Play,http://localhost:3251@Ant,true
1784702030455,bear,Talk,http://localhost:3251@alice,false
1784702030456,brice,Play,http://localhost:3251@Bat,false
1784702031413,Ant,Walk,http://localhost:3251@Bee,false
1784702031414,brice,Walk,http://localhost:3251@Ant,true
1784702031469,Bat,Talk,http://localhost:3251@Bee,true
1784702031471,Bee,Talk,http://localhost:3251@Bat,true
1784702031972,bear,Explore,null,false
1784702032024,alice,Explore,null,true
1784702032757,Bat,Dance,http://localhost:3251@Bee,true
1784702032758,Bee,Dance,http://localhost:3251@Bat,true
1784702033881,alice,Sing,http://localhost:3251@Bat,false
1784702033883,bear,Sing,http://localhost:3251@alice,true
1784702033935,Ant,Dance,http://localhost:3251@brice,false
1784702033936,Bat,Dance,http://localhost:3251@Ant,true
1784702034351,alice,Fight,http://localhost:3251@Bee,false
1784702034351,Bee,Fight,http://localhost:3251@Bat,true
1784702035147,Bat,Play,http://localhost:3251@brice,true
1784702035147,bear,Sing,http://localhost:3251@brice,true
1784702035148,Bee,Sing,http://localhost:3251@bear,true
1784702035148,brice,Play,http://localhost:3251@Bee,false
1784702035498,Ant,Explore,null,false
1784702036552,alice,Explore,null,true
1784702036675,bear,Explore,null,true
1784702036675,Bee,Explore,null,true
1784702037548,Bat,Exercise,http://localhost:3251@brice,false
1784702037549,brice,Exercise,http://localhost:3251@Bee,true
1784702037602,Ant,Explore,null,false
1784702038502,Ant,Fight,http://localhost:3251@brice,false
1784702038503,Bat,Play,http://localhost:3251@bear,false
1784702038503,bear,Play,http://localhost:3251@brice,false
1784702038503,brice,Fight,http://localhost:3251@bear,true
1784702038847,Bee,Explore,null,false
1784702039456,Bee,Fight,http://localhost:3251@brice,false
1784702039457,brice,Fight,http://localhost:3251@bear,true
1784702039907,alice,Explore,null,true
1784702040013,Bat,Explore,null,true
1784702040684,Bat,Play,http://localhost:3251@Bee,true
1784702040685,Bee,Play,http://localhost:3251@bear,true
1784702042229,Bat,Explore,null,true
1784702042291,Bee,Explore,null,false
1784702042352,alice,Play,http://localhost:3251@bear,true
1784702042353,bear,Play,http://localhost:3251@brice,false
1784702042402,Ant,Sing,http://localhost:3251@Bat,true
1784702042403,brice,Sing,http://localhost:3251@Ant,true
1784702043350,Bat,Exercise,http://localhost:3251@Bee,false
1784702043352,brice,Exercise,http://localhost:3251@Bat,false
1784702043580,alice,Play,http://localhost:3251@Bat,true
1784702043580,Ant,Play,http://localhost:3251@alice,true
1784702043891,bear,Explore,null,true
1784702044183,Bee,Play,http://localhost:3251@bear,false
1784702044184,brice,Play,http://localhost:3251@Bee,true
1784702044569,alice,Fight,http://localhost:3251@brice,false
1784702044569,Bat,Fight,http://localhost:3251@alice,true
1784702045118,Ant,Dance,http://localhost:3251@bear,true
1784702045118,bear,Dance,http://localhost:3251@alice,false
1784702046059,Ant,Play,http://localhost:3251@brice,true
1784702046060,Bat,Explore,null,true
1784702046061,brice,Play,http://localhost:3251@Bee,false
1784702047269,Ant,Exercise,http://localhost:3251@Bat,false
1784702047270,Bat,Exercise,http://localhost:3251@Bee,true
1784702047270,bear,Explore,null,true
1784702047891,alice,Play,http://localhost:3251@Bee,false
1784702047894,Bee,Play,http://localhost:3251@bear,false
1784702048248,bear,Talk,http://localhost:3251@alice,true
1784702048249,Bee,Talk,http://localhost:3251@bear,true
1784702048535,alice,Dance,http://localhost:3251@Bat,true
1784702048536,Bat,Dance,http://localhost:3251@Ant,true
1784702049202,alice,Play,http://localhost:3251@brice,false
1784702049202,brice,Play,http://localhost:3251@Bee,false
1784702049886,bear,Explore,null,true
1784702050105,Bat,Dance,http://localhost:3251@Bee,false
1784702050105,Bee,Dance,http://localhost:3251@Bat,false
1784702050694,alice,Explore,null,true
1784702050695,brice,Explore,null,true
1784702051269,Bat,Exercise,http://localhost:3251@Bee,true
1784702051269,Bee,Exercise,http://localhost:3251@Bat,true
1784702051379,bear,Explore,null,false
1784702052286,brice,Explore,null,false
1784702052852,Bat,Explore,null,true
1784702053518,alice,Explore,null,false
1784702053519,bear,Play,http://localhost:3251@brice,false
1784702053519,brice,Play,http://localhost:3251@Bee,false
1784702053751,Bat,Play,http://localhost:3251@Bee,false
1784702053752,Bee,Play,http://localhost:3251@bear,true
1784702054268,Ant,Dance,http://localhost:3251@brice,false
1784702054269,brice,Dance,http://localhost:3251@Ant,false
1784702055291,Bat,Explore,null,false
1784702055479,alice,Dance,http://localhost:3251@bear,true
1784702055480,bear,Dance,http://localhost:3251@alice,false
1784702055807,Ant,Explore,null,true
1784702055808,brice,Explore,null,false
1784702056232,Bat,Dance,http://localhost:3251@Bee,false
1784702056233,Bee,Dance,http://localhost:3251@Bat,true
1784702056889,Bee,Exercise,http://localhost:3251@brice,false
1784702056890,brice,Exercise,http://localhost:3251@Bee,false
1784702056942,alice,Explore,null,true
1784702056943,bear,Explore,null,true
1784702057724,Bat,Explore,null,true
1784702058737,Bat,Exercise,http://localhost:3251@Bee,false
1784702058738,Bee,Exercise,http://localhost:3251@Ant,false
1784702059432,Ant,Walk,http://localhost:3251@brice,false
1784702059433,brice,Walk,http://localhost:3251@bear,false
1784702059980,bear,Sing,http://localhost:3251@Bee,false
1784702059980,Bee,Sing,http://localhost:3251@Bat,true
1784702060035,alice,Play,http://localhost:3251@Bat,true
1784702060036,Bat,Play,http://localhost:3251@Ant,true
1784702060939,brice,Explore,null,true
1784702061213,alice,Dance,http://localhost:3251@bear,false
1784702061214,Bat,Play,http://localhost:3251@Bee,true
1784702061215,bear,Dance,http://localhost:3251@alice,true
1784702061215,Bee,Play,http://localhost:3251@bear,true
1784702062157,Ant,Dance,http://localhost:3251@brice,false
1784702062158,brice,Dance,http://localhost:3251@Bat,false
1784702062503,Bat,Play,http://localhost:3251@Bee,false
1784702062504,Bee,Play,http://localhost:3251@bear,true
1784702062790,bear,Explore,null,false
1784702063737,Bat,Dance,http://localhost:3251@Ant,true
1784702063739,brice,Dance,http://localhost:3251@Bat,false
1784702064024,alice,Walk,http://localhost:3251@Ant,true
1784702064025,Ant,Walk,http://localhost:3251@Bee,true
1784702064640,alice,Walk,http://localhost:3251@bear,false
1784702064641,bear,Walk,http://localhost:3251@Bee,true
1784702064698,Ant,Talk,http://localhost:3251@Bee,true
1784702064699,Bee,Talk,http://localhost:3251@alice,true
1784702065862,alice,Sing,http://localhost:3251@Bat,false
1784702065863,Bee,Sing,http://localhost:3251@alice,true
1784702066480,bear,Play,http://localhost:3251@brice,true
1784702066481,Bee,Play,http://localhost:3251@bear,true
1784702066599,Bat,Explore,null,true
1784702067157,alice,Sing,http://localhost:3251@Bat,false
1784702067159,brice,Sing,http://localhost:3251@alice,true
1784702067835,alice,Dance,http://localhost:3251@bear,false
1784702067835,bear,Dance,http://localhost:3251@alice,false
1784702067998,Bat,Dance,http://localhost:3251@Ant,false
1784702067999,brice,Dance,http://localhost:3251@Bat,false
1784702068984,alice,Exercise,http://localhost:3251@brice,true
1784702068985,brice,Exercise,http://localhost:3251@alice,false
1784702069706,Ant,Sing,http://localhost:3251@bear,false
1784702069707,bear,Sing,http://localhost:3251@brice,false
1784702069774,Bat,Exercise,http://localhost:3251@Bee,true
1784702069775,brice,Exercise,http://localhost:3251@Bat,false
1784702070449,Bat,Play,http://localhost:3251@Bee,false
1784702070450,Bee,Play,http://localhost:3251@bear,false
1784702071171,alice,Explore,null,false
1784702071279,brice,Explore,null,true
1784702071683,Ant,Walk,http://localhost:3251@Bat,true
1784702071684,Bat,Walk,http://localhost:3251@Ant,true
1784702071684,bear,Sing,http://localhost:3251@Bee,true
1784702071685,Bee,Sing,http://localhost:3251@Bat,true
1784702072606,Ant,Sing,http://localhost:3251@brice,true
1784702072607,brice,Sing,http://localhost:3251@Bee,true
1784702072946,alice,Dance,http://localhost:3251@bear,true
1784702072947,bear,Dance,http://localhost:3251@alice,true
1784702073584,Bat,Talk,http://localhost:3251@brice,true
1784702073586,brice,Talk,http://localhost:3251@alice,true
1784702073863,Bee,Explore,null,true
1784702074251,alice,Dance,http://localhost:3251@bear,false
1784702074252,bear,Dance,http://localhost:3251@alice,false
1784702075488,Bat,Play,http://localhost:3251@bear,false
1784702075489,bear,Play,http://localhost:3251@brice,false
1784702075774,brice,Explore,null,false
1784702075900,alice,Explore,null,true
1784702076480,Ant,Sing,http://localhost:3251@Bat,false
1784702076483,bear,Sing,http://localhost:3251@Ant,false
1784702076722,Bee,Explore,null,false
1784702077375,Bat,Dance,http://localhost:3251@Ant,true
1784702077376,brice,Dance,http://localhost:3251@Bat,true
1784702077424,alice,Explore,null,true
1784702078036,Bee,Play,http://localhost:3251@bear,false
1784702078038,brice,Play,http://localhost:3251@Bee,false
1784702078399,Ant,Fight,http://localhost:3251@Bat,false
1784702078400,Bat,Fight,http://localhost:3251@Bee,false
1784702078766,bear,Explore,null,true
1784702079045,alice,Explore,null,false
1784702079579,alice,Exercise,http://localhost:3251@Ant,true
1784702079580,Ant,Exercise,http://localhost:3251@bear,true
1784702080511,Ant,Walk,http://localhost:3251@Bat,true
1784702080512,Bat,Walk,http://localhost:3251@Ant,true
1784702081001,brice,Explore,null,true
1784702081107,bear,Explore,null,false
1784702081629,alice,Exercise,http://localhost:3251@brice,false
1784702081631,Bee,Exercise,http://localhost:3251@alice,true
1784702082145,Bat,Explore,null,false
1784702082479,bear,Sing,http://localhost:3251@brice,false
1784702082479,Bee,Sing,http://localhost:3251@bear,true
1784702082532,Ant,Walk,http://localhost:3251@Bee,true
1784702082533,brice,Walk,http://localhost:3251@Ant,true
1784702083361,Ant,Walk,http://localhost:3251@Bat,true
1784702083361,Bat,Walk,http://localhost:3251@Ant,true
1784702084014,bear,Explore,null,false
1784702084077,brice,Explore,null,false
1784702084456,Bat,Play,http://localhost:3251@Bee,false
1784702084457,Bee,Play,http://localhost:3251@bear,true
1784702084699,alice,Walk,http://localhost:3251@Ant,false
1784702084702,Ant,Walk,http://localhost:3251@Bee,false
1784702085034,bear,Talk,http://localhost:3251@alice,true
1784702085035,Bee,Talk,http://localhost:3251@bear,false
1784702086007,alice,Play,http://localhost:3251@Bat,false
1784702086008,bear,Play,http://localhost:3251@alice,true
1784702086194,Ant,Walk,http://localhost:3251@brice,false
1784702086195,brice,Walk,http://localhost:3251@bear,true
1784702086689,Bee,Explore,null,true
1784702087445,Ant,Exercise,http://localhost:3251@bear,false
1784702087446,Bat,Exercise,http://localhost:3251@Ant,true
1784702088430,bear,Talk,http://localhost:3251@Bee,false
1784702088431,Bee,Talk,http://localhost:3251@alice,false
1784702088562,brice,Explore,null,true
1784702089315,Bat,Explore,null,false
1784702089879,Ant,Explore,null,false
1784702090007,alice,Explore,null,true
1784702090370,Bat,Exercise,http://localhost:3251@bear,true
1784702090370,bear,Exercise,http://localhost:3251@brice,false
1784702090550,alice,Exercise,http://localhost:3251@brice,false
1784702090551,brice,Exercise,http://localhost:3251@Bee,false
1784702091035,Ant,Exercise,http://localhost:3251@Bee,false
1784702091036,Bee,Exercise,http://localhost:3251@Ant,true
1784702091573,Ant,Fight,http://localhost:3251@brice,true
1784702091574,brice,Fight,http://localhost:3251@bear,true
1784702091986,bear,Explore,null,false
1784702092583,Bat,Fight,http://localhost:3251@brice,true
1784702092584,brice,Fight,http://localhost:3251@bear,true
1784702092846,Ant,Play,http://localhost:3251@Bat,true
1784702092846,bear,Play,http://localhost:3251@Ant,true
1784702093251,Bee,Explore,null,true
1784702094720,bear,Exercise,http://localhost:3251@brice,false
1784702094721,Bee,Exercise,http://localhost:3251@bear,false
1784702096135,alice,Explore,null,true
1784702096516,alice,Talk,http://localhost:3251@bear,true
1784702096516,bear,Talk,http://localhost:3251@alice,true
1784702096568,Ant,Talk,http://localhost:3251@Bee,false
1784702096569,brice,Talk,http://localhost:3251@Ant,true
1784702097650,Bat,Explore,null,true
1784702097712,Bee,Explore,null,false
1784702097897,alice,Sing,http://localhost:3251@Ant,true
1784702097900,Ant,Sing,http://localhost:3251@Bat,true
1784702098203,brice,Explore,null,false
1784702098520,alice,Exercise,http://localhost:3251@bear,true
1784702098521,bear,Exercise,http://localhost:3251@brice,false
1784702098873,Ant,Exercise,http://localhost:3251@Bat,false
1784702098873,Bat,Exercise,http://localhost:3251@Bee,true
1784702099427,Ant,Exercise,http://localhost:3251@brice,true
1784702099428,brice,Exercise,http://localhost:3251@Bee,false
1784702100543,Bat,Explore,null,false
1784702100607,alice,Exercise,http://localhost:3251@bear,false
1784702100609,bear,Exercise,http://localhost:3251@brice,true
1784702101344,Ant,Exercise,http://localhost:3251@bear,false
1784702101344,Bat,Exercise,http://localhost:3251@Ant,true
1784702101958,bear,Sing,http://localhost:3251@brice,true
1784702101959,Bee,Sing,http://localhost:3251@bear,true
1784702102197,Ant,Sing,http://localhost:3251@brice,true
1784702102197,brice,Sing,http://localhost:3251@Bee,true
1784702102260,alice,Explore,null,true
1784702103538,Ant,Sing,http://localhost:3251@Bat,true
1784702103538,Bee,Sing,http://localhost:3251@Ant,true
1784702103609,bear,Explore,null,false
1784702104360,alice,Play,http://localhost:3251@Bat,false
1784702104361,Bat,Play,http://localhost:3251@alice,false
1784702104680,brice,Explore,null,true
1784702105265,Ant,Fight,http://localhost:3251@Bee,false
1784702105267,bear,Explore,null,true
1784702105267,Bee,Fight,http://localhost:3251@Ant,true
1784702106065,alice,Talk,http://localhost:3251@bear,false
1784702106067,bear,Talk,http://localhost:3251@alice,true
1784702106979,Ant,Explore,null,true
1784702107107,Bat,Sing,http://localhost:3251@alice,true
1784702107108,brice,Sing,http://localhost:3251@Bat,false
1784702107417,bear,Sing,http://localhost:3251@brice,true
1784702107417,Bee,Sing,http://localhost:3251@bear,false
1784702108117,alice,Dance,http://localhost:3251@brice,false
1784702108117,Bat,Dance,http://localhost:3251@alice,true
1784702109134,alice,Sing,http://localhost:3251@brice,true
1784702109135,brice,Sing,http://localhost:3251@Bee,true
1784702110039,Ant,Explore,null,false
1784702110496,Bat,Explore,null,true
1784702110748,brice,Explore,null,false
1784702110876,alice,Walk,http://localhost:3251@bear,true
1784702110877,bear,Walk,http://localhost:3251@Bee,false
1784702111590,Ant,Sing,http://localhost:3251@Bee,false
1784702111590,Bee,Sing,http://localhost:3251@Bat,true
1784702112134,Bat,Explore,null,false
1784702112388,brice,Explore,null,true
1784702112515,bear,Explore,null,false
1784702112949,Bat,Dance,http://localhost:3251@Bee,false
1784702112951,Bee,Dance,http://localhost:3251@Bat,false
1784702113181,alice,Explore,null,true
1784702113244,Ant,Explore,null,false
1784702113988,alice,Talk,http://localhost:3251@Bee,true
1784702113989,Bee,Talk,http://localhost:3251@alice,false
1784702114051,brice,Explore,null,false
1784702114654,Bat,Explore,null,false
1784702114968,bear,Talk,http://localhost:3251@alice,true
1784702114969,brice,Talk,http://localhost:3251@bear,false
1784702115761,Bee,Explore,null,false
1784702116300,Ant,Walk,http://localhost:3251@brice,false
1784702116302,brice,Walk,http://localhost:3251@bear,true
1784702116362,alice,Sing,http://localhost:3251@bear,true
1784702116363,bear,Sing,http://localhost:3251@brice,true
1784702117028,alice,Fight,http://localhost:3251@Bat,true
1784702117029,Bat,Fight,http://localhost:3251@Bee,false
1784702117629,Ant,Sing,http://localhost:3251@Bat,false
1784702117631,bear,Play,http://localhost:3251@brice,false
1784702117632,Bee,Sing,http://localhost:3251@Ant,true
1784702117633,brice,Play,http://localhost:3251@Bee,true
1784702118428,alice,Sing,http://localhost:3251@Bat,true
1784702118430,brice,Sing,http://localhost:3251@alice,true
1784702118924,Ant,Exercise,http://localhost:3251@bear,true
1784702118925,bear,Exercise,http://localhost:3251@brice,false
1784702119119,Bat,Walk,http://localhost:3251@Ant,true
1784702119120,Bee,Walk,http://localhost:3251@Bat,false
1784702120118,brice,Explore,null,false
1784702120485,alice,Walk,http://localhost:3251@Bee,false
1784702120486,Ant,Walk,http://localhost:3251@alice,true
1784702120609,bear,Explore,null,false
1784702121477,Bat,Explore,null,true
1784702121845,brice,Explore,null,true
1784702121970,alice,Walk,http://localhost:3251@bear,true
1784702121970,bear,Walk,http://localhost:3251@Bee,false
1784702122149,Bee,Explore,null,true
1784702122827,Bat,Play,http://localhost:3251@Ant,true
1784702122828,brice,Play,http://localhost:3251@Bat,false
1784702123606,bear,Explore,null,true
1784702123665,alice,Talk,http://localhost:3251@bear,false
1784702123666,brice,Talk,http://localhost:3251@alice,false
1784702123853,Ant,Sing,http://localhost:3251@Bat,true
1784702123854,Bat,Sing,http://localhost:3251@Ant,false
1784702124522,Bat,Fight,http://localhost:3251@Bee,false
1784702124525,Bee,Fight,http://localhost:3251@Bat,false
1784702125063,Ant,Dance,http://localhost:3251@bear,false
1784702125063,bear,Dance,http://localhost:3251@alice,true
1784702125727,alice,Sing,http://localhost:3251@Bat,true
1784702125727,Ant,Sing,http://localhost:3251@alice,false
1784702125728,Bee,Play,http://localhost:3251@brice,true
1784702125728,brice,Play,http://localhost:3251@Bee,false
1784702126148,Bat,Explore,null,true
1784702126465,Ant,Play,http://localhost:3251@bear,true
1784702126467,bear,Play,http://localhost:3251@brice,false
1784702127014,Ant,Exercise,http://localhost:3251@brice,false
1784702127014,brice,Exercise,http://localhost:3251@Bee,true
1784702127248,Bat,Talk,http://localhost:3251@Bee,true
1784702127249,bear,Talk,http://localhost:3251@Bat,true
1784702127376,Bee,Explore,null,false
1784702128432,Bat,Walk,http://localhost:3251@brice,false
1784702128433,brice,Walk,http://localhost:3251@bear,false
1784702128602,Ant,Dance,http://localhost:3251@bear,false
1784702128603,bear,Dance,http://localhost:3251@alice,false
1784702129901,bear,Sing,http://localhost:3251@brice,true
1784702129902,Bee,Sing,http://localhost:3251@bear,true
1784702129964,Bat,Explore,null,false
1784702130673,brice,Explore,null,false
1784702131022,Ant,Exercise,http://localhost:3251@bear,false
1784702131023,Bat,Exercise,http://localhost:3251@Ant,false
1784702131981,alice,Explore,null,false
1784702132145,bear,Explore,null,false
1784702132612,Bat,Walk,http://localhost:3251@brice,false
1784702132612,brice,Walk,http://localhost:3251@bear,false
1784702132835,Bee,Explore,null,false
1784702133391,alice,Sing,http://localhost:3251@bear,true
1784702133392,bear,Sing,http://localhost:3251@brice,true
1784702133564,Ant,Sing,http://localhost:3251@Bat,false
1784702133565,brice,Sing,http://localhost:3251@Ant,false
1784702134481,Bat,Walk,http://localhost:3251@Ant,false
1784702134481,brice,Walk,http://localhost:3251@Bat,true
1784702135023,alice,Talk,http://localhost:3251@bear,true
1784702135024,Bat,Talk,http://localhost:3251@alice,true
1784702135201,Ant,Exercise,http://localhost:3251@bear,true
1784702135201,bear,Exercise,http://localhost:3251@brice,true
1784702136095,alice,Fight,http://localhost:3251@brice,true
1784702136095,Ant,Fight,http://localhost:3251@alice,false
1784702136957,Bee,Explore,null,false
1784702137012,Ant,Exercise,http://localhost:3251@brice,true
1784702137013,brice,Exercise,http://localhost:3251@Bee,false
1784702137074,alice,Talk,http://localhost:3251@bear,false
1784702137075,bear,Talk,http://localhost:3251@alice,false
1784702137298,Bat,Explore,null,true
1784702137912,Bat,Talk,http://localhost:3251@Bee,true
1784702137913,Bee,Talk,http://localhost:3251@alice,false
1784702138523,Ant,Explore,null,false
1784702139428,Bee,Explore,null,true
1784702139676,alice,Sing,http://localhost:3251@bear,false
1784702139677,bear,Sing,http://localhost:3251@brice,false
1784702140109,Ant,Walk,http://localhost:3251@brice,false
1784702140109,brice,Walk,http://localhost:3251@bear,false
1784702140211,alice,Fight,http://localhost:3251@Bat,false
1784702140211,Bat,Fight,http://localhost:3251@Bee,true
1784702140899,alice,Play,http://localhost:3251@bear,false
1784702140900,bear,Play,http://localhost:3251@brice,false
1784702141350,Ant,Play,http://localhost:3251@Bat,false
1784702141351,Bat,Play,http://localhost:3251@Ant,true
1784702142301,alice,Fight,http://localhost:3251@Bat,true
1784702142302,Bat,Fight,http://localhost:3251@Bee,true
1784702142532,Ant,Play,http://localhost:3251@Bee,false
1784702142533,Bee,Play,http://localhost:3251@bear,true
1784702142850,bear,Sing,http://localhost:3251@brice,false
1784702142850,brice,Sing,http://localhost:3251@bear,false
1784702143821,alice,Fight,http://localhost:3251@bear,false
1784702143823,bear,Fight,http://localhost:3251@Bat,false
1784702143824,Bee,Sing,http://localhost:3251@Bat,false
1784702143824,brice,Sing,http://localhost:3251@Bee,true
1784702144642,Bat,Talk,http://localhost:3251@Bee,true
1784702144642,bear,Talk,http://localhost:3251@Bat,false
1784702144831,Ant,Explore,null,true
1784702145645,Bat,Fight,http://localhost:3251@Bee,true
1784702145646,brice,Fight,http://localhost:3251@Bat,true
1784702146679,alice,Explore,null,true
1784702146905,Ant,Play,http://localhost:3251@Bat,false
1784702146906,Bat,Play,http://localhost:3251@Ant,false
1784702147180,brice,Explore,null,true
1784702147356,Bee,Explore,null,false
1784702148134,bear,Explore,null,false
1784702148195,alice,Explore,null,true
1784702148412,Ant,Explore,null,true
1784702148413,Bat,Explore,null,true
1784702148413,Bee,Play,http://localhost:3251@brice,true
1784702148413,brice,Play,http://localhost:3251@Bee,false
1784702149656,bear,Explore,null,false
1784702149708,alice,Explore,null,true
1784702149934,Ant,Explore,null,false
1784702150767,Bat,Talk,http://localhost:3251@Bee,true
1784702150768,Bee,Talk,http://localhost:3251@Bat,true
1784702150878,Ant,Sing,http://localhost:3251@bear,true
1784702150879,bear,Sing,http://localhost:3251@brice,false
1784702151865,alice,Explore,null,true
1784702152375,Ant,Explore,null,true
1784702152438,brice,Explore,null,false
1784702152739,Bat,Dance,http://localhost:3251@bear,false
1784702152739,bear,Dance,http://localhost:3251@alice,false
1784702152945,Bee,Talk,http://localhost:3251@alice,false
1784702152946,brice,Talk,http://localhost:3251@Bee,true
1784702153454,alice,Fight,http://localhost:3251@brice,true
1784702153454,bear,Fight,http://localhost:3251@alice,true
1784702153694,Bat,Fight,http://localhost:3251@Bee,true
1784702153695,brice,Fight,http://localhost:3251@Bat,false
1784702153911,Ant,Explore,null,true
1784702155159,alice,Fight,http://localhost:3251@Ant,false
1784702155160,Ant,Fight,http://localhost:3251@alice,false
1784702155722,Bat,Explore,null,true
1784702155723,Bee,Explore,null,false
1784702156112,Ant,Sing,http://localhost:3251@brice,true
1784702156113,brice,Sing,http://localhost:3251@Ant,false
1784702156673,alice,Explore,null,true
1784702156729,Bat,Walk,http://localhost:3251@bear,false
1784702156730,bear,Walk,http://localhost:3251@Bat,true
1784702157231,Bee,Explore,null,false
1784702157634,brice,Explore,null,true
1784702157978,Ant,Dance,http://localhost:3251@Bee,false
1784702157979,Bee,Dance,http://localhost:3251@Ant,false
1784702158322,Ant,Fight,http://localhost:3251@Bat,true
1784702158323,Bat,Fight,http://localhost:3251@Ant,false
1784702158867,bear,Play,http://localhost:3251@brice,false
1784702158868,brice,Play,http://localhost:3251@bear,false
1784702159478,Bee,Explore,null,false
1784702159533,Bat,Play,http://localhost:3251@bear,false
1784702159534,bear,Play,http://localhost:3251@Bat,false
1784702159869,Ant,Explore,null,false
1784702160771,Ant,Play,http://localhost:3251@Bat,true
1784702160772,Bat,Play,http://localhost:3251@bear,true
1784702161130,alice,Sing,http://localhost:3251@bear,true
1784702161131,bear,Sing,http://localhost:3251@alice,false
1784702162010,Bee,Walk,http://localhost:3251@brice,false
1784702162011,brice,Walk,http://localhost:3251@Bee,true
1784702162365,Ant,Explore,null,false
1784702162911,bear,Exercise,http://localhost:3251@Bee,false
1784702162912,Bee,Exercise,http://localhost:3251@bear,false
1784702163316,Bat,Walk,http://localhost:3251@brice,true
1784702163316,brice,Walk,http://localhost:3251@Bat,true
1784702163366,alice,Explore,null,true
1784702164133,alice,Play,http://localhost:3251@bear,false
1784702164134,bear,Play,http://localhost:3251@alice,true
1784702164451,Ant,Explore,null,false
1784702164452,Bee,Fight,http://localhost:3251@brice,true
1784702164453,brice,Fight,http://localhost:3251@Bee,true
1784702164882,Bat,Explore,null,true
1784702165611,Ant,Exercise,http://localhost:3251@Bat,false
1784702165612,Bat,Exercise,http://localhost:3251@Ant,true
1784702165955,alice,Exercise,http://localhost:3251@Bee,false
1784702165956,Bee,Exercise,http://localhost:3251@alice,true
1784702166300,bear,Explore,null,true
1784702166867,Ant,Dance,http://localhost:3251@Bee,false
1784702166868,Bee,Dance,http://localhost:3251@Ant,true
1784702166983,alice,Dance,http://localhost:3251@brice,true
1784702166984,brice,Dance,http://localhost:3251@alice,false
1784702167192,Ant,Talk,http://localhost:3251@Bat,false
1784702167193,Bat,Talk,http://localhost:3251@Ant,false
1784702167967,alice,Fight,http://localhost:3251@bear,true
1784702167968,bear,Fight,http://localhost:3251@alice,false
1784702168482,brice,Explore,null,false
1784702168593,alice,Exercise,http://localhost:3251@Bee,false
1784702168594,Bee,Exercise,http://localhost:3251@alice,false
1784702169454,Ant,Talk,http://localhost:3251@brice,true
1784702169455,brice,Talk,http://localhost:3251@Ant,false
1784702170604,Ant,Exercise,http://localhost:3251@Bat,true
1784702170605,Bat,Exercise,http://localhost:3251@Ant,false
1784702170822,bear,Explore,null,true
1784702171170,alice,Sing,http://localhost:3251@bear,false
1784702171171,Bee,Sing,http://localhost:3251@alice,true
1784702172462,bear,Explore,null,true
1784702172584,Ant,Dance,http://localhost:3251@Bee,true
1784702172584,brice,Dance,http://localhost:3251@Ant,true
1784702172898,bear,Talk,http://localhost:3251@Bee,false
1784702172899,Bee,Talk,http://localhost:3251@bear,false
1784702173079,alice,Exercise,http://localhost:3251@Bee,true
1784702173079,Bat,Exercise,http://localhost:3251@alice,true
1784702173596,alice,Talk,http://localhost:3251@brice,false
1784702173597,brice,Talk,http://localhost:3251@alice,true
1784702174273,alice,Fight,http://localhost:3251@Ant,true
1784702174274,Ant,Fight,http://localhost:3251@alice,false
1784702174275,bear,Walk,http://localhost:3251@Bee,true
1784702174275,Bee,Walk,http://localhost:3251@bear,true
1784702174704,Bat,Explore,null,false
1784702174826,alice,Exercise,http://localhost:3251@brice,true
1784702174827,brice,Exercise,http://localhost:3251@alice,true
1784702175625,Ant,Dance,http://localhost:3251@Bee,false
1784702175626,Bee,Dance,http://localhost:3251@Ant,true
1784702176000,bear,Explore,null,true
1784702176545,brice,Explore,null,true
1784702176787,alice,Exercise,http://localhost:3251@Bee,false
1784702176788,bear,Exercise,http://localhost:3251@alice,true
1784702177166,Bat,Fight,http://localhost:3251@Ant,false
1784702177167,brice,Fight,http://localhost:3251@Bat,false
1784702177727,Ant,Walk,http://localhost:3251@Bee,false
1784702177728,Bee,Walk,http://localhost:3251@bear,false
1784702178221,alice,Talk,http://localhost:3251@Bat,false
1784702178221,Bat,Talk,http://localhost:3251@Ant,true
1784702179084,alice,Exercise,http://localhost:3251@brice,true
1784702179085,brice,Exercise,http://localhost:3251@alice,true
1784702179147,bear,Explore,null,false
1784702179402,Ant,Explore,null,false
1784702179848,alice,Sing,http://localhost:3251@Bee,true
1784702179850,Bee,Sing,http://localhost:3251@alice,true
1784702180154,Ant,Exercise,http://localhost:3251@Bat,false
1784702180155,Bat,Exercise,http://localhost:3251@Ant,false
1784702180845,bear,Fight,http://localhost:3251@brice,true
1784702180846,brice,Fight,http://localhost:3251@bear,false
1784702181477,Bat,Play,http://localhost:3251@bear,false
1784702181478,Bee,Explore,null,true
1784702181478,brice,Play,http://localhost:3251@Bat,false
1784702181600,Ant,Dance,http://localhost:3251@Bee,false
1784702181601,bear,Dance,http://localhost:3251@Ant,true
1784702182418,alice,Exercise,http://localhost:3251@Bee,true
1784702182421,Ant,Exercise,http://localhost:3251@alice,true
1784702182661,bear,Talk,http://localhost:3251@brice,true
1784702182662,brice,Talk,http://localhost:3251@bear,true
1784702183581,Bat,Play,http://localhost:3251@bear,true
1784702183582,bear,Play,http://localhost:3251@Bat,false
1784702184080,Ant,Explore,null,false
1784702184512,Bee,Explore,null,false
1784702184768,alice,Explore,null,true
1784702184957,Bat,Dance,http://localhost:3251@brice,false
1784702184958,brice,Dance,http://localhost:3251@Bat,true
1784702185342,bear,Talk,http://localhost:3251@brice,true
1784702185343,Bee,Talk,http://localhost:3251@bear,false
1784702186036,Bee,Talk,http://localhost:3251@brice,false
1784702186037,brice,Talk,http://localhost:3251@alice,true
1784702186653,Bat,Explore,null,false
1784702186714,bear,Sing,http://localhost:3251@brice,false
1784702186716,brice,Sing,http://localhost:3251@bear,true
1784702187403,Bat,Walk,http://localhost:3251@Bee,true
1784702187404,Bee,Walk,http://localhost:3251@bear,false
1784702187656,alice,Play,http://localhost:3251@brice,false
1784702187657,brice,Play,http://localhost:3251@alice,true
1784702188663,bear,Exercise,http://localhost:3251@Bee,false
1784702188664,Bee,Exercise,http://localhost:3251@alice,false
1784702188903,Ant,Play,http://localhost:3251@brice,true
1784702188904,brice,Play,http://localhost:3251@Ant,false
1784702189087,Bat,Explore,null,true
1784702189406,alice,Fight,http://localhost:3251@Bee,false
1784702189407,Bee,Fight,http://localhost:3251@alice,true
1784702190552,brice,Explore,null,false
1784702190731,alice,Walk,http://localhost:3251@bear,true
1784702190732,Bat,Explore,null,true
1784702190733,bear,Walk,http://localhost:3251@Bat,false
1784702190794,Ant,Walk,http://localhost:3251@Bee,false
1784702190796,Bee,Walk,http://localhost:3251@bear,false
1784702191574,alice,Talk,http://localhost:3251@brice,true
1784702191575,brice,Talk,http://localhost:3251@alice,false
1784702192448,Bat,Talk,http://localhost:3251@Ant,true
1784702192449,bear,Talk,http://localhost:3251@Bat,false
1784702192722,alice,Walk,http://localhost:3251@Bee,false
1784702192723,Bee,Walk,http://localhost:3251@bear,true
1784702193113,Ant,Talk,http://localhost:3251@brice,false
1784702193114,bear,Talk,http://localhost:3251@Ant,true
1784702193114,brice,Explore,null,true
1784702193462,Bat,Talk,http://localhost:3251@Ant,false
1784702193463,bear,Talk,http://localhost:3251@Bat,true
1784702193716,alice,Fight,http://localhost:3251@Bee,true
1784702193717,Ant,Fight,http://localhost:3251@alice,true
1784702194278,Bee,Explore,null,false
1784702194655,Ant,Fight,http://localhost:3251@alice,false
1784702194657,Bee,Fight,http://localhost:3251@Ant,false
1784702195203,alice,Explore,null,true
1784702195268,brice,Explore,null,true
1784702195322,Ant,Play,http://localhost:3251@bear,false
1784702195323,bear,Play,http://localhost:3251@alice,true
1784702195655,Ant,Talk,http://localhost:3251@Bee,true
1784702195656,Bee,Talk,http://localhost:3251@bear,true
1784702196218,Bat,Explore,null,false
1784702196907,Ant,Walk,http://localhost:3251@brice,true
1784702196907,brice,Walk,http://localhost:3251@Ant,true
1784702197080,alice,Play,http://localhost:3251@brice,true
1784702197081,Bee,Play,http://localhost:3251@alice,false
1784702197873,Bat,Walk,http://localhost:3251@bear,false
1784702197874,bear,Walk,http://localhost:3251@Bat,false
1784702198155,alice,Dance,http://localhost:3251@Ant,true
1784702198155,Ant,Dance,http://localhost:3251@Bee,true
1784702198494,bear,Fight,http://localhost:3251@brice,true
1784702198494,brice,Fight,http://localhost:3251@bear,false
1784702198598,Bee,Explore,null,false
1784702199109,Ant,Dance,http://localhost:3251@Bat,false
1784702199110,Bat,Dance,http://localhost:3251@brice,false
1784702199277,alice,Exercise,http://localhost:3251@Bee,true
1784702199278,brice,Exercise,http://localhost:3251@alice,false
1784702200007,bear,Explore,null,false
1784702200057,Ant,Fight,http://localhost:3251@alice,false
1784702200057,brice,Fight,http://localhost:3251@Ant,true
1784702200685,Bat,Explore,null,false
1784702200964,bear,Exercise,http://localhost:3251@Bee,true
1784702200965,Bee,Exercise,http://localhost:3251@alice,true
1784702201181,Bat,Exercise,http://localhost:3251@brice,true
1784702201182,brice,Exercise,http://localhost:3251@alice,true
1784702201399,alice,Explore,null,true
1784702202155,Ant,Dance,http://localhost:3251@bear,false
1784702202156,bear,Dance,http://localhost:3251@Ant,true
1784702202661,Bat,Explore,null,false
1784702202711,alice,Fight,http://localhost:3251@brice,true
1784702202712,brice,Fight,http://localhost:3251@bear,true
1784702203749,Bee,Explore,null,true
1784702204061,alice,Dance,http://localhost:3251@Ant,false
1784702204062,Ant,Dance,http://localhost:3251@alice,true
1784702204747,alice,Dance,http://localhost:3251@brice,true
1784702204749,brice,Dance,http://localhost:3251@alice,false
1784702205105,Ant,Talk,http://localhost:3251@brice,true
1784702205105,bear,Explore,null,true
1784702205106,brice,Talk,http://localhost:3251@Ant,false
1784702205794,Ant,Dance,http://localhost:3251@Bee,true
1784702205796,Bee,Dance,http://localhost:3251@Ant,false
1784702206377,Bat,Explore,null,false
1784702206790,bear,Explore,null,false
1784702207475,Bee,Explore,null,true
1784702207758,bear,Dance,http://localhost:3251@brice,false
1784702207759,brice,Dance,http://localhost:3251@alice,true
1784702207921,Bat,Explore,null,false
1784702208998,alice,Explore,null,true
1784702209432,Ant,Talk,http://localhost:3251@brice,false
1784702209433,brice,Talk,http://localhost:3251@Ant,false
1784702209600,Bee,Explore,null,false
1784702210511,alice,Fight,http://localhost:3251@brice,true
1784702210512,bear,Explore,null,true
1784702210512,brice,Fight,http://localhost:3251@bear,false
1784702211321,Ant,Sing,http://localhost:3251@Bee,false
1784702211322,Bee,Sing,http://localhost:3251@Ant,false
1784702212055,alice,Explore,null,true
1784702212566,Bat,Explore,null,false
1784702212682,bear,Explore,null,false
1784702213380,alice,Sing,http://localhost:3251@bear,false
1784702213381,Bee,Sing,http://localhost:3251@alice,false
1784702214238,Ant,Exercise,http://localhost:3251@brice,false
1784702214238,bear,Explore,null,false
1784702214239,brice,Exercise,http://localhost:3251@alice,true
1784702214966,Bee,Explore,null,false
1784702215142,alice,Play,http://localhost:3251@Bat,false
1784702215143,Bat,Play,http://localhost:3251@bear,false
1784702215333,Ant,Talk,http://localhost:3251@brice,false
1784702215333,bear,Talk,http://localhost:3251@Ant,true
1784702215905,brice,Explore,null,true
1784702216732,Ant,Sing,http://localhost:3251@Bee,true
1784702216733,Bat,Sing,http://localhost:3251@Ant,true
1784702216786,alice,Explore,null,false
1784702217901,Bat,Play,http://localhost:3251@brice,true
1784702217902,brice,Play,http://localhost:3251@bear,false
1784702218142,alice,Dance,http://localhost:3251@Ant,true
1784702218143,Bee,Dance,http://localhost:3251@alice,true
1784702218921,Ant,Fight,http://localhost:3251@Bat,false
1784702218922,Bat,Fight,http://localhost:3251@Ant,false
1784702219426,alice,Walk,http://localhost:3251@brice,true
1784702219427,brice,Walk,http://localhost:3251@alice,true
1784702219755,Bat,Talk,http://localhost:3251@bear,false
1784702219756,bear,Talk,http://localhost:3251@brice,true
1784702219866,Ant,Talk,http://localhost:3251@brice,false
1784702219868,brice,Talk,http://localhost:3251@Ant,false
1784702220039,alice,Walk,http://localhost:3251@Bee,true
1784702220040,Bee,Walk,http://localhost:3251@bear,false
1784702221109,alice,Sing,http://localhost:3251@Ant,false
1784702221109,Ant,Sing,http://localhost:3251@Bee,false
1784702221393,brice,Explore,null,false
1784702221676,alice,Talk,http://localhost:3251@Bee,false
1784702221677,Bee,Talk,http://localhost:3251@bear,true
1784702222065,alice,Fight,http://localhost:3251@Ant,true
1784702222066,Ant,Fight,http://localhost:3251@alice,false
1784702222576,alice,Talk,http://localhost:3251@bear,false
1784702222577,bear,Talk,http://localhost:3251@brice,false
1784702222866,Bat,Play,http://localhost:3251@bear,false
1784702222867,brice,Play,http://localhost:3251@Bat,false
1784702223208,alice,Exercise,http://localhost:3251@Ant,true
1784702223208,Ant,Exercise,http://localhost:3251@Bat,true
1784702223543,alice,Fight,http://localhost:3251@bear,false
1784702223544,bear,Fight,http://localhost:3251@alice,true
1784702223876,alice,Talk,http://localhost:3251@Bee,false
1784702223877,Bee,Talk,http://localhost:3251@bear,true
1784702224332,Ant,Exercise,http://localhost:3251@Bat,false
1784702224332,Bat,Exercise,http://localhost:3251@Ant,false
1784702224662,alice,Exercise,http://localhost:3251@brice,true
1784702224663,brice,Exercise,http://localhost:3251@alice,false
1784702225247,Bat,Talk,http://localhost:3251@Ant,true
1784702225249,Bee,Talk,http://localhost:3251@Bat,true
1784702225547,Ant,Sing,http://localhost:3251@Bee,false
1784702225547,brice,Sing,http://localhost:3251@Ant,true
1784702225900,alice,Sing,http://localhost:3251@bear,true
1784702225901,Bee,Sing,http://localhost:3251@alice,false
1784702226443,alice,Fight,http://localhost:3251@bear,true
1784702226443,bear,Fight,http://localhost:3251@alice,true
1784702226570,Ant,Walk,http://localhost:3251@Bat,false
1784702226571,Bat,Walk,http://localhost:3251@brice,false
1784702226888,Bee,Dance,http://localhost:3251@brice,true
1784702226888,brice,Dance,http://localhost:3251@alice,false
1784702227550,Bat,Talk,http://localhost:3251@bear,false
1784702227551,bear,Talk,http://localhost:3251@brice,true
1784702228153,bear,Play,http://localhost:3251@brice,false
1784702228154,brice,Play,http://localhost:3251@bear,true
1784702228376,alice,Dance,http://localhost:3251@Ant,false
1784702228377,Ant,Dance,http://localhost:3251@alice,true
1784702229700,Bat,Explore,null,true
1784702229701,bear,Explore,null,true
1784702229702,brice,Explore,null,false
1784702230532,Ant,Explore,null,true
1784702230647,Bat,Talk,http://localhost:3251@Ant,true
1784702230648,Bee,Talk,http://localhost:3251@Bat,false
1784702231619,alice,Dance,http://localhost:3251@Ant,true
1784702231619,Ant,Dance,http://localhost:3251@alice,false
1784702232010,Bat,Walk,http://localhost:3251@brice,false
1784702232011,brice,Walk,http://localhost:3251@Bat,true
1784702232508,bear,Explore,null,false
1784702232879,Bee,Explore,null,true
1784702233548,brice,Explore,null,false
1784702233839,alice,Explore,null,true
1784702234492,Ant,Talk,http://localhost:3251@brice,true
1784702234493,bear,Talk,http://localhost:3251@Ant,true
1784702234772,alice,Fight,http://localhost:3251@Bee,false
1784702234773,Bat,Explore,null,false
1784702234773,brice,Fight,http://localhost:3251@alice,false
1784702235803,Ant,Sing,http://localhost:3251@Bee,false
1784702235804,Bee,Sing,http://localhost:3251@Ant,false
1784702236373,alice,Explore,null,false
1784702236650,Bat,Exercise,http://localhost:3251@Ant,true
1784702236651,bear,Exercise,http://localhost:3251@Bat,true
1784702237701,Ant,Exercise,http://localhost:3251@Bat,true
1784702237702,brice,Exercise,http://localhost:3251@Ant,false
1784702238088,Bee,Explore,null,false
1784702239012,bear,Explore,null,true
1784702239254,Ant,Explore,null,true
1784702239255,Bat,Sing,http://localhost:3251@Bee,true
1784702239255,Bee,Sing,http://localhost:3251@Bat,false
1784702239987,alice,Explore,null,true
1784702240601,brice,Explore,null,false
1784702241094,bear,Fight,http://localhost:3251@Bee,false
1784702241095,Bee,Fight,http://localhost:3251@brice,true
1784702241591,alice,Explore,null,false
1784702242547,alice,Sing,http://localhost:3251@Ant,true
1784702242548,Ant,Sing,http://localhost:3251@Bee,true
1784702242602,bear,Explore,null,true
1784702243143,alice,Sing,http://localhost:3251@brice,false
1784702243143,brice,Sing,http://localhost:3251@Ant,false
1784702243490,Ant,Talk,http://localhost:3251@brice,false
1784702243491,bear,Talk,http://localhost:3251@Ant,false
1784702243764,alice,Sing,http://localhost:3251@Bat,false
1784702243764,Bat,Sing,http://localhost:3251@Bee,false
1784702244043,Ant,Exercise,http://localhost:3251@Bee,true
1784702244043,Bee,Exercise,http://localhost:3251@alice,true
1784702244753,brice,Explore,null,false
1784702244970,alice,Exercise,http://localhost:3251@Bee,false
1784702244971,Ant,Exercise,http://localhost:3251@alice,true
1784702245565,Bee,Explore,null,false
1784702245621,alice,Dance,http://localhost:3251@Bat,true
1784702245622,Bat,Dance,http://localhost:3251@brice,false
1784702246255,bear,Explore,null,true
1784702246310,brice,Explore,null,false
1784702247129,Ant,Explore,null,false
1784702247187,alice,Talk,http://localhost:3251@Bee,true
1784702247188,Bee,Talk,http://localhost:3251@bear,false
1784702247632,Bat,Sing,http://localhost:3251@Bee,true
1784702247633,brice,Sing,http://localhost:3251@Bat,true
1784702247802,bear,Explore,null,true
1784702248143,Ant,Talk,http://localhost:3251@brice,true
1784702248144,bear,Talk,http://localhost:3251@Ant,true
1784702248829,Bee,Exercise,http://localhost:3251@brice,false
1784702248831,brice,Exercise,http://localhost:3251@alice,false
1784702249176,alice,Sing,http://localhost:3251@bear,false
1784702249177,Bat,Explore,null,true
1784702249177,bear,Sing,http://localhost:3251@alice,false
1784702250007,alice,Dance,http://localhost:3251@Ant,false
1784702250009,Ant,Dance,http://localhost:3251@Bee,false
1784702250065,bear,Dance,http://localhost:3251@brice,true
1784702250066,brice,Dance,http://localhost:3251@alice,true
1784702250345,Bee,Explore,null,false
1784702250772,Bat,Fight,http://localhost:3251@Ant,true
1784702250773,Bee,Fight,http://localhost:3251@Bat,false
1784702251993,alice,Walk,http://localhost:3251@brice,true
1784702251994,bear,Walk,http://localhost:3251@alice,false
1784702252337,brice,Explore,null,true
1784702252527,Bat,Talk,http://localhost:3251@Ant,false
1784702252528,Bee,Talk,http://localhost:3251@Bat,true
1784702253207,alice,Exercise,http://localhost:3251@Bee,true
1784702253208,Ant,Exercise,http://localhost:3251@alice,true
1784702253326,bear,Dance,http://localhost:3251@Ant,false
1784702253326,brice,Dance,http://localhost:3251@bear,false
1784702254703,alice,Sing,http://localhost:3251@bear,true
1784702254705,bear,Sing,http://localhost:3251@brice,true
1784702254893,Ant,Explore,null,true
1784702255018,brice,Explore,null,false
1784702255677,Ant,Talk,http://localhost:3251@Bat,true
1784702255678,Bat,Talk,http://localhost:3251@Ant,false
1784702255678,Bee,Explore,null,false
1784702256363,alice,Walk,http://localhost:3251@brice,false
1784702256364,brice,Walk,http://localhost:3251@Bee,false
1784702256616,bear,Exercise,http://localhost:3251@Bee,false
1784702256619,Bee,Exercise,http://localhost:3251@bear,false
1784702257601,bear,Exercise,http://localhost:3251@brice,false
1784702257602,brice,Exercise,http://localhost:3251@alice,false
1784702257661,alice,Play,http://localhost:3251@brice,false
1784702257662,Bee,Play,http://localhost:3251@alice,true
1784702258608,Ant,Explore,null,true
1784702259163,brice,Explore,null,true
1784702259391,Bat,Talk,http://localhost:3251@Ant,true
1784702259393,Bee,Talk,http://localhost:3251@Bat,true
1784702260161,alice,Dance,http://localhost:3251@Ant,false
1784702260162,brice,Dance,http://localhost:3251@alice,true
1784702260742,Ant,Explore,null,true
1784702260908,Bee,Explore,null,false
1784702261373,Ant,Exercise,http://localhost:3251@bear,false
1784702261375,bear,Exercise,http://localhost:3251@Bee,false
1784702261718,alice,Explore,null,false
1784702262109,Ant,Dance,http://localhost:3251@brice,false
1784702262109,brice,Dance,http://localhost:3251@alice,true
1784702262700,Bat,Dance,http://localhost:3251@brice,false
1784702262701,Bee,Dance,http://localhost:3251@Bat,false
1784702262931,bear,Explore,null,true
1784702263051,alice,Dance,http://localhost:3251@Ant,true
1784702263052,brice,Dance,http://localhost:3251@alice,true
1784702264114,Ant,Exercise,http://localhost:3251@bear,false
1784702264114,bear,Exercise,http://localhost:3251@Bee,true
1784702264625,brice,Explore,null,true
1784702265220,alice,Explore,null,false
1784702265280,Bat,Play,http://localhost:3251@bear,false
1784702265281,Bee,Play,http://localhost:3251@Bat,false
1784702265333,Ant,Play,http://localhost:3251@brice,false
1784702265334,brice,Play,http://localhost:3251@Ant,false
1784702266232,bear,Explore,null,true
1784702266343,Bat,Talk,http://localhost:3251@brice,true
1784702266344,brice,Talk,http://localhost:3251@alice,true
1784702266509,Ant,Dance,http://localhost:3251@Bee,true
1784702266510,Bee,Dance,http://localhost:3251@Ant,false
1784702267231,alice,Talk,http://localhost:3251@bear,false
1784702267232,bear,Talk,http://localhost:3251@brice,false
1784702267979,brice,Explore,null,true
1784702268515,Ant,Dance,http://localhost:3251@Bee,false
1784702268516,bear,Dance,http://localhost:3251@Ant,true
1784702268643,Bat,Explore,null,false
1784702269768,alice,Exercise,http://localhost:3251@bear,false
1784702269769,bear,Exercise,http://localhost:3251@Bee,false
1784702270015,Ant,Sing,http://localhost:3251@Bat,false
1784702270015,Bat,Sing,http://localhost:3251@Bee,true
1784702270703,bear,Dance,http://localhost:3251@brice,true
1784702270705,brice,Dance,http://localhost:3251@alice,false
1784702271542,Ant,Explore,null,true
1784702271543,Bat,Explore,null,true
1784702271599,alice,Exercise,http://localhost:3251@Bee,false
1784702271600,brice,Exercise,http://localhost:3251@alice,true
1784702272288,Bee,Fight,http://localhost:3251@brice,true
1784702272289,brice,Fight,http://localhost:3251@Bee,false
1784702273812,alice,Explore,null,false
1784702274435,brice,Explore,null,true
1784702274487,Ant,Explore,null,false
1784702274593,Bat,Fight,http://localhost:3251@Bee,false
1784702274593,Bee,Fight,http://localhost:3251@Bat,false
1784702275475,bear,Play,http://localhost:3251@Bee,false
1784702275476,Bee,Play,http://localhost:3251@bear,false
1784702275918,brice,Explore,null,false
1784702275974,alice,Fight,http://localhost:3251@Bee,true
1784702275974,Bee,Fight,http://localhost:3251@alice,true
1784702276094,Bat,Explore,null,false
1784702277109,Ant,Play,http://localhost:3251@bear,false
1784702277110,bear,Play,http://localhost:3251@Ant,false
1784702277584,Bee,Fight,http://localhost:3251@brice,false
1784702277585,brice,Fight,http://localhost:3251@Bee,false
1784702277715,Bat,Explore,null,false
1784702278322,alice,Fight,http://localhost:3251@Bee,true
1784702278324,Ant,Fight,http://localhost:3251@alice,true
1784702278842,Bat,Fight,http://localhost:3251@bear,true
1784702278843,bear,Fight,http://localhost:3251@Bat,true
1784702279167,Bee,Explore,null,true
1784702279168,brice,Explore,null,false
1784702279834,alice,Explore,null,true
1784702280393,Ant,Sing,http://localhost:3251@Bee,true
1784702280394,Bee,Sing,http://localhost:3251@Ant,true
1784702280953,bear,Explore,null,false
1784702281009,Bat,Explore,null,true
1784702281010,Bee,Sing,http://localhost:3251@brice,false
1784702281010,brice,Sing,http://localhost:3251@Bee,false
1784702281746,alice,Play,http://localhost:3251@Bee,false
1784702281746,Bee,Play,http://localhost:3251@alice,false
1784702282978,bear,Walk,http://localhost:3251@Bee,true
1784702282979,Bee,Walk,http://localhost:3251@bear,true
1784702283153,Ant,Explore,null,true
1784702283267,alice,Explore,null,true
1784702284265,Ant,Walk,http://localhost:3251@bear,false
1784702284266,bear,Walk,http://localhost:3251@Ant,false
1784702284382,alice,Dance,http://localhost:3251@Bee,false
1784702284383,Bee,Dance,http://localhost:3251@alice,false
1784702285229,Bat,Explore,null,false
1784702285567,Ant,Play,http://localhost:3251@bear,false
1784702285568,brice,Play,http://localhost:3251@Ant,true
1784702285623,bear,Dance,http://localhost:3251@Bee,true
1784702285623,Bee,Dance,http://localhost:3251@bear,false
1784702286637,alice,Explore,null,true
1784702286802,Bat,Dance,http://localhost:3251@brice,false
1784702286803,brice,Dance,http://localhost:3251@Bat,false
1784702287068,Ant,Explore,null,true
1784702287184,bear,Explore,null,false
1784702287744,Bee,Explore,null,true
1784702287914,Ant,Exercise,http://localhost:3251@brice,true
1784702287915,brice,Exercise,http://localhost:3251@Ant,false
1784702289010,alice,Sing,http://localhost:3251@Bee,false
1784702289011,Bat,Talk,http://localhost:3251@brice,true
1784702289012,Bee,Sing,http://localhost:3251@Ant,true
1784702289012,brice,Talk,http://localhost:3251@Bat,true
1784702289688,Ant,Dance,http://localhost:3251@bear,true
1784702289689,bear,Dance,http://localhost:3251@Bee,false
1784702290544,Bee,Explore,null,false
1784702291154,Bat,Explore,null,false
1784702291216,alice,Explore,null,true
1784702291605,bear,Dance,http://localhost:3251@Bee,false
1784702291605,Bee,Dance,http://localhost:3251@bear,false
1784702292390,alice,Dance,http://localhost:3251@Bat,true
1784702292392,Bat,Dance,http://localhost:3251@alice,false
1784702292511,Ant,Explore,null,true
1784702293524,Ant,Dance,http://localhost:3251@Bee,false
1784702293525,Bee,Dance,http://localhost:3251@alice,true
1784702293592,alice,Play,http://localhost:3251@brice,true
1784702293593,brice,Play,http://localhost:3251@alice,false
1784702293768,bear,Explore,null,false
1784702295344,alice,Exercise,http://localhost:3251@Bee,false
1784702295345,Bee,Exercise,http://localhost:3251@alice,true
1784702295507,bear,Sing,http://localhost:3251@brice,true
1784702295508,brice,Sing,http://localhost:3251@Bee,false
1784702296560,Bat,Explore,null,true
1784702296613,Ant,Exercise,http://localhost:3251@bear,false
1784702296614,bear,Exercise,http://localhost:3251@Ant,false
1784702297500,alice,Talk,http://localhost:3251@Bat,false
1784702297500,Bat,Talk,http://localhost:3251@brice,false
1784702297501,Bee,Explore,null,false
1784702298123,Ant,Explore,null,true
1784702298344,brice,Explore,null,false
1784702298744,alice,Sing,http://localhost:3251@Bat,false
1784702298746,Bat,Sing,http://localhost:3251@alice,false
1784702298746,bear,Explore,null,false
1784702299038,Bee,Explore,null,false
1784702299144,Ant,Fight,http://localhost:3251@brice,false
1784702299145,brice,Fight,http://localhost:3251@Ant,true
1784702300004,alice,Talk,http://localhost:3251@Bee,true
1784702300006,Bee,Talk,http://localhost:3251@alice,false
1784702300608,Ant,Dance,http://localhost:3251@Bat,true
1784702300608,Bat,Dance,http://localhost:3251@alice,false
1784702300609,bear,Play,http://localhost:3251@Bee,false
1784702300609,brice,Play,http://localhost:3251@bear,false
1784702301263,bear,Sing,http://localhost:3251@Bee,true
1784702301264,Bee,Sing,http://localhost:3251@Ant,true
1784702301784,Bee,Exercise,http://localhost:3251@brice,false
1784702301784,brice,Exercise,http://localhost:3251@Ant,true
1784702301964,Ant,Sing,http://localhost:3251@Bat,false
1784702301965,Bat,Sing,http://localhost:3251@Ant,true
1784702302555,alice,Play,http://localhost:3251@Bee,false
1784702302556,brice,Play,http://localhost:3251@alice,true
1784702303701,Ant,Play,http://localhost:3251@Bee,false
1784702303702,Bee,Play,http://localhost:3251@Ant,false
1784702304200,Bat,Fight,http://localhost:3251@Bee,false
1784702304201,Bee,Fight,http://localhost:3251@Bat,false
1784702304848,brice,Explore,null,true
1784702305311,Bat,Walk,http://localhost:3251@bear,true
1784702305312,bear,Walk,http://localhost:3251@Ant,true
1784702305595,alice,Play,http://localhost:3251@Ant,false
1784702305596,Ant,Play,http://localhost:3251@bear,true
1784702305810,bear,Talk,http://localhost:3251@brice,true
1784702305811,brice,Talk,http://localhost:3251@bear,false
1784702306380,Bee,Explore,null,false
1784702306556,Bat,Sing,http://localhost:3251@alice,true
1784702306557,bear,Sing,http://localhost:3251@Bat,false
1784702307184,alice,Explore,null,true
1784702307801,Ant,Dance,http://localhost:3251@Bee,false
1784702307801,Bee,Dance,http://localhost:3251@alice,false
1784702307925,Bat,Walk,http://localhost:3251@brice,false
1784702307926,brice,Walk,http://localhost:3251@Bat,true
1784702308489,alice,Play,http://localhost:3251@Bee,true
1784702308489,bear,Play,http://localhost:3251@alice,true
1784702308938,Bat,Exercise,http://localhost:3251@Bee,true
1784702308939,Bee,Exercise,http://localhost:3251@alice,false
1784702309555,Ant,Exercise,http://localhost:3251@bear,true
1784702309557,bear,Exercise,http://localhost:3251@Ant,true
1784702309801,Bee,Walk,http://localhost:3251@brice,false
1784702309802,brice,Walk,http://localhost:3251@Bee,false
1784702310395,alice,Play,http://localhost:3251@Bee,true
1784702310396,Bat,Play,http://localhost:3251@alice,false
1784702311154,bear,Explore,null,false
1784702311566,Ant,Sing,http://localhost:3251@Bat,true
1784702311567,Bat,Sing,http://localhost:3251@Ant,false
1784702312646,alice,Explore,null,false
1784702312697,brice,Explore,null,true
1784702312952,Bat,Exercise,http://localhost:3251@bear,false
1784702312953,bear,Exercise,http://localhost:3251@Bat,false
1784702313124,Ant,Explore,null,true
1784702313691,Bat,Walk,http://localhost:3251@Bee,true
1784702313692,Bee,Walk,http://localhost:3251@bear,false
1784702314244,Ant,Exercise,http://localhost:3251@bear,true
1784702314245,bear,Exercise,http://localhost:3251@Ant,true
1784702314918,alice,Walk,http://localhost:3251@Bat,true
1784702314919,Bat,Walk,http://localhost:3251@brice,true
1784702315767,alice,Exercise,http://localhost:3251@brice,true
1784702315767,Ant,Explore,null,true
1784702315767,brice,Exercise,http://localhost:3251@Ant,true
1784702315888,bear,Explore,null,false
1784702317072,Ant,Dance,http://localhost:3251@Bat,true
1784702317072,Bat,Dance,http://localhost:3251@Ant,true
1784702317193,Bee,Explore,null,true
1784702317699,alice,Play,http://localhost:3251@Bee,false
1784702317700,Ant,Play,http://localhost:3251@alice,true
1784702317701,bear,Sing,http://localhost:3251@brice,false
1784702317701,brice,Sing,http://localhost:3251@Bee,false
1784702318155,Bat,Fight,http://localhost:3251@Bee,false
1784702318157,Bee,Fight,http://localhost:3251@Bat,false
1784702565282,alice,Play,http://localhost:3251@Bat,false
1784702565898,alice,Sing,http://localhost:3251@Bee,false
1784702565899,Bee,Sing,http://localhost:3251@alice,false
1784702566171,Ant,Explore,null,true
1784702566330,bear,Talk,http://localhost:3251@Bee,false
1784702566331,Bee,Talk,http://localhost:3251@bear,false
1784702566497,Bat,Dance,http://localhost:3251@brice,false
1784702566498,brice,Dance,http://localhost:3251@Bat,false
1784702567142,alice,Walk,http://localhost:3251@bear,true
1784702567143,bear,Walk,http://localhost:3251@alice,true
1784702567685,Ant,Explore,null,true
1784702568447,Bat,Play,http://localhost:3251@bear,true
1784702568448,bear,Play,http://localhost:3251@Bat,false
1784702568553,Bee,Explore,null,true
1784702568662,brice,Explore,null,true
1784702569430,alice,Talk,http://localhost:3251@Bat,true
1784702569431,Bat,Talk,http://localhost:3251@alice,true
1784702570007,bear,Explore,null,false
1784702570131,Bee,Explore,null,false
1784702570431,Ant,Talk,http://localhost:3251@Bat,false
1784702570432,Bat,Talk,http://localhost:3251@alice,false
1784702571210,alice,Dance,http://localhost:3251@brice,true
1784702571211,brice,Dance,http://localhost:3251@alice,true
1784702571381,Bat,Walk,http://localhost:3251@Bee,true
1784702571382,Bee,Walk,http://localhost:3251@Bat,true
1784702572096,Ant,Fight,http://localhost:3251@brice,true
1784702572097,brice,Fight,http://localhost:3251@Ant,true
1784702572776,alice,Explore,null,true
1784702572777,bear,Explore,null,true
1784702573110,Ant,Talk,http://localhost:3251@Bee,false
1784702573110,Bee,Talk,http://localhost:3251@Ant,false
1784702573506,Bat,Explore,null,true
1784702573736,bear,Talk,http://localhost:3251@Bee,true
1784702573737,Bee,Talk,http://localhost:3251@bear,true
1784702574268,Ant,Exercise,http://localhost:3251@Bat,false
1784702574268,Bat,Exercise,http://localhost:3251@Ant,false
1784702574321,alice,Explore,null,true
1784702574321,brice,Explore,null,false
1784702575351,Bee,Explore,null,true
1784702575589,Ant,Dance,http://localhost:3251@bear,true
1784702575590,bear,Dance,http://localhost:3251@Ant,true
1784702576104,alice,Exercise,http://localhost:3251@Bat,false
1784702576106,Bat,Exercise,http://localhost:3251@alice,true
1784702576945,bear,Walk,http://localhost:3251@Bee,true
1784702576945,Bee,Walk,http://localhost:3251@bear,true
1784702577842,Ant,Explore,null,true
1784702578009,Bat,Dance,http://localhost:3251@brice,false
1784702578010,bear,Dance,http://localhost:3251@Bat,true
1784702578331,alice,Talk,http://localhost:3251@Bee,false
1784702578332,Bee,Talk,http://localhost:3251@alice,true
1784702578799,Ant,Talk,http://localhost:3251@Bee,false
1784702578800,Bee,Talk,http://localhost:3251@Ant,false
1784702579269,Bat,Play,http://localhost:3251@brice,true
1784702579269,brice,Play,http://localhost:3251@Bat,true
1784702579569,bear,Explore,null,true
1784702579975,Ant,Exercise,http://localhost:3251@Bat,false
1784702579975,brice,Exercise,http://localhost:3251@Ant,true
1784702580377,Bee,Explore,null,true
1784702580543,alice,Explore,null,false
1784702581188,alice,Play,http://localhost:3251@Bat,true
1784702581189,Bat,Play,http://localhost:3251@brice,false
1784702581253,bear,Sing,http://localhost:3251@brice,true
1784702581255,brice,Sing,http://localhost:3251@bear,false
1784702582257,alice,Walk,http://localhost:3251@Bee,false
1784702582258,Bee,Walk,http://localhost:3251@Bat,false
1784702582797,alice,Fight,http://localhost:3251@bear,true
1784702582798,bear,Fight,http://localhost:3251@alice,true
1784702583098,Ant,Walk,http://localhost:3251@Bat,true
1784702583099,Bat,Walk,http://localhost:3251@Ant,false
1784702583798,Ant,Talk,http://localhost:3251@bear,true
1784702583798,bear,Talk,http://localhost:3251@Bee,false
1784702583853,Bee,Explore,null,false
1784702584668,brice,Explore,null,true
1784702584932,Bat,Exercise,http://localhost:3251@alice,false
1784702584933,Bee,Exercise,http://localhost:3251@Bat,false
1784702585054,alice,Explore,null,false
1784702585433,Ant,Explore,null,true
1784702585773,Bat,Dance,http://localhost:3251@bear,false
1784702585775,bear,Dance,http://localhost:3251@Bat,true
1784702586230,alice,Exercise,http://localhost:3251@brice,true
1784702586231,brice,Exercise,http://localhost:3251@alice,false
1784702587301,bear,Explore,null,false
1784702587532,alice,Dance,http://localhost:3251@Bat,false
1784702587533,Bat,Dance,http://localhost:3251@alice,true
1784702587585,Ant,Explore,null,true
1784702587830,bear,Talk,http://localhost:3251@brice,false
1784702587830,brice,Talk,http://localhost:3251@bear,false
1784702588781,Bat,Talk,http://localhost:3251@brice,false
1784702588782,brice,Talk,http://localhost:3251@bear,false
1784702588831,alice,Sing,http://localhost:3251@Ant,true
1784702588832,Ant,Sing,http://localhost:3251@alice,true
1784702588942,Bee,Explore,null,false
1784702589679,bear,Walk,http://localhost:3251@Bee,true
1784702589679,Bee,Walk,http://localhost:3251@bear,false
1784702589748,alice,Talk,http://localhost:3251@brice,false
1784702589749,brice,Talk,http://localhost:3251@bear,false
1784702590425,Ant,Explore,null,true
1784702590426,Bat,Talk,http://localhost:3251@alice,false
1784702590427,brice,Talk,http://localhost:3251@Bat,true
1784702591042,Bat,Play,http://localhost:3251@Bee,true
1784702591043,Bee,Play,http://localhost:3251@Bat,false
1784702591687,alice,Dance,http://localhost:3251@Bat,true
1784702591689,bear,Dance,http://localhost:3251@alice,false
1784702592344,Ant,Sing,http://localhost:3251@alice,false
1784702592344,bear,Sing,http://localhost:3251@Ant,true
1784702592619,brice,Explore,null,false
1784702593237,Bee,Explore,null,false
1784702593700,Ant,Play,http://localhost:3251@Bat,false
1784702593701,Bat,Play,http://localhost:3251@brice,true
1784702594204,Bat,Fight,http://localhost:3251@brice,false
1784702594205,brice,Fight,http://localhost:3251@Bat,true
1784702594367,Ant,Exercise,http://localhost:3251@Bee,false
1784702594367,Bee,Exercise,http://localhost:3251@Ant,false
1784702594872,alice,Sing,http://localhost:3251@brice,true
1784702594873,brice,Sing,http://localhost:3251@alice,true
1784702595240,Bat,Fight,http://localhost:3251@bear,true
1784702595242,bear,Fight,http://localhost:3251@alice,true
1784702595830,alice,Talk,http://localhost:3251@Bee,false
1784702595831,Ant,Talk,http://localhost:3251@alice,true
1784702596231,bear,Dance,http://localhost:3251@Bee,false
1784702596232,Bee,Dance,http://localhost:3251@bear,true
1784702597710,alice,Dance,http://localhost:3251@Bat,true
1784702597711,Bat,Dance,http://localhost:3251@alice,true
1784702598309,Ant,Sing,http://localhost:3251@alice,true
1784702598310,Bat,Sing,http://localhost:3251@Ant,true
1784702598637,bear,Sing,http://localhost:3251@brice,false
1784702598638,brice,Sing,http://localhost:3251@bear,true
1784702599229,Bee,Exercise,http://localhost:3251@Ant,true
1784702599231,brice,Exercise,http://localhost:3251@Bee,true
1784702599287,Ant,Fight,http://localhost:3251@brice,true
1784702599287,bear,Fight,http://localhost:3251@Ant,true
1784702599895,alice,Explore,null,true
1784702600237,Bat,Sing,http://localhost:3251@brice,true
1784702600239,brice,Sing,http://localhost:3251@Bat,true
1784702600342,alice,Talk,http://localhost:3251@Ant,false
1784702600343,Ant,Talk,http://localhost:3251@Bee,true
1784702600532,bear,Dance,http://localhost:3251@Bee,true
1784702600533,Bee,Dance,http://localhost:3251@bear,false
1784702601543,Ant,Sing,http://localhost:3251@brice,true
1784702601545,brice,Sing,http://localhost:3251@bear,true
1784702601876,alice,Explore,null,true
1784702602772,alice,Play,http://localhost:3251@Ant,true
1784702602773,Ant,Play,http://localhost:3251@alice,false
1784702602774,Bee,Explore,null,true
1784702603053,brice,Explore,null,true
1784702603331,bear,Talk,http://localhost:3251@Bee,false
1784702603331,Bee,Talk,http://localhost:3251@bear,false
1784702604904,Bee,Explore,null,true
1784702606398,Ant,Explore,null,false
1784702606398,Bat,Explore,null,true
1784702606448,alice,Talk,http://localhost:3251@Bee,true
1784702606449,Bee,Talk,http://localhost:3251@alice,false
1784702607021,bear,Explore,null,false
1784702607409,alice,Play,http://localhost:3251@brice,true
1784702607410,brice,Play,http://localhost:3251@alice,false
1784702608587,Bat,Explore,null,false
1784702608876,alice,Sing,http://localhost:3251@bear,false
1784702608877,bear,Sing,http://localhost:3251@alice,true
1784702609276,Bee,Play,http://localhost:3251@brice,true
1784702609277,brice,Play,http://localhost:3251@alice,false
1784702609586,alice,Dance,http://localhost:3251@Ant,false
1784702609587,Ant,Dance,http://localhost:3251@alice,false
1784702610120,bear,Play,http://localhost:3251@brice,false
1784702610120,brice,Play,http://localhost:3251@bear,true
1784702610176,Ant,Talk,http://localhost:3251@Bat,false
1784702610177,Bat,Talk,http://localhost:3251@Ant,false
1784702610533,alice,Fight,http://localhost:3251@Bat,true
1784702610534,Bat,Fight,http://localhost:3251@alice,false
1784702611318,alice,Exercise,http://localhost:3251@brice,false
1784702611319,brice,Exercise,http://localhost:3251@alice,false
1784702611442,Ant,Play,http://localhost:3251@Bat,false
1784702611443,Bat,Play,http://localhost:3251@Ant,false
1784702612107,Bee,Explore,null,true
1784702612480,bear,Exercise,http://localhost:3251@brice,false
1784702612501,brice,Exercise,http://localhost:3251@alice,false
1784702613202,alice,Play,http://localhost:3251@Bee,true
1784702613202,Bee,Play,http://localhost:3251@alice,false
1784702613642,Bat,Explore,null,true
1784702614069,bear,Fight,http://localhost:3251@Bee,true
1784702614070,Bee,Fight,http://localhost:3251@bear,true
1784702614920,Bat,Sing,http://localhost:3251@Bee,false
1784702614921,Bee,Sing,http://localhost:3251@Bat,false
1784702614970,alice,Exercise,http://localhost:3251@bear,true
1784702614973,bear,Exercise,http://localhost:3251@alice,false
1784702615270,brice,Explore,null,false
1784702615536,Ant,Fight,http://localhost:3251@Bat,false
1784702615537,Bat,Fight,http://localhost:3251@Ant,true
1784702616176,Bee,Play,http://localhost:3251@brice,true
1784702616177,brice,Play,http://localhost:3251@Bee,false
1784702616502,alice,Explore,null,true
1784702616502,bear,Explore,null,true
1784702616796,Bat,Walk,http://localhost:3251@brice,true
1784702616797,brice,Walk,http://localhost:3251@Bat,false
1784702617462,Bat,Talk,http://localhost:3251@bear,false
1784702617462,bear,Talk,http://localhost:3251@Bat,false
1784702617698,Ant,Explore,null,false
1784702618264,Bee,Walk,http://localhost:3251@brice,true
1784702618265,brice,Walk,http://localhost:3251@Bee,true
1784702619563,alice,Dance,http://localhost:3251@Bee,true
1784702619564,Bee,Dance,http://localhost:3251@alice,true
1784702619791,bear,Explore,null,false
1784702619847,Bat,Explore,null,true
1784702621339,Ant,Exercise,http://localhost:3251@Bee,true
1784702621340,Bee,Exercise,http://localhost:3251@Ant,true
1784702622053,Ant,Walk,http://localhost:3251@bear,false
1784702622054,Bat,Play,http://localhost:3251@Bee,false
1784702622054,bear,Walk,http://localhost:3251@Ant,true
1784702622055,Bee,Play,http://localhost:3251@Bat,true
1784702623055,alice,Explore,null,false
1784702623768,brice,Explore,null,false
1784702624005,Ant,Exercise,http://localhost:3251@Bee,true
1784702624007,Bee,Exercise,http://localhost:3251@Ant,false
1784702624479,alice,Fight,http://localhost:3251@Bat,false
1784702624480,Bat,Fight,http://localhost:3251@alice,true
1784702625091,Ant,Play,http://localhost:3251@brice,true
1784702625092,brice,Play,http://localhost:3251@Ant,true
1784702625320,alice,Play,http://localhost:3251@Bee,false
1784702625320,Bee,Play,http://localhost:3251@alice,true
1784702625772,Bat,Walk,http://localhost:3251@brice,true
1784702625773,brice,Walk,http://localhost:3251@Bat,false
1784702626413,bear,Fight,http://localhost:3251@Bee,false
1784702626413,Bee,Fight,http://localhost:3251@bear,false
1784702626667,Ant,Explore,null,true
1784702627637,alice,Explore,null,true
1784702627700,Ant,Fight,http://localhost:3251@brice,false
1784702627701,brice,Fight,http://localhost:3251@Ant,false
1784702628427,Bat,Walk,http://localhost:3251@bear,true
1784702628428,bear,Walk,http://localhost:3251@Ant,false
1784702628487,alice,Walk,http://localhost:3251@Bee,false
1784702628488,Bee,Walk,http://localhost:3251@alice,false
1784702629504,Bee,Talk,http://localhost:3251@brice,false
1784702629505,brice,Talk,http://localhost:3251@Bee,true
1784702629694,Ant,Dance,http://localhost:3251@Bat,false
1784702629695,Bat,Dance,http://localhost:3251@Ant,true
1784702630229,alice,Talk,http://localhost:3251@brice,false
1784702630230,brice,Talk,http://localhost:3251@alice,true
1784702630733,bear,Explore,null,true
1784702630860,Ant,Play,http://localhost:3251@Bee,true
1784702630862,Bee,Play,http://localhost:3251@alice,true
1784702631477,alice,Exercise,http://localhost:3251@Bat,false
1784702631478,Bat,Exercise,http://localhost:3251@alice,false
1784702632049,Ant,Walk,http://localhost:3251@bear,true
1784702632050,bear,Walk,http://localhost:3251@Ant,true
1784702632454,alice,Fight,http://localhost:3251@brice,false
1784702632456,Bee,Explore,null,true
1784702632457,brice,Fight,http://localhost:3251@alice,false
1784702633328,bear,Dance,http://localhost:3251@Bee,false
1784702633329,Bee,Dance,http://localhost:3251@bear,true
1784702633959,Ant,Sing,http://localhost:3251@bear,false
1784702633960,bear,Sing,http://localhost:3251@Ant,true
1784702634086,alice,Talk,http://localhost:3251@brice,true
1784702634087,Bat,Talk,http://localhost:3251@alice,true
1784702634675,bear,Sing,http://localhost:3251@Bee,false
1784702634677,Bee,Sing,http://localhost:3251@bear,true
1784702635138,alice,Play,http://localhost:3251@brice,true
1784702635138,brice,Play,http://localhost:3251@Ant,true
1784702635753,Ant,Exercise,http://localhost:3251@Bee,true
1784702635754,bear,Exercise,http://localhost:3251@Ant,false
1784702635914,Bee,Walk,http://localhost:3251@alice,false
1784702635914,brice,Walk,http://localhost:3251@Bee,false
1784702636467,Bat,Exercise,http://localhost:3251@brice,true
1784702636469,brice,Exercise,http://localhost:3251@Bat,false
1784702636637,alice,Explore,null,true
1784702637003,alice,Talk,http://localhost:3251@Bee,false
1784702637005,Bee,Talk,http://localhost:3251@brice,false
1784702637613,Bat,Exercise,http://localhost:3251@bear,true
1784702637613,bear,Exercise,http://localhost:3251@Bat,true
1784702637964,Ant,Explore,null,false
1784702638212,Bat,Exercise,http://localhost:3251@Bee,false
1784702638213,Bee,Exercise,http://localhost:3251@Bat,false
1784702638395,alice,Exercise,http://localhost:3251@brice,false
1784702638396,brice,Exercise,http://localhost:3251@alice,false
1784702639894,Bat,Explore,null,false
1784702640004,alice,Explore,null,false
1784702640687,alice,Talk,http://localhost:3251@brice,false
1784702640688,brice,Talk,http://localhost:3251@alice,true
1784702641110,Bee,Explore,null,true
1784702642004,alice,Dance,http://localhost:3251@Bee,false
1784702642005,Bee,Dance,http://localhost:3251@alice,false
1784702642068,bear,Fight,http://localhost:3251@Bee,true
1784702642070,brice,Fight,http://localhost:3251@bear,false
1784702642195,Ant,Explore,null,true
1784702642826,Bat,Explore,null,true
1784702643289,alice,Walk,http://localhost:3251@Ant,true
1784702643290,Ant,Walk,http://localhost:3251@alice,true
1784702643635,Bee,Fight,http://localhost:3251@brice,false
1784702643636,brice,Fight,http://localhost:3251@Bee,true
1784702643686,Bat,Fight,http://localhost:3251@bear,false
1784702643686,bear,Fight,http://localhost:3251@Bee,true
1784702644480,Ant,Exercise,http://localhost:3251@Bee,true
1784702644481,bear,Exercise,http://localhost:3251@Ant,true
1784702645170,alice,Play,http://localhost:3251@Bat,false
1784702645170,Bat,Play,http://localhost:3251@alice,true
1784702645171,Bee,Explore,null,false
1784702646194,alice,Dance,http://localhost:3251@brice,true
1784702646195,brice,Dance,http://localhost:3251@alice,false
1784702646302,Bat,Exercise,http://localhost:3251@bear,true
1784702646303,bear,Exercise,http://localhost:3251@Bat,true
1784702646416,Ant,Sing,http://localhost:3251@bear,false
1784702646416,Bee,Sing,http://localhost:3251@Ant,false
1784702647416,alice,Dance,http://localhost:3251@Bee,true
1784702647417,Ant,Dance,http://localhost:3251@alice,false
1784702647418,Bee,Play,http://localhost:3251@brice,true
1784702647419,brice,Play,http://localhost:3251@Ant,false
1784702647893,bear,Explore,null,true
1784702648416,bear,Fight,http://localhost:3251@Bee,true
1784702648417,Bee,Fight,http://localhost:3251@brice,false
1784702648721,Bat,Exercise,http://localhost:3251@brice,false
1784702648721,brice,Exercise,http://localhost:3251@Bat,false
1784702649327,alice,Walk,http://localhost:3251@Ant,true
1784702649329,bear,Walk,http://localhost:3251@alice,false
1784702649609,Ant,Explore,null,true
1784702650282,Ant,Walk,http://localhost:3251@Bee,false
1784702650283,Bee,Walk,http://localhost:3251@alice,true
1784702650571,bear,Play,http://localhost:3251@brice,false
1784702650572,brice,Play,http://localhost:3251@Ant,false
1784702651409,bear,Exercise,http://localhost:3251@Bee,true
1784702651410,Bee,Exercise,http://localhost:3251@Bat,false
1784702651814,Ant,Explore,null,true
1784702651876,alice,Walk,http://localhost:3251@Bat,true
1784702651878,Bat,Walk,http://localhost:3251@brice,true
1784702652168,bear,Fight,http://localhost:3251@brice,false
1784702652169,brice,Fight,http://localhost:3251@bear,false
1784702652671,alice,Sing,http://localhost:3251@Bee,false
1784702652672,Bee,Sing,http://localhost:3251@bear,true
1784702653648,brice,Explore,null,true
1784702653704,Bat,Walk,http://localhost:3251@brice,true
1784702653705,Bee,Walk,http://localhost:3251@Bat,true
1784702653926,Ant,Explore,null,true
1784702654320,Bat,Talk,http://localhost:3251@bear,true
1784702654321,bear,Talk,http://localhost:3251@Bat,true
1784702654657,bear,Talk,http://localhost:3251@Bee,true
1784702654659,Bee,Talk,http://localhost:3251@brice,true
1784702654782,alice,Explore,null,false
1784702655460,Ant,Explore,null,true
1784702655571,Bat,Dance,http://localhost:3251@brice,false
1784702655572,brice,Dance,http://localhost:3251@Bat,true
1784702656627,Bee,Play,http://localhost:3251@alice,false
1784702656628,brice,Play,http://localhost:3251@Bee,true
1784702657318,alice,Sing,http://localhost:3251@Ant,false
1784702657318,Ant,Sing,http://localhost:3251@alice,true
1784702657319,Bat,Walk,http://localhost:3251@bear,true
1784702657319,bear,Walk,http://localhost:3251@Ant,true
1784702657672,Bat,Talk,http://localhost:3251@brice,false
1784702657672,brice,Talk,http://localhost:3251@alice,false
1784702658799,Ant,Exercise,http://localhost:3251@brice,false
1784702658799,Bee,Explore,null,true
1784702658800,brice,Exercise,http://localhost:3251@alice,false
1784702659516,Bat,Dance,http://localhost:3251@brice,true
1784702659517,bear,Dance,http://localhost:3251@Bat,false
1784702660340,Bee,Explore,null,false
1784702660464,alice,Exercise,http://localhost:3251@Bat,false
1784702660465,Ant,Exercise,http://localhost:3251@alice,false
1784702660575,Bat,Talk,http://localhost:3251@brice,true
1784702660575,brice,Talk,http://localhost:3251@alice,true
1784702661404,Ant,Exercise,http://localhost:3251@bear,false
1784702661404,bear,Exercise,http://localhost:3251@Bat,false
1784702661876,Bee,Explore,null,true
1784702662068,alice,Fight,http://localhost:3251@brice,false
1784702662068,Bat,Fight,http://localhost:3251@alice,false
1784702662433,Bat,Talk,http://localhost:3251@bear,true
1784702662434,bear,Talk,http://localhost:3251@Bat,true
1784702662915,bear,Talk,http://localhost:3251@Bee,true
1784702662916,Bee,Talk,http://localhost:3251@brice,false
1784702663571,brice,Explore,null,false
1784702663751,alice,Explore,null,true
1784702663969,Bee,Fight,http://localhost:3251@brice,true
1784702663969,brice,Fight,http://localhost:3251@Bee,true
1784702664360,alice,Dance,http://localhost:3251@Bat,true
1784702664361,Bat,Dance,http://localhost:3251@brice,false
1784702664470,bear,Explore,null,false
1784702665018,Bat,Talk,http://localhost:3251@brice,false
1784702665018,brice,Talk,http://localhost:3251@alice,true
1784702665196,Ant,Dance,http://localhost:3251@Bee,false
1784702665197,Bee,Dance,http://localhost:3251@Ant,false
1784702666371,Bat,Dance,http://localhost:3251@brice,true
1784702666372,bear,Sing,http://localhost:3251@brice,true
1784702666373,Bee,Dance,http://localhost:3251@Bat,true
1784702666373,brice,Sing,http://localhost:3251@bear,false
1784702666607,alice,Explore,null,true
1784702667527,Ant,Explore,null,false
1784702668015,Bat,Explore,null,false
1784702668015,brice,Explore,null,true
1784702668379,Ant,Play,http://localhost:3251@Bee,false
1784702668380,Bee,Play,http://localhost:3251@alice,true
1784702669015,Bee,Fight,http://localhost:3251@brice,false
1784702669016,brice,Fight,http://localhost:3251@bear,false
1784702669482,bear,Explore,null,true
1784702669959,Ant,Explore,null,true
1784702671100,alice,Dance,http://localhost:3251@brice,true
1784702671101,brice,Dance,http://localhost:3251@alice,true
1784702671703,Ant,Walk,http://localhost:3251@Bee,false
1784702671705,Bee,Walk,http://localhost:3251@Ant,true
1784702672996,Bat,Exercise,http://localhost:3251@bear,true
1784702672997,bear,Exercise,http://localhost:3251@Bat,false
1784702673278,Ant,Explore,null,false
1784702673397,brice,Explore,null,true
1784702674249,bear,Play,http://localhost:3251@brice,true
1784702674250,brice,Play,http://localhost:3251@bear,false
1784702674708,alice,Explore,null,false
1784702675234,Bat,Talk,http://localhost:3251@Bee,true
1784702675234,Bee,Talk,http://localhost:3251@Bat,true
1784702675763,alice,Fight,http://localhost:3251@brice,false
1784702675763,brice,Fight,http://localhost:3251@alice,false
1784702675881,Ant,Walk,http://localhost:3251@Bat,false
1784702675881,Bat,Walk,http://localhost:3251@Ant,false
1784702676531,bear,Play,http://localhost:3251@Bee,false
1784702676531,Bee,Play,http://localhost:3251@bear,true
1784702677202,alice,Play,http://localhost:3251@Bat,false
1784702677203,Bat,Play,http://localhost:3251@alice,true
1784702678183,Bee,Explore,null,false
1784702679358,Ant,Exercise,http://localhost:3251@brice,true
1784702679361,brice,Exercise,http://localhost:3251@Ant,false
1784702679585,alice,Explore,null,false
1784702680180,Bat,Explore,null,false
1784702680749,alice,Exercise,http://localhost:3251@Bee,false
1784702680751,Bee,Exercise,http://localhost:3251@alice,false
1784702681001,Ant,Explore,null,true
1784702681004,Bat,Talk,http://localhost:3251@brice,true
1784702681005,brice,Talk,http://localhost:3251@Bat,true
1784702681689,bear,Fight,http://localhost:3251@brice,true
1784702681690,brice,Fight,http://localhost:3251@bear,false
1784702682056,alice,Fight,http://localhost:3251@Bat,false
1784702682057,Bat,Fight,http://localhost:3251@alice,true
1784702682641,alice,Fight,http://localhost:3251@Ant,false
1784702682642,Ant,Fight,http://localhost:3251@alice,true
1784702682999,bear,Dance,http://localhost:3251@Bee,true
1784702683000,Bee,Dance,http://localhost:3251@bear,true
1784702683676,Bat,Explore,null,true
1784702683741,Bee,Dance,http://localhost:3251@brice,false
1784702683742,brice,Dance,http://localhost:3251@alice,true
1784702684296,Ant,Explore,null,true
1784702685062,alice,Fight,http://localhost:3251@brice,false
1784702685063,bear,Fight,http://localhost:3251@alice,true
1784702685408,Bee,Explore,null,false
1784702685973,Ant,Explore,null,false
1784702686705,bear,Explore,null,true
1784702687249,Bat,Dance,http://localhost:3251@brice,false
1784702687250,brice,Dance,http://localhost:3251@alice,true
1784702687736,Bee,Explore,null,true
1784702688482,alice,Exercise,http://localhost:3251@Bat,true
1784702688483,Bat,Exercise,http://localhost:3251@alice,true
1784702688483,Bee,Exercise,http://localhost:3251@brice,false
1784702688484,brice,Exercise,http://localhost:3251@Bee,false
1784702689349,alice,Play,http://localhost:3251@Ant,false
1784702689350,Ant,Play,http://localhost:3251@alice,false
1784702689739,bear,Explore,null,false
1784702690242,Ant,Talk,http://localhost:3251@Bat,false
1784702690243,Bat,Talk,http://localhost:3251@Bee,false
1784702690718,alice,Dance,http://localhost:3251@Bee,true
1784702690719,Bee,Dance,http://localhost:3251@alice,false
1784702691016,brice,Explore,null,true
1784702691872,Ant,Explore,null,true
1784702691873,Bat,Explore,null,false
1784702692368,alice,Explore,null,false
1784702692369,Bee,Explore,null,false
1784702693047,Ant,Sing,http://localhost:3251@brice,true
1784702693050,brice,Sing,http://localhost:3251@Ant,false
1784702693711,bear,Dance,http://localhost:3251@Bee,true
1784702693712,Bee,Dance,http://localhost:3251@bear,false
1784702694450,alice,Play,http://localhost:3251@Bat,true
1784702694451,Bat,Play,http://localhost:3251@alice,true
1784702694702,Ant,Explore,null,false
1784702695768,Bat,Play,http://localhost:3251@brice,true
1784702695768,brice,Play,http://localhost:3251@Bat,true
1784702695818,alice,Walk,http://localhost:3251@Ant,false
1784702695819,Ant,Walk,http://localhost:3251@alice,true
1784702696062,bear,Explore,null,false
1784702697112,alice,Dance,http://localhost:3251@brice,true
1784702697115,brice,Dance,http://localhost:3251@alice,false
1784702698114,Ant,Sing,http://localhost:3251@bear,false
1784702698116,bear,Sing,http://localhost:3251@Ant,false
1784702698178,Bee,Explore,null,true
1784702698841,Bat,Talk,http://localhost:3251@Bee,true
1784702698842,Bee,Talk,http://localhost:3251@Bat,false
1784702699155,Ant,Dance,http://localhost:3251@brice,true
1784702699156,brice,Dance,http://localhost:3251@alice,false
1784702699450,alice,Sing,http://localhost:3251@bear,true
1784702699451,bear,Sing,http://localhost:3251@Ant,false
1784702700188,alice,Play,http://localhost:3251@Bat,false
1784702700190,Bat,Play,http://localhost:3251@alice,true
1784702700497,Ant,Dance,http://localhost:3251@bear,false
1784702700499,bear,Dance,http://localhost:3251@Ant,true
1784702700501,Bee,Walk,http://localhost:3251@brice,false
1784702700501,brice,Walk,http://localhost:3251@Bee,true
1784702701416,Bat,Exercise,http://localhost:3251@alice,true
1784702701418,brice,Exercise,http://localhost:3251@Bat,true
1784702701920,alice,Explore,null,false
1784702702804,alice,Sing,http://localhost:3251@Bat,true
1784702702806,Bat,Sing,http://localhost:3251@alice,false
1784702702868,Ant,Explore,null,true
1784702703544,Ant,Sing,http://localhost:3251@brice,true
1784702703545,bear,Explore,null,true
1784702703546,brice,Sing,http://localhost:3251@Ant,true
1784702704552,Bee,Play,http://localhost:3251@bear,true
1784702704553,brice,Play,http://localhost:3251@Bee,false
1784702704773,Ant,Sing,http://localhost:3251@Bat,false
1784702704774,Bat,Sing,http://localhost:3251@alice,true
1784702705062,alice,Explore,null,true
1784702705299,bear,Explore,null,true
1784702705819,Ant,Sing,http://localhost:3251@brice,true
1784702705820,brice,Sing,http://localhost:3251@Ant,false
1784702706353,Bat,Explore,null,false
1784702706739,Bee,Explore,null,true
1784702706976,alice,Walk,http://localhost:3251@Ant,true
1784702706977,bear,Walk,http://localhost:3251@alice,true
1784702707433,Ant,Explore,null,false
1784702707672,Bat,Play,http://localhost:3251@alice,true
1784702707673,brice,Play,http://localhost:3251@Bat,true
1784702707785,Ant,Fight,http://localhost:3251@Bee,true
1784702707786,Bee,Fight,http://localhost:3251@Ant,false
1784702708026,alice,Fight,http://localhost:3251@brice,true
1784702708026,Bat,Fight,http://localhost:3251@alice,true
1784702708793,alice,Talk,http://localhost:3251@Bee,true
1784702708794,Bee,Talk,http://localhost:3251@alice,false
1784702709016,Bat,Fight,http://localhost:3251@alice,false
1784702709017,brice,Fight,http://localhost:3251@Bat,false
1784702710067,Ant,Explore,null,true
1784702710069,bear,Play,http://localhost:3251@Bee,true
1784702710070,Bee,Play,http://localhost:3251@bear,false
1784702710368,alice,Explore,null,true
1784702710967,Bee,Sing,http://localhost:3251@brice,true
1784702710968,brice,Sing,http://localhost:3251@Ant,false
1784702711096,alice,Fight,http://localhost:3251@bear,false
1784702711096,bear,Fight,http://localhost:3251@brice,true
1784702712347,Ant,Explore,null,true
1784702712717,alice,Explore,null,false
1784702713085,Ant,Play,http://localhost:3251@bear,false
1784702713086,bear,Play,http://localhost:3251@brice,true
1784702714051,alice,Play,http://localhost:3251@Bat,true
1784702714054,Bat,Play,http://localhost:3251@alice,false
1784702714343,Ant,Dance,http://localhost:3251@brice,false
1784702714344,brice,Dance,http://localhost:3251@alice,false
1784702714998,Ant,Play,http://localhost:3251@Bee,true
1784702714998,Bee,Play,http://localhost:3251@bear,true
1784702715343,Bat,Fight,http://localhost:3251@brice,true
1784702715344,brice,Fight,http://localhost:3251@Bat,false
1784702715454,bear,Explore,null,true
1784702716461,Bat,Talk,http://localhost:3251@bear,true
1784702716462,bear,Talk,http://localhost:3251@Bat,false
1784702717233,Ant,Explore,null,true
1784702717296,alice,Play,http://localhost:3251@brice,false
1784702717298,brice,Play,http://localhost:3251@Bat,true
1784702718541,alice,Walk,http://localhost:3251@Ant,false
1784702718542,Ant,Walk,http://localhost:3251@alice,true
1784702718826,brice,Explore,null,false
1784702718878,bear,Sing,http://localhost:3251@Bee,false
1784702718879,Bee,Sing,http://localhost:3251@bear,true
1784702719518,alice,Talk,http://localhost:3251@brice,false
1784702719519,brice,Talk,http://localhost:3251@alice,true
1784702719575,Ant,Fight,http://localhost:3251@alice,false
1784702719576,bear,Fight,http://localhost:3251@Ant,true
1784702720460,bear,Fight,http://localhost:3251@Bee,true
1784702720461,Bee,Fight,http://localhost:3251@Ant,true
1784702720761,Bat,Walk,http://localhost:3251@brice,true
1784702720762,brice,Walk,http://localhost:3251@Bee,false
1784702721204,Ant,Explore,null,false
1784702721720,alice,Explore,null,true
1784702721775,Ant,Talk,http://localhost:3251@brice,false
1784702721776,brice,Talk,http://localhost:3251@Bat,false
1784702722045,bear,Explore,null,false
1784702722046,Bee,Explore,null,false
1784702723292,Bee,Play,http://localhost:3251@bear,true
1784702723292,brice,Play,http://localhost:3251@Bee,true
1784702723573,alice,Dance,http://localhost:3251@Bee,true
1784702723575,Ant,Dance,http://localhost:3251@alice,true
1784702724206,bear,Explore,null,true
1784702724425,Ant,Exercise,http://localhost:3251@brice,true
1784702724426,brice,Exercise,http://localhost:3251@Bee,false
1784702724551,alice,Fight,http://localhost:3251@brice,true
1784702724552,Bat,Fight,http://localhost:3251@alice,false
1784702725105,Ant,Exercise,http://localhost:3251@Bee,false
1784702725106,Bee,Exercise,http://localhost:3251@Ant,true
1784702725170,bear,Fight,http://localhost:3251@brice,true
1784702725171,brice,Fight,http://localhost:3251@bear,false
1784702726089,alice,Explore,null,false
1784702726404,Ant,Play,http://localhost:3251@alice,true
1784702726405,brice,Play,http://localhost:3251@Ant,false
1784702726707,Bee,Explore,null,true
1784702726816,Bat,Explore,null,true
1784702727122,bear,Dance,http://localhost:3251@Bee,true
1784702727124,brice,Dance,http://localhost:3251@bear,false
1784702727690,alice,Sing,http://localhost:3251@Ant,false
1784702727691,Ant,Sing,http://localhost:3251@alice,false
1784702727692,Bee,Fight,http://localhost:3251@Ant,true
1784702727692,brice,Fight,http://localhost:3251@Bee,true
1784702728351,alice,Dance,http://localhost:3251@bear,false
1784702728352,bear,Dance,http://localhost:3251@Bee,true
1784702728957,Bat,Explore,null,true
1784702729189,Ant,Explore,null,false
1784702729190,brice,Explore,null,true
1784702729539,bear,Play,http://localhost:3251@Bee,true
1784702729539,Bee,Play,http://localhost:3251@bear,false
1784702729938,alice,Fight,http://localhost:3251@brice,false
1784702729939,Bee,Fight,http://localhost:3251@alice,true
1784702730213,Bat,Play,http://localhost:3251@alice,true
1784702730214,brice,Play,http://localhost:3251@Bat,true
1784702731450,alice,Explore,null,false
1784702731720,Ant,Play,http://localhost:3251@alice,false
1784702731721,brice,Play,http://localhost:3251@Ant,true
1784702731883,Bat,Exercise,http://localhost:3251@bear,true
1784702731883,bear,Exercise,http://localhost:3251@Bat,false
1784702733051,Ant,Play,http://localhost:3251@alice,true
1784702733052,Bat,Play,http://localhost:3251@Ant,true
1784702733052,bear,Dance,http://localhost:3251@brice,false
1784702733052,brice,Dance,http://localhost:3251@alice,false
1784702733332,Bee,Explore,null,true
1784702734017,alice,Dance,http://localhost:3251@Bee,true
1784702734019,Bat,Dance,http://localhost:3251@alice,true
1784702734585,brice,Explore,null,true
1784702734801,Ant,Exercise,http://localhost:3251@brice,false
1784702734802,Bat,Exercise,http://localhost:3251@Ant,true
1784702734867,Bee,Explore,null,false
1784702735252,Bat,Talk,http://localhost:3251@bear,false
1784702735253,bear,Talk,http://localhost:3251@Bat,false
1784702735768,Ant,Fight,http://localhost:3251@alice,true
1784702735769,bear,Fight,http://localhost:3251@Ant,true
1784702735983,alice,Sing,http://localhost:3251@Bee,false
1784702735984,Bee,Sing,http://localhost:3251@alice,true
1784702736720,Ant,Fight,http://localhost:3251@alice,true
1784702736721,brice,Fight,http://localhost:3251@Ant,false
1784702737359,bear,Explore,null,true
1784702737667,Bat,Exercise,http://localhost:3251@alice,false
1784702737668,brice,Exercise,http://localhost:3251@Bat,true
1784702738605,bear,Dance,http://localhost:3251@Bee,false
1784702738606,brice,Dance,http://localhost:3251@bear,true
1784702739054,Ant,Explore,null,false
1784702739241,Bat,Explore,null,false
1784702739780,bear,Exercise,http://localhost:3251@Bat,false
1784702739781,Bee,Exercise,http://localhost:3251@bear,false
1784702740669,Ant,Talk,http://localhost:3251@Bee,true
1784702740670,Bee,Talk,http://localhost:3251@Ant,false
1784702740723,alice,Fight,http://localhost:3251@bear,false
1784702740724,bear,Fight,http://localhost:3251@brice,false
1784702741973,bear,Walk,http://localhost:3251@Bee,false
1784702741974,Bee,Walk,http://localhost:3251@bear,false
1784702742025,Bat,Explore,null,false
1784702742251,alice,Explore,null,false
1784702742359,Ant,Talk,http://localhost:3251@Bee,true
1784702742360,Bat,Talk,http://localhost:3251@Ant,false
1784702742841,Bee,Fight,http://localhost:3251@brice,true
1784702742842,brice,Fight,http://localhost:3251@Bat,true
1784702743525,alice,Dance,http://localhost:3251@Bee,false
1784702743526,Bat,Dance,http://localhost:3251@alice,true
1784702743908,Ant,Explore,null,true
1784702744393,Bat,Fight,http://localhost:3251@Bee,false
1784702744394,Bee,Fight,http://localhost:3251@Ant,true
1784702745342,bear,Explore,null,false
1784702745509,alice,Exercise,http://localhost:3251@Bat,false
1784702745510,Bat,Exercise,http://localhost:3251@alice,false
1784702745892,Bee,Play,http://localhost:3251@brice,true
1784702745893,brice,Play,http://localhost:3251@Bat,true
1784702746402,Ant,Dance,http://localhost:3251@bear,true
1784702746403,bear,Dance,http://localhost:3251@Ant,false
1784702747147,bear,Dance,http://localhost:3251@brice,false
1784702747149,brice,Dance,http://localhost:3251@alice,true
1784702747495,Bee,Talk,http://localhost:3251@alice,true
1784702747496,brice,Talk,http://localhost:3251@Bee,true
1784702747655,Bat,Explore,null,true
1784702747928,Ant,Explore,null,true
1784702748924,alice,Explore,null,false
1784702749195,Bat,Explore,null,true
1784702749479,Ant,Explore,null,false
1784702750014,bear,Sing,http://localhost:3251@brice,false
1784702750015,brice,Sing,http://localhost:3251@Ant,false
1784702750229,Bee,Explore,null,true
1784702750724,alice,Play,http://localhost:3251@Bat,false
1784702750725,bear,Play,http://localhost:3251@alice,false
1784702751292,Ant,Play,http://localhost:3251@alice,true
1784702751294,brice,Play,http://localhost:3251@Ant,false
1784702751925,Bat,Explore,null,false
1784702751979,bear,Walk,http://localhost:3251@Bee,false
1784702751980,brice,Walk,http://localhost:3251@bear,false
1784702752666,alice,Exercise,http://localhost:3251@Bee,false
1784702752667,Ant,Exercise,http://localhost:3251@alice,false
1784702753250,Bee,Sing,http://localhost:3251@brice,false
1784702753251,brice,Sing,http://localhost:3251@Ant,false
1784702753533,Ant,Fight,http://localhost:3251@Bat,false
1784702753534,Bat,Fight,http://localhost:3251@alice,true
1784702753534,bear,Explore,null,true
1784702754545,bear,Dance,http://localhost:3251@Bee,true
1784702754546,Bee,Dance,http://localhost:3251@bear,false
1784702754599,alice,Dance,http://localhost:3251@Bee,false
1784702754600,Ant,Dance,http://localhost:3251@alice,true
1784702754896,Bee,Fight,http://localhost:3251@brice,false
1784702754896,brice,Fight,http://localhost:3251@Bat,false
1784702756102,alice,Dance,http://localhost:3251@Bat,false
1784702756103,Bat,Dance,http://localhost:3251@alice,true
1784702756285,bear,Play,http://localhost:3251@brice,true
1784702756286,brice,Play,http://localhost:3251@Bat,false
1784702756795,alice,Play,http://localhost:3251@Bee,false
1784702756796,Bee,Play,http://localhost:3251@bear,false
1784702756847,Ant,Fight,http://localhost:3251@alice,true
1784702756847,Bat,Fight,http://localhost:3251@Ant,true
1784702757535,Bee,Walk,http://localhost:3251@brice,false
1784702757536,brice,Walk,http://localhost:3251@Bee,false
1784702758033,alice,Play,http://localhost:3251@Bat,true
1784702758034,bear,Play,http://localhost:3251@alice,false
1784702758747,Ant,Play,http://localhost:3251@alice,false
1784702758748,Bat,Play,http://localhost:3251@Ant,false
1784702759938,bear,Play,http://localhost:3251@brice,true
1784702759939,Bee,Play,http://localhost:3251@bear,false
1784702760355,Ant,Fight,http://localhost:3251@alice,true
1784702760355,bear,Fight,http://localhost:3251@Ant,false
1784702760648,alice,Dance,http://localhost:3251@Bee,true
1784702760649,brice,Dance,http://localhost:3251@alice,false
1784702761288,Ant,Dance,http://localhost:3251@Bat,true
1784702761289,Bat,Dance,http://localhost:3251@alice,false
1784702761351,bear,Fight,http://localhost:3251@brice,false
1784702761352,Bee,Fight,http://localhost:3251@bear,false
1784702762269,brice,Explore,null,true
1784702762588,Ant,Sing,http://localhost:3251@Bee,true
1784702762589,Bee,Sing,http://localhost:3251@bear,true
1784702762651,alice,Dance,http://localhost:3251@bear,false
1784702762652,bear,Dance,http://localhost:3251@Bee,true
1784702763535,Bee,Play,http://localhost:3251@brice,false
1784702763536,brice,Play,http://localhost:3251@Bat,false
1784702764140,Ant,Explore,null,true
1784702765008,Bee,Explore,null,true
1784702765405,Bat,Explore,null,false
1784702766057,alice,Explore,null,false
1784702766413,bear,Sing,http://localhost:3251@Ant,false
1784702766414,Bee,Sing,http://localhost:3251@bear,false
1784702766953,Ant,Explore,null,false
1784702767480,Bat,Play,http://localhost:3251@alice,false
1784702767480,brice,Play,http://localhost:3251@Bat,true
1784702767727,alice,Explore,null,false
1784702768298,bear,Explore,null,true
1784702768359,Ant,Dance,http://localhost:3251@bear,false
1784702768360,brice,Dance,http://localhost:3251@Ant,true
1784702768716,Bee,Explore,null,false
1784702769581,bear,Walk,http://localhost:3251@Bee,false
1784702769582,Bee,Walk,http://localhost:3251@bear,false
1784702769644,Ant,Walk,http://localhost:3251@Bat,true
1784702769645,Bat,Walk,http://localhost:3251@Ant,false
1784702770817,Ant,Sing,http://localhost:3251@Bee,false
1784702770818,Bee,Sing,http://localhost:3251@bear,true
1784702770872,Bat,Walk,http://localhost:3251@brice,true
1784702770873,brice,Walk,http://localhost:3251@Bat,false
1784702771157,bear,Explore,null,true
1784702771271,alice,Explore,null,true
1784702771963,alice,Exercise,http://localhost:3251@Ant,true
1784702771964,Ant,Exercise,http://localhost:3251@brice,false
1784702772289,bear,Exercise,http://localhost:3251@Bat,false
1784702772290,Bee,Exercise,http://localhost:3251@bear,false
1784702773461,alice,Explore,null,true
1784702773808,Ant,Dance,http://localhost:3251@bear,false
1784702773808,Bee,Dance,http://localhost:3251@Ant,true
1784702774591,Ant,Sing,http://localhost:3251@Bat,false
1784702774593,Bat,Sing,http://localhost:3251@alice,true
1784702774646,bear,Sing,http://localhost:3251@brice,false
1784702774646,brice,Sing,http://localhost:3251@Ant,false
1784702775035,alice,Talk,http://localhost:3251@brice,false
1784702775036,Bat,Talk,http://localhost:3251@alice,true
1784702775710,Ant,Play,http://localhost:3251@Bee,false
1784702775711,Bee,Play,http://localhost:3251@bear,false
1784702775965,Bat,Sing,http://localhost:3251@brice,false
1784702775966,brice,Sing,http://localhost:3251@Ant,true
1784702776636,bear,Play,http://localhost:3251@brice,false
1784702776637,Bee,Play,http://localhost:3251@bear,true
1784702777135,alice,Sing,http://localhost:3251@Ant,true
1784702777135,Ant,Sing,http://localhost:3251@alice,true
1784702777622,brice,Explore,null,false
1784702778351,Bee,Explore,null,false
1784702778541,alice,Walk,http://localhost:3251@Ant,false
1784702778543,Ant,Walk,http://localhost:3251@alice,false
1784702779043,bear,Explore,null,true
1784702779272,brice,Explore,null,false
1784702779686,Bat,Explore,null,false
1784702780229,alice,Explore,null,true
1784702780348,Ant,Sing,http://localhost:3251@Bee,true
1784702780351,Bee,Sing,http://localhost:3251@bear,false
1784702780847,Ant,Fight,http://localhost:3251@bear,true
1784702780848,bear,Fight,http://localhost:3251@brice,false
1784702781037,alice,Walk,http://localhost:3251@Bat,true
1784702781038,Bat,Walk,http://localhost:3251@brice,true
1784702781578,brice,Explore,null,false
1784702782177,Ant,Sing,http://localhost:3251@alice,false
1784702782178,Bee,Sing,http://localhost:3251@Ant,false
1784702782640,Bat,Explore,null,false
1784702783138,bear,Explore,null,true
1784702783787,Ant,Explore,null,true
1784702783896,Bee,Explore,null,true
1784702783897,brice,Explore,null,true
1784702784707,alice,Dance,http://localhost:3251@Bat,true
1784702784708,Bat,Dance,http://localhost:3251@alice,false
1784702784758,bear,Explore,null,false
1784702784809,Ant,Talk,http://localhost:3251@Bee,false
1784702784810,brice,Talk,http://localhost:3251@Ant,true
1784702785901,Ant,Talk,http://localhost:3251@Bee,false
1784702785902,Bat,Talk,http://localhost:3251@Ant,false
1784702786281,Bee,Explore,null,true
1784702786344,alice,Explore,null,true
