1784893653210,Bat,Dance,http://localhost:3251@Bee,false
1784893653211,Bee,Dance,http://localhost:3251@Bat,false
1784893653482,alice,Explore,null,true
1784893653651,Bee,Talk,http://localhost:3251@brice,true
1784893653651,brice,Talk,http://localhost:3251@Bee,true
1784893654383,alice,Play,http://localhost:3251@bear,true
1784893654383,Ant,Sing,http://localhost:3251@Bee,false
1784893654384,bear,Play,http://localhost:3251@alice,false
1784893654384,Bee,Sing,http://localhost:3251@Ant,true
1784893654711,Bat,Explore,null,true
1784893655516,alice,Sing,http://localhost:3251@brice,true
1784893655518,brice,Sing,http://localhost:3251@alice,false
1784893656166,Ant,Exercise,http://localhost:3251@Bat,false
1784893656167,Bat,Exercise,http://localhost:3251@Ant,false
1784893656167,Bee,Exercise,http://localhost:3251@brice,true
1784893656168,brice,Exercise,http://localhost:3251@Bee,true
1784893656791,alice,Play,http://localhost:3251@bear,true
1784893656792,bear,Play,http://localhost:3251@alice,true
1784893657423,Bat,Walk,http://localhost:3251@bear,true
1784893657424,bear,Walk,http://localhost:3251@Bat,false
1784893658035,alice,Play,http://localhost:3251@bear,false
1784893658036,Ant,Play,http://localhost:3251@alice,true
1784893658036,Bat,Play,http://localhost:3251@brice,true
1784893658036,bear,Dance,http://localhost:3251@Bee,false
1784893658036,Bee,Dance,http://localhost:3251@bear,true
1784893658037,brice,Play,http://localhost:3251@Bat,false
1784893659547,bear,Explore,null,true
1784893659600,Ant,Explore,null,false
1784893659600,brice,Explore,null,true
1784893660784,alice,Explore,null,true
1784893660848,Ant,Play,http://localhost:3251@bear,true
1784893660849,bear,Play,http://localhost:3251@Ant,true
1784893661166,Bat,Sing,http://localhost:3251@brice,true
1784893661168,brice,Sing,http://localhost:3251@Bat,false
1784893662104,Bee,Explore,null,false
1784893662161,bear,Talk,http://localhost:3251@brice,false
1784893662161,brice,Talk,http://localhost:3251@Bee,false
1784893662725,Bat,Explore,null,true
1784893662842,Ant,Play,http://localhost:3251@bear,true
1784893662842,bear,Play,http://localhost:3251@Ant,true
1784893663078,alice,Talk,http://localhost:3251@Bee,false
1784893663078,Bee,Talk,http://localhost:3251@alice,false
1784893663983,Bat,Walk,http://localhost:3251@bear,false
1784893663984,brice,Walk,http://localhost:3251@Bat,true
1784893664088,Ant,Play,http://localhost:3251@bear,true
1784893664089,Bee,Play,http://localhost:3251@Ant,false
1784893664315,alice,Sing,http://localhost:3251@bear,true
1784893664316,bear,Sing,http://localhost:3251@alice,true
1784893665180,Bat,Sing,http://localhost:3251@brice,false
1784893665181,Bee,Sing,http://localhost:3251@Bat,true
1784893665294,alice,Play,http://localhost:3251@Ant,false
1784893665294,Ant,Play,http://localhost:3251@bear,true
1784893666488,alice,Sing,http://localhost:3251@Bat,true
1784893666489,Bat,Sing,http://localhost:3251@brice,true
1784893666771,Ant,Play,http://localhost:3251@bear,true
1784893666772,bear,Play,http://localhost:3251@Ant,false
1784893666772,brice,Explore,null,false
1784893667499,Bat,Talk,http://localhost:3251@brice,true
1784893667501,brice,Talk,http://localhost:3251@Bat,false
1784893667741,alice,Play,http://localhost:3251@bear,false
1784893667741,bear,Play,http://localhost:3251@alice,true
1784893668770,Ant,Dance,http://localhost:3251@Bat,true
1784893668771,Bat,Dance,http://localhost:3251@Bee,true
1784893669379,Bat,Fight,http://localhost:3251@Bee,true
1784893669380,bear,Dance,http://localhost:3251@brice,true
1784893669380,Bee,Fight,http://localhost:3251@Bat,false
1784893669380,brice,Dance,http://localhost:3251@bear,false
1784893670665,alice,Walk,http://localhost:3251@Ant,false
1784893670666,Ant,Walk,http://localhost:3251@alice,false
1784893670772,Bat,Play,http://localhost:3251@Bee,false
1784893670773,Bee,Play,http://localhost:3251@Bat,false
1784893671242,Ant,Exercise,http://localhost:3251@bear,false
1784893671243,bear,Exercise,http://localhost:3251@Ant,true
1784893671950,alice,Play,http://localhost:3251@bear,false
1784893671952,Bat,Play,http://localhost:3251@alice,true
1784893672578,Bee,Sing,http://localhost:3251@brice,false
1784893672579,brice,Sing,http://localhost:3251@alice,false
1784893672804,Ant,Explore,null,false
1784893672805,bear,Explore,null,false
1784893672914,alice,Fight,http://localhost:3251@brice,false
1784893672915,brice,Fight,http://localhost:3251@alice,true
1784893673727,Bat,Exercise,http://localhost:3251@Bee,false
1784893673728,Bee,Exercise,http://localhost:3251@brice,false
1784893674063,bear,Play,http://localhost:3251@alice,false
1784893674064,brice,Play,http://localhost:3251@bear,true
1784893674868,Ant,Exercise,http://localhost:3251@Bat,true
1784893674869,Bat,Exercise,http://localhost:3251@Ant,false
1784893675262,Bee,Explore,null,true
1784893675992,alice,Play,http://localhost:3251@bear,false
1784893675993,bear,Play,http://localhost:3251@alice,true
1784893676660,bear,Play,http://localhost:3251@brice,false
1784893676661,brice,Play,http://localhost:3251@Bat,true
1784893676763,Ant,Walk,http://localhost:3251@Bat,true
1784893676764,Bat,Walk,http://localhost:3251@bear,false
1784893677877,Ant,Walk,http://localhost:3251@Bee,false
1784893677878,Bee,Walk,http://localhost:3251@Ant,false
1784893678280,Bat,Talk,http://localhost:3251@brice,false
1784893678281,brice,Talk,http://localhost:3251@Bee,true
1784893678803,bear,Explore,null,true
1784893679384,alice,Explore,null,false
1784893680077,Bee,Explore,null,true
1784893680531,Bat,Explore,null,true
1784893680705,bear,Dance,http://localhost:3251@brice,false
1784893680705,brice,Dance,http://localhost:3251@bear,true
1784893681004,alice,Talk,http://localhost:3251@Bee,false
1784893681005,Bee,Talk,http://localhost:3251@alice,true
1784893681338,Ant,Explore,null,false
1784893681887,Bat,Dance,http://localhost:3251@Bee,true
1784893681888,bear,Dance,http://localhost:3251@Bat,true
1784893682278,brice,Explore,null,true
1784893683250,alice,Explore,null,false
1784893683418,Bat,Explore,null,true
1784893683419,bear,Exercise,http://localhost:3251@Bee,false
1784893683419,Bee,Exercise,http://localhost:3251@brice,false
1784893684460,brice,Explore,null,true
1784893684811,alice,Explore,null,true
1784893685433,Ant,Explore,null,true
1784893685729,Bee,Sing,http://localhost:3251@brice,true
1784893685729,brice,Sing,http://localhost:3251@alice,true
1784893685988,Bat,Play,http://localhost:3251@Bee,true
1784893685988,bear,Play,http://localhost:3251@Bat,false
1784893686693,Bat,Talk,http://localhost:3251@Bee,true
1784893686694,Bee,Talk,http://localhost:3251@alice,true
1784893687288,brice,Explore,null,true
1784893687616,Ant,Explore,null,false
1784893687971,Bat,Play,http://localhost:3251@Bee,true
1784893687972,bear,Play,http://localhost:3251@Bat,true
1784893688249,Bee,Explore,null,true
1784893688614,alice,Dance,http://localhost:3251@bear,false
1784893688614,bear,Dance,http://localhost:3251@alice,true
1784893688915,Ant,Talk,http://localhost:3251@brice,true
1784893688916,brice,Talk,http://localhost:3251@Bee,true
1784893689523,bear,Dance,http://localhost:3251@Bee,true
1784893689523,Bee,Dance,http://localhost:3251@bear,false
1784893689759,alice,Exercise,http://localhost:3251@brice,true
1784893689761,brice,Exercise,http://localhost:3251@alice,true
1784893690592,Bat,Dance,http://localhost:3251@Bee,true
1784893690593,bear,Dance,http://localhost:3251@Bat,false
1784893690594,Bee,Talk,http://localhost:3251@alice,true
1784893690594,brice,Talk,http://localhost:3251@Bee,true
1784893691448,Ant,Play,http://localhost:3251@bear,true
1784893691449,bear,Play,http://localhost:3251@Ant,false
1784893692430,Ant,Talk,http://localhost:3251@Bat,false
1784893692431,Bat,Talk,http://localhost:3251@Ant,false
1784893692490,bear,Walk,http://localhost:3251@brice,true
1784893692492,brice,Walk,http://localhost:3251@bear,false
1784893692603,alice,Explore,null,false
1784893693775,Ant,Play,http://localhost:3251@bear,true
1784893693776,Bat,Dance,http://localhost:3251@Bee,true
1784893693777,bear,Dance,http://localhost:3251@Bat,true
1784893693777,brice,Play,http://localhost:3251@Ant,true
1784893694482,alice,Walk,http://localhost:3251@Bee,true
1784893694483,Bee,Walk,http://localhost:3251@Ant,false
1784893695027,Bat,Dance,http://localhost:3251@bear,true
1784893695027,bear,Dance,http://localhost:3251@brice,true
1784893695310,brice,Explore,null,false
1784893695538,Ant,Exercise,http://localhost:3251@Bat,true
1784893695539,bear,Exercise,http://localhost:3251@Ant,false
1784893696006,Bee,Explore,null,true
1784893696658,alice,Explore,null,false
1784893696876,bear,Dance,http://localhost:3251@brice,true
1784893696877,Bee,Dance,http://localhost:3251@bear,true
1784893697737,Ant,Explore,null,false
1784893697788,alice,Talk,http://localhost:3251@Bee,true
1784893697789,Bee,Talk,http://localhost:3251@alice,true
1784893698466,alice,Exercise,http://localhost:3251@brice,false
1784893698468,brice,Exercise,http://localhost:3251@alice,true
1784893698738,Bat,Dance,http://localhost:3251@Bee,true
1784893698738,Bee,Dance,http://localhost:3251@Bat,false
1784893698987,Ant,Sing,http://localhost:3251@Bee,false
1784893698990,bear,Sing,http://localhost:3251@Ant,false
1784893699715,alice,Dance,http://localhost:3251@bear,true
1784893699716,Ant,Dance,http://localhost:3251@alice,true
1784893700047,brice,Explore,null,false
1784893700265,Bee,Explore,null,false
1784893700842,alice,Exercise,http://localhost:3251@brice,true
1784893700842,bear,Exercise,http://localhost:3251@alice,false
1784893701586,Ant,Play,http://localhost:3251@bear,true
1784893701587,brice,Play,http://localhost:3251@Ant,false
1784893702582,Ant,Sing,http://localhost:3251@Bat,false
1784893702583,Bat,Sing,http://localhost:3251@brice,true
1784893702632,Bee,Explore,null,true
1784893702849,bear,Play,http://localhost:3251@brice,true
1784893702849,brice,Play,http://localhost:3251@Bat,false
1784893703397,alice,Play,http://localhost:3251@bear,false
1784893703398,Bat,Play,http://localhost:3251@alice,false
1784893703612,Bee,Fight,http://localhost:3251@Bat,true
1784893703613,brice,Fight,http://localhost:3251@Bee,true
1784893704433,Ant,Sing,http://localhost:3251@Bee,false
1784893704433,bear,Sing,http://localhost:3251@Ant,false
1784893704594,alice,Play,http://localhost:3251@bear,false
1784893704595,Bee,Play,http://localhost:3251@alice,true
1784893705132,brice,Explore,null,false
1784893705509,Bat,Explore,null,true
1784893705633,alice,Exercise,http://localhost:3251@bear,true
1784893705634,bear,Exercise,http://localhost:3251@Ant,false
1784893705862,Bee,Dance,http://localhost:3251@bear,false
1784893705862,brice,Dance,http://localhost:3251@Bee,true
1784893706617,bear,Talk,http://localhost:3251@brice,false
1784893706618,brice,Talk,http://localhost:3251@bear,false
1784893706797,alice,Exercise,http://localhost:3251@brice,true
1784893706798,Ant,Exercise,http://localhost:3251@alice,true
1784893706798,Bat,Play,http://localhost:3251@Bee,true
1784893706798,Bee,Play,http://localhost:3251@Bat,false
1784893707669,Bat,Fight,http://localhost:3251@bear,false
1784893707670,bear,Fight,http://localhost:3251@Bat,false
1784893707901,Bee,Dance,http://localhost:3251@brice,false
1784893707902,brice,Dance,http://localhost:3251@bear,false
1784893708770,alice,Walk,http://localhost:3251@brice,true
1784893708771,brice,Walk,http://localhost:3251@alice,true
1784893709215,Bat,Explore,null,false
1784893709626,Ant,Explore,null,false
1784893710042,Bat,Dance,http://localhost:3251@brice,true
1784893710043,brice,Dance,http://localhost:3251@bear,true
1784893710443,bear,Dance,http://localhost:3251@Bee,true
1784893710446,Bee,Dance,http://localhost:3251@bear,false
1784893710670,alice,Walk,http://localhost:3251@brice,true
1784893710671,brice,Walk,http://localhost:3251@alice,true
1784893711373,Bee,Fight,http://localhost:3251@Bat,true
1784893711373,brice,Fight,http://localhost:3251@Bee,false
1784893711772,Ant,Explore,null,false
1784893712499,Bat,Dance,http://localhost:3251@Bee,true
1784893712499,brice,Dance,http://localhost:3251@Bat,true
1784893712998,alice,Explore,null,true
1784893713513,Bee,Explore,null,true
1784893714052,Bat,Explore,null,false
1784893714359,alice,Dance,http://localhost:3251@bear,true
1784893714360,bear,Dance,http://localhost:3251@brice,true
1784893714954,Ant,Exercise,http://localhost:3251@brice,true
1784893714955,brice,Exercise,http://localhost:3251@alice,true
1784893715665,bear,Sing,http://localhost:3251@Bee,true
1784893715665,Bee,Sing,http://localhost:3251@bear,true
1784893716447,Ant,Explore,null,true
1784893716616,Bee,Talk,http://localhost:3251@alice,true
1784893716617,brice,Talk,http://localhost:3251@Bee,true
1784893717165,bear,Explore,null,false
1784893717500,alice,Sing,http://localhost:3251@bear,true
1784893717501,Bat,Sing,http://localhost:3251@alice,true
1784893718311,Ant,Dance,http://localhost:3251@Bee,true
1784893718312,bear,Exercise,http://localhost:3251@Ant,false
1784893718312,Bee,Dance,http://localhost:3251@Ant,false
1784893718312,brice,Exercise,http://localhost:3251@bear,true
1784893718950,alice,Walk,http://localhost:3251@brice,true
1784893718951,brice,Walk,http://localhost:3251@alice,true
1784893719054,Bat,Explore,null,false
1784893719863,Bee,Explore,null,true
1784893720399,Bat,Dance,http://localhost:3251@Bee,true
1784893720399,brice,Dance,http://localhost:3251@Bat,false
1784893720526,alice,Explore,null,true
1784893720527,bear,Explore,null,true
1784893721180,alice,Dance,http://localhost:3251@Bee,true
1784893721182,Bee,Dance,http://localhost:3251@bear,false
1784893721700,bear,Sing,http://localhost:3251@brice,true
1784893721701,brice,Sing,http://localhost:3251@alice,true
1784893721809,Ant,Explore,null,true
1784893722615,Bat,Explore,null,false
1784893722715,alice,Explore,null,false
1784893722943,Bee,Sing,http://localhost:3251@brice,false
1784893722944,brice,Sing,http://localhost:3251@alice,true
1784893723583,alice,Dance,http://localhost:3251@bear,false
1784893723584,bear,Dance,http://localhost:3251@brice,true
1784893724212,Bat,Explore,null,true
1784893724275,alice,Exercise,http://localhost:3251@Ant,false
1784893724275,Ant,Exercise,http://localhost:3251@Bat,false
1784893724497,brice,Explore,null,false
1784893724605,alice,Fight,http://localhost:3251@bear,false
1784893724605,bear,Fight,http://localhost:3251@Bat,true
1784893725125,Bee,Explore,null,true
1784893725490,bear,Talk,http://localhost:3251@brice,true
1784893725491,brice,Talk,http://localhost:3251@Bee,true
1784893725796,alice,Exercise,http://localhost:3251@brice,true
1784893725799,Bee,Exercise,http://localhost:3251@alice,true
1784893725860,Ant,Explore,null,false
1784893726519,alice,Talk,http://localhost:3251@brice,true
1784893726521,brice,Talk,http://localhost:3251@Bee,true
1784893727125,bear,Explore,null,false
1784893727477,Bee,Explore,null,false
1784893728142,alice,Explore,null,false
1784893728142,Bat,Talk,http://localhost:3251@bear,false
1784893728142,bear,Talk,http://localhost:3251@brice,true
1784893728776,Ant,Explore,null,false
1784893728777,Bee,Sing,http://localhost:3251@brice,true
1784893728777,brice,Sing,http://localhost:3251@Bee,true
1784893729103,alice,Talk,http://localhost:3251@bear,false
1784893729104,bear,Talk,http://localhost:3251@brice,false
1784893729408,Ant,Dance,http://localhost:3251@Bat,true
1784893729409,Bat,Dance,http://localhost:3251@Bee,true
1784893730074,alice,Dance,http://localhost:3251@brice,true
1784893730075,brice,Dance,http://localhost:3251@bear,false
1784893730376,Bee,Explore,null,true
1784893731235,Ant,Dance,http://localhost:3251@bear,true
1784893731236,bear,Dance,http://localhost:3251@brice,true
1784893731703,Bat,Explore,null,false
1784893732263,Bat,Talk,http://localhost:3251@bear,false
1784893732265,bear,Talk,http://localhost:3251@brice,true
1784893732446,alice,Explore,null,false
1784893732674,Bee,Explore,null,true
1784893733136,alice,Exercise,http://localhost:3251@Ant,true
1784893733136,Ant,Exercise,http://localhost:3251@Bat,false
1784893733685,brice,Explore,null,true
1784893734005,alice,Walk,http://localhost:3251@Bee,true
1784893734007,Bee,Walk,http://localhost:3251@Ant,true
1784893734059,bear,Talk,http://localhost:3251@brice,true
1784893734060,brice,Talk,http://localhost:3251@bear,true
1784893734921,alice,Walk,http://localhost:3251@Bat,true
1784893734922,Ant,Talk,http://localhost:3251@Bat,false
1784893734922,Bat,Walk,http://localhost:3251@bear,false
1784893734923,bear,Talk,http://localhost:3251@Ant,false
1784893736060,bear,Walk,http://localhost:3251@brice,true
1784893736061,brice,Walk,http://localhost:3251@bear,false
1784893736559,Bat,Explore,null,false
1784893736805,Bee,Sing,http://localhost:3251@brice,true
1784893736806,brice,Sing,http://localhost:3251@Bee,false
1784893738076,alice,Sing,http://localhost:3251@Bee,true
1784893738077,Bee,Sing,http://localhost:3251@brice,false
1784893738436,brice,Explore,null,true
1784893738568,Ant,Explore,null,false
1784893739294,Bat,Sing,http://localhost:3251@brice,true
1784893739296,brice,Sing,http://localhost:3251@Bat,true
1784893739708,Bee,Explore,null,true
1784893740125,bear,Sing,http://localhost:3251@Bee,true
1784893740126,brice,Sing,http://localhost:3251@bear,true
1784893740493,alice,Exercise,http://localhost:3251@Bat,true
1784893740494,Bat,Exercise,http://localhost:3251@Ant,false
1784893740873,Ant,Explore,null,false
1784893742020,Bee,Explore,null,false
1784893742380,bear,Explore,null,true
1784893742808,Bat,Talk,http://localhost:3251@brice,true
1784893742809,brice,Talk,http://localhost:3251@Bat,false
1784893743121,Ant,Explore,null,false
1784893743485,alice,Talk,http://localhost:3251@Bee,false
1784893743486,brice,Talk,http://localhost:3251@alice,true
1784893743724,Bat,Dance,http://localhost:3251@bear,false
1784893743726,bear,Dance,http://localhost:3251@brice,true
1784893744797,Ant,Explore,null,true
1784893744797,bear,Sing,http://localhost:3251@brice,true
1784893744798,brice,Sing,http://localhost:3251@alice,true
1784893745040,Bee,Explore,null,true
1784893745392,Ant,Fight,http://localhost:3251@Bat,true
1784893745394,Bat,Fight,http://localhost:3251@Ant,false
1784893745805,alice,Explore,null,false
1784893746089,Bat,Walk,http://localhost:3251@brice,false
1784893746090,brice,Walk,http://localhost:3251@bear,true
1784893746400,alice,Fight,http://localhost:3251@Ant,true
1784893746402,Ant,Fight,http://localhost:3251@alice,false
1784893746649,Bee,Explore,null,true
1784893746778,bear,Walk,http://localhost:3251@brice,true
1784893746780,brice,Walk,http://localhost:3251@bear,true
1784893747125,alice,Fight,http://localhost:3251@Bat,true
1784893747126,Bat,Fight,http://localhost:3251@Ant,false
1784893747945,Bat,Sing,http://localhost:3251@Bee,true
1784893747947,Bee,Sing,http://localhost:3251@brice,true
1784893748062,alice,Talk,http://localhost:3251@Ant,true
1784893748062,Ant,Talk,http://localhost:3251@Bat,false
1784893748331,brice,Explore,null,false
1784893748970,bear,Explore,null,true
1784893749494,Bee,Explore,null,true
1784893749559,Ant,Fight,http://localhost:3251@Bat,true
1784893749559,Bat,Fight,http://localhost:3251@Ant,false
1784893749669,alice,Explore,null,true
1784893749900,brice,Explore,null,false
1784893750559,bear,Explore,null,true
1784893751060,Bee,Explore,null,false
1784893751479,brice,Explore,null,true
1784893752140,alice,Exercise,http://localhost:3251@brice,true
1784893752141,Bee,Exercise,http://localhost:3251@alice,false
1784893752493,Bat,Dance,http://localhost:3251@bear,false
1784893752494,bear,Dance,http://localhost:3251@brice,true
1784893753366,alice,Exercise,http://localhost:3251@Bee,true
1784893753367,Bee,Exercise,http://localhost:3251@brice,false
1784893753822,bear,Walk,http://localhost:3251@brice,true
1784893753823,brice,Walk,http://localhost:3251@bear,true
1784893754391,alice,Walk,http://localhost:3251@Bat,true
1784893754393,Bat,Walk,http://localhost:3251@bear,false
1784893754625,Ant,Walk,http://localhost:3251@Bee,false
1784893754628,Bee,Walk,http://localhost:3251@Ant,false
1784893754970,alice,Exercise,http://localhost:3251@brice,true
1784893754971,brice,Exercise,http://localhost:3251@alice,true
1784893755904,bear,Walk,http://localhost:3251@brice,true
1784893755905,brice,Walk,http://localhost:3251@bear,true
1784893755954,alice,Fight,http://localhost:3251@brice,true
1784893755955,Ant,Fight,http://localhost:3251@alice,false
1784893755955,Bat,Explore,null,false
1784893756926,Bee,Explore,null,true
1784893757148,alice,Walk,http://localhost:3251@bear,true
1784893757148,bear,Walk,http://localhost:3251@brice,true
1784893757513,bear,Fight,http://localhost:3251@brice,true
1784893757514,brice,Fight,http://localhost:3251@bear,true
1784893757876,alice,Dance,http://localhost:3251@Bat,true
1784893757877,Bat,Dance,http://localhost:3251@Bee,true
1784893758609,alice,Fight,http://localhost:3251@Bee,true
1784893758609,Ant,Dance,http://localhost:3251@Bee,true
1784893758609,Bat,Dance,http://localhost:3251@Ant,false
1784893758610,Bee,Fight,http://localhost:3251@Bat,true
1784893759385,alice,Sing,http://localhost:3251@brice,true
1784893759386,brice,Sing,http://localhost:3251@alice,true
1784893760002,bear,Sing,http://localhost:3251@Bee,true
1784893760002,brice,Sing,http://localhost:3251@bear,false
1784893760330,Bee,Explore,null,true
1784893760615,alice,Play,http://localhost:3251@bear,false
1784893760616,brice,Play,http://localhost:3251@alice,false
1784893760799,Bat,Explore,null,true
1784893761302,Bat,Talk,http://localhost:3251@Bee,true
1784893761303,Bee,Talk,http://localhost:3251@alice,true
1784893761464,Ant,Explore,null,false
1784893761810,alice,Exercise,http://localhost:3251@brice,true
1784893761811,brice,Exercise,http://localhost:3251@alice,true
1784893762276,alice,Talk,http://localhost:3251@Bat,true
1784893762277,Bat,Talk,http://localhost:3251@brice,false
1784893762277,Bee,Talk,http://localhost:3251@alice,true
1784893762278,brice,Talk,http://localhost:3251@Bee,true
1784893762831,bear,Explore,null,true
1784893763502,alice,Dance,http://localhost:3251@bear,true
1784893763502,Ant,Dance,http://localhost:3251@alice,true
1784893764015,alice,Exercise,http://localhost:3251@brice,true
1784893764015,brice,Exercise,http://localhost:3251@alice,true
1784893764354,bear,Explore,null,false
1784893765058,alice,Talk,http://localhost:3251@Bee,true
1784893765058,Ant,Explore,null,false
1784893765058,Bee,Talk,http://localhost:3251@alice,true
1784893765635,bear,Play,http://localhost:3251@alice,true
1784893765637,brice,Play,http://localhost:3251@bear,true
1784893765745,Bat,Explore,null,false
1784893766580,Bee,Explore,null,true
1784893767537,Bat,Fight,http://localhost:3251@Bee,true
1784893767537,Bee,Fight,http://localhost:3251@Bat,false
1784893767694,bear,Walk,http://localhost:3251@brice,true
1784893767695,brice,Walk,http://localhost:3251@bear,true
1784893768544,Bee,Fight,http://localhost:3251@Bat,true
1784893768545,brice,Fight,http://localhost:3251@Bee,true
1784893768847,alice,Dance,http://localhost:3251@Bat,true
1784893768848,Bat,Dance,http://localhost:3251@Bee,false
1784893769067,Ant,Play,http://localhost:3251@bear,true
1784893769068,bear,Play,http://localhost:3251@Ant,false
1784893769536,Bat,Talk,http://localhost:3251@Bee,true
1784893769537,Bee,Talk,http://localhost:3251@alice,true
1784893769590,Ant,Talk,http://localhost:3251@brice,true
1784893769591,brice,Talk,http://localhost:3251@Bee,true
1784893770625,alice,Exercise,http://localhost:3251@brice,true
1784893770625,brice,Exercise,http://localhost:3251@alice,true
1784893770806,Bat,Sing,http://localhost:3251@brice,false
1784893770807,bear,Sing,http://localhost:3251@Bat,true
1784893771146,Ant,Explore,null,true
1784893771147,Bee,Explore,null,true
1784893771619,Bee,Fight,http://localhost:3251@brice,false
1784893771620,brice,Fight,http://localhost:3251@bear,true
1784893772271,alice,Fight,http://localhost:3251@brice,true
1784893772272,Bee,Fight,http://localhost:3251@alice,true
1784893772380,bear,Explore,null,true
1784893772620,alice,Fight,http://localhost:3251@brice,true
1784893772621,brice,Fight,http://localhost:3251@bear,true
1784893772731,Ant,Explore,null,true
1784893773351,alice,Dance,http://localhost:3251@Bat,true
1784893773352,Bat,Dance,http://localhost:3251@Bee,true
1784893773644,Ant,Sing,http://localhost:3251@Bee,false
1784893773644,Bee,Sing,http://localhost:3251@brice,false
1784893774354,Bat,Talk,http://localhost:3251@brice,true
1784893774355,Bee,Talk,http://localhost:3251@Bat,true
1784893774648,alice,Sing,http://localhost:3251@bear,true
1784893774649,bear,Explore,null,false
1784893774650,brice,Sing,http://localhost:3251@alice,false
1784893775665,alice,Sing,http://localhost:3251@Bat,true
1784893775666,Bat,Sing,http://localhost:3251@brice,true
1784893775722,Ant,Fight,http://localhost:3251@brice,false
1784893775722,bear,Play,http://localhost:3251@Bee,true
1784893775723,Bee,Play,http://localhost:3251@bear,false
1784893775723,brice,Fight,http://localhost:3251@bear,true
1784893776632,Bat,Fight,http://localhost:3251@Ant,false
1784893776633,bear,Fight,http://localhost:3251@Bat,true
1784893777288,Bee,Explore,null,true
1784893777289,brice,Explore,null,true
1784893777925,Bat,Dance,http://localhost:3251@Bee,true
1784893777925,brice,Dance,http://localhost:3251@Bat,true
1784893778220,alice,Dance,http://localhost:3251@bear,true
1784893778221,Bee,Dance,http://localhost:3251@alice,true
1784893778888,alice,Dance,http://localhost:3251@Ant,true
1784893778889,Ant,Dance,http://localhost:3251@Bee,true
1784893779526,alice,Dance,http://localhost:3251@Bee,true
1784893779527,bear,Fight,http://localhost:3251@brice,true
1784893779527,Bee,Dance,http://localhost:3251@bear,false
1784893779527,brice,Fight,http://localhost:3251@bear,true
1784893780428,Bat,Walk,http://localhost:3251@bear,false
1784893780429,Bee,Walk,http://localhost:3251@Bat,false
1784893781498,Bat,Talk,http://localhost:3251@Bee,true
1784893781500,Bee,Talk,http://localhost:3251@alice,true
1784893782141,alice,Play,http://localhost:3251@bear,false
1784893782142,bear,Play,http://localhost:3251@alice,true
1784893782762,alice,Dance,http://localhost:3251@Bee,true
1784893782763,Bee,Dance,http://localhost:3251@bear,false
1784893782979,Ant,Explore,null,true
1784893783266,bear,Exercise,http://localhost:3251@Ant,false
1784893783267,brice,Exercise,http://localhost:3251@bear,true
1784893783960,Ant,Exercise,http://localhost:3251@Bat,false
1784893783961,Bat,Exercise,http://localhost:3251@Ant,false
1784893784295,alice,Explore,null,false
1784893784517,Bee,Walk,http://localhost:3251@brice,false
1784893784519,brice,Walk,http://localhost:3251@bear,true
1784893785209,alice,Dance,http://localhost:3251@bear,true
1784893785210,bear,Dance,http://localhost:3251@brice,true
1784893785576,Ant,Explore,null,false
1784893785576,bear,Talk,http://localhost:3251@Bee,true
1784893785577,Bee,Talk,http://localhost:3251@alice,true
1784893785852,alice,Sing,http://localhost:3251@Bat,true
1784893785852,Bat,Sing,http://localhost:3251@brice,true
1784893786125,bear,Talk,http://localhost:3251@brice,true
1784893786125,brice,Talk,http://localhost:3251@Bee,true
1784893787120,Bee,Explore,null,false
1784893787386,alice,Explore,null,false
1784893787497,Ant,Walk,http://localhost:3251@alice,false
1784893787498,bear,Walk,http://localhost:3251@Ant,true
1784893787615,Bat,Exercise,http://localhost:3251@Ant,false
1784893787615,Bee,Exercise,http://localhost:3251@Bat,false
1784893787731,brice,Explore,null,false
1784893788923,alice,Explore,null,false
1784893788975,bear,Dance,http://localhost:3251@brice,false
1784893788976,brice,Dance,http://localhost:3251@bear,true
1784893789142,Bee,Explore,null,true
1784893789364,Ant,Sing,http://localhost:3251@Bee,true
1784893789364,Bat,Sing,http://localhost:3251@Ant,true
1784893790192,alice,Sing,http://localhost:3251@bear,true
1784893790193,Bee,Sing,http://localhost:3251@alice,true
1784893790245,Ant,Play,http://localhost:3251@bear,true
1784893790245,bear,Play,http://localhost:3251@alice,true
1784893790876,Bat,Sing,http://localhost:3251@brice,true
1784893790876,brice,Sing,http://localhost:3251@alice,true
1784893791559,alice,Dance,http://localhost:3251@Ant,false
1784893791560,Ant,Dance,http://localhost:3251@Bee,true
1784893791796,Bat,Talk,http://localhost:3251@Bee,true
1784893791796,Bee,Talk,http://localhost:3251@alice,true
1784893793151,alice,Fight,http://localhost:3251@brice,true
1784893793152,Bee,Fight,http://localhost:3251@alice,true
1784893793791,Ant,Talk,http://localhost:3251@Bat,false
1784893793792,bear,Explore,null,false
1784893793792,brice,Talk,http://localhost:3251@Ant,false
1784893794112,alice,Talk,http://localhost:3251@Bee,true
1784893794112,bear,Talk,http://localhost:3251@alice,true
1784893794676,Bee,Explore,null,true
1784893794731,alice,Talk,http://localhost:3251@brice,true
1784893794733,brice,Talk,http://localhost:3251@Bee,true
1784893795676,Ant,Sing,http://localhost:3251@Bee,false
1784893795677,bear,Sing,http://localhost:3251@Ant,false
1784893796221,Bee,Explore,null,true
1784893796273,alice,Explore,null,false
1784893796609,bear,Sing,http://localhost:3251@brice,true
1784893796610,brice,Sing,http://localhost:3251@alice,true
1784893796894,alice,Play,http://localhost:3251@Bat,false
1784893796894,Bat,Play,http://localhost:3251@Bee,true
1784893798131,alice,Dance,http://localhost:3251@bear,true
1784893798132,bear,Explore,null,true
1784893798132,Bee,Dance,http://localhost:3251@alice,true
1784893798755,Bat,Dance,http://localhost:3251@Bee,true
1784893798757,brice,Dance,http://localhost:3251@Bat,true
1784893799081,alice,Fight,http://localhost:3251@brice,true
1784893799082,brice,Fight,http://localhost:3251@alice,true
1784893799665,Bee,Explore,null,true
1784893799964,Bat,Exercise,http://localhost:3251@Ant,false
1784893799964,brice,Exercise,http://localhost:3251@Bat,true
1784893800029,Ant,Walk,http://localhost:3251@bear,true
1784893800029,bear,Walk,http://localhost:3251@brice,true
1784893800899,Ant,Dance,http://localhost:3251@Bee,true
1784893800899,Bee,Dance,http://localhost:3251@bear,false
1784893800953,alice,Walk,http://localhost:3251@brice,true
1784893800954,brice,Walk,http://localhost:3251@alice,true
1784893801774,alice,Walk,http://localhost:3251@Bat,true
1784893801775,Bat,Walk,http://localhost:3251@bear,false
1784893802686,bear,Exercise,http://localhost:3251@brice,false
1784893802687,brice,Exercise,http://localhost:3251@alice,true
1784893803048,Bee,Explore,null,false
1784893803730,Ant,Explore,null,true
1784893803996,Bat,Explore,null,false
1784893804320,alice,Walk,http://localhost:3251@brice,true
1784893804321,bear,Walk,http://localhost:3251@alice,true
1784893804598,Bee,Explore,null,true
1784893804959,Ant,Sing,http://localhost:3251@Bee,false
1784893804959,bear,Sing,http://localhost:3251@Ant,true
1784893805584,alice,Dance,http://localhost:3251@bear,true
1784893805585,Bat,Dance,http://localhost:3251@alice,false
1784893806520,bear,Sing,http://localhost:3251@Bee,true
1784893806521,Bee,Sing,http://localhost:3251@brice,false
1784893806869,alice,Dance,http://localhost:3251@bear,true
1784893806870,brice,Dance,http://localhost:3251@alice,true
1784893807150,Bat,Explore,null,false
1784893807498,alice,Talk,http://localhost:3251@Bee,true
1784893807498,Bee,Talk,http://localhost:3251@alice,true
1784893807831,Ant,Explore,null,false
1784893808109,bear,Play,http://localhost:3251@brice,true
1784893808110,brice,Play,http://localhost:3251@Bat,false
1784893808765,bear,Dance,http://localhost:3251@Bee,true
1784893808767,Bee,Dance,http://localhost:3251@bear,false
1784893809710,alice,Explore,null,false
1784893809710,Bat,Sing,http://localhost:3251@brice,true
1784893809711,brice,Sing,http://localhost:3251@Bat,false
1784893810401,alice,Walk,http://localhost:3251@Ant,true
1784893810401,Ant,Walk,http://localhost:3251@alice,false
1784893810961,Bee,Explore,null,true
1784893811369,bear,Walk,http://localhost:3251@brice,true
1784893811370,brice,Walk,http://localhost:3251@bear,true
1784893812009,Bat,Explore,null,true
1784893812115,alice,Fight,http://localhost:3251@Bee,true
1784893812116,Bee,Fight,http://localhost:3251@Bat,false
1784893812598,Ant,Explore,null,false
1784893813051,Bee,Fight,http://localhost:3251@brice,false
1784893813052,brice,Fight,http://localhost:3251@bear,true
1784893813279,Ant,Play,http://localhost:3251@bear,true
1784893813280,bear,Play,http://localhost:3251@alice,true
1784893813775,alice,Explore,null,false
1784893814256,Bat,Explore,null,true
1784893814446,alice,Dance,http://localhost:3251@brice,true
1784893814446,brice,Dance,http://localhost:3251@bear,true
1784893815283,Ant,Dance,http://localhost:3251@Bee,true
1784893815284,Bee,Dance,http://localhost:3251@Ant,false
1784893815715,Bat,Sing,http://localhost:3251@brice,true
1784893815716,brice,Sing,http://localhost:3251@alice,true
1784893816162,alice,Talk,http://localhost:3251@Bee,true
1784893816162,bear,Talk,http://localhost:3251@alice,true
1784893816702,bear,Fight,http://localhost:3251@brice,false
1784893816702,brice,Fight,http://localhost:3251@bear,true
1784893816822,Bee,Explore,null,true
1784893817426,alice,Play,http://localhost:3251@bear,true
1784893817427,Bat,Play,http://localhost:3251@alice,true
1784893817702,bear,Talk,http://localhost:3251@brice,true
1784893817703,brice,Talk,http://localhost:3251@bear,true
1784893818309,Bee,Explore,null,false
1784893819021,Ant,Sing,http://localhost:3251@Bee,true
1784893819021,bear,Sing,http://localhost:3251@Ant,true
1784893819131,Bat,Exercise,http://localhost:3251@Ant,false
1784893819131,brice,Exercise,http://localhost:3251@Bat,false
1784893819509,alice,Explore,null,false
1784893819831,alice,Talk,http://localhost:3251@Bee,true
1784893819831,Bee,Talk,http://localhost:3251@alice,true
1784893820424,Bat,Sing,http://localhost:3251@brice,true
1784893820424,bear,Sing,http://localhost:3251@Bat,true
1784893820833,alice,Talk,http://localhost:3251@Bee,true
1784893820834,Ant,Talk,http://localhost:3251@alice,false
1784893821109,Bee,Sing,http://localhost:3251@brice,true
1784893821110,brice,Sing,http://localhost:3251@Bee,true
1784893821453,Ant,Fight,http://localhost:3251@bear,false
1784893821454,bear,Fight,http://localhost:3251@Bat,true
1784893822387,alice,Play,http://localhost:3251@brice,true
1784893822388,brice,Play,http://localhost:3251@Bat,false
1784893822724,Ant,Dance,http://localhost:3251@Bee,true
1784893822725,bear,Dance,http://localhost:3251@Ant,true
1784893823019,Bat,Dance,http://localhost:3251@Bee,true
1784893823019,brice,Dance,http://localhost:3251@Bat,true
1784893823266,Bee,Explore,null,true
1784893823688,alice,Dance,http://localhost:3251@bear,true
1784893823689,brice,Dance,http://localhost:3251@alice,true
1784893824365,Ant,Explore,null,true
1784893824366,Bat,Play,http://localhost:3251@Bee,true
1784893824366,Bee,Play,http://localhost:3251@Bat,false
1784893825016,alice,Sing,http://localhost:3251@bear,true
1784893825017,bear,Sing,http://localhost:3251@alice,true
1784893825684,bear,Sing,http://localhost:3251@brice,true
1784893825685,brice,Sing,http://localhost:3251@alice,true
1784893825976,Bee,Explore,null,true
1784893827051,Ant,Play,http://localhost:3251@brice,true
1784893827052,brice,Play,http://localhost:3251@Bat,false
1784893827430,alice,Talk,http://localhost:3251@bear,true
1784893827431,bear,Talk,http://localhost:3251@brice,true
1784893827620,Bee,Explore,null,true
1784893828241,Bat,Exercise,http://localhost:3251@Ant,false
1784893828242,brice,Exercise,http://localhost:3251@Bat,false
1784893828763,Ant,Dance,http://localhost:3251@bear,true
1784893828763,bear,Dance,http://localhost:3251@brice,true
1784893829238,bear,Talk,http://localhost:3251@brice,true
1784893829239,Bee,Explore,null,true
1784893829240,brice,Talk,http://localhost:3251@Bee,true
1784893830142,alice,Walk,http://localhost:3251@brice,true
1784893830142,bear,Walk,http://localhost:3251@alice,true
1784893830573,Ant,Walk,http://localhost:3251@brice,false
1784893830575,brice,Walk,http://localhost:3251@bear,true
1784893831487,alice,Walk,http://localhost:3251@brice,true
1784893831488,brice,Walk,http://localhost:3251@alice,true
1784893831598,Bee,Explore,null,true
1784893832146,bear,Sing,http://localhost:3251@Bee,true
1784893832147,brice,Sing,http://localhost:3251@bear,true
1784893832687,alice,Exercise,http://localhost:3251@brice,false
1784893832688,brice,Exercise,http://localhost:3251@alice,true
1784893832943,Ant,Walk,http://localhost:3251@Bee,false
1784893832946,Bee,Walk,http://localhost:3251@Ant,false
1784893834159,alice,Exercise,http://localhost:3251@Bee,true
1784893834159,Bee,Exercise,http://localhost:3251@brice,false
1784893834348,brice,Explore,null,true
1784893834717,bear,Explore,null,true
1784893835018,Bat,Sing,http://localhost:3251@brice,true
1784893835019,brice,Sing,http://localhost:3251@Bat,true
1784893835183,bear,Talk,http://localhost:3251@Bee,true
1784893835184,Bee,Talk,http://localhost:3251@alice,true
1784893835246,Ant,Explore,null,false
1784893836218,alice,Fight,http://localhost:3251@Bee,true
1784893836219,Bee,Fight,http://localhost:3251@Bat,false
1784893836651,brice,Explore,null,true
1784893837205,alice,Dance,http://localhost:3251@bear,true
1784893837205,bear,Dance,http://localhost:3251@brice,true
1784893837268,Bee,Talk,http://localhost:3251@alice,true
1784893837268,brice,Talk,http://localhost:3251@Bee,true
1784893837936,Ant,Dance,http://localhost:3251@Bee,true
1784893837938,bear,Dance,http://localhost:3251@Ant,true
1784893838363,Bat,Dance,http://localhost:3251@Bee,true
1784893838363,brice,Dance,http://localhost:3251@Bat,false
1784893838932,alice,Fight,http://localhost:3251@brice,false
1784893838935,Bee,Explore,null,true
1784893838936,brice,Fight,http://localhost:3251@alice,true
1784893839399,Bat,Talk,http://localhost:3251@brice,true
1784893839400,bear,Talk,http://localhost:3251@Bat,true
1784893840536,brice,Explore,null,false
1784893840664,alice,Exercise,http://localhost:3251@Bat,true
1784893840665,Bat,Exercise,http://localhost:3251@Ant,false
1784893840665,Bee,Explore,null,true
1784893841356,alice,Walk,http://localhost:3251@bear,true
1784893841357,bear,Walk,http://localhost:3251@brice,true
1784893842248,Bee,Explore,null,false
1784893842364,alice,Fight,http://localhost:3251@brice,true
1784893842365,Ant,Fight,http://localhost:3251@alice,false
1784893842417,Bat,Fight,http://localhost:3251@bear,false
1784893842418,bear,Fight,http://localhost:3251@Bat,true
1784893843097,Ant,Exercise,http://localhost:3251@brice,true
1784893843098,brice,Exercise,http://localhost:3251@alice,true
1784893843275,alice,Talk,http://localhost:3251@Bee,true
1784893843276,Bee,Talk,http://localhost:3251@alice,true
1784893843441,bear,Talk,http://localhost:3251@brice,true
1784893843442,brice,Talk,http://localhost:3251@bear,true
1784893844301,alice,Play,http://localhost:3251@Bat,true
1784893844301,Bat,Play,http://localhost:3251@Bee,true
1784893844647,Ant,Play,http://localhost:3251@brice,true
1784893844651,brice,Play,http://localhost:3251@Bat,false
1784893844774,Bee,Explore,null,true
1784893845295,Bat,Fight,http://localhost:3251@Ant,false
1784893845295,bear,Walk,http://localhost:3251@brice,true
1784893845295,Bee,Fight,http://localhost:3251@Bat,true
1784893845296,brice,Walk,http://localhost:3251@bear,true
1784893845635,Ant,Talk,http://localhost:3251@Bat,false
1784893845636,Bee,Talk,http://localhost:3251@Ant,false
1784893845950,alice,Fight,http://localhost:3251@brice,true
1784893845952,bear,Fight,http://localhost:3251@alice,true
1784893846281,bear,Talk,http://localhost:3251@brice,true
1784893846283,brice,Talk,http://localhost:3251@Bee,true
1784893846579,alice,Walk,http://localhost:3251@Bat,true
1784893846580,Bat,Walk,http://localhost:3251@bear,false
1784893846637,Ant,Fight,http://localhost:3251@alice,false
1784893846637,brice,Fight,http://localhost:3251@Ant,true
1784893847247,Ant,Talk,http://localhost:3251@bear,true
1784893847248,Bat,Talk,http://localhost:3251@Bee,true
1784893847249,bear,Talk,http://localhost:3251@brice,true
1784893847249,Bee,Talk,http://localhost:3251@alice,true
1784893847587,bear,Talk,http://localhost:3251@brice,true
1784893847587,brice,Talk,http://localhost:3251@Bee,true
1784893848158,alice,Talk,http://localhost:3251@Bee,true
1784893848159,brice,Talk,http://localhost:3251@alice,true
1784893848281,Bat,Talk,http://localhost:3251@Bee,true
1784893848281,Bee,Talk,http://localhost:3251@alice,true
1784893848497,Ant,Sing,http://localhost:3251@Bee,true
1784893848498,bear,Sing,http://localhost:3251@Ant,true
1784893849151,alice,Fight,http://localhost:3251@brice,true
1784893849152,bear,Fight,http://localhost:3251@alice,true
1784893849824,Bee,Explore,null,true
1784893849949,alice,Exercise,http://localhost:3251@brice,true
1784893849950,brice,Exercise,http://localhost:3251@alice,true
1784893850177,Bat,Dance,http://localhost:3251@Bee,true
1784893850178,bear,Dance,http://localhost:3251@Bat,true
1784893851135,Ant,Play,http://localhost:3251@bear,true
1784893851135,bear,Play,http://localhost:3251@Ant,true
1784893851533,alice,Explore,null,false
1784893851603,Ant,Talk,http://localhost:3251@Bee,false
1784893851605,Bat,Talk,http://localhost:3251@brice,true
1784893851605,Bee,Talk,http://localhost:3251@alice,true
1784893851605,brice,Talk,http://localhost:3251@Bee,true
1784893852458,Ant,Play,http://localhost:3251@bear,true
1784893852458,bear,Play,http://localhost:3251@alice,true
1784893852876,alice,Sing,http://localhost:3251@bear,true
1784893852877,Bat,Sing,http://localhost:3251@alice,true
1784893853227,Bee,Explore,null,true
1784893853968,alice,Talk,http://localhost:3251@brice,true
1784893853969,brice,Talk,http://localhost:3251@Bee,true
1784893854083,bear,Explore,null,false
1784893854532,Bat,Talk,http://localhost:3251@brice,true
1784893854533,brice,Talk,http://localhost:3251@Bat,false
1784893854847,Bee,Explore,null,true
1784893855257,alice,Dance,http://localhost:3251@bear,true
1784893855260,brice,Dance,http://localhost:3251@alice,true
1784893855669,bear,Explore,null,false
1784893855899,alice,Fight,http://localhost:3251@Bee,true
1784893855901,Bee,Fight,http://localhost:3251@Bat,false
1784893856069,Ant,Explore,null,false
1784893856119,Bat,Explore,null,false
1784893856234,bear,Talk,http://localhost:3251@brice,true
1784893856235,brice,Talk,http://localhost:3251@Bee,true
1784893856879,alice,Talk,http://localhost:3251@Bee,true
1784893856880,Bat,Talk,http://localhost:3251@alice,true
1784893857339,Ant,Dance,http://localhost:3251@Bee,true
1784893857341,bear,Dance,http://localhost:3251@Ant,true
1784893857465,Bee,Explore,null,true
1784893857926,brice,Explore,null,false
1784893858298,bear,Talk,http://localhost:3251@brice,true
1784893858298,brice,Talk,http://localhost:3251@bear,true
1784893858462,Bat,Explore,null,false
1784893859019,Bee,Explore,null,true
1784893859788,Bat,Play,http://localhost:3251@Bee,true
1784893859788,bear,Play,http://localhost:3251@Bat,true
1784893859897,Ant,Dance,http://localhost:3251@Bee,true
1784893859898,brice,Dance,http://localhost:3251@Ant,false
1784893860527,alice,Talk,http://localhost:3251@Bee,true
1784893860528,brice,Talk,http://localhost:3251@alice,true
1784893860640,Bee,Explore,null,false
1784893861164,Ant,Dance,http://localhost:3251@Bee,true
1784893861165,Bat,Dance,http://localhost:3251@Ant,false
1784893861324,bear,Explore,null,true
1784893861486,alice,Talk,http://localhost:3251@Bee,true
1784893861486,Bat,Talk,http://localhost:3251@alice,true
1784893862035,brice,Explore,null,true
1784893862533,Ant,Play,http://localhost:3251@bear,true
1784893862534,bear,Play,http://localhost:3251@alice,true
1784893862837,Bee,Explore,null,false
1784893863694,alice,Explore,null,false
1784893864141,bear,Explore,null,true
1784893864828,alice,Dance,http://localhost:3251@Bee,true
1784893864829,Ant,Explore,null,true
1784893864830,Bee,Dance,http://localhost:3251@bear,false
1784893865453,Bat,Sing,http://localhost:3251@bear,false
1784893865454,bear,Sing,http://localhost:3251@Bee,true
1784893866153,brice,Explore,null,true
1784893866317,Bee,Explore,null,true
1784893866428,Bat,Talk,http://localhost:3251@brice,false
1784893866428,bear,Talk,http://localhost:3251@Bat,true
1784893867263,alice,Dance,http://localhost:3251@bear,true
1784893867264,Bee,Dance,http://localhost:3251@alice,true
1784893867380,Ant,Fight,http://localhost:3251@bear,true
1784893867381,bear,Fight,http://localhost:3251@Bat,true
1784893867672,brice,Explore,null,true
1784893868064,Bat,Talk,http://localhost:3251@brice,true
1784893868064,bear,Talk,http://localhost:3251@Bat,true
1784893868913,bear,Play,http://localhost:3251@brice,true
1784893868914,brice,Play,http://localhost:3251@Bat,false
1784893869399,alice,Explore,null,false
1784893869516,Ant,Explore,null,false
1784893869914,Bat,Sing,http://localhost:3251@brice,false
1784893869915,bear,Sing,http://localhost:3251@Bat,true
1784893870108,alice,Fight,http://localhost:3251@Bee,true
1784893870109,Bee,Fight,http://localhost:3251@Bat,true
1784893870789,Ant,Dance,http://localhost:3251@Bee,true
1784893870790,bear,Dance,http://localhost:3251@Ant,true
1784893871119,bear,Talk,http://localhost:3251@Bee,true
1784893871119,Bee,Talk,http://localhost:3251@alice,true
1784893871120,brice,Explore,null,true
1784893871234,alice,Exercise,http://localhost:3251@brice,true
1784893871235,Bat,Exercise,http://localhost:3251@alice,true
1784893872441,alice,Walk,http://localhost:3251@bear,false
1784893872441,bear,Walk,http://localhost:3251@brice,true
1784893872747,Bee,Explore,null,true
1784893872748,brice,Explore,null,false
1784893873502,alice,Fight,http://localhost:3251@brice,true
1784893873504,Bee,Fight,http://localhost:3251@alice,true
1784893874087,Ant,Play,http://localhost:3251@bear,true
1784893874088,Bat,Play,http://localhost:3251@Ant,true
1784893874088,bear,Explore,null,true
1784893874420,Bee,Talk,http://localhost:3251@brice,false
1784893874421,brice,Talk,http://localhost:3251@Bee,true
1784893874752,alice,Dance,http://localhost:3251@bear,true
1784893874754,Bat,Dance,http://localhost:3251@alice,false
1784893875669,Bat,Play,http://localhost:3251@Bee,true
1784893875670,bear,Walk,http://localhost:3251@brice,true
1784893875671,Bee,Play,http://localhost:3251@bear,true
1784893875671,brice,Walk,http://localhost:3251@bear,true
1784893876770,alice,Sing,http://localhost:3251@bear,true
1784893876771,brice,Sing,http://localhost:3251@alice,true
1784893876941,Ant,Sing,http://localhost:3251@bear,true
1784893876942,bear,Sing,http://localhost:3251@Bee,true
1784893877363,Bee,Explore,null,true
1784893878260,alice,Play,http://localhost:3251@Bat,true
1784893878261,Bat,Play,http://localhost:3251@Bee,true
1784893878915,bear,Sing,http://localhost:3251@Bee,true
1784893878915,Bee,Sing,http://localhost:3251@bear,false
1784893879036,brice,Explore,null,true
1784893879564,alice,Walk,http://localhost:3251@brice,true
1784893879568,bear,Walk,http://localhost:3251@alice,true
1784893879920,alice,Fight,http://localhost:3251@Bee,true
1784893879920,Bat,Talk,http://localhost:3251@brice,true
1784893879920,bear,Talk,http://localhost:3251@Bat,true
1784893879921,Bee,Fight,http://localhost:3251@Bat,false
1784893880219,Ant,Walk,http://localhost:3251@alice,false
1784893880220,brice,Walk,http://localhost:3251@Ant,false
1784893881135,alice,Exercise,http://localhost:3251@Bee,true
1784893881135,Bee,Exercise,http://localhost:3251@brice,false
1784893881247,bear,Dance,http://localhost:3251@brice,true
1784893881247,brice,Dance,http://localhost:3251@bear,true
1784893881680,Bat,Explore,null,true
1784893882107,alice,Exercise,http://localhost:3251@Ant,true
1784893882108,Ant,Exercise,http://localhost:3251@Bat,false
1784893882730,Bat,Fight,http://localhost:3251@Ant,false
1784893882731,brice,Fight,http://localhost:3251@Bat,true
1784893882983,alice,Talk,http://localhost:3251@Bee,true
1784893882984,Bee,Talk,http://localhost:3251@alice,true
1784893883157,Ant,Talk,http://localhost:3251@Bat,false
1784893883158,bear,Talk,http://localhost:3251@Ant,true
1784893883746,bear,Talk,http://localhost:3251@brice,true
1784893883747,brice,Talk,http://localhost:3251@Bee,true
1784893884231,Ant,Sing,http://localhost:3251@Bat,true
1784893884232,Bat,Sing,http://localhost:3251@brice,true
1784893884418,alice,Dance,http://localhost:3251@bear,true
1784893884418,bear,Dance,http://localhost:3251@alice,true
1784893885065,alice,Sing,http://localhost:3251@brice,true
1784893885065,brice,Sing,http://localhost:3251@alice,true
1784893885234,Bee,Explore,null,true
1784893885524,Ant,Dance,http://localhost:3251@Bee,true
1784893885525,bear,Dance,http://localhost:3251@Ant,true
1784893886178,Bat,Play,http://localhost:3251@Bee,true
1784893886178,bear,Play,http://localhost:3251@Bat,true
1784893886523,alice,Dance,http://localhost:3251@Bee,true
1784893886524,Bee,Dance,http://localhost:3251@bear,true
1784893887478,Ant,Play,http://localhost:3251@bear,true
1784893887479,bear,Play,http://localhost:3251@alice,true
1784893887770,Bat,Explore,null,true
1784893888138,alice,Explore,null,false
1784893888201,Bee,Fight,http://localhost:3251@Bat,false
1784893888201,brice,Fight,http://localhost:3251@Bee,true
1784893889109,bear,Explore,null,true
1784893889401,Bat,Explore,null,false
1784893889465,alice,Sing,http://localhost:3251@bear,true
1784893889466,brice,Sing,http://localhost:3251@alice,true
1784893890111,Ant,Dance,http://localhost:3251@Bee,true
1784893890111,bear,Dance,http://localhost:3251@Ant,true
1784893890839,alice,Sing,http://localhost:3251@bear,true
1784893890840,bear,Sing,http://localhost:3251@alice,true
1784893891082,brice,Explore,null,false
1784893891750,Bat,Talk,http://localhost:3251@brice,true
1784893891751,bear,Talk,http://localhost:3251@Bat,true
1784893891920,Bee,Explore,null,true
1784893892254,bear,Exercise,http://localhost:3251@brice,false
1784893892254,brice,Exercise,http://localhost:3251@alice,true
1784893892374,Ant,Explore,null,true
1784893892751,alice,Talk,http://localhost:3251@Bat,true
1784893892754,Bat,Talk,http://localhost:3251@brice,true
1784893893418,alice,Exercise,http://localhost:3251@bear,true
1784893893419,bear,Exercise,http://localhost:3251@Ant,true
1784893894164,alice,Walk,http://localhost:3251@brice,true
1784893894165,brice,Walk,http://localhost:3251@bear,true
1784893894273,Ant,Sing,http://localhost:3251@Bee,true
1784893894274,Bee,Sing,http://localhost:3251@Ant,false
1784893894632,Bat,Play,http://localhost:3251@Bee,true
1784893894633,bear,Play,http://localhost:3251@Bat,true
1784893895474,Ant,Walk,http://localhost:3251@brice,true
1784893895475,brice,Walk,http://localhost:3251@bear,true
1784893895527,alice,Play,http://localhost:3251@bear,true
1784893895527,Bee,Play,http://localhost:3251@alice,false
1784893896688,alice,Dance,http://localhost:3251@Ant,true
1784893896689,Ant,Dance,http://localhost:3251@Bee,true
1784893896796,bear,Explore,null,true
1784893897018,Bee,Explore,null,false
1784893897302,Ant,Dance,http://localhost:3251@brice,true
1784893897302,brice,Dance,http://localhost:3251@bear,true
1784893898051,Bat,Explore,null,false
1784893898385,bear,Explore,null,true
1784893898583,Bee,Explore,null,true
1784893899238,alice,Sing,http://localhost:3251@bear,true
1784893899240,Ant,Dance,http://localhost:3251@Bee,true
1784893899240,bear,Dance,http://localhost:3251@Ant,true
1784893899241,Bee,Sing,http://localhost:3251@alice,false
1784893899767,Bat,Explore,null,false
1784893900005,bear,Sing,http://localhost:3251@brice,true
1784893900006,brice,Sing,http://localhost:3251@alice,true
1784893900519,alice,Dance,http://localhost:3251@bear,true
1784893900520,Bat,Dance,http://localhost:3251@alice,false
1784893900822,Ant,Explore,null,false
1784893901065,alice,Exercise,http://localhost:3251@Bee,true
1784893901066,Bee,Exercise,http://localhost:3251@brice,false
1784893901171,Bat,Exercise,http://localhost:3251@brice,false
1784893901172,brice,Exercise,http://localhost:3251@alice,true
1784893902196,alice,Exercise,http://localhost:3251@brice,true
1784893902197,Bat,Exercise,http://localhost:3251@alice,true
1784893902198,bear,Explore,null,false
1784893902978,Ant,Walk,http://localhost:3251@Bee,false
1784893902979,Bee,Walk,http://localhost:3251@Ant,false
1784893903429,alice,Dance,http://localhost:3251@bear,true
1784893903430,bear,Dance,http://localhost:3251@brice,true
1784893903947,bear,Fight,http://localhost:3251@Bee,true
1784893903948,Bee,Fight,http://localhost:3251@Bat,true
1784893904051,alice,Dance,http://localhost:3251@Bat,true
1784893904052,Bat,Dance,http://localhost:3251@Bee,true
1784893904608,Ant,Talk,http://localhost:3251@Bat,false
1784893904609,Bee,Talk,http://localhost:3251@Ant,false
1784893904713,bear,Fight,http://localhost:3251@brice,true
1784893904714,brice,Fight,http://localhost:3251@bear,true
1784893905529,alice,Fight,http://localhost:3251@Bee,true
1784893905530,Bee,Fight,http://localhost:3251@Bat,false
1784893905836,Ant,Walk,http://localhost:3251@alice,false
1784893905839,bear,Walk,http://localhost:3251@Ant,true
1784893905899,Bat,Talk,http://localhost:3251@brice,true
1784893905901,Bee,Talk,http://localhost:3251@Bat,false
1784893906632,bear,Walk,http://localhost:3251@brice,true
1784893906632,brice,Walk,http://localhost:3251@bear,true
1784893906861,alice,Talk,http://localhost:3251@Bee,true
1784893906862,Bee,Talk,http://localhost:3251@alice,true
1784893907410,Bat,Explore,null,true
1784893907802,Bee,Fight,http://localhost:3251@Bat,false
1784893907803,brice,Fight,http://localhost:3251@Bee,true
1784893907855,alice,Walk,http://localhost:3251@bear,true
1784893907855,bear,Walk,http://localhost:3251@brice,true
1784893909117,Ant,Dance,http://localhost:3251@bear,true
1784893909118,bear,Dance,http://localhost:3251@brice,true
1784893909332,Bee,Explore,null,true
1784893909394,alice,Explore,null,false
1784893909446,brice,Explore,null,true
1784893909912,Bat,Play,http://localhost:3251@Bee,true
1784893909913,bear,Play,http://localhost:3251@Bat,true
1784893910303,alice,Fight,http://localhost:3251@Bee,true
1784893910303,Bee,Fight,http://localhost:3251@Bat,false
1784893910990,Ant,Sing,http://localhost:3251@Bee,true
1784893910990,Bee,Sing,http://localhost:3251@Ant,false
1784893911049,brice,Explore,null,false
1784893911167,alice,Walk,http://localhost:3251@bear,true
1784893911169,bear,Walk,http://localhost:3251@brice,true
1784893912101,alice,Exercise,http://localhost:3251@Bee,true
1784893912102,Bee,Exercise,http://localhost:3251@brice,false
1784893912273,Ant,Dance,http://localhost:3251@brice,true
1784893912274,brice,Dance,http://localhost:3251@bear,true
1784893913006,alice,Walk,http://localhost:3251@bear,true
1784893913007,bear,Walk,http://localhost:3251@brice,true
1784893914116,Bee,Play,http://localhost:3251@bear,false
1784893914117,brice,Play,http://localhost:3251@Bee,false
1784893914457,alice,Sing,http://localhost:3251@Bat,true
1784893914457,Bat,Sing,http://localhost:3251@brice,true
1784893915118,alice,Talk,http://localhost:3251@Bee,false
1784893915119,Bee,Talk,http://localhost:3251@alice,false
1784893915462,alice,Talk,http://localhost:3251@Bat,true
1784893915463,Bat,Talk,http://localhost:3251@brice,true
1784893915578,Ant,Play,http://localhost:3251@bear,true
1784893915578,bear,Play,http://localhost:3251@Ant,true
1784893916379,brice,Explore,null,false
1784893916662,Bee,Explore,null,true
1784893916768,alice,Sing,http://localhost:3251@bear,true
1784893916770,bear,Sing,http://localhost:3251@alice,true
1784893917351,Bat,Sing,http://localhost:3251@brice,true
1784893917351,Bee,Sing,http://localhost:3251@Bat,false
1784893918318,alice,Fight,http://localhost:3251@Bee,true
1784893918319,bear,Sing,http://localhost:3251@brice,true
1784893918320,Bee,Fight,http://localhost:3251@Bat,false
1784893918320,brice,Sing,http://localhost:3251@alice,true
1784893919418,Ant,Play,http://localhost:3251@bear,true
1784893919419,Bat,Play,http://localhost:3251@Ant,true
1784893919527,alice,Exercise,http://localhost:3251@Bee,true
1784893919528,Bee,Exercise,http://localhost:3251@brice,false
1784893919868,bear,Explore,null,true
1784893920725,brice,Explore,null,false
1784893921160,alice,Talk,http://localhost:3251@Bee,true
1784893921160,Bee,Talk,http://localhost:3251@alice,true
1784893921273,Ant,Play,http://localhost:3251@bear,true
1784893921274,bear,Play,http://localhost:3251@Ant,true
1784893921336,Bat,Dance,http://localhost:3251@Bee,true
1784893921336,brice,Dance,http://localhost:3251@Bat,true
1784893922142,alice,Talk,http://localhost:3251@Bee,true
1784893922143,brice,Talk,http://localhost:3251@alice,true
1784893922363,Bat,Talk,http://localhost:3251@brice,true
1784893922364,bear,Talk,http://localhost:3251@Bat,true
1784893922417,Ant,Play,http://localhost:3251@Bee,true
1784893922418,Bee,Play,http://localhost:3251@bear,false
1784893923084,alice,Talk,http://localhost:3251@Bee,true
1784893923084,bear,Talk,http://localhost:3251@alice,true
1784893923604,Ant,Dance,http://localhost:3251@Bat,false
1784893923604,Bat,Dance,http://localhost:3251@Bee,true
1784893923716,alice,Talk,http://localhost:3251@brice,true
1784893923717,brice,Talk,http://localhost:3251@Bee,true
1784893924618,Bee,Explore,null,true
1784893924837,Bat,Dance,http://localhost:3251@Bee,true
1784893924838,brice,Dance,http://localhost:3251@Bat,true
1784893925282,alice,Fight,http://localhost:3251@brice,true
1784893925283,brice,Fight,http://localhost:3251@alice,true
1784893926147,Bee,Explore,null,true
1784893926207,alice,Sing,http://localhost:3251@Bat,true
1784893926207,Ant,Sing,http://localhost:3251@Bee,false
1784893926208,Bat,Sing,http://localhost:3251@brice,true
1784893926209,brice,Sing,http://localhost:3251@Ant,true
1784893927184,bear,Explore,null,true
1784893927294,alice,Exercise,http://localhost:3251@Bee,true
1784893927294,Bee,Exercise,http://localhost:3251@brice,false
1784893927518,Ant,Exercise,http://localhost:3251@brice,true
1784893927519,brice,Exercise,http://localhost:3251@alice,true
1784893928429,alice,Play,http://localhost:3251@bear,true
1784893928430,bear,Play,http://localhost:3251@alice,true
1784893928617,Ant,Walk,http://localhost:3251@Bee,true
1784893928617,Bee,Walk,http://localhost:3251@Ant,false
1784893929307,Bat,Exercise,http://localhost:3251@brice,true
1784893929308,brice,Exercise,http://localhost:3251@alice,true
1784893929990,bear,Explore,null,true
1784893930161,Ant,Explore,null,true
1784893930162,Bee,Explore,null,true
1784893930279,alice,Talk,http://localhost:3251@brice,true
1784893930279,brice,Talk,http://localhost:3251@Bee,true
1784893931251,Ant,Dance,http://localhost:3251@bear,true
1784893931252,bear,Dance,http://localhost:3251@brice,true
1784893931312,Bat,Sing,http://localhost:3251@brice,true
1784893931312,brice,Sing,http://localhost:3251@Bat,true
1784893931791,Bee,Talk,http://localhost:3251@alice,true
1784893931792,brice,Talk,http://localhost:3251@Bee,true
1784893932263,Bat,Talk,http://localhost:3251@bear,true
1784893932264,bear,Talk,http://localhost:3251@brice,true
1784893933030,alice,Walk,http://localhost:3251@Bee,true
1784893933030,Bee,Walk,http://localhost:3251@Ant,false
1784893933307,brice,Explore,null,false
1784893934110,alice,Dance,http://localhost:3251@Bat,true
1784893934111,Bat,Dance,http://localhost:3251@Bee,true
1784893934729,bear,Sing,http://localhost:3251@Bee,true
1784893934730,brice,Sing,http://localhost:3251@bear,true
1784893935247,alice,Exercise,http://localhost:3251@brice,true
1784893935248,brice,Exercise,http://localhost:3251@alice,true
1784893935374,Ant,Explore,null,false
1784893935718,alice,Talk,http://localhost:3251@bear,true
1784893935718,bear,Talk,http://localhost:3251@brice,true
1784893936418,Bee,Explore,null,true
1784893936477,alice,Exercise,http://localhost:3251@Bat,true
1784893936479,Bat,Exercise,http://localhost:3251@Ant,false
1784893936480,bear,Dance,http://localhost:3251@brice,true
1784893936480,brice,Dance,http://localhost:3251@bear,true
1784893936955,Ant,Talk,http://localhost:3251@Bat,false
1784893936956,bear,Talk,http://localhost:3251@Ant,true
1784893937397,bear,Talk,http://localhost:3251@Bee,true
1784893937397,Bee,Talk,http://localhost:3251@alice,true
1784893938373,alice,Dance,http://localhost:3251@bear,true
1784893938373,Bee,Dance,http://localhost:3251@alice,true
1784893938484,Bat,Dance,http://localhost:3251@Bee,true
1784893938486,brice,Dance,http://localhost:3251@Bat,true
1784893938675,Ant,Walk,http://localhost:3251@bear,true
1784893938675,bear,Walk,http://localhost:3251@brice,true
1784893939396,alice,Fight,http://localhost:3251@brice,false
1784893939397,Bat,Fight,http://localhost:3251@alice,false
1784893939397,bear,Talk,http://localhost:3251@Bee,true
1784893939397,Bee,Talk,http://localhost:3251@alice,true
1784893940474,Bat,Sing,http://localhost:3251@brice,true
1784893940475,brice,Sing,http://localhost:3251@alice,true
1784893940594,Ant,Sing,http://localhost:3251@Bee,true
1784893940595,bear,Sing,http://localhost:3251@Ant,true
1784893940928,Bee,Explore,null,false
1784893941489,Bat,Talk,http://localhost:3251@brice,true
1784893941489,bear,Talk,http://localhost:3251@Bat,true
1784893941706,Ant,Dance,http://localhost:3251@brice,true
1784893941707,brice,Dance,http://localhost:3251@bear,true
1784893942255,bear,Walk,http://localhost:3251@Bee,true
1784893942255,Bee,Walk,http://localhost:3251@Ant,false
1784893942697,Bat,Fight,http://localhost:3251@brice,true
1784893942698,brice,Fight,http://localhost:3251@bear,true
1784893943225,Ant,Fight,http://localhost:3251@bear,true
1784893943226,bear,Fight,http://localhost:3251@Bat,false
1784893943617,alice,Explore,null,false
1784893944059,Bat,Exercise,http://localhost:3251@Bee,false
1784893944059,Bee,Exercise,http://localhost:3251@brice,false
1784893944228,brice,Explore,null,false
1784893944562,alice,Fight,http://localhost:3251@brice,false
1784893944563,Bat,Fight,http://localhost:3251@alice,false
1784893945073,bear,Walk,http://localhost:3251@brice,true
1784893945074,brice,Walk,http://localhost:3251@bear,true
1784893945356,Ant,Explore,null,false
1784893945519,Bat,Talk,http://localhost:3251@brice,true
1784893945520,brice,Talk,http://localhost:3251@Bat,true
1784893945573,Bee,Explore,null,false
1784893945784,alice,Dance,http://localhost:3251@bear,true
1784893945784,bear,Dance,http://localhost:3251@alice,true
1784893946479,Ant,Exercise,http://localhost:3251@Bat,false
1784893946480,bear,Exercise,http://localhost:3251@Ant,true
1784893946481,Bee,Fight,http://localhost:3251@brice,false
1784893946482,brice,Fight,http://localhost:3251@bear,true
1784893947428,Bat,Play,http://localhost:3251@Bee,true
1784893947429,brice,Play,http://localhost:3251@Bat,true
1784893947726,alice,Play,http://localhost:3251@Bee,true
1784893947728,Bee,Play,http://localhost:3251@bear,false
1784893948033,bear,Explore,null,true
1784893948374,Ant,Sing,http://localhost:3251@Bee,true
1784893948375,Bat,Sing,http://localhost:3251@Ant,false
1784893948436,bear,Talk,http://localhost:3251@brice,true
1784893948437,brice,Talk,http://localhost:3251@Bee,true
1784893949284,Bee,Explore,null,true
1784893949345,Bat,Fight,http://localhost:3251@Ant,false
1784893949346,brice,Fight,http://localhost:3251@Bat,true
1784893949644,Ant,Sing,http://localhost:3251@Bee,false
1784893949645,bear,Sing,http://localhost:3251@Ant,false
1784893950209,alice,Exercise,http://localhost:3251@brice,true
1784893950209,bear,Exercise,http://localhost:3251@alice,true
1784893950273,Bat,Talk,http://localhost:3251@Bee,true
1784893950274,Bee,Talk,http://localhost:3251@alice,true
1784893950890,Ant,Walk,http://localhost:3251@alice,false
1784893950892,brice,Walk,http://localhost:3251@Ant,true
1784893951493,Ant,Play,http://localhost:3251@Bat,false
1784893951493,Bat,Play,http://localhost:3251@Bee,true
1784893951766,Bee,Explore,null,true
1784893952104,alice,Walk,http://localhost:3251@brice,true
1784893952105,brice,Walk,http://localhost:3251@bear,true
1784893952332,bear,Explore,null,true
1784893952787,Ant,Sing,http://localhost:3251@Bee,false
1784893952789,brice,Sing,http://localhost:3251@Ant,true
1784893953025,alice,Sing,http://localhost:3251@Bee,true
1784893953025,Bee,Sing,http://localhost:3251@brice,true
1784893953928,bear,Explore,null,true
1784893954032,Bat,Talk,http://localhost:3251@Bee,true
1784893954033,Bee,Talk,http://localhost:3251@alice,true
1784893954325,alice,Walk,http://localhost:3251@brice,true
1784893954327,brice,Walk,http://localhost:3251@alice,true
1784893955060,alice,Talk,http://localhost:3251@Bat,true
1784893955062,Bat,Talk,http://localhost:3251@brice,true
1784893955214,bear,Sing,http://localhost:3251@Bee,true
1784893955214,brice,Sing,http://localhost:3251@bear,true
1784893955614,Bee,Explore,null,true
1784893956363,alice,Sing,http://localhost:3251@bear,false
1784893956363,Bat,Dance,http://localhost:3251@Bee,true
1784893956363,Bee,Sing,http://localhost:3251@alice,true
1784893956364,brice,Dance,http://localhost:3251@Bat,true
1784893956583,Ant,Sing,http://localhost:3251@bear,true
1784893956584,bear,Sing,http://localhost:3251@Bee,true
1784893957761,Ant,Walk,http://localhost:3251@brice,false
1784893957763,brice,Walk,http://localhost:3251@bear,true
1784893958016,Bat,Explore,null,false
1784893958234,alice,Exercise,http://localhost:3251@Bee,true
1784893958235,Bee,Exercise,http://localhost:3251@brice,false
1784893958860,bear,Explore,null,true
1784893959424,bear,Fight,http://localhost:3251@brice,true
1784893959424,brice,Fight,http://localhost:3251@bear,true
1784893959532,alice,Play,http://localhost:3251@bear,true
1784893959533,Bat,Play,http://localhost:3251@alice,true
1784893960193,alice,Dance,http://localhost:3251@Bee,true
1784893960194,Bee,Dance,http://localhost:3251@bear,true
1784893961327,alice,Walk,http://localhost:3251@bear,true
1784893961329,Ant,Sing,http://localhost:3251@brice,true
1784893961330,bear,Walk,http://localhost:3251@brice,true
1784893961330,brice,Sing,http://localhost:3251@alice,true
1784893961828,Bat,Fight,http://localhost:3251@Ant,false
1784893961829,bear,Fight,http://localhost:3251@Bee,true
1784893961829,Bee,Fight,http://localhost:3251@Bat,true
1784893961829,brice,Fight,http://localhost:3251@Bat,true
1784893962656,alice,Dance,http://localhost:3251@bear,true
1784893962657,Bat,Dance,http://localhost:3251@alice,true
1784893962833,Ant,Fight,http://localhost:3251@bear,false
1784893962833,bear,Fight,http://localhost:3251@Bat,true
1784893963422,Bee,Explore,null,true
1784893963772,alice,Play,http://localhost:3251@brice,true
1784893963773,brice,Play,http://localhost:3251@Bat,true
1784893963939,Ant,Play,http://localhost:3251@Bat,false
1784893963940,Bat,Play,http://localhost:3251@Bee,true
1784893964408,alice,Fight,http://localhost:3251@Bee,true
1784893964410,Bee,Fight,http://localhost:3251@Bat,false
1784893965076,Ant,Sing,http://localhost:3251@brice,true
1784893965076,brice,Sing,http://localhost:3251@alice,true
1784893965704,alice,Dance,http://localhost:3251@bear,true
1784893965705,Bat,Dance,http://localhost:3251@alice,true
1784893965998,Bee,Explore,null,false
1784893966105,bear,Sing,http://localhost:3251@Bee,true
1784893966106,brice,Sing,http://localhost:3251@bear,true
1784893966727,Ant,Talk,http://localhost:3251@Bat,false
1784893966728,bear,Talk,http://localhost:3251@Ant,true
1784893967077,Bat,Play,http://localhost:3251@Bee,true
1784893967078,brice,Play,http://localhost:3251@Bat,false
1784893967863,alice,Exercise,http://localhost:3251@Bee,true
1784893967864,Bee,Exercise,http://localhost:3251@brice,false
1784893968143,Bat,Walk,http://localhost:3251@bear,false
1784893968144,bear,Walk,http://localhost:3251@brice,true
1784893968524,alice,Dance,http://localhost:3251@brice,true
1784893968526,brice,Dance,http://localhost:3251@bear,true
1784893969358,Ant,Sing,http://localhost:3251@Bee,true
1784893969359,brice,Sing,http://localhost:3251@Ant,true
1784893969471,alice,Sing,http://localhost:3251@Bat,true
1784893969472,Bat,Sing,http://localhost:3251@brice,true
1784893969473,Bee,Explore,null,false
1784893969847,Ant,Talk,http://localhost:3251@bear,true
1784893969848,bear,Talk,http://localhost:3251@brice,true
1784893970385,alice,Fight,http://localhost:3251@brice,true
1784893970386,brice,Fight,http://localhost:3251@bear,false
1784893970884,alice,Talk,http://localhost:3251@bear,true
1784893970885,bear,Talk,http://localhost:3251@brice,true
1784893971526,Bat,Dance,http://localhost:3251@Bee,true
1784893971527,brice,Dance,http://localhost:3251@Bat,true
1784893971888,Bee,Fight,http://localhost:3251@Bat,false
1784893971888,brice,Fight,http://localhost:3251@Bee,true
1784893972460,alice,Explore,null,true
1784893972815,bear,Walk,http://localhost:3251@brice,true
1784893972816,brice,Walk,http://localhost:3251@bear,true
1784893972880,alice,Talk,http://localhost:3251@Bee,true
1784893972880,Bee,Talk,http://localhost:3251@alice,true
1784893973095,Bat,Explore,null,true
1784893973833,alice,Fight,http://localhost:3251@brice,true
1784893973834,brice,Fight,http://localhost:3251@bear,true
1784893974132,Ant,Sing,http://localhost:3251@bear,true
1784893974133,bear,Sing,http://localhost:3251@Bee,true
1784893975117,Bat,Sing,http://localhost:3251@brice,true
1784893975117,brice,Sing,http://localhost:3251@alice,true
1784893975174,alice,Sing,http://localhost:3251@bear,true
1784893975174,bear,Sing,http://localhost:3251@alice,true
1784893975228,Bee,Explore,null,true
1784893976037,Ant,Play,http://localhost:3251@bear,true
1784893976039,bear,Play,http://localhost:3251@Ant,true
1784893976448,Bat,Sing,http://localhost:3251@brice,false
1784893976448,brice,Sing,http://localhost:3251@alice,true
1784893976510,alice,Exercise,http://localhost:3251@Bee,false
1784893976512,Bee,Exercise,http://localhost:3251@brice,false
1784893977212,Bat,Exercise,http://localhost:3251@bear,false
1784893977213,bear,Exercise,http://localhost:3251@Ant,true
1784893977337,Ant,Sing,http://localhost:3251@Bee,true
1784893977337,brice,Sing,http://localhost:3251@Ant,true
1784893978470,alice,Dance,http://localhost:3251@bear,true
1784893978471,brice,Dance,http://localhost:3251@alice,true
1784893978706,Ant,Play,http://localhost:3251@bear,true
1784893978707,bear,Play,http://localhost:3251@Ant,true
1784893978767,Bee,Explore,null,true
1784893978883,alice,Talk,http://localhost:3251@Bat,true
1784893978883,Bat,Talk,http://localhost:3251@brice,true
1784893979774,bear,Sing,http://localhost:3251@brice,true
1784893979774,brice,Sing,http://localhost:3251@alice,true
1784893980067,Ant,Sing,http://localhost:3251@Bee,false
1784893980068,Bee,Sing,http://localhost:3251@brice,false
1784893980954,Ant,Exercise,http://localhost:3251@bear,false
1784893980955,bear,Exercise,http://localhost:3251@Ant,true
1784893981176,alice,Fight,http://localhost:3251@brice,false
1784893981177,brice,Fight,http://localhost:3251@alice,true
1784893981350,Bat,Dance,http://localhost:3251@Bee,true
1784893981351,Bee,Dance,http://localhost:3251@bear,false
1784893981952,alice,Talk,http://localhost:3251@bear,true
1784893981953,bear,Talk,http://localhost:3251@brice,true
1784893982244,Ant,Sing,http://localhost:3251@Bee,true
1784893982244,brice,Sing,http://localhost:3251@Ant,false
1784893982354,bear,Talk,http://localhost:3251@Bee,true
1784893982355,Bee,Talk,http://localhost:3251@alice,true
1784893983113,alice,Exercise,http://localhost:3251@brice,true
1784893983114,bear,Exercise,http://localhost:3251@alice,true
1784893983268,Bat,Play,http://localhost:3251@Bee,true
1784893983268,brice,Play,http://localhost:3251@Bat,true
1784893983762,alice,Walk,http://localhost:3251@Bee,true
1784893983763,Bee,Walk,http://localhost:3251@Ant,false
1784893984177,Ant,Dance,http://localhost:3251@Bee,true
1784893984177,brice,Dance,http://localhost:3251@Ant,true
1784893984592,alice,Walk,http://localhost:3251@bear,true
1784893984592,bear,Walk,http://localhost:3251@brice,false
1784893985060,Bee,Dance,http://localhost:3251@bear,false
1784893985061,brice,Dance,http://localhost:3251@Bee,true
1784893985632,Bat,Explore,null,true
1784893985683,alice,Fight,http://localhost:3251@brice,true
1784893985684,brice,Fight,http://localhost:3251@alice,true
1784893986120,Bat,Talk,http://localhost:3251@Bee,true
1784893986121,Bee,Talk,http://localhost:3251@alice,true
1784893986775,Ant,Exercise,http://localhost:3251@Bat,false
1784893986776,brice,Exercise,http://localhost:3251@Ant,true
1784893987028,alice,Talk,http://localhost:3251@bear,true
1784893987028,bear,Talk,http://localhost:3251@brice,true
1784893987770,Bee,Explore,null,true
1784893987828,Ant,Talk,http://localhost:3251@Bat,false
1784893987829,bear,Talk,http://localhost:3251@Ant,true
1784893988116,alice,Play,http://localhost:3251@Bat,false
1784893988117,Bat,Play,http://localhost:3251@Bee,true
1784893988398,brice,Explore,null,false
1784893989070,alice,Play,http://localhost:3251@Ant,true
1784893989070,Ant,Play,http://localhost:3251@bear,true
1784893989304,Bee,Explore,null,true
1784893989654,Bat,Explore,null,true
1784893989778,alice,Sing,http://localhost:3251@bear,false
1784893989779,bear,Sing,http://localhost:3251@Bee,true
1784893990483,alice,Exercise,http://localhost:3251@Bee,true
1784893990484,Bee,Exercise,http://localhost:3251@brice,false
1784893990937,Bat,Walk,http://localhost:3251@bear,false
1784893990937,brice,Walk,http://localhost:3251@Bat,false
1784893991291,Ant,Explore,null,false
1784893991416,bear,Fight,http://localhost:3251@Bat,true
1784893991418,brice,Fight,http://localhost:3251@bear,true
1784893991537,alice,Fight,http://localhost:3251@brice,true
1784893991538,Bat,Fight,http://localhost:3251@alice,false
1784893992711,Bee,Explore,null,false
1784893993004,bear,Explore,null,true
1784893993113,alice,Explore,null,false
1784893993703,alice,Fight,http://localhost:3251@Bee,true
1784893993703,Bee,Fight,http://localhost:3251@Bat,false
1784893994595,alice,Sing,http://localhost:3251@Ant,true
1784893994596,Ant,Sing,http://localhost:3251@Bee,true
1784893994706,bear,Play,http://localhost:3251@brice,true
1784893994707,brice,Play,http://localhost:3251@Bat,true
1784893995617,Ant,Talk,http://localhost:3251@Bat,true
1784893995618,brice,Talk,http://localhost:3251@Ant,true
1784893995802,Bat,Explore,null,false
1784893995927,alice,Play,http://localhost:3251@bear,true
1784893995928,bear,Play,http://localhost:3251@alice,true
1784893995990,Bee,Explore,null,true
1784893996929,Bat,Play,http://localhost:3251@brice,true
1784893996929,brice,Play,http://localhost:3251@Bat,true
1784893997047,alice,Fight,http://localhost:3251@bear,true
1784893997047,bear,Fight,http://localhost:3251@Bat,true
1784893997801,Bee,Explore,null,false
1784893997941,alice,Fight,http://localhost:3251@Bat,true
1784893997942,Bat,Fight,http://localhost:3251@Ant,false
1784893998288,Ant,Sing,http://localhost:3251@Bee,true
1784893998289,bear,Sing,http://localhost:3251@Ant,false
1784893999128,alice,Dance,http://localhost:3251@Bee,true
1784893999129,Bee,Dance,http://localhost:3251@bear,false
1784893999908,alice,Dance,http://localhost:3251@Bat,true
1784893999909,Bat,Dance,http://localhost:3251@Bee,true
1784894000435,Ant,Sing,http://localhost:3251@Bee,false
1784894000436,Bee,Sing,http://localhost:3251@brice,false
1784894000968,Bat,Dance,http://localhost:3251@brice,true
1784894000968,brice,Dance,http://localhost:3251@bear,true
1784894001494,alice,Explore,null,false
1784894001715,Ant,Dance,http://localhost:3251@Bee,true
1784894001715,bear,Sing,http://localhost:3251@Bee,true
1784894001716,Bee,Sing,http://localhost:3251@brice,false
1784894001716,brice,Dance,http://localhost:3251@Ant,true
1784894002249,alice,Sing,http://localhost:3251@Bat,true
1784894002250,Bat,Sing,http://localhost:3251@brice,false
1784894002983,alice,Play,http://localhost:3251@Bee,true
1784894002985,Bat,Walk,http://localhost:3251@brice,true
1784894002985,Bee,Play,http://localhost:3251@bear,false
1784894002985,brice,Walk,http://localhost:3251@bear,true
1784894003670,Ant,Dance,http://localhost:3251@Bee,true
1784894003670,bear,Dance,http://localhost:3251@Ant,true
1784894004005,alice,Talk,http://localhost:3251@Bee,true
1784894004006,Bee,Talk,http://localhost:3251@alice,true
1784894004905,Ant,Play,http://localhost:3251@Bat,false
1784894004905,Bat,Play,http://localhost:3251@Bee,true
1784894004963,alice,Sing,http://localhost:3251@bear,true
1784894004964,bear,Sing,http://localhost:3251@Bee,true
1784894005481,alice,Exercise,http://localhost:3251@brice,true
1784894005484,brice,Exercise,http://localhost:3251@alice,true
1784894005955,Bat,Sing,http://localhost:3251@Bee,false
1784894005955,Bee,Sing,http://localhost:3251@brice,false
1784894006058,bear,Fight,http://localhost:3251@Bat,true
1784894006058,brice,Fight,http://localhost:3251@bear,true
1784894006789,alice,Dance,http://localhost:3251@bear,true
1784894006793,bear,Dance,http://localhost:3251@alice,true
1784894007493,Ant,Play,http://localhost:3251@bear,true
1784894007494,bear,Play,http://localhost:3251@Ant,true
1784894007783,alice,Exercise,http://localhost:3251@Bee,true
1784894007785,Bee,Exercise,http://localhost:3251@brice,false
1784894008061,Bat,Sing,http://localhost:3251@brice,true
1784894008062,brice,Sing,http://localhost:3251@Bat,true
1784894008793,alice,Dance,http://localhost:3251@Ant,true
1784894008793,Ant,Dance,http://localhost:3251@Bee,true
1784894009142,Bat,Fight,http://localhost:3251@brice,true
1784894009143,bear,Explore,null,true
1784894009143,brice,Fight,http://localhost:3251@bear,true
1784894009451,Bee,Explore,null,false
1784894010124,alice,Sing,http://localhost:3251@bear,true
1784894010124,Ant,Play,http://localhost:3251@bear,true
1784894010125,bear,Play,http://localhost:3251@Ant,true
1784894010125,brice,Sing,http://localhost:3251@alice,true
1784894010472,alice,Talk,http://localhost:3251@Bee,true
1784894010473,Bee,Talk,http://localhost:3251@alice,true
1784894010961,alice,Talk,http://localhost:3251@Bat,false
1784894010962,Bat,Talk,http://localhost:3251@brice,false
1784894011500,alice,Exercise,http://localhost:3251@bear,true
1784894011502,bear,Exercise,http://localhost:3251@Ant,false
1784894011746,Ant,Explore,null,false
1784894012154,bear,Dance,http://localhost:3251@brice,true
1784894012154,brice,Dance,http://localhost:3251@bear,true
1784894012456,alice,Sing,http://localhost:3251@Bee,true
1784894012457,Bee,Sing,http://localhost:3251@brice,false
1784894012941,Bat,Walk,http://localhost:3251@bear,false
1784894012942,brice,Walk,http://localhost:3251@Bat,true
1784894013168,alice,Talk,http://localhost:3251@bear,true
1784894013169,bear,Talk,http://localhost:3251@brice,true
1784894014248,alice,Play,http://localhost:3251@Bat,true
1784894014249,Bat,Play,http://localhost:3251@Bee,true
1784894014304,Ant,Exercise,http://localhost:3251@Bat,true
1784894014305,brice,Exercise,http://localhost:3251@Ant,true
1784894015078,alice,Play,http://localhost:3251@Bee,true
1784894015079,Bee,Play,http://localhost:3251@bear,false
1784894015438,bear,Explore,null,true
1784894015973,Ant,Fight,http://localhost:3251@alice,false
1784894015976,bear,Fight,http://localhost:3251@Ant,true
1784894016087,Bee,Fight,http://localhost:3251@Bat,false
1784894016088,brice,Fight,http://localhost:3251@Bee,true
1784894016887,alice,Sing,http://localhost:3251@Bat,true
1784894016888,Bat,Sing,http://localhost:3251@brice,true
1784894017617,Bee,Explore,null,true
1784894017905,Ant,Sing,http://localhost:3251@Bee,true
1784894017906,brice,Sing,http://localhost:3251@Ant,true
1784894018206,alice,Dance,http://localhost:3251@bear,true
1784894018207,bear,Dance,http://localhost:3251@alice,true
1784894019164,alice,Talk,http://localhost:3251@Bat,true
1784894019164,Bat,Talk,http://localhost:3251@brice,true
1784894019215,Bee,Explore,null,true
1784894019775,bear,Explore,null,true
1784894019836,alice,Dance,http://localhost:3251@brice,true
1784894019837,brice,Dance,http://localhost:3251@bear,true
1784894020481,alice,Play,http://localhost:3251@Bee,true
1784894020481,Bee,Play,http://localhost:3251@bear,false
1784894021039,Ant,Dance,http://localhost:3251@Bat,false
1784894021039,Bat,Dance,http://localhost:3251@Bee,true
1784894021485,Bat,Talk,http://localhost:3251@Bee,true
1784894021485,Bee,Talk,http://localhost:3251@alice,true
1784894022006,bear,Talk,http://localhost:3251@brice,true
1784894022006,brice,Talk,http://localhost:3251@bear,true
1784894022174,alice,Exercise,http://localhost:3251@Ant,true
1784894022174,Ant,Exercise,http://localhost:3251@Bat,false
1784894022470,bear,Talk,http://localhost:3251@Bee,true
1784894022470,Bee,Talk,http://localhost:3251@alice,true
1784894022753,Bat,Dance,http://localhost:3251@Bee,true
1784894022754,brice,Dance,http://localhost:3251@Bat,true
1784894023402,alice,Walk,http://localhost:3251@brice,true
1784894023404,bear,Walk,http://localhost:3251@alice,true
1784894024025,alice,Dance,http://localhost:3251@Ant,true
1784894024026,Ant,Dance,http://localhost:3251@Bee,true
1784894024431,Bat,Fight,http://localhost:3251@Ant,false
1784894024432,brice,Fight,http://localhost:3251@Bat,true
1784894024649,Bee,Explore,null,true
1784894025286,alice,Sing,http://localhost:3251@bear,true
1784894025287,Bee,Sing,http://localhost:3251@alice,false
1784894025670,Bat,Dance,http://localhost:3251@Bee,true
1784894025671,bear,Dance,http://localhost:3251@Bat,true
1784894025904,Ant,Sing,http://localhost:3251@Bee,true
1784894025905,brice,Sing,http://localhost:3251@Ant,true
1784894026670,Bat,Fight,http://localhost:3251@Ant,false
1784894026671,brice,Fight,http://localhost:3251@Bat,true
1784894026950,Ant,Play,http://localhost:3251@bear,true
1784894026951,bear,Play,http://localhost:3251@alice,true
1784894027481,Bee,Explore,null,true
1784894027909,alice,Walk,http://localhost:3251@brice,true
1784894027909,Bat,Sing,http://localhost:3251@brice,true
1784894027909,bear,Sing,http://localhost:3251@Bat,true
1784894027910,brice,Walk,http://localhost:3251@bear,true
1784894028810,Ant,Dance,http://localhost:3251@Bee,true
1784894028811,bear,Dance,http://localhost:3251@Ant,true
1784894028983,Bee,Explore,null,false
1784894029971,Bat,Fight,http://localhost:3251@Bee,true
1784894029972,Bee,Fight,http://localhost:3251@Bat,false
1784894030088,brice,Explore,null,true
1784894030391,bear,Explore,null,true
1784894030741,Ant,Dance,http://localhost:3251@Bee,true
1784894030742,brice,Dance,http://localhost:3251@Ant,true
1784894031394,alice,Sing,http://localhost:3251@Bee,true
1784894031395,Bee,Sing,http://localhost:3251@brice,false
1784894032318,brice,Explore,null,true
1784894032608,alice,Exercise,http://localhost:3251@Ant,true
1784894032608,Ant,Exercise,http://localhost:3251@Bat,false
1784894032609,bear,Explore,null,false
1784894032983,Bee,Explore,null,false
1784894033494,Bat,Explore,null,false
1784894033616,bear,Dance,http://localhost:3251@brice,false
1784894033617,brice,Dance,http://localhost:3251@bear,true
1784894033950,Bee,Talk,http://localhost:3251@alice,true
1784894033951,brice,Talk,http://localhost:3251@Bee,true
1784894034832,Ant,Explore,null,false
1784894035170,alice,Exercise,http://localhost:3251@brice,true
1784894035170,brice,Exercise,http://localhost:3251@alice,true
1784894035871,Ant,Dance,http://localhost:3251@Bee,true
1784894035871,Bee,Dance,http://localhost:3251@bear,false
1784894036036,alice,Dance,http://localhost:3251@Bat,true
1784894036036,Bat,Dance,http://localhost:3251@Bee,true
1784894036149,bear,Sing,http://localhost:3251@Bee,true
1784894036150,brice,Sing,http://localhost:3251@bear,true
1784894037106,alice,Sing,http://localhost:3251@Bee,false
1784894037107,Bee,Sing,http://localhost:3251@brice,false
1784894037159,Bat,Talk,http://localhost:3251@brice,true
1784894037159,brice,Talk,http://localhost:3251@Bee,true
1784894037677,bear,Explore,null,false
1784894038352,alice,Walk,http://localhost:3251@brice,true
1784894038353,bear,Walk,http://localhost:3251@alice,true
1784894038615,Bee,Explore,null,true
1784894038669,Ant,Talk,http://localhost:3251@Bat,false
1784894038670,bear,Talk,http://localhost:3251@Ant,true
1784894039315,alice,Talk,http://localhost:3251@Bee,true
1784894039315,Bee,Talk,http://localhost:3251@alice,true
1784894039316,brice,Explore,null,false
1784894039375,Bat,Talk,http://localhost:3251@brice,true
1784894039377,bear,Talk,http://localhost:3251@Bat,true
1784894039660,Ant,Talk,http://localhost:3251@Bat,false
1784894039660,Bee,Talk,http://localhost:3251@Ant,true
1784894040660,Bee,Talk,http://localhost:3251@alice,true
1784894040660,brice,Talk,http://localhost:3251@Bee,true
1784894040955,Bat,Explore,null,true
1784894040957,bear,Explore,null,false
1784894041241,alice,Exercise,http://localhost:3251@brice,true
1784894041241,Bee,Exercise,http://localhost:3251@alice,false
1784894041609,Ant,Walk,http://localhost:3251@alice,false
1784894041609,bear,Walk,http://localhost:3251@Ant,true
1784894042543,alice,Dance,http://localhost:3251@bear,true
1784894042543,brice,Dance,http://localhost:3251@alice,true
1784894043196,Ant,Explore,null,false
1784894043481,Bee,Explore,null,false
1784894043826,Bat,Explore,null,false
1784894043886,alice,Dance,http://localhost:3251@bear,true
1784894043887,Ant,Dance,http://localhost:3251@alice,false
1784894044737,Bat,Play,http://localhost:3251@Bee,true
1784894044737,Bee,Play,http://localhost:3251@bear,false
1784894044792,brice,Explore,null,true
1784894045436,alice,Explore,null,false
1784894045496,Ant,Fight,http://localhost:3251@alice,true
1784894045497,brice,Fight,http://localhost:3251@Ant,true
1784894046245,bear,Play,http://localhost:3251@alice,true
1784894046246,brice,Play,http://localhost:3251@bear,true
1784894046964,Bee,Explore,null,true
1784894047074,Ant,Explore,null,false
1784894047399,alice,Walk,http://localhost:3251@brice,true
1784894047400,brice,Walk,http://localhost:3251@alice,true
1784894048078,bear,Fight,http://localhost:3251@Bat,true
1784894048079,brice,Fight,http://localhost:3251@bear,true
1784894048369,Bat,Explore,null,false
1784894048534,Bee,Explore,null,false
1784894048652,Ant,Explore,null,true
1784894049032,alice,Explore,null,false
1784894049698,alice,Walk,http://localhost:3251@Bat,true
1784894049698,Bat,Walk,http://localhost:3251@bear,false
1784894049699,brice,Explore,null,false
1784894050004,Ant,Play,http://localhost:3251@bear,true
1784894050004,bear,Play,http://localhost:3251@Ant,true
1784894050416,bear,Talk,http://localhost:3251@Bee,true
1784894050417,Bee,Talk,http://localhost:3251@alice,false
1784894051327,Ant,Dance,http://localhost:3251@Bee,false
1784894051327,brice,Dance,http://localhost:3251@Ant,true
1784894051724,alice,Play,http://localhost:3251@Bee,true
1784894051725,Bee,Play,http://localhost:3251@bear,false
1784894052148,Ant,Talk,http://localhost:3251@bear,false
1784894052148,bear,Talk,http://localhost:3251@brice,true
1784894052664,Bat,Walk,http://localhost:3251@brice,false
1784894052667,brice,Walk,http://localhost:3251@bear,true
1784894052836,bear,Talk,http://localhost:3251@Bee,true
1784894052836,Bee,Talk,http://localhost:3251@alice,true
1784894053424,alice,Talk,http://localhost:3251@Bee,true
1784894053425,Bee,Talk,http://localhost:3251@alice,true
1784894053487,Ant,Dance,http://localhost:3251@Bee,true
1784894053488,bear,Dance,http://localhost:3251@Ant,true
1784894054224,Bat,Explore,null,false
1784894054621,alice,Play,http://localhost:3251@brice,true
1784894054621,brice,Play,http://localhost:3251@Bat,true
1784894055003,bear,Explore,null,true
1784894055055,Bee,Explore,null,true
1784894055559,bear,Fight,http://localhost:3251@brice,true
1784894055560,brice,Fight,http://localhost:3251@bear,true
1784894056018,alice,Talk,http://localhost:3251@Bee,true
1784894056018,Bee,Talk,http://localhost:3251@alice,true
1784894056573,Ant,Play,http://localhost:3251@bear,true
1784894056574,brice,Play,http://localhost:3251@Ant,true
1784894056974,alice,Fight,http://localhost:3251@brice,true
1784894056975,Ant,Fight,http://localhost:3251@alice,false
1784894057087,Bat,Talk,http://localhost:3251@brice,true
1784894057087,brice,Talk,http://localhost:3251@Bat,true
1784894057137,bear,Explore,null,false
1784894057531,Bee,Explore,null,false
1784894058225,Ant,Sing,http://localhost:3251@Bee,true
1784894058225,brice,Sing,http://localhost:3251@Ant,true
1784894058581,alice,Explore,null,false
1784894058995,Bat,Play,http://localhost:3251@Bee,false
1784894058996,brice,Play,http://localhost:3251@Bat,true
1784894059765,Bee,Explore,null,true
1784894059828,Ant,Explore,null,false
1784894059891,alice,Play,http://localhost:3251@bear,true
1784894059891,brice,Play,http://localhost:3251@alice,false
1784894060690,Ant,Fight,http://localhost:3251@bear,true
1784894060690,bear,Fight,http://localhost:3251@Bat,true
1784894061334,Bat,Explore,null,false
1784894061335,Bee,Explore,null,false
1784894061779,alice,Walk,http://localhost:3251@brice,true
1784894061779,Ant,Dance,http://localhost:3251@brice,true
1784894061780,bear,Walk,http://localhost:3251@alice,true
1784894061780,brice,Dance,http://localhost:3251@bear,true
1784894062636,alice,Play,http://localhost:3251@Bee,true
1784894062637,Bee,Play,http://localhost:3251@bear,true
1784894062925,Bat,Explore,null,false
1784894063531,bear,Talk,http://localhost:3251@brice,true
1784894063533,Bee,Talk,http://localhost:3251@bear,true
1784894064053,brice,Explore,null,false
1784894064546,Bat,Talk,http://localhost:3251@Bee,true
1784894064546,Bee,Talk,http://localhost:3251@alice,true
1784894064596,alice,Play,http://localhost:3251@bear,true
1784894064597,Ant,Play,http://localhost:3251@alice,true
1784894064825,bear,Dance,http://localhost:3251@brice,true
1784894064826,brice,Dance,http://localhost:3251@bear,true
1784894065703,alice,Exercise,http://localhost:3251@Bee,true
1784894065704,Bee,Exercise,http://localhost:3251@brice,false
1784894065807,Ant,Dance,http://localhost:3251@Bat,true
1784894065808,Bat,Dance,http://localhost:3251@Bee,true
1784894066415,bear,Explore,null,false
1784894066415,brice,Explore,null,false
1784894067237,Bee,Explore,null,false
1784894067458,alice,Exercise,http://localhost:3251@brice,true
1784894067459,Bat,Exercise,http://localhost:3251@alice,false
1784894067981,Ant,Explore,null,true
1784894068269,alice,Dance,http://localhost:3251@brice,true
1784894068271,brice,Dance,http://localhost:3251@bear,true
1784894069045,Bat,Sing,http://localhost:3251@bear,false
1784894069045,bear,Sing,http://localhost:3251@Bee,true
1784894069158,alice,Sing,http://localhost:3251@Bee,true
1784894069159,Bee,Sing,http://localhost:3251@brice,false
1784894069270,Ant,Walk,http://localhost:3251@alice,false
1784894069271,brice,Walk,http://localhost:3251@Ant,false
1784894070174,alice,Exercise,http://localhost:3251@bear,true
1784894070174,bear,Exercise,http://localhost:3251@Ant,true
1784894070290,Ant,Sing,http://localhost:3251@Bat,true
1784894070290,Bat,Sing,http://localhost:3251@brice,false
1784894070873,alice,Fight,http://localhost:3251@Bee,true
1784894070874,Bee,Fight,http://localhost:3251@Bat,false
1784894071555,alice,Sing,http://localhost:3251@Bat,true
1784894071555,Ant,Play,http://localhost:3251@bear,true
1784894071555,Bat,Sing,http://localhost:3251@brice,true
1784894071556,bear,Play,http://localhost:3251@Ant,true
1784894072609,bear,Dance,http://localhost:3251@brice,true
1784894072610,brice,Dance,http://localhost:3251@bear,true
1784894073069,Bee,Explore,null,true
1784894073504,Ant,Dance,http://localhost:3251@Bee,true
1784894073505,bear,Dance,http://localhost:3251@Ant,true
1784894074394,alice,Walk,http://localhost:3251@Bee,true
1784894074394,Bee,Walk,http://localhost:3251@Ant,false
1784894074868,brice,Explore,null,true
1784894075246,Bat,Talk,http://localhost:3251@brice,true
1784894075247,brice,Talk,http://localhost:3251@Bat,true
1784894076009,Bee,Explore,null,false
1784894076291,alice,Exercise,http://localhost:3251@brice,true
1784894076292,bear,Exercise,http://localhost:3251@alice,false
1784894076356,Bat,Fight,http://localhost:3251@Ant,true
1784894076356,brice,Fight,http://localhost:3251@Bat,true
1784894077083,Ant,Explore,null,false
1784894077603,Bee,Explore,null,true
1784894078248,alice,Sing,http://localhost:3251@bear,true
1784894078249,brice,Sing,http://localhost:3251@alice,false
1784894078300,Ant,Play,http://localhost:3251@Bat,true
1784894078300,Bat,Play,http://localhost:3251@Bee,true
1784894078985,alice,Dance,http://localhost:3251@bear,true
1784894078986,bear,Dance,http://localhost:3251@brice,true
1784894079162,Bee,Explore,null,true
1784894079603,Ant,Sing,http://localhost:3251@Bat,false
1784894079603,Bat,Sing,http://localhost:3251@brice,true
1784894079824,brice,Explore,null,true
1784894080243,alice,Sing,http://localhost:3251@bear,true
1784894080245,Bat,Sing,http://localhost:3251@alice,true
1784894080552,bear,Explore,null,true
1784894081149,alice,Dance,http://localhost:3251@brice,false
1784894081150,brice,Dance,http://localhost:3251@bear,true
1784894081387,Bee,Explore,null,false
1784894081846,bear,Walk,http://localhost:3251@brice,true
1784894081847,brice,Walk,http://localhost:3251@bear,true
1784894082868,Ant,Sing,http://localhost:3251@Bee,true
1784894082869,bear,Sing,http://localhost:3251@Ant,true
1784894082989,alice,Exercise,http://localhost:3251@brice,true
1784894082989,brice,Exercise,http://localhost:3251@alice,true
1784894083875,alice,Fight,http://localhost:3251@bear,true
1784894083876,Ant,Fight,http://localhost:3251@alice,false
1784894083877,bear,Fight,http://localhost:3251@Bat,true
1784894083877,brice,Fight,http://localhost:3251@Ant,true
1784894084214,Bee,Explore,null,false
1784894084602,Bat,Talk,http://localhost:3251@brice,true
1784894084603,brice,Talk,http://localhost:3251@Bat,true
1784894085458,bear,Walk,http://localhost:3251@Bee,true
1784894085458,Bee,Walk,http://localhost:3251@Ant,false
1784894085636,alice,Talk,http://localhost:3251@brice,true
1784894085637,brice,Talk,http://localhost:3251@Bee,true
1784894085870,Ant,Sing,http://localhost:3251@Bat,true
1784894085871,Bat,Sing,http://localhost:3251@brice,false
1784894086691,alice,Sing,http://localhost:3251@Bee,true
1784894086692,Bee,Sing,http://localhost:3251@brice,false
1784894087086,Bat,Play,http://localhost:3251@Bee,true
1784894087087,brice,Play,http://localhost:3251@Bat,true
1784894087424,Ant,Fight,http://localhost:3251@alice,false
1784894087425,brice,Fight,http://localhost:3251@Ant,true
1784894087480,alice,Dance,http://localhost:3251@bear,true
1784894087481,bear,Dance,http://localhost:3251@brice,true
1784894088635,Ant,Exercise,http://localhost:3251@bear,false
1784894088636,Bat,Explore,null,false
1784894088636,bear,Exercise,http://localhost:3251@Ant,false
1784894088860,Bee,Explore,null,true
1784894089389,alice,Play,http://localhost:3251@bear,true
1784894089389,Bat,Play,http://localhost:3251@alice,true
1784894089620,brice,Explore,null,true
1784894090135,alice,Walk,http://localhost:3251@Bee,true
1784894090136,Bee,Walk,http://localhost:3251@Ant,false
1784894090590,bear,Fight,http://localhost:3251@brice,true
1784894090590,brice,Fight,http://localhost:3251@bear,true
1784894090924,Ant,Fight,http://localhost:3251@alice,false
1784894090925,Bat,Explore,null,false
1784894090925,bear,Fight,http://localhost:3251@Ant,true
1784894091954,alice,Exercise,http://localhost:3251@brice,true
1784894091954,bear,Exercise,http://localhost:3251@alice,true
1784894092193,brice,Explore,null,true
1784894092430,Bat,Talk,http://localhost:3251@Bee,true
1784894092431,Bee,Talk,http://localhost:3251@alice,true
1784894092619,Ant,Talk,http://localhost:3251@Bat,true
1784894092619,bear,Talk,http://localhost:3251@Ant,true
1784894093552,alice,Dance,http://localhost:3251@brice,true
1784894093554,brice,Dance,http://localhost:3251@bear,true
1784894094180,bear,Talk,http://localhost:3251@Bee,true
1784894094183,Bee,Talk,http://localhost:3251@alice,true
1784894094491,Bat,Walk,http://localhost:3251@bear,false
1784894094491,brice,Walk,http://localhost:3251@Bat,true
1784894095319,alice,Dance,http://localhost:3251@Ant,true
1784894095319,Ant,Dance,http://localhost:3251@Bee,true
1784894095794,Bee,Explore,null,true
1784894096122,Bat,Explore,null,false
1784894096356,bear,Exercise,http://localhost:3251@brice,true
1784894096357,brice,Exercise,http://localhost:3251@alice,true
1784894097051,Ant,Fight,http://localhost:3251@alice,false
1784894097052,bear,Fight,http://localhost:3251@Ant,true
1784894097180,alice,Play,http://localhost:3251@Bee,true
1784894097181,Bat,Fight,http://localhost:3251@Ant,false
1784894097182,Bee,Play,http://localhost:3251@bear,false
1784894097182,brice,Fight,http://localhost:3251@Bat,true
1784894098053,alice,Talk,http://localhost:3251@bear,true
1784894098054,Ant,Fight,http://localhost:3251@alice,false
1784894098055,bear,Talk,http://localhost:3251@brice,true
1784894098055,brice,Fight,http://localhost:3251@Ant,true
1784894099403,bear,Walk,http://localhost:3251@brice,true
1784894099404,brice,Walk,http://localhost:3251@bear,true
1784894099466,Bee,Explore,null,true
1784894099782,alice,Sing,http://localhost:3251@Bat,true
1784894099782,Bat,Sing,http://localhost:3251@brice,false
1784894100517,Bat,Talk,http://localhost:3251@Bee,true
1784894100518,Bee,Talk,http://localhost:3251@alice,true
1784894101005,Ant,Explore,null,false
1784894101426,Bat,Sing,http://localhost:3251@bear,false
1784894101427,bear,Sing,http://localhost:3251@Bee,true
1784894101477,alice,Walk,http://localhost:3251@brice,true
1784894101478,brice,Walk,http://localhost:3251@bear,true
1784894102041,Ant,Talk,http://localhost:3251@Bat,false
1784894102044,brice,Talk,http://localhost:3251@Ant,true
1784894102166,Bee,Explore,null,true
1784894102466,alice,Talk,http://localhost:3251@bear,true
1784894102467,bear,Talk,http://localhost:3251@brice,true
1784894103160,alice,Talk,http://localhost:3251@Bat,true
1784894103160,Bat,Talk,http://localhost:3251@brice,true
1784894103753,Ant,Talk,http://localhost:3251@Bat,false
1784894103755,brice,Talk,http://localhost:3251@Ant,true
1784894104113,bear,Explore,null,true
1784894104456,alice,Sing,http://localhost:3251@bear,true
1784894104457,brice,Sing,http://localhost:3251@alice,true
1784894104509,Bee,Explore,null,true
1784894104792,alice,Fight,http://localhost:3251@Bat,true
1784894104793,Bat,Fight,http://localhost:3251@Ant,false
1784894105302,Ant,Explore,null,false
1784894105641,alice,Exercise,http://localhost:3251@Bee,true
1784894105641,bear,Explore,null,true
1784894105642,Bee,Exercise,http://localhost:3251@brice,false
1784894106299,Ant,Talk,http://localhost:3251@Bat,false
1784894106300,Bat,Explore,null,false
1784894106300,bear,Talk,http://localhost:3251@Ant,true
1784894106922,alice,Sing,http://localhost:3251@brice,true
1784894106924,brice,Sing,http://localhost:3251@alice,true
1784894107455,alice,Exercise,http://localhost:3251@bear,true
1784894107455,bear,Exercise,http://localhost:3251@Ant,true
1784894107564,Ant,Dance,http://localhost:3251@Bee,true
1784894107565,brice,Dance,http://localhost:3251@Ant,true
1784894107795,Bee,Explore,null,true
1784894108796,Ant,Play,http://localhost:3251@bear,true
1784894108796,bear,Play,http://localhost:3251@Ant,true
1784894108962,alice,Explore,null,false
1784894109311,Bee,Explore,null,true
1784894109543,Bat,Dance,http://localhost:3251@Bee,true
1784894109544,brice,Dance,http://localhost:3251@Bat,true
1784894110230,alice,Sing,http://localhost:3251@bear,true
1784894110230,Bee,Sing,http://localhost:3251@alice,false
1784894110979,Ant,Explore,null,false
1784894111083,bear,Explore,null,true
1784894112014,alice,Play,http://localhost:3251@Bat,true
1784894112015,Bat,Play,http://localhost:3251@Bee,true
1784894112230,Ant,Play,http://localhost:3251@bear,true
1784894112230,brice,Play,http://localhost:3251@Ant,true
1784894112335,Bee,Explore,null,true
1784894112568,bear,Explore,null,true
1784894113583,alice,Fight,http://localhost:3251@brice,true
1784894113584,Ant,Fight,http://localhost:3251@alice,false
1784894113885,Bee,Explore,null,true
1784894114234,Bat,Talk,http://localhost:3251@brice,true
1784894114234,brice,Talk,http://localhost:3251@Bat,true
1784894114450,alice,Sing,http://localhost:3251@bear,true
1784894114450,bear,Sing,http://localhost:3251@Bee,true
1784894115100,alice,Play,http://localhost:3251@Bee,true
1784894115100,Bee,Play,http://localhost:3251@bear,false
1784894115722,brice,Explore,null,true
1784894115939,bear,Explore,null,true
1784894116057,alice,Play,http://localhost:3251@Ant,true
1784894116058,Ant,Play,http://localhost:3251@bear,true
1784894116624,Bee,Explore,null,true
1784894116779,alice,Play,http://localhost:3251@Bat,true
1784894116780,Bat,Play,http://localhost:3251@Bee,true
1784894116957,Ant,Walk,http://localhost:3251@brice,true
1784894116958,brice,Walk,http://localhost:3251@bear,true
1784894117851,Bat,Walk,http://localhost:3251@bear,true
1784894117851,bear,Walk,http://localhost:3251@brice,true
1784894117912,alice,Sing,http://localhost:3251@Bee,true
1784894117913,Bee,Sing,http://localhost:3251@brice,false
1784894118852,Ant,Walk,http://localhost:3251@alice,false
1784894118853,bear,Walk,http://localhost:3251@Ant,true
1784894119193,alice,Dance,http://localhost:3251@bear,true
1784894119195,Bat,Dance,http://localhost:3251@alice,false
1784894119885,Bee,Play,http://localhost:3251@bear,false
1784894119886,brice,Play,http://localhost:3251@Bee,true
1784894120235,Ant,Talk,http://localhost:3251@Bat,false
1784894120236,Bat,Talk,http://localhost:3251@brice,true
1784894120535,alice,Sing,http://localhost:3251@bear,true
1784894120536,brice,Sing,http://localhost:3251@alice,true
1784894121173,alice,Sing,http://localhost:3251@Bee,true
1784894121174,Bee,Sing,http://localhost:3251@brice,false
1784894121227,Bat,Talk,http://localhost:3251@brice,true
1784894121227,brice,Talk,http://localhost:3251@Bat,true
1784894121745,bear,Explore,null,false
1784894122130,alice,Talk,http://localhost:3251@Bee,true
1784894122131,brice,Talk,http://localhost:3251@alice,false
1784894122705,Bee,Explore,null,false
1784894123113,alice,Play,http://localhost:3251@Bat,true
1784894123114,Bat,Play,http://localhost:3251@Bee,true
1784894123279,bear,Exercise,http://localhost:3251@brice,true
1784894123279,brice,Exercise,http://localhost:3251@alice,true
1784894123716,alice,Talk,http://localhost:3251@Bee,true
1784894123717,Bee,Talk,http://localhost:3251@alice,true
1784894124144,Bat,Talk,http://localhost:3251@brice,true
1784894124145,brice,Talk,http://localhost:3251@Bat,false
1784894124615,Ant,Dance,http://localhost:3251@bear,true
1784894124615,bear,Dance,http://localhost:3251@brice,true
1784894124738,alice,Fight,http://localhost:3251@brice,true
1784894124739,Bat,Fight,http://localhost:3251@alice,false
1784894125318,Bee,Explore,null,true
1784894125890,alice,Dance,http://localhost:3251@Ant,true
1784894125891,Ant,Dance,http://localhost:3251@Bee,true
1784894126005,Bat,Walk,http://localhost:3251@bear,false
1784894126006,brice,Walk,http://localhost:3251@Bat,true
1784894126283,alice,Talk,http://localhost:3251@Bee,true
1784894126283,Bee,Talk,http://localhost:3251@alice,true
1784894126562,Ant,Walk,http://localhost:3251@bear,false
1784894126562,bear,Walk,http://localhost:3251@brice,true
1784894127236,alice,Fight,http://localhost:3251@brice,true
1784894127237,Ant,Sing,http://localhost:3251@Bat,false
1784894127237,Bat,Sing,http://localhost:3251@brice,true
1784894127238,bear,Fight,http://localhost:3251@Bee,true
1784894127238,Bee,Fight,http://localhost:3251@Bat,false
1784894127238,brice,Fight,http://localhost:3251@alice,true
1784894128584,alice,Dance,http://localhost:3251@Bat,true
1784894128584,Bat,Dance,http://localhost:3251@Bee,true
1784894128826,bear,Explore,null,true
1784894128940,alice,Fight,http://localhost:3251@Bee,true
1784894128940,Bat,Fight,http://localhost:3251@brice,true
1784894128941,Bee,Fight,http://localhost:3251@Bat,true
1784894128941,brice,Fight,http://localhost:3251@bear,true
1784894129962,Ant,Talk,http://localhost:3251@Bee,false
1784894129962,Bee,Talk,http://localhost:3251@alice,true
1784894130137,alice,Walk,http://localhost:3251@bear,true
1784894130137,bear,Walk,http://localhost:3251@brice,false
1784894130891,bear,Play,http://localhost:3251@brice,true
1784894130891,brice,Play,http://localhost:3251@Bat,false
1784894131502,Bee,Explore,null,true
1784894131846,Ant,Play,http://localhost:3251@bear,true
1784894131847,brice,Play,http://localhost:3251@Ant,false
1784894131895,alice,Exercise,http://localhost:3251@brice,true
1784894131896,bear,Exercise,http://localhost:3251@alice,false
1784894132757,Bat,Sing,http://localhost:3251@brice,false
1784894132758,brice,Sing,http://localhost:3251@Bat,true
1784894133049,Bee,Explore,null,false
1784894133103,Ant,Walk,http://localhost:3251@alice,false
1784894133104,bear,Walk,http://localhost:3251@Ant,false
1784894133803,alice,Play,http://localhost:3251@bear,true
1784894133803,bear,Play,http://localhost:3251@alice,true
1784894134075,Ant,Sing,http://localhost:3251@brice,true
1784894134076,brice,Sing,http://localhost:3251@alice,true
1784894134626,Bee,Explore,null,true
1784894135120,alice,Dance,http://localhost:3251@bear,true
1784894135120,Bat,Dance,http://localhost:3251@alice,true
1784894135121,bear,Talk,http://localhost:3251@brice,true
1784894135121,brice,Talk,http://localhost:3251@Bee,true
1784894135707,Ant,Explore,null,false
1784894136241,Bee,Explore,null,true
1784894136424,Ant,Dance,http://localhost:3251@bear,true
1784894136425,bear,Dance,http://localhost:3251@brice,false
1784894136727,Bat,Explore,null,true
1784894137106,alice,Sing,http://localhost:3251@bear,true
1784894137107,Ant,Sing,http://localhost:3251@alice,true
1784894137663,Bat,Exercise,http://localhost:3251@brice,false
1784894137663,brice,Exercise,http://localhost:3251@alice,true
1784894137969,Bee,Explore,null,true
1784894138443,alice,Walk,http://localhost:3251@brice,true
1784894138444,brice,Walk,http://localhost:3251@alice,true
1784894138986,alice,Talk,http://localhost:3251@Bee,true
1784894138987,Bee,Talk,http://localhost:3251@alice,true
1784894139448,Bee,Talk,http://localhost:3251@brice,false
1784894139448,brice,Talk,http://localhost:3251@Bee,true
1784894140235,Bat,Play,http://localhost:3251@Bee,true
1784894140235,brice,Play,http://localhost:3251@Bat,true
1784894140337,alice,Play,http://localhost:3251@Ant,true
1784894140337,Ant,Play,http://localhost:3251@bear,false
1784894141010,bear,Sing,http://localhost:3251@Bee,true
1784894141011,Bee,Explore,null,true
1784894141011,brice,Sing,http://localhost:3251@bear,true
1784894141815,alice,Talk,http://localhost:3251@Bat,true
1784894141816,Bat,Talk,http://localhost:3251@brice,true
1784894142193,Ant,Dance,http://localhost:3251@Bee,true
1784894142193,brice,Dance,http://localhost:3251@Ant,true
1784894142617,Bee,Talk,http://localhost:3251@alice,true
1784894142617,brice,Talk,http://localhost:3251@Bee,true
1784894142913,Ant,Walk,http://localhost:3251@bear,false
1784894142914,bear,Walk,http://localhost:3251@brice,true
1784894143749,alice,Walk,http://localhost:3251@brice,true
1784894143752,bear,Walk,http://localhost:3251@alice,true
1784894144097,Bat,Fight,http://localhost:3251@Ant,false
1784894144098,brice,Fight,http://localhost:3251@Bat,true
1784894144284,Bee,Explore,null,true
1784894144808,Ant,Talk,http://localhost:3251@bear,false
1784894144809,bear,Talk,http://localhost:3251@brice,true
1784894145837,alice,Play,http://localhost:3251@bear,true
1784894145838,brice,Play,http://localhost:3251@alice,true
1784894145891,Bee,Explore,null,true
1784894146366,Bat,Talk,http://localhost:3251@brice,true
1784894146367,bear,Talk,http://localhost:3251@Bat,true
1784894147254,alice,Sing,http://localhost:3251@Bee,true
1784894147254,Bee,Sing,http://localhost:3251@brice,false
1784894147372,Bat,Talk,http://localhost:3251@brice,true
1784894147373,brice,Talk,http://localhost:3251@Bat,true
1784894148034,Ant,Play,http://localhost:3251@bear,true
1784894148035,brice,Play,http://localhost:3251@Ant,true
1784894148448,alice,Dance,http://localhost:3251@bear,true
1784894148449,bear,Dance,http://localhost:3251@brice,true
1784894148669,Bat,Sing,http://localhost:3251@brice,true
1784894148670,brice,Sing,http://localhost:3251@Bat,true
1784894149094,alice,Exercise,http://localhost:3251@Bee,true
1784894149095,Bee,Exercise,http://localhost:3251@brice,false
1784894149752,Ant,Dance,http://localhost:3251@bear,false
1784894149753,bear,Dance,http://localhost:3251@brice,true
1784894150093,bear,Talk,http://localhost:3251@Bee,false
1784894150093,Bee,Talk,http://localhost:3251@alice,true
1784894150399,alice,Play,http://localhost:3251@bear,true
1784894150402,Bat,Play,http://localhost:3251@alice,true
1784894150979,bear,Fight,http://localhost:3251@brice,true
1784894150979,brice,Fight,http://localhost:3251@bear,true
1784894151315,alice,Exercise,http://localhost:3251@Bee,true
1784894151316,Bee,Exercise,http://localhost:3251@brice,false
1784894151652,Ant,Dance,http://localhost:3251@Bee,true
1784894151654,brice,Dance,http://localhost:3251@Ant,true
1784894152519,bear,Explore,null,false
1784894152576,Bat,Explore,null,false
1784894152689,alice,Sing,http://localhost:3251@bear,true
1784894152689,brice,Sing,http://localhost:3251@alice,true
1784894152857,Bee,Explore,null,true
1784894153804,alice,Dance,http://localhost:3251@bear,true
1784894153804,bear,Dance,http://localhost:3251@brice,true
1784894153870,Bat,Dance,http://localhost:3251@Bee,false
1784894153871,brice,Dance,http://localhost:3251@Bat,true
1784894154816,alice,Walk,http://localhost:3251@Bee,true
1784894154816,Bee,Walk,http://localhost:3251@Ant,false
1784894154944,Ant,Talk,http://localhost:3251@brice,true
1784894154944,brice,Talk,http://localhost:3251@Bee,true
1784894155133,Bat,Play,http://localhost:3251@bear,true
1784894155133,bear,Play,http://localhost:3251@alice,true
1784894156104,Bat,Exercise,http://localhost:3251@Bee,true
1784894156104,Bee,Exercise,http://localhost:3251@brice,false
1784894156160,Ant,Talk,http://localhost:3251@bear,true
1784894156160,bear,Talk,http://localhost:3251@brice,true
1784894156543,brice,Explore,null,true
1784894156786,alice,Sing,http://localhost:3251@bear,true
1784894156786,Bat,Sing,http://localhost:3251@alice,true
1784894157077,Bee,Talk,http://localhost:3251@alice,true
1784894157078,brice,Talk,http://localhost:3251@Bee,true
1784894157709,bear,Explore,null,false
1784894157773,Bat,Fight,http://localhost:3251@Ant,false
1784894157774,brice,Fight,http://localhost:3251@Bat,true
1784894158075,alice,Fight,http://localhost:3251@Bee,true
1784894158076,Bee,Fight,http://localhost:3251@Bat,true
1784894158704,Ant,Dance,http://localhost:3251@Bee,true
1784894158706,brice,Dance,http://localhost:3251@Ant,true
1784894159336,Ant,Talk,http://localhost:3251@bear,true
1784894159336,bear,Talk,http://localhost:3251@brice,true
1784894159670,alice,Talk,http://localhost:3251@Bee,true
1784894159671,bear,Talk,http://localhost:3251@alice,true
1784894160080,Ant,Talk,http://localhost:3251@Bat,false
1784894160081,Bat,Talk,http://localhost:3251@brice,true
1784894160333,Bee,Explore,null,true
1784894161047,alice,Dance,http://localhost:3251@bear,true
1784894161048,Bee,Dance,http://localhost:3251@alice,true
1784894161285,Ant,Sing,http://localhost:3251@brice,true
1784894161285,bear,Explore,null,true
1784894161286,brice,Sing,http://localhost:3251@alice,true
1784894162175,Bee,Talk,http://localhost:3251@alice,true
1784894162176,brice,Talk,http://localhost:3251@Bee,true
1784894162337,alice,Sing,http://localhost:3251@bear,true
1784894162337,bear,Sing,http://localhost:3251@alice,true
1784894163015,Bat,Talk,http://localhost:3251@brice,true
1784894163016,brice,Talk,http://localhost:3251@Bat,true
1784894163426,alice,Dance,http://localhost:3251@Bee,false
1784894163427,Bee,Dance,http://localhost:3251@bear,false
1784894163905,bear,Explore,null,true
1784894164596,brice,Explore,null,true
1784894164702,Bat,Talk,http://localhost:3251@brice,true
1784894164703,bear,Talk,http://localhost:3251@Bat,true
1784894164759,Ant,Explore,null,true
1784894165324,alice,Dance,http://localhost:3251@bear,true
1784894165325,Bat,Dance,http://localhost:3251@alice,true
1784894165587,Ant,Talk,http://localhost:3251@brice,false
1784894165587,brice,Talk,http://localhost:3251@Bee,true
1784894165713,Bee,Explore,null,true
1784894166681,Bat,Play,http://localhost:3251@bear,true
1784894166682,bear,Play,http://localhost:3251@alice,true
1784894166976,alice,Explore,null,false
1784894167315,Bee,Explore,null,true
1784894167926,Bat,Sing,http://localhost:3251@brice,true
1784894167926,brice,Sing,http://localhost:3251@Bat,true
1784894168225,bear,Explore,null,false
1784894168285,alice,Talk,http://localhost:3251@Bee,true
1784894168285,Bee,Talk,http://localhost:3251@alice,true
1784894168456,Ant,Explore,null,false
1784894168897,alice,Fight,http://localhost:3251@Bat,true
1784894168898,Bat,Fight,http://localhost:3251@Ant,false
1784894169411,alice,Exercise,http://localhost:3251@Bee,true
1784894169412,Bee,Exercise,http://localhost:3251@brice,false
1784894170230,Ant,Fight,http://localhost:3251@brice,true
1784894170230,brice,Fight,http://localhost:3251@bear,false
1784894170409,bear,Explore,null,true
1784894170993,alice,Explore,null,false
1784894170995,Bee,Explore,null,false
1784894171173,Bat,Talk,http://localhost:3251@brice,true
1784894171173,brice,Talk,http://localhost:3251@Bat,true
1784894172175,alice,Dance,http://localhost:3251@Ant,false
1784894172177,Ant,Dance,http://localhost:3251@Bee,true
1784894172579,alice,Fight,http://localhost:3251@Bee,true
1784894172579,Bee,Fight,http://localhost:3251@Bat,true
1784894172630,bear,Explore,null,false
1784894172736,Bat,Explore,null,false
1784894173437,Ant,Play,http://localhost:3251@bear,true
1784894173438,bear,Play,http://localhost:3251@Ant,true
1784894173551,alice,Talk,http://localhost:3251@Bee,true
1784894173552,brice,Talk,http://localhost:3251@alice,true
1784894174136,Bee,Explore,null,false
1784894174703,alice,Sing,http://localhost:3251@Ant,true
1784894174704,Ant,Sing,http://localhost:3251@Bee,true
1784894174993,bear,Explore,null,false
1784894175356,Bat,Dance,http://localhost:3251@Bee,true
1784894175356,brice,Dance,http://localhost:3251@Bat,true
1784894175705,alice,Talk,http://localhost:3251@Bee,true
1784894175706,bear,Talk,http://localhost:3251@alice,true
1784894175706,Bee,Explore,null,true
1784894177162,alice,Explore,null,false
1784894177218,Bee,Explore,null,true
1784894177446,Ant,Explore,null,false
1784894177548,Bee,Fight,http://localhost:3251@brice,true
1784894177548,brice,Fight,http://localhost:3251@bear,true
1784894177914,bear,Explore,null,true
1784894178383,alice,Walk,http://localhost:3251@brice,true
1784894178384,brice,Walk,http://localhost:3251@alice,true
1784894178746,Bat,Talk,http://localhost:3251@brice,true
1784894178747,brice,Talk,http://localhost:3251@Bat,true
1784894179369,Bat,Exercise,http://localhost:3251@Bee,false
1784894179370,Bee,Exercise,http://localhost:3251@brice,false
1784894179952,Ant,Sing,http://localhost:3251@Bee,true
1784894179953,bear,Sing,http://localhost:3251@Ant,false
1784894180668,alice,Fight,http://localhost:3251@brice,true
1784894180668,bear,Fight,http://localhost:3251@alice,true
1784894180948,Bee,Explore,null,true
1784894181590,brice,Explore,null,true
1784894181816,Ant,Dance,http://localhost:3251@Bee,true
1784894181817,bear,Dance,http://localhost:3251@Ant,true
1784894182108,alice,Exercise,http://localhost:3251@Bee,true
1784894182108,Bee,Exercise,http://localhost:3251@brice,false
1784894182771,alice,Exercise,http://localhost:3251@brice,true
1784894182772,brice,Exercise,http://localhost:3251@alice,true
1784894183281,alice,Exercise,http://localhost:3251@Bee,true
1784894183282,Bee,Exercise,http://localhost:3251@brice,false
1784894183744,Ant,Dance,http://localhost:3251@Bee,true
1784894183744,brice,Dance,http://localhost:3251@Ant,true
1784894184592,alice,Play,http://localhost:3251@Bee,true
1784894184592,Bee,Play,http://localhost:3251@bear,false
1784894184715,bear,Explore,null,true
1784894185288,Bat,Sing,http://localhost:3251@brice,true
1784894185289,Bee,Sing,http://localhost:3251@Bat,false
1784894185891,alice,Play,http://localhost:3251@bear,true
1784894185892,brice,Play,http://localhost:3251@alice,true
1784894186003,Ant,Dance,http://localhost:3251@bear,true
1784894186004,bear,Dance,http://localhost:3251@brice,true
1784894186584,Bat,Sing,http://localhost:3251@brice,true
1784894186585,brice,Sing,http://localhost:3251@Bat,true
1784894186870,Bee,Explore,null,true
1784894187147,alice,Sing,http://localhost:3251@bear,true
1784894187148,Ant,Sing,http://localhost:3251@alice,true
1784894187845,bear,Walk,http://localhost:3251@brice,true
1784894187845,brice,Walk,http://localhost:3251@bear,true
1784894187900,alice,Fight,http://localhost:3251@Bee,true
1784894187901,Bee,Fight,http://localhost:3251@Bat,false
1784894188203,Bat,Talk,http://localhost:3251@brice,false
1784894188204,bear,Talk,http://localhost:3251@Bat,true
1784894189137,Bat,Walk,http://localhost:3251@brice,true
1784894189138,brice,Walk,http://localhost:3251@bear,true
1784894189512,Bee,Explore,null,true
1784894190113,alice,Talk,http://localhost:3251@Ant,true
1784894190113,Ant,Talk,http://localhost:3251@Bat,false
1784894190169,bear,Walk,http://localhost:3251@brice,true
1784894190170,brice,Walk,http://localhost:3251@bear,true
1784894190511,Ant,Talk,http://localhost:3251@Bee,false
1784894190512,Bee,Talk,http://localhost:3251@alice,true
1784894191413,alice,Play,http://localhost:3251@bear,true
1784894191414,brice,Play,http://localhost:3251@alice,true
1784894191472,Ant,Play,http://localhost:3251@bear,true
1784894191473,bear,Play,http://localhost:3251@alice,true
1784894192290,Bat,Fight,http://localhost:3251@Ant,false
1784894192290,Bee,Fight,http://localhost:3251@Bat,false
1784894192625,alice,Exercise,http://localhost:3251@bear,true
1784894192626,bear,Exercise,http://localhost:3251@Ant,false
1784894192969,brice,Explore,null,true
1784894193088,Ant,Explore,null,true
1784894193545,alice,Walk,http://localhost:3251@Bat,true
1784894193547,Bat,Walk,http://localhost:3251@bear,true
1784894193857,Bee,Explore,null,false
1784894193963,alice,Talk,http://localhost:3251@brice,true
1784894193963,brice,Talk,http://localhost:3251@Bee,true
1784894194391,Ant,Sing,http://localhost:3251@Bee,true
1784894194391,bear,Sing,http://localhost:3251@Ant,true
1784894194945,Bat,Sing,http://localhost:3251@brice,true
1784894194947,brice,Sing,http://localhost:3251@Bat,true
1784894195774,alice,Walk,http://localhost:3251@bear,true
1784894195775,bear,Walk,http://localhost:3251@brice,true
1784894196114,Bee,Explore,null,true
1784894196296,Bat,Sing,http://localhost:3251@brice,true
1784894196297,brice,Sing,http://localhost:3251@alice,true
1784894196785,bear,Talk,http://localhost:3251@brice,true
1784894196786,brice,Talk,http://localhost:3251@bear,false
1784894197024,alice,Exercise,http://localhost:3251@brice,true
1784894197025,Bat,Exercise,http://localhost:3251@alice,false
1784894197725,Ant,Sing,http://localhost:3251@Bee,true
1784894197725,bear,Sing,http://localhost:3251@Ant,true
1784894197725,Bee,Explore,null,false
1784894198513,Bat,Talk,http://localhost:3251@brice,true
1784894198514,brice,Talk,http://localhost:3251@Bee,true
1784894198563,alice,Explore,null,false
1784894199027,Ant,Dance,http://localhost:3251@bear,true
1784894199028,bear,Dance,http://localhost:3251@brice,true
1784894199302,Bee,Explore,null,false
1784894199466,Ant,Fight,http://localhost:3251@brice,false
1784894199467,brice,Fight,http://localhost:3251@bear,true
1784894199764,alice,Sing,http://localhost:3251@Bat,true
1784894199765,Bat,Sing,http://localhost:3251@brice,true
1784894200302,Ant,Dance,http://localhost:3251@bear,true
1784894200302,bear,Dance,http://localhost:3251@brice,true
1784894200424,alice,Exercise,http://localhost:3251@Bee,true
1784894200425,Bee,Exercise,http://localhost:3251@brice,false
1784894201001,Ant,Sing,http://localhost:3251@Bat,true
1784894201002,Bat,Sing,http://localhost:3251@brice,false
1784894201107,bear,Talk,http://localhost:3251@brice,true
1784894201108,brice,Talk,http://localhost:3251@Bee,true
1784894201393,alice,Fight,http://localhost:3251@brice,true
1784894201394,Bat,Fight,http://localhost:3251@alice,false
1784894202238,Ant,Dance,http://localhost:3251@Bee,true
1784894202239,bear,Dance,http://localhost:3251@Ant,true
1784894202598,Bee,Explore,null,false
1784894203202,alice,Exercise,http://localhost:3251@brice,true
1784894203203,Bee,Exercise,http://localhost:3251@alice,false
1784894203266,brice,Explore,null,true
1784894203893,Bat,Walk,http://localhost:3251@bear,true
1784894203894,bear,Walk,http://localhost:3251@Bat,true
1784894204418,Ant,Explore,null,false
1784894204526,alice,Walk,http://localhost:3251@brice,true
1784894204527,brice,Walk,http://localhost:3251@bear,true
1784894205135,Bee,Sing,http://localhost:3251@brice,false
1784894205135,brice,Sing,http://localhost:3251@Bee,true
1784894205418,bear,Explore,null,true
1784894205481,alice,Talk,http://localhost:3251@Bee,true
1784894205482,Bee,Talk,http://localhost:3251@alice,true
1784894205972,Ant,Explore,null,true
1784894206440,bear,Talk,http://localhost:3251@brice,false
1784894206441,brice,Talk,http://localhost:3251@bear,true
1784894206963,alice,Exercise,http://localhost:3251@Bat,true
1784894206963,Bat,Exercise,http://localhost:3251@Ant,false
1784894207085,Bee,Explore,null,false
1784894207573,Ant,Explore,null,false
1784894207702,Bat,Sing,http://localhost:3251@brice,true
1784894207702,brice,Sing,http://localhost:3251@alice,true
1784894208035,bear,Explore,null,true
1784894208300,alice,Play,http://localhost:3251@bear,true
1784894208301,Bat,Play,http://localhost:3251@alice,true
1784894208641,alice,Fight,http://localhost:3251@Bee,true
1784894208642,Bat,Talk,http://localhost:3251@brice,false
1784894208643,Bee,Fight,http://localhost:3251@Bat,true
1784894208643,brice,Talk,http://localhost:3251@Bee,true
1784894209246,alice,Dance,http://localhost:3251@bear,true
1784894209247,bear,Dance,http://localhost:3251@brice,true
1784894209427,Ant,Sing,http://localhost:3251@Bee,true
1784894209428,Bat,Sing,http://localhost:3251@Ant,false
1784894210854,Bee,Explore,null,false
1784894210964,Ant,Explore,null,false
1784894211771,alice,Walk,http://localhost:3251@brice,true
1784894211772,Bat,Walk,http://localhost:3251@alice,true
1784894211892,Bee,Talk,http://localhost:3251@alice,true
1784894211892,brice,Talk,http://localhost:3251@Bee,true
1784894212229,Ant,Sing,http://localhost:3251@Bee,true
1784894212229,bear,Sing,http://localhost:3251@Ant,true
1784894213064,alice,Sing,http://localhost:3251@bear,true
1784894213065,bear,Sing,http://localhost:3251@alice,true
1784894213494,Ant,Dance,http://localhost:3251@Bee,true
1784894213495,brice,Dance,http://localhost:3251@Ant,true
1784894213780,Bat,Walk,http://localhost:3251@Bee,true
1784894213780,Bee,Walk,http://localhost:3251@Ant,false
1784894214314,Ant,Sing,http://localhost:3251@bear,true
1784894214315,bear,Sing,http://localhost:3251@Bee,true
1784894214992,alice,Sing,http://localhost:3251@bear,true
1784894214993,Ant,Sing,http://localhost:3251@alice,false
1784894215048,brice,Explore,null,false
1784894215326,Bat,Explore,null,true
1784894215403,bear,Talk,http://localhost:3251@brice,true
1784894215404,brice,Talk,http://localhost:3251@bear,true
1784894216190,alice,Exercise,http://localhost:3251@brice,false
1784894216191,bear,Exercise,http://localhost:3251@alice,true
1784894216919,Ant,Sing,http://localhost:3251@Bee,true
1784894216919,brice,Sing,http://localhost:3251@Ant,true
1784894217146,alice,Exercise,http://localhost:3251@Bat,true
1784894217147,Bat,Exercise,http://localhost:3251@Ant,false
1784894217388,Bee,Explore,null,true
1784894218102,Bat,Sing,http://localhost:3251@bear,true
1784894218103,bear,Sing,http://localhost:3251@Bee,true
1784894218174,alice,Fight,http://localhost:3251@brice,true
1784894218175,Bee,Fight,http://localhost:3251@alice,true
1784894219128,Bat,Fight,http://localhost:3251@Ant,false
1784894219129,Bee,Fight,http://localhost:3251@Bat,false
1784894219695,bear,Explore,null,true
1784894219934,alice,Talk,http://localhost:3251@Bee,true
1784894219935,Bee,Talk,http://localhost:3251@alice,true
1784894220173,Bat,Exercise,http://localhost:3251@brice,false
1784894220174,brice,Exercise,http://localhost:3251@alice,true
1784894220692,alice,Exercise,http://localhost:3251@Ant,true
1784894220692,Ant,Exercise,http://localhost:3251@Bat,false
1784894221469,alice,Sing,http://localhost:3251@Bat,true
1784894221470,Bat,Sing,http://localhost:3251@brice,true
1784894221739,brice,Explore,null,true
1784894222205,Bee,Explore,null,true
1784894222647,alice,Exercise,http://localhost:3251@brice,true
1784894222648,brice,Exercise,http://localhost:3251@alice,true
1784894222991,Ant,Dance,http://localhost:3251@bear,true
1784894222992,bear,Dance,http://localhost:3251@brice,false
1784894223458,Bee,Exercise,http://localhost:3251@brice,false
1784894223459,brice,Exercise,http://localhost:3251@Bee,true
1784894224224,alice,Explore,null,false
1784894224335,Ant,Sing,http://localhost:3251@Bee,true
1784894224336,brice,Sing,http://localhost:3251@Ant,true
1784894224424,Bat,Sing,http://localhost:3251@bear,true
1784894224425,bear,Sing,http://localhost:3251@Bee,false
1784894225184,Bee,Explore,null,false
1784894225657,bear,Dance,http://localhost:3251@brice,true
1784894225658,brice,Dance,http://localhost:3251@bear,true
1784894225769,alice,Play,http://localhost:3251@Bat,true
1784894225769,Bat,Play,http://localhost:3251@Bee,true
1784894226280,Ant,Walk,http://localhost:3251@alice,false
1784894226281,Bee,Walk,http://localhost:3251@Ant,false
1784894226822,Ant,Exercise,http://localhost:3251@bear,true
1784894226822,bear,Exercise,http://localhost:3251@Ant,true
1784894227293,bear,Fight,http://localhost:3251@Bee,true
1784894227294,Bee,Fight,http://localhost:3251@Bat,false
1784894227689,alice,Exercise,http://localhost:3251@Bat,true
1784894227690,Bat,Exercise,http://localhost:3251@Ant,false
1784894227990,Ant,Talk,http://localhost:3251@brice,false
1784894227991,brice,Talk,http://localhost:3251@Bee,true
1784894228335,alice,Fight,http://localhost:3251@Bee,true
1784894228337,Bee,Fight,http://localhost:3251@Bat,false
1784894228643,bear,Walk,http://localhost:3251@brice,true
1784894228644,brice,Walk,http://localhost:3251@bear,true
1784894229260,Ant,Play,http://localhost:3251@bear,true
1784894229261,bear,Play,http://localhost:3251@Ant,true
1784894229633,alice,Dance,http://localhost:3251@bear,true
1784894229634,brice,Dance,http://localhost:3251@alice,true
1784894230150,bear,Talk,http://localhost:3251@Bee,true
1784894230151,Bee,Talk,http://localhost:3251@alice,true
1784894230260,alice,Dance,http://localhost:3251@Bat,true
1784894230261,Bat,Dance,http://localhost:3251@Bee,true
1784894230924,Ant,Fight,http://localhost:3251@alice,false
1784894230925,bear,Fight,http://localhost:3251@Ant,true
1784894231155,alice,Talk,http://localhost:3251@Bee,true
1784894231155,Bee,Talk,http://localhost:3251@alice,true
1784894231868,brice,Explore,null,false
1784894232036,Bat,Talk,http://localhost:3251@brice,true
1784894232037,bear,Talk,http://localhost:3251@Bat,true
1784894232830,Ant,Dance,http://localhost:3251@Bee,true
1784894232830,brice,Dance,http://localhost:3251@Ant,true
1784894233179,alice,Exercise,http://localhost:3251@Bat,true
1784894233180,Bat,Exercise,http://localhost:3251@Ant,false
1784894234049,alice,Talk,http://localhost:3251@Bee,true
1784894234049,Ant,Exercise,http://localhost:3251@Bat,true
1784894234049,Bee,Talk,http://localhost:3251@alice,true
1784894234049,brice,Exercise,http://localhost:3251@Ant,true
1784894234221,bear,Explore,null,false
1784894235325,Ant,Play,http://localhost:3251@bear,true
1784894235326,Bat,Play,http://localhost:3251@Ant,true
1784894235755,Bee,Explore,null,false
1784894235991,Bat,Dance,http://localhost:3251@brice,true
1784894235992,brice,Dance,http://localhost:3251@bear,true
1784894236157,Ant,Sing,http://localhost:3251@bear,true
1784894236158,bear,Sing,http://localhost:3251@Bee,true
1784894236636,alice,Sing,http://localhost:3251@bear,true
1784894236637,brice,Sing,http://localhost:3251@alice,true
1784894237251,Bat,Dance,http://localhost:3251@Bee,true
1784894237252,bear,Dance,http://localhost:3251@Bat,true
1784894237301,Bee,Explore,null,true
1784894237488,Ant,Sing,http://localhost:3251@Bee,true
1784894237488,brice,Sing,http://localhost:3251@Ant,true
1784894237778,alice,Exercise,http://localhost:3251@brice,true
1784894237778,bear,Exercise,http://localhost:3251@alice,true
1784894238589,alice,Play,http://localhost:3251@Bee,true
1784894238590,Bee,Play,http://localhost:3251@bear,false
1784894239092,Ant,Talk,http://localhost:3251@Bat,false
1784894239093,Bee,Talk,http://localhost:3251@Ant,false
1784894239146,Bat,Play,http://localhost:3251@Bee,true
1784894239146,brice,Play,http://localhost:3251@Bat,true
1784894239314,bear,Explore,null,false
1784894239868,alice,Sing,http://localhost:3251@bear,true
1784894239869,Bat,Sing,http://localhost:3251@alice,true
1784894240314,Ant,Dance,http://localhost:3251@Bee,true
1784894240315,bear,Dance,http://localhost:3251@Ant,true
1784894240902,bear,Exercise,http://localhost:3251@brice,true
1784894240903,brice,Exercise,http://localhost:3251@alice,true
1784894241245,Bee,Explore,null,false
1784894241421,Bat,Explore,null,true
1784894241806,alice,Dance,http://localhost:3251@bear,true
1784894241807,bear,Dance,http://localhost:3251@alice,true
1784894242525,Ant,Dance,http://localhost:3251@Bee,true
1784894242526,Bat,Fight,http://localhost:3251@brice,true
1784894242526,Bee,Dance,http://localhost:3251@bear,false
1784894242527,brice,Fight,http://localhost:3251@bear,true
1784894243760,alice,Dance,http://localhost:3251@bear,true
1784894243761,Bat,Dance,http://localhost:3251@alice,true
1784894243761,bear,Walk,http://localhost:3251@brice,true
1784894243761,brice,Walk,http://localhost:3251@bear,true
1784894244224,bear,Talk,http://localhost:3251@Bee,true
1784894244224,Bee,Talk,http://localhost:3251@alice,false
1784894245070,Ant,Exercise,http://localhost:3251@Bat,false
1784894245071,brice,Exercise,http://localhost:3251@Ant,false
1784894245422,alice,Exercise,http://localhost:3251@bear,true
1784894245423,Bat,Explore,null,true
1784894245423,bear,Exercise,http://localhost:3251@Ant,true
1784894245925,Bee,Talk,http://localhost:3251@alice,true
1784894245925,brice,Talk,http://localhost:3251@Bee,true
1784894246466,alice,Fight,http://localhost:3251@brice,true
1784894246466,Bee,Fight,http://localhost:3251@alice,true
1784894246770,Bat,Dance,http://localhost:3251@Bee,true
1784894246770,brice,Dance,http://localhost:3251@Bat,true
1784894247052,Ant,Play,http://localhost:3251@bear,true
1784894247052,bear,Play,http://localhost:3251@Ant,true
1784894247459,bear,Talk,http://localhost:3251@Bee,true
1784894247460,Bee,Talk,http://localhost:3251@alice,false
1784894247788,alice,Dance,http://localhost:3251@bear,true
1784894247789,brice,Dance,http://localhost:3251@alice,true
1784894248660,Ant,Dance,http://localhost:3251@Bat,true
1784894248661,Bat,Dance,http://localhost:3251@Bee,true
1784894248710,alice,Dance,http://localhost:3251@Bee,true
1784894248711,Bee,Dance,http://localhost:3251@bear,false
1784894249349,Ant,Walk,http://localhost:3251@bear,false
1784894249349,bear,Walk,http://localhost:3251@brice,true
1784894249350,brice,Explore,null,true
1784894249640,Bat,Fight,http://localhost:3251@Ant,false
1784894249641,Bee,Fight,http://localhost:3251@Bat,false
1784894250268,alice,Explore,null,true
1784894250330,Bat,Talk,http://localhost:3251@brice,true
1784894250330,brice,Talk,http://localhost:3251@Bee,true
1784894250682,Ant,Sing,http://localhost:3251@bear,true
1784894250683,bear,Sing,http://localhost:3251@Bee,true
1784894251192,Bee,Explore,null,false
1784894251541,alice,Play,http://localhost:3251@bear,true
1784894251542,brice,Play,http://localhost:3251@alice,true
1784894251642,Bat,Fight,http://localhost:3251@bear,false
1784894251642,bear,Fight,http://localhost:3251@Bat,false
1784894252409,alice,Play,http://localhost:3251@Bee,true
1784894252410,Bee,Play,http://localhost:3251@bear,false
1784894252526,Ant,Dance,http://localhost:3251@Bee,true
1784894252526,brice,Dance,http://localhost:3251@Ant,true
1784894252947,Bat,Walk,http://localhost:3251@bear,false
1784894252947,bear,Walk,http://localhost:3251@brice,true
1784894253683,alice,Sing,http://localhost:3251@bear,true
1784894253683,Bat,Sing,http://localhost:3251@alice,true
1784894253962,Bee,Explore,null,false
1784894254074,brice,Explore,null,false
1784894254846,bear,Dance,http://localhost:3251@brice,true
1784894254847,brice,Dance,http://localhost:3251@bear,true
1784894254966,alice,Sing,http://localhost:3251@bear,true
1784894254967,Bee,Sing,http://localhost:3251@alice,false
1784894255534,Bat,Dance,http://localhost:3251@Bee,true
1784894255535,bear,Dance,http://localhost:3251@Bat,true
1784894255609,Ant,Exercise,http://localhost:3251@Bat,true
1784894255610,brice,Exercise,http://localhost:3251@Ant,true
1784894255958,alice,Talk,http://localhost:3251@Bee,true
1784894255959,Bat,Talk,http://localhost:3251@Bee,true
1784894255959,bear,Talk,http://localhost:3251@alice,true
1784894255959,Bee,Talk,http://localhost:3251@alice,true
1784894256626,Ant,Fight,http://localhost:3251@alice,false
1784894256627,bear,Fight,http://localhost:3251@Ant,true
1784894257277,alice,Sing,http://localhost:3251@bear,true
1784894257280,Bat,Play,http://localhost:3251@Bee,true
1784894257281,bear,Sing,http://localhost:3251@alice,true
1784894257282,brice,Play,http://localhost:3251@Bat,true
1784894257561,Bee,Explore,null,false
1784894258257,Ant,Fight,http://localhost:3251@alice,false
1784894258257,Bee,Fight,http://localhost:3251@Ant,false
1784894258810,Bat,Explore,null,false
1784894258872,Ant,Talk,http://localhost:3251@bear,false
1784894258872,bear,Talk,http://localhost:3251@brice,true
1784894259154,alice,Exercise,http://localhost:3251@brice,true
1784894259154,brice,Exercise,http://localhost:3251@alice,true
1784894259773,Bat,Talk,http://localhost:3251@brice,true
1784894259774,brice,Talk,http://localhost:3251@Bat,true
1784894260120,alice,Sing,http://localhost:3251@bear,true
1784894260121,bear,Sing,http://localhost:3251@Bee,true
1784894260455,Bee,Explore,null,false
1784894261007,Ant,Explore,null,false
1784894261072,alice,Talk,http://localhost:3251@Bee,true
1784894261072,Bee,Talk,http://localhost:3251@alice,true
1784894261295,brice,Explore,null,false
1784894262101,bear,Dance,http://localhost:3251@brice,true
1784894262102,brice,Dance,http://localhost:3251@bear,true
1784894262897,alice,Walk,http://localhost:3251@Bat,true
1784894262898,Bat,Walk,http://localhost:3251@bear,true
1784894263551,Ant,Walk,http://localhost:3251@alice,false
1784894263552,bear,Walk,http://localhost:3251@Ant,true
1784894263604,alice,Walk,http://localhost:3251@Bee,true
1784894263605,Bee,Walk,http://localhost:3251@Ant,false
1784894263979,Bat,Dance,http://localhost:3251@brice,true
1784894263979,brice,Dance,http://localhost:3251@bear,true
1784894264806,alice,Exercise,http://localhost:3251@Bee,true
1784894264806,Bee,Exercise,http://localhost:3251@brice,false
1784894264857,bear,Play,http://localhost:3251@alice,false
1784894264857,brice,Play,http://localhost:3251@bear,true
1784894265085,Ant,Explore,null,true
1784894266086,Ant,Dance,http://localhost:3251@bear,true
1784894266086,bear,Dance,http://localhost:3251@brice,true
1784894266555,alice,Exercise,http://localhost:3251@brice,true
1784894266555,brice,Exercise,http://localhost:3251@alice,true
1784894267015,Bee,Explore,null,false
1784894267075,bear,Talk,http://localhost:3251@brice,true
1784894267076,brice,Talk,http://localhost:3251@bear,true
1784894267579,alice,Fight,http://localhost:3251@brice,true
1784894267579,Bat,Fight,http://localhost:3251@alice,false
1784894268071,alice,Fight,http://localhost:3251@Bee,true
1784894268071,Bee,Fight,http://localhost:3251@Bat,false
1784894268179,bear,Fight,http://localhost:3251@brice,true
1784894268180,brice,Fight,http://localhost:3251@bear,true
1784894268895,Bat,Walk,http://localhost:3251@bear,true
1784894268895,brice,Walk,http://localhost:3251@Bat,true
1784894269425,alice,Walk,http://localhost:3251@brice,true
1784894269426,bear,Walk,http://localhost:3251@alice,true
1784894269722,Ant,Talk,http://localhost:3251@Bee,true
1784894269724,Bee,Talk,http://localhost:3251@alice,true
1784894269890,Bat,Talk,http://localhost:3251@brice,true
1784894269891,bear,Talk,http://localhost:3251@Bat,true
1784894270766,alice,Dance,http://localhost:3251@bear,true
1784894270766,Bee,Dance,http://localhost:3251@alice,true
1784894270877,Ant,Dance,http://localhost:3251@brice,true
1784894270878,brice,Dance,http://localhost:3251@bear,true
1784894271554,bear,Explore,null,true
1784894271617,alice,Fight,http://localhost:3251@Bat,true
1784894271618,Bat,Fight,http://localhost:3251@Ant,false
1784894272093,Ant,Exercise,http://localhost:3251@Bat,false
1784894272095,bear,Exercise,http://localhost:3251@Ant,true
1784894272398,Bee,Explore,null,true
1784894272873,Ant,Sing,http://localhost:3251@brice,true
1784894272873,brice,Sing,http://localhost:3251@alice,true
1784894273395,alice,Talk,http://localhost:3251@Bee,true
1784894273396,brice,Talk,http://localhost:3251@alice,true
1784894273457,Bat,Play,http://localhost:3251@bear,true
1784894273458,bear,Play,http://localhost:3251@alice,true
1784894274225,Ant,Play,http://localhost:3251@bear,true
1784894274226,brice,Play,http://localhost:3251@Ant,true
1784894274465,Bat,Play,http://localhost:3251@Bee,true
1784894274465,Bee,Play,http://localhost:3251@bear,false
1784894275006,alice,Explore,null,false
1784894275778,alice,Play,http://localhost:3251@Bee,true
1784894275779,bear,Explore,null,true
1784894275780,Bee,Play,http://localhost:3251@bear,false
1784894276127,alice,Fight,http://localhost:3251@Bat,true
1784894276128,Bat,Fight,http://localhost:3251@Ant,false
1784894277073,brice,Explore,null,true
1784894277345,Bat,Dance,http://localhost:3251@Bee,true
1784894277345,bear,Dance,http://localhost:3251@Bat,true
1784894277401,Bee,Explore,null,true
1784894277456,alice,Sing,http://localhost:3251@Ant,true
1784894277456,Ant,Sing,http://localhost:3251@Bee,true
1784894278324,alice,Dance,http://localhost:3251@brice,true
1784894278324,brice,Dance,http://localhost:3251@bear,true
1784894278623,Ant,Dance,http://localhost:3251@bear,true
1784894278624,bear,Dance,http://localhost:3251@brice,true
1784894279278,Bat,Dance,http://localhost:3251@Bee,true
1784894279278,brice,Dance,http://localhost:3251@Bat,true
1784894279339,alice,Play,http://localhost:3251@Bee,true
1784894279340,Bee,Play,http://localhost:3251@bear,false
1784894279934,Ant,Dance,http://localhost:3251@Bee,true
1784894279934,Bat,Dance,http://localhost:3251@Ant,true
1784894280562,alice,Sing,http://localhost:3251@bear,true
1784894280563,Ant,Sing,http://localhost:3251@brice,true
1784894280563,bear,Sing,http://localhost:3251@Bee,false
1784894280563,brice,Sing,http://localhost:3251@alice,true
1784894281640,Ant,Talk,http://localhost:3251@bear,false
1784894281641,bear,Talk,http://localhost:3251@brice,true
1784894281642,Bee,Explore,null,false
1784894281766,alice,Exercise,http://localhost:3251@brice,true
1784894282533,Ant,Play,http://localhost:3251@brice,true
1784894282534,brice,Play,http://localhost:3251@Bat,true
1784894282939,alice,Sing,http://localhost:3251@bear,false
1784894282940,bear,Sing,http://localhost:3251@Bee,true
1784894283258,Bat,Dance,http://localhost:3251@Bee,true
1784894283258,brice,Dance,http://localhost:3251@Bat,true
1784894283444,Bee,Explore,null,false
1784894284568,bear,Explore,null,true
1784894284758,Bat,Dance,http://localhost:3251@Bee,true
1784894284759,Bee,Dance,http://localhost:3251@bear,true
1784894284884,brice,Explore,null,true
1784894285317,alice,Talk,http://localhost:3251@Bee,true
1784894285318,brice,Talk,http://localhost:3251@alice,true
1784894285494,Ant,Explore,null,true
1784894285902,Bat,Play,http://localhost:3251@bear,false
1784894285903,bear,Play,http://localhost:3251@alice,true
1784894286509,bear,Exercise,http://localhost:3251@brice,true
1784894286509,brice,Exercise,http://localhost:3251@alice,true
1784894286623,alice,Play,http://localhost:3251@bear,false
1784894286623,Bat,Play,http://localhost:3251@alice,false
1784894287390,alice,Sing,http://localhost:3251@Bee,false
1784894287390,Bee,Sing,http://localhost:3251@brice,false
1784894287745,Ant,Explore,null,false
1784894288084,brice,Explore,null,true
1784894288190,Bat,Explore,null,true
1784894288190,bear,Explore,null,true
1784894288700,Ant,Talk,http://localhost:3251@Bat,false
1784894288701,brice,Talk,http://localhost:3251@Ant,true
1784894288944,alice,Explore,null,false
1784894289169,Bat,Talk,http://localhost:3251@brice,true
1784894289169,Bee,Talk,http://localhost:3251@Bat,true
1784894289461,bear,Play,http://localhost:3251@alice,true
1784894289461,brice,Play,http://localhost:3251@bear,true
1784894290190,alice,Sing,http://localhost:3251@bear,false
1784894290190,bear,Sing,http://localhost:3251@alice,true
1784894290422,Ant,Dance,http://localhost:3251@Bee,true
1784894290423,Bee,Dance,http://localhost:3251@bear,false
1784894291034,Bat,Dance,http://localhost:3251@Bee,true
1784894291035,brice,Dance,http://localhost:3251@Bat,false
1784894291665,Ant,Play,http://localhost:3251@bear,true
1784894291666,Bat,Dance,http://localhost:3251@Bee,true
1784894291666,bear,Play,http://localhost:3251@Ant,true
1784894291666,Bee,Dance,http://localhost:3251@bear,false
1784894292345,alice,Play,http://localhost:3251@brice,true
1784894292346,brice,Play,http://localhost:3251@Bat,true
1784894292994,Bat,Play,http://localhost:3251@bear,true
1784894292994,bear,Play,http://localhost:3251@alice,true
1784894293913,alice,Explore,null,false
1784894294187,Ant,Sing,http://localhost:3251@Bee,true
1784894294187,bear,Sing,http://localhost:3251@Ant,true
1784894294874,alice,Play,http://localhost:3251@Bee,true
1784894294875,Bat,Dance,http://localhost:3251@Bee,true
1784894294875,Bee,Play,http://localhost:3251@bear,false
1784894294875,brice,Dance,http://localhost:3251@Bat,true
1784894295840,bear,Talk,http://localhost:3251@Bee,true
1784894295841,Bee,Talk,http://localhost:3251@alice,true
1784894296341,Ant,Explore,null,false
1784894296393,alice,Explore,null,false
1784894296773,Ant,Talk,http://localhost:3251@Bee,true
1784894296774,Bee,Talk,http://localhost:3251@alice,true
1784894297061,brice,Explore,null,false
1784894297113,Bat,Dance,http://localhost:3251@bear,true
1784894297114,bear,Dance,http://localhost:3251@brice,true
1784894297735,Bat,Talk,http://localhost:3251@Bee,true
1784894297736,Bee,Talk,http://localhost:3251@alice,true
1784894298026,Ant,Play,http://localhost:3251@bear,true
1784894298026,brice,Play,http://localhost:3251@Ant,true
1784894298353,alice,Play,http://localhost:3251@bear,true
1784894298354,bear,Play,http://localhost:3251@alice,true
1784894298990,alice,Walk,http://localhost:3251@Bee,true
1784894298990,Bat,Talk,http://localhost:3251@brice,true
1784894298991,Bee,Walk,http://localhost:3251@Ant,false
1784894298991,brice,Talk,http://localhost:3251@Bee,true
1784894299545,Ant,Explore,null,false
1784894299601,bear,Dance,http://localhost:3251@brice,true
1784894299602,brice,Dance,http://localhost:3251@bear,true
1784894299939,bear,Talk,http://localhost:3251@Bee,true
1784894299939,Bee,Talk,http://localhost:3251@alice,true
1784894300489,alice,Explore,null,false
1784894300824,Bat,Walk,http://localhost:3251@bear,false
1784894300824,bear,Walk,http://localhost:3251@Bat,true
1784894300881,alice,Fight,http://localhost:3251@Bee,true
1784894300882,Ant,Sing,http://localhost:3251@brice,true
1784894300882,Bee,Fight,http://localhost:3251@Bat,true
1784894300882,brice,Sing,http://localhost:3251@alice,true
1784894301928,alice,Exercise,http://localhost:3251@Bat,true
1784894301928,Bat,Exercise,http://localhost:3251@Ant,false
1784894302389,brice,Explore,null,false
1784894302711,Bat,Play,http://localhost:3251@bear,true
1784894302711,bear,Play,http://localhost:3251@alice,true
1784894303162,alice,Sing,http://localhost:3251@bear,true
1784894303163,brice,Sing,http://localhost:3251@alice,true
1784894303664,bear,Fight,http://localhost:3251@Bat,true
1784894303673,brice,Fight,http://localhost:3251@bear,true
1784894303993,alice,Dance,http://localhost:3251@Bee,true
1784894303994,Bee,Dance,http://localhost:3251@bear,false
1784894304616,alice,Dance,http://localhost:3251@Ant,true
1784894304616,Ant,Dance,http://localhost:3251@Bee,true
1784894304728,Bat,Sing,http://localhost:3251@brice,true
1784894304728,brice,Sing,http://localhost:3251@Bat,true
1784894305240,alice,Dance,http://localhost:3251@Bee,true
1784894305241,Bee,Dance,http://localhost:3251@bear,false
1784894305546,bear,Dance,http://localhost:3251@brice,true
1784894305546,brice,Dance,http://localhost:3251@bear,true
1784894305898,alice,Sing,http://localhost:3251@Ant,true
1784894305899,Ant,Sing,http://localhost:3251@Bee,true
1784894306732,Bat,Play,http://localhost:3251@Bee,true
1784894306732,bear,Play,http://localhost:3251@Bat,true
1784894306833,Bee,Explore,null,false
1784894307465,Ant,Play,http://localhost:3251@brice,false
1784894307466,brice,Play,http://localhost:3251@Bat,true
1784894307800,Ant,Talk,http://localhost:3251@Bee,true
1784894307800,Bee,Talk,http://localhost:3251@alice,true
1784894307974,alice,Sing,http://localhost:3251@Bat,true
1784894307975,Bat,Sing,http://localhost:3251@brice,true
1784894308869,bear,Explore,null,true
1784894309045,alice,Dance,http://localhost:3251@Bee,true
1784894309046,Bee,Dance,http://localhost:3251@bear,false
1784894309223,Bat,Play,http://localhost:3251@Bee,true
1784894309223,brice,Play,http://localhost:3251@Bat,true
1784894309670,Ant,Dance,http://localhost:3251@Bee,true
1784894309670,bear,Dance,http://localhost:3251@Ant,true
1784894310283,alice,Dance,http://localhost:3251@bear,true
1784894310285,Bat,Dance,http://localhost:3251@alice,true
1784894310618,Bat,Talk,http://localhost:3251@bear,true
1784894310619,bear,Talk,http://localhost:3251@brice,true
1784894310911,alice,Play,http://localhost:3251@Ant,true
1784894310911,Ant,Play,http://localhost:3251@bear,true
1784894311245,bear,Talk,http://localhost:3251@Bee,true
1784894311246,Bee,Talk,http://localhost:3251@alice,true
1784894311916,Bat,Sing,http://localhost:3251@brice,true
1784894311917,brice,Sing,http://localhost:3251@Bat,true
1784894312242,alice,Fight,http://localhost:3251@Bee,true
1784894312243,Bee,Fight,http://localhost:3251@Bat,false
1784894312537,Bat,Play,http://localhost:3251@bear,true
1784894312537,bear,Play,http://localhost:3251@alice,true
1784894313254,Ant,Dance,http://localhost:3251@brice,true
1784894313255,Bat,Talk,http://localhost:3251@Bee,true
1784894313255,Bee,Talk,http://localhost:3251@alice,true
1784894313256,brice,Dance,http://localhost:3251@bear,true
1784894314212,alice,Dance,http://localhost:3251@bear,true
1784894314212,bear,Explore,null,true
1784894314213,brice,Dance,http://localhost:3251@alice,true
1784894315201,alice,Dance,http://localhost:3251@Bat,true
1784894315201,Bat,Dance,http://localhost:3251@Bee,true
1784894315484,Bee,Explore,null,false
1784894315533,Ant,Talk,http://localhost:3251@Bat,false
1784894315536,brice,Talk,http://localhost:3251@Ant,true
1784894316189,Bat,Talk,http://localhost:3251@brice,true
1784894316190,brice,Talk,http://localhost:3251@Bat,true
1784894316495,alice,Play,http://localhost:3251@bear,true
1784894316496,bear,Play,http://localhost:3251@alice,true
1784894317379,alice,Dance,http://localhost:3251@Bee,true
1784894317379,Bee,Dance,http://localhost:3251@bear,false
1784894317698,Ant,Sing,http://localhost:3251@bear,true
1784894317699,bear,Sing,http://localhost:3251@Bee,true
1784894317699,brice,Explore,null,true
1784894318397,Bee,Talk,http://localhost:3251@alice,true
1784894318397,brice,Talk,http://localhost:3251@Bee,true
1784894318627,alice,Walk,http://localhost:3251@brice,true
1784894318627,bear,Walk,http://localhost:3251@alice,true
1784894319423,alice,Fight,http://localhost:3251@Bee,true
1784894319423,Bee,Fight,http://localhost:3251@Bat,false
1784894319717,Bat,Explore,null,true
1784894320098,Bee,Talk,http://localhost:3251@brice,true
1784894320098,brice,Talk,http://localhost:3251@Bee,true
1784894320842,bear,Explore,null,true
1784894321061,Bat,Talk,http://localhost:3251@brice,true
1784894321061,brice,Talk,http://localhost:3251@Bee,true
1784894321328,alice,Walk,http://localhost:3251@Bee,true
1784894321329,Bee,Walk,http://localhost:3251@Ant,true
1784894322356,bear,Explore,null,true
1784894322578,alice,Exercise,http://localhost:3251@brice,true
1784894322581,brice,Exercise,http://localhost:3251@alice,true
1784894323044,Bat,Walk,http://localhost:3251@bear,true
1784894323045,bear,Walk,http://localhost:3251@Bat,true
1784894323205,alice,Dance,http://localhost:3251@Bee,true
1784894323205,Bee,Dance,http://localhost:3251@bear,false
1784894323821,Ant,Play,http://localhost:3251@brice,true
1784894323822,brice,Play,http://localhost:3251@Bat,true
1784894324145,alice,Talk,http://localhost:3251@Bee,true
1784894324146,Bat,Talk,http://localhost:3251@alice,true
1784894324146,bear,Talk,http://localhost:3251@Bee,true
1784894324146,Bee,Talk,http://localhost:3251@alice,true
1784894324749,alice,Talk,http://localhost:3251@brice,true
1784894324750,brice,Talk,http://localhost:3251@Bee,false
1784894325662,alice,Sing,http://localhost:3251@Ant,true
1784894325663,Ant,Sing,http://localhost:3251@Bee,true
1784894325663,Bat,Explore,null,true
1784894326285,brice,Explore,null,false
1784894326797,alice,Exercise,http://localhost:3251@brice,true
1784894326799,bear,Exercise,http://localhost:3251@alice,true
1784894326901,Bee,Explore,null,false
1784894327181,Ant,Explore,null,false
1784894327231,alice,Talk,http://localhost:3251@Bat,true
1784894327231,Bat,Talk,http://localhost:3251@brice,false
