1784894770442,Ant,Dance,0.1
1784894770442,Ant,http://localhost:3251@Bee,0.1
1784894770445,Bee,Dance,-0.1
1784894770445,Bee,http://localhost:3251@Ant,-0.1
1784894771209,alice,Explore,-0.1
1784894771885,Bat,Explore,-0.1
1784894771949,Bee,Dance,-0.1
1784894771949,Bee,http://localhost:3251@Ant,-0.1
1784894771949,Bee,Explore,0.1
1784894772553,bear,Fight,0.1
1784894772553,bear,http://localhost:3251@Bee,0.1
1784894772555,Bee,Dance,-0.1
1784894772555,Bee,http://localhost:3251@Ant,-0.1
1784894772555,Bee,Explore,0.1
1784894772555,Bee,Fight,-0.1
1784894772555,Bee,http://localhost:3251@bear,-0.1
1784894772775,alice,Explore,0
1784894773175,Bat,Explore,-0.1
1784894773175,Bat,Sing,-0.1
1784894773175,Bat,http://localhost:3251@brice,-0.1
1784894773177,brice,Sing,0.1
1784894773177,brice,http://localhost:3251@Bat,0.1
1784894773582,alice,Explore,0
1784894773582,alice,Sing,0.1
1784894773582,alice,http://localhost:3251@Ant,0.1
1784894773584,Ant,Dance,0.1
1784894773584,Ant,http://localhost:3251@Bee,0.1
1784894773584,Ant,Sing,0.1
1784894773584,Ant,http://localhost:3251@alice,0.1
1784894774436,alice,Explore,0
1784894774436,alice,Sing,0.1
1784894774436,alice,http://localhost:3251@Ant,0.1
1784894774436,alice,Walk,0.1
1784894774436,alice,http://localhost:3251@Bat,0.1
1784894774437,Bat,Explore,-0.1
1784894774437,Bat,Sing,-0.1
1784894774437,Bat,http://localhost:3251@brice,-0.1
1784894774437,Bat,Walk,0.1
1784894774437,Bat,http://localhost:3251@alice,0.1
1784894775795,Ant,Dance,0.1
1784894775795,Ant,http://localhost:3251@Bee,0.1
1784894775795,Ant,Sing,0.1
1784894775795,Ant,http://localhost:3251@alice,0.1
1784894775795,Ant,Explore,0.1
1784894776038,Bat,Explore,-0.2
1784894776038,Bat,Sing,-0.1
1784894776038,Bat,http://localhost:3251@brice,-0.1
1784894776038,Bat,Walk,0.1
1784894776038,Bat,http://localhost:3251@alice,0.1
1784894776653,alice,Explore,-0.1
1784894776653,alice,Sing,0.1
1784894776653,alice,http://localhost:3251@Ant,0.1
1784894776653,alice,Walk,0.1
1784894776653,alice,http://localhost:3251@Bat,0.1
1784894776709,bear,Fight,0
1784894776709,bear,http://localhost:3251@Bee,0
1784894776709,Bee,Dance,-0.1
1784894776709,Bee,http://localhost:3251@Ant,-0.1
1784894776709,Bee,Explore,0.2
1784894776709,Bee,Fight,-0.1
1784894776709,Bee,http://localhost:3251@bear,-0.1
1784894776709,brice,Sing,0.1
1784894776709,brice,http://localhost:3251@Bat,0.1
1784894776709,brice,Fight,0.1
1784894776709,brice,http://localhost:3251@bear,0.1
1784894776767,Ant,Dance,0.1
1784894776767,Ant,http://localhost:3251@Bee,0.1
1784894776767,Ant,Sing,0.1
1784894776767,Ant,http://localhost:3251@alice,0.1
1784894776767,Ant,Explore,0.1
1784894776767,Ant,Fight,0.1
1784894776767,Ant,http://localhost:3251@Bat,0.1
1784894776767,Bat,Explore,-0.2
1784894776767,Bat,Sing,-0.1
1784894776767,Bat,http://localhost:3251@brice,-0.1
1784894776767,Bat,Walk,0.1
1784894776767,Bat,http://localhost:3251@alice,0.1
1784894776767,Bat,Fight,-0.1
1784894776767,Bat,http://localhost:3251@Ant,-0.1
1784894777684,alice,Explore,-0.1
1784894777684,alice,Sing,0.1
1784894777684,alice,http://localhost:3251@Ant,0.1
1784894777684,alice,Walk,0.1
1784894777684,alice,http://localhost:3251@Bat,0.1
1784894777684,alice,Fight,0.1
1784894777684,alice,http://localhost:3251@bear,0.1
1784894777685,bear,Fight,-0.1
1784894777685,bear,http://localhost:3251@Bee,0
1784894777685,bear,http://localhost:3251@alice,-0.1
1784894778015,Ant,Dance,0.1
1784894778015,Ant,http://localhost:3251@Bee,0.1
1784894778015,Ant,Sing,0
1784894778015,Ant,http://localhost:3251@alice,0.1
1784894778015,Ant,Explore,0.1
1784894778015,Ant,Fight,0.1
1784894778015,Ant,http://localhost:3251@Bat,0.1
1784894778015,Ant,http://localhost:3251@brice,-0.1
1784894778016,brice,Sing,0.2
1784894778016,brice,http://localhost:3251@Bat,0.1
1784894778016,brice,Fight,0.1
1784894778016,brice,http://localhost:3251@bear,0.1
1784894778016,brice,http://localhost:3251@Ant,0.1
1784894778294,Bee,Dance,-0.1
1784894778294,Bee,http://localhost:3251@Ant,-0.1
1784894778294,Bee,Explore,0.30000000000000004
1784894778294,Bee,Fight,-0.1
1784894778294,Bee,http://localhost:3251@bear,-0.1
1784894779250,bear,Fight,-0.1
1784894779250,bear,http://localhost:3251@Bee,0
1784894779250,bear,http://localhost:3251@alice,-0.1
1784894779250,bear,Explore,0.1
1784894779302,Bat,Explore,-0.2
1784894779302,Bat,Sing,-0.1
1784894779302,Bat,http://localhost:3251@brice,0
1784894779302,Bat,Walk,0.1
1784894779302,Bat,http://localhost:3251@alice,0.1
1784894779302,Bat,Fight,-0.1
1784894779302,Bat,http://localhost:3251@Ant,-0.1
1784894779302,Bat,Dance,0.1
1784894779303,brice,Sing,0.2
1784894779303,brice,http://localhost:3251@Bat,0
1784894779303,brice,Fight,0.1
1784894779303,brice,http://localhost:3251@bear,0.1
1784894779303,brice,http://localhost:3251@Ant,0.1
1784894779303,brice,Dance,-0.1
1784894780223,alice,Explore,-0.1
1784894780223,alice,Sing,0.1
1784894780223,alice,http://localhost:3251@Ant,0.1
1784894780223,alice,Walk,0.1
1784894780223,alice,http://localhost:3251@Bat,0.1
1784894780223,alice,Fight,0.1
1784894780223,alice,http://localhost:3251@bear,0.1
1784894780223,alice,Exercise,0.1
1784894780223,alice,http://localhost:3251@brice,0.1
1784894780224,brice,Sing,0.2
1784894780224,brice,http://localhost:3251@Bat,0
1784894780224,brice,Fight,0.1
1784894780224,brice,http://localhost:3251@bear,0.1
1784894780224,brice,http://localhost:3251@Ant,0.1
1784894780224,brice,Dance,-0.1
1784894780224,brice,Exercise,0.1
1784894780224,brice,http://localhost:3251@alice,0.1
1784894780286,Ant,Dance,0.1
1784894780286,Ant,http://localhost:3251@Bee,0.1
1784894780286,Ant,Sing,0
1784894780286,Ant,http://localhost:3251@alice,0.1
1784894780286,Ant,Explore,0.2
1784894780286,Ant,Fight,0.1
1784894780286,Ant,http://localhost:3251@Bat,0.1
1784894780286,Ant,http://localhost:3251@brice,-0.1
1784894780620,Bee,Dance,-0.1
1784894780620,Bee,http://localhost:3251@Ant,-0.1
1784894780620,Bee,Explore,0.4
1784894780620,Bee,Fight,-0.1
1784894780620,Bee,http://localhost:3251@bear,-0.1
1784894781220,Ant,Dance,0.1
1784894781220,Ant,http://localhost:3251@Bee,0.1
1784894781220,Ant,Sing,-0.1
1784894781220,Ant,http://localhost:3251@alice,0.1
1784894781220,Ant,Explore,0.2
1784894781220,Ant,Fight,0.1
1784894781220,Ant,http://localhost:3251@Bat,0
1784894781220,Ant,http://localhost:3251@brice,-0.1
1784894781220,Bat,Explore,-0.2
1784894781220,Bat,Sing,0
1784894781220,Bat,http://localhost:3251@brice,0.1
1784894781220,Bat,Walk,0.1
1784894781220,Bat,http://localhost:3251@alice,0.1
1784894781220,Bat,Fight,-0.1
1784894781220,Bat,http://localhost:3251@Ant,-0.1
1784894781220,Bat,Dance,0.1
1784894781761,brice,Sing,0.2
1784894781761,brice,http://localhost:3251@Bat,0
1784894781761,brice,Fight,0.1
1784894781761,brice,http://localhost:3251@bear,0.1
1784894781761,brice,http://localhost:3251@Ant,0.1
1784894781761,brice,Dance,-0.1
1784894781761,brice,Exercise,0.1
1784894781761,brice,http://localhost:3251@alice,0.1
1784894781761,brice,Explore,0.1
1784894781866,alice,Explore,-0.1
1784894781866,alice,Sing,0.1
1784894781866,alice,http://localhost:3251@Ant,0.1
1784894781866,alice,Walk,0
1784894781866,alice,http://localhost:3251@Bat,0.1
1784894781866,alice,Fight,0.1
1784894781866,alice,http://localhost:3251@bear,0
1784894781866,alice,Exercise,0.1
1784894781866,alice,http://localhost:3251@brice,0.1
1784894781868,bear,Fight,-0.1
1784894781868,bear,http://localhost:3251@Bee,0
1784894781868,bear,http://localhost:3251@alice,0
1784894781868,bear,Explore,0.1
1784894781868,bear,Walk,0.1
1784894782714,Bat,Explore,-0.2
1784894782714,Bat,Sing,0
1784894782714,Bat,http://localhost:3251@brice,0
1784894782714,Bat,Walk,0.1
1784894782714,Bat,http://localhost:3251@alice,0.1
1784894782714,Bat,Fight,-0.1
1784894782714,Bat,http://localhost:3251@Ant,-0.1
1784894782714,Bat,Dance,0.1
1784894782714,Bat,Talk,-0.1
1784894782716,brice,Sing,0.2
1784894782716,brice,http://localhost:3251@Bat,0.1
1784894782716,brice,Fight,0.1
1784894782716,brice,http://localhost:3251@bear,0.1
1784894782716,brice,http://localhost:3251@Ant,0.1
1784894782716,brice,Dance,-0.1
1784894782716,brice,Exercise,0.1
1784894782716,brice,http://localhost:3251@alice,0.1
1784894782716,brice,Explore,0.1
1784894782716,brice,Talk,0.1
1784894782764,Ant,Dance,0.1
1784894782764,Ant,http://localhost:3251@Bee,0.1
1784894782764,Ant,Sing,-0.1
1784894782764,Ant,http://localhost:3251@alice,0.1
1784894782764,Ant,Explore,0.1
1784894782764,Ant,Fight,0.1
1784894782764,Ant,http://localhost:3251@Bat,0
1784894782764,Ant,http://localhost:3251@brice,-0.1
1784894783542,bear,Fight,-0.1
1784894783542,bear,http://localhost:3251@Bee,0
1784894783542,bear,http://localhost:3251@alice,0
1784894783542,bear,Explore,0.2
1784894783542,bear,Walk,0.1
1784894783794,alice,Explore,-0.1
1784894783794,alice,Sing,0.1
1784894783794,alice,http://localhost:3251@Ant,0
1784894783794,alice,Walk,0
1784894783794,alice,http://localhost:3251@Bat,0.1
1784894783794,alice,Fight,0.1
1784894783794,alice,http://localhost:3251@bear,0
1784894783794,alice,Exercise,0.1
1784894783794,alice,http://localhost:3251@brice,0.1
1784894783794,alice,Talk,-0.1
1784894783795,Ant,Dance,0.1
1784894783795,Ant,http://localhost:3251@Bee,0.1
1784894783795,Ant,Sing,-0.1
1784894783795,Ant,http://localhost:3251@alice,0
1784894783795,Ant,Explore,0.1
1784894783795,Ant,Fight,0.1
1784894783795,Ant,http://localhost:3251@Bat,0
1784894783795,Ant,http://localhost:3251@brice,-0.1
1784894783795,Ant,Talk,-0.1
1784894784347,Bat,Explore,-0.30000000000000004
1784894784347,Bat,Sing,0
1784894784347,Bat,http://localhost:3251@brice,0
1784894784347,Bat,Walk,0.1
1784894784347,Bat,http://localhost:3251@alice,0.1
1784894784347,Bat,Fight,-0.1
1784894784347,Bat,http://localhost:3251@Ant,-0.1
1784894784347,Bat,Dance,0.1
1784894784347,Bat,Talk,-0.1
1784894784725,Ant,Dance,0.2
1784894784725,Ant,http://localhost:3251@Bee,0.1
1784894784725,Ant,Sing,-0.1
1784894784725,Ant,http://localhost:3251@alice,0
1784894784725,Ant,Explore,0.1
1784894784725,Ant,Fight,0.1
1784894784725,Ant,http://localhost:3251@Bat,0
1784894784725,Ant,http://localhost:3251@brice,0
1784894784725,Ant,Talk,-0.1
1784894784727,brice,Sing,0.2
1784894784727,brice,http://localhost:3251@Bat,0
1784894784727,brice,Fight,0.1
1784894784727,brice,http://localhost:3251@bear,0.1
1784894784727,brice,http://localhost:3251@Ant,0.1
1784894784727,brice,Dance,-0.2
1784894784727,brice,Exercise,0.1
1784894784727,brice,http://localhost:3251@alice,0.1
1784894784727,brice,Explore,0.1
1784894784727,brice,Talk,0.1
1784894784788,Bee,Dance,-0.1
1784894784788,Bee,http://localhost:3251@Ant,-0.1
1784894784788,Bee,Explore,0.5
1784894784788,Bee,Fight,-0.1
1784894784788,Bee,http://localhost:3251@bear,-0.1
1784894785726,Bat,Explore,-0.30000000000000004
1784894785726,Bat,Sing,0.1
1784894785726,Bat,http://localhost:3251@brice,0.1
1784894785726,Bat,Walk,0.1
1784894785726,Bat,http://localhost:3251@alice,0.1
1784894785726,Bat,Fight,-0.1
1784894785726,Bat,http://localhost:3251@Ant,-0.1
1784894785726,Bat,Dance,0.1
1784894785726,Bat,Talk,-0.1
1784894785727,Bee,Dance,-0.1
1784894785727,Bee,http://localhost:3251@Ant,-0.1
1784894785727,Bee,Explore,0.5
1784894785727,Bee,Fight,-0.1
1784894785727,Bee,http://localhost:3251@bear,-0.1
1784894785727,Bee,Sing,-0.1
1784894785727,Bee,http://localhost:3251@Bat,-0.1
1784894786102,Ant,Dance,0.2
1784894786102,Ant,http://localhost:3251@Bee,0.1
1784894786102,Ant,Sing,-0.1
1784894786102,Ant,http://localhost:3251@alice,0
1784894786102,Ant,Explore,0.1
1784894786102,Ant,Fight,0.1
1784894786102,Ant,http://localhost:3251@Bat,0
1784894786102,Ant,http://localhost:3251@brice,0
1784894786102,Ant,Talk,-0.1
1784894786102,Ant,Exercise,0.1
1784894786102,Ant,http://localhost:3251@bear,0.1
1784894786104,bear,Fight,-0.1
1784894786104,bear,http://localhost:3251@Bee,0
1784894786104,bear,http://localhost:3251@alice,0
1784894786104,bear,Explore,0.2
1784894786104,bear,Walk,0.1
1784894786104,bear,Exercise,-0.1
1784894786104,bear,http://localhost:3251@Ant,-0.1
1784894787169,alice,Explore,-0.1
1784894787169,alice,Sing,0.1
1784894787169,alice,http://localhost:3251@Ant,0
1784894787169,alice,Walk,0
1784894787169,alice,http://localhost:3251@Bat,0.1
1784894787169,alice,Fight,0.1
1784894787169,alice,http://localhost:3251@bear,0
1784894787169,alice,Exercise,0
1784894787169,alice,http://localhost:3251@brice,0
1784894787169,alice,Talk,-0.1
1784894787169,Ant,Dance,0.2
1784894787169,Ant,http://localhost:3251@Bee,0.1
1784894787169,Ant,Sing,-0.1
1784894787169,Ant,http://localhost:3251@alice,-0.1
1784894787169,Ant,Explore,0.1
1784894787169,Ant,Fight,0.1
1784894787169,Ant,http://localhost:3251@Bat,0
1784894787169,Ant,http://localhost:3251@brice,0
1784894787169,Ant,Talk,-0.1
1784894787169,Ant,Exercise,0
1784894787169,Ant,http://localhost:3251@bear,0.1
1784894787484,Bat,Explore,-0.4
1784894787484,Bat,Sing,0.1
1784894787484,Bat,http://localhost:3251@brice,0.1
1784894787484,Bat,Walk,0.1
1784894787484,Bat,http://localhost:3251@alice,0.1
1784894787484,Bat,Fight,-0.1
1784894787484,Bat,http://localhost:3251@Ant,-0.1
1784894787484,Bat,Dance,0.1
1784894787484,Bat,Talk,-0.1
1784894787799,Bee,Dance,0
1784894787799,Bee,http://localhost:3251@Ant,-0.1
1784894787799,Bee,Explore,0.5
1784894787799,Bee,Fight,-0.1
1784894787799,Bee,http://localhost:3251@bear,-0.1
1784894787799,Bee,Sing,-0.1
1784894787799,Bee,http://localhost:3251@Bat,-0.1
1784894787799,Bee,http://localhost:3251@brice,0.1
1784894787800,brice,Sing,0.2
1784894787800,brice,http://localhost:3251@Bat,0
1784894787800,brice,Fight,0.1
1784894787800,brice,http://localhost:3251@bear,0.1
1784894787800,brice,http://localhost:3251@Ant,0.1
1784894787800,brice,Dance,-0.30000000000000004
1784894787800,brice,Exercise,0.1
1784894787800,brice,http://localhost:3251@alice,0.1
1784894787800,brice,Explore,0.1
1784894787800,brice,Talk,0.1
1784894787800,brice,http://localhost:3251@Bee,-0.1
1784894788532,Bat,Explore,-0.4
1784894788532,Bat,Sing,0.1
1784894788532,Bat,http://localhost:3251@brice,0
1784894788532,Bat,Walk,0.1
1784894788532,Bat,http://localhost:3251@alice,0.1
1784894788532,Bat,Fight,-0.1
1784894788532,Bat,http://localhost:3251@Ant,-0.1
1784894788532,Bat,Dance,0.1
1784894788532,Bat,Talk,-0.2
1784894788532,brice,Sing,0.2
1784894788532,brice,http://localhost:3251@Bat,0.1
1784894788532,brice,Fight,0.1
1784894788532,brice,http://localhost:3251@bear,0.1
1784894788532,brice,http://localhost:3251@Ant,0.1
1784894788532,brice,Dance,-0.30000000000000004
1784894788532,brice,Exercise,0.1
1784894788532,brice,http://localhost:3251@alice,0.1
1784894788532,brice,Explore,0.1
1784894788532,brice,Talk,0.2
1784894788532,brice,http://localhost:3251@Bee,-0.1
1784894789098,alice,Explore,-0.1
1784894789098,alice,Sing,0.1
1784894789098,alice,http://localhost:3251@Ant,0
1784894789098,alice,Walk,0
1784894789098,alice,http://localhost:3251@Bat,0.1
1784894789098,alice,Fight,0.1
1784894789098,alice,http://localhost:3251@bear,0
1784894789098,alice,Exercise,0.1
1784894789098,alice,http://localhost:3251@brice,0.1
1784894789098,alice,Talk,-0.1
1784894789101,brice,Sing,0.2
1784894789101,brice,http://localhost:3251@Bat,0.1
1784894789101,brice,Fight,0.1
1784894789101,brice,http://localhost:3251@bear,0.1
1784894789101,brice,http://localhost:3251@Ant,0.1
1784894789101,brice,Dance,-0.30000000000000004
1784894789101,brice,Exercise,0.2
1784894789101,brice,http://localhost:3251@alice,0.2
1784894789101,brice,Explore,0.1
1784894789101,brice,Talk,0.2
1784894789101,brice,http://localhost:3251@Bee,-0.1
1784894789593,Ant,Dance,0.2
1784894789593,Ant,http://localhost:3251@Bee,0.1
1784894789593,Ant,Sing,-0.1
1784894789593,Ant,http://localhost:3251@alice,-0.1
1784894789593,Ant,Explore,0.2
1784894789593,Ant,Fight,0.1
1784894789593,Ant,http://localhost:3251@Bat,0
1784894789593,Ant,http://localhost:3251@brice,0
1784894789593,Ant,Talk,-0.1
1784894789593,Ant,Exercise,0
1784894789593,Ant,http://localhost:3251@bear,0.1
1784894789847,bear,Fight,-0.1
1784894789847,bear,http://localhost:3251@Bee,0
1784894789847,bear,http://localhost:3251@alice,0
1784894789847,bear,Explore,0.1
1784894789847,bear,Walk,0.1
1784894789847,bear,Exercise,-0.1
1784894789847,bear,http://localhost:3251@Ant,-0.1
1784894790169,Bee,Dance,0
1784894790169,Bee,http://localhost:3251@Ant,-0.1
1784894790169,Bee,Explore,0.6
1784894790169,Bee,Fight,-0.1
1784894790169,Bee,http://localhost:3251@bear,-0.1
1784894790169,Bee,Sing,-0.1
1784894790169,Bee,http://localhost:3251@Bat,-0.1
1784894790169,Bee,http://localhost:3251@brice,0.1
1784894790229,Bat,Explore,-0.30000000000000004
1784894790229,Bat,Sing,0.1
1784894790229,Bat,http://localhost:3251@brice,0
1784894790229,Bat,Walk,0.1
1784894790229,Bat,http://localhost:3251@alice,0.1
1784894790229,Bat,Fight,-0.1
1784894790229,Bat,http://localhost:3251@Ant,-0.1
1784894790229,Bat,Dance,0.1
1784894790229,Bat,Talk,-0.2
1784894790799,alice,Explore,0
1784894790799,alice,Sing,0.1
1784894790799,alice,http://localhost:3251@Ant,0
1784894790799,alice,Walk,0
1784894790799,alice,http://localhost:3251@Bat,0.1
1784894790799,alice,Fight,0.1
1784894790799,alice,http://localhost:3251@bear,0
1784894790799,alice,Exercise,0.1
1784894790799,alice,http://localhost:3251@brice,0.1
1784894790799,alice,Talk,-0.1
1784894791290,alice,Explore,0
1784894791290,alice,Sing,0.1
1784894791290,alice,http://localhost:3251@Ant,0
1784894791290,alice,Walk,0
1784894791290,alice,http://localhost:3251@Bat,0.1
1784894791290,alice,Fight,0
1784894791290,alice,http://localhost:3251@bear,0
1784894791290,alice,Exercise,0.1
1784894791290,alice,http://localhost:3251@brice,0.1
1784894791290,alice,Talk,-0.1
1784894791290,alice,http://localhost:3251@Bee,-0.1
1784894791291,Ant,Dance,0.2
1784894791291,Ant,http://localhost:3251@Bee,0.1
1784894791291,Ant,Sing,-0.1
1784894791291,Ant,http://localhost:3251@alice,-0.1
1784894791291,Ant,Explore,0.30000000000000004
1784894791291,Ant,Fight,0.1
1784894791291,Ant,http://localhost:3251@Bat,0
1784894791291,Ant,http://localhost:3251@brice,0
1784894791291,Ant,Talk,-0.1
1784894791291,Ant,Exercise,0
1784894791291,Ant,http://localhost:3251@bear,0.1
1784894791291,Bee,Dance,0
1784894791291,Bee,http://localhost:3251@Ant,-0.1
1784894791291,Bee,Explore,0.6
1784894791291,Bee,Fight,0
1784894791291,Bee,http://localhost:3251@bear,-0.1
1784894791291,Bee,Sing,-0.1
1784894791291,Bee,http://localhost:3251@Bat,-0.1
1784894791291,Bee,http://localhost:3251@brice,0.1
1784894791291,Bee,http://localhost:3251@alice,0.1
1784894791604,Bat,Explore,-0.30000000000000004
1784894791604,Bat,Sing,0.1
1784894791604,Bat,http://localhost:3251@brice,0
1784894791604,Bat,Walk,0.1
1784894791604,Bat,http://localhost:3251@alice,0.1
1784894791604,Bat,Fight,0
1784894791604,Bat,http://localhost:3251@Ant,-0.1
1784894791604,Bat,Dance,0.1
1784894791604,Bat,Talk,-0.2
1784894791604,Bat,http://localhost:3251@bear,0.1
1784894791606,bear,Fight,0
1784894791606,bear,http://localhost:3251@Bee,0.1
1784894791606,bear,http://localhost:3251@alice,0
1784894791606,bear,Explore,0.1
1784894791606,bear,Walk,0.1
1784894791606,bear,Exercise,-0.1
1784894791606,bear,http://localhost:3251@Ant,-0.1
1784894792526,Ant,Dance,0.2
1784894792526,Ant,http://localhost:3251@Bee,0.1
1784894792526,Ant,Sing,-0.2
1784894792526,Ant,http://localhost:3251@alice,-0.1
1784894792526,Ant,Explore,0.30000000000000004
1784894792526,Ant,Fight,0.1
1784894792526,Ant,http://localhost:3251@Bat,0
1784894792526,Ant,http://localhost:3251@brice,-0.1
1784894792526,Ant,Talk,-0.1
1784894792526,Ant,Exercise,0
1784894792526,Ant,http://localhost:3251@bear,0.1
1784894792529,brice,Sing,0.30000000000000004
1784894792529,brice,http://localhost:3251@Bat,0.1
1784894792529,brice,Fight,0.1
1784894792529,brice,http://localhost:3251@bear,0.1
1784894792529,brice,http://localhost:3251@Ant,0.2
1784894792529,brice,Dance,-0.30000000000000004
1784894792529,brice,Exercise,0.2
1784894792529,brice,http://localhost:3251@alice,0.2
1784894792529,brice,Explore,0.1
1784894792529,brice,Talk,0.2
1784894792529,brice,http://localhost:3251@Bee,-0.1
1784894792640,alice,Explore,0
1784894792640,alice,Sing,0
1784894792640,alice,http://localhost:3251@Ant,0
1784894792640,alice,Walk,0
1784894792640,alice,http://localhost:3251@Bat,0.1
1784894792640,alice,Fight,0
1784894792640,alice,http://localhost:3251@bear,-0.1
1784894792640,alice,Exercise,0.1
1784894792640,alice,http://localhost:3251@brice,0.1
1784894792640,alice,Talk,-0.1
1784894792640,alice,http://localhost:3251@Bee,-0.1
1784894792640,bear,Fight,0
1784894792640,bear,http://localhost:3251@Bee,0.1
1784894792640,bear,http://localhost:3251@alice,-0.1
1784894792640,bear,Explore,0.1
1784894792640,bear,Walk,0.1
1784894792640,bear,Exercise,-0.1
1784894792640,bear,http://localhost:3251@Ant,-0.1
1784894792640,bear,Sing,-0.1
1784894793136,bear,Fight,0
1784894793136,bear,http://localhost:3251@Bee,0.2
1784894793136,bear,http://localhost:3251@alice,-0.1
1784894793136,bear,Explore,0.1
1784894793136,bear,Walk,0.1
1784894793136,bear,Exercise,-0.1
1784894793136,bear,http://localhost:3251@Ant,-0.1
1784894793136,bear,Sing,-0.1
1784894793136,bear,Talk,0.1
1784894793136,Bee,Dance,0
1784894793136,Bee,http://localhost:3251@Ant,-0.1
1784894793136,Bee,Explore,0.6
1784894793136,Bee,Fight,0
1784894793136,Bee,http://localhost:3251@bear,0
1784894793136,Bee,Sing,-0.1
1784894793136,Bee,http://localhost:3251@Bat,-0.1
1784894793136,Bee,http://localhost:3251@brice,0.1
1784894793136,Bee,http://localhost:3251@alice,0.1
1784894793136,Bee,Talk,0.1
1784894793265,Bat,Explore,-0.4
1784894793265,Bat,Sing,0.1
1784894793265,Bat,http://localhost:3251@brice,0
1784894793265,Bat,Walk,0.1
1784894793265,Bat,http://localhost:3251@alice,0.1
1784894793265,Bat,Fight,0
1784894793265,Bat,http://localhost:3251@Ant,-0.1
1784894793265,Bat,Dance,0.1
1784894793265,Bat,Talk,-0.2
1784894793265,Bat,http://localhost:3251@bear,0.1
1784894794305,alice,Explore,0.1
1784894794305,alice,Sing,0
1784894794305,alice,http://localhost:3251@Ant,0
1784894794305,alice,Walk,0
1784894794305,alice,http://localhost:3251@Bat,0.1
1784894794305,alice,Fight,0
1784894794305,alice,http://localhost:3251@bear,-0.1
1784894794305,alice,Exercise,0.1
1784894794305,alice,http://localhost:3251@brice,0.1
1784894794305,alice,Talk,-0.1
1784894794305,alice,http://localhost:3251@Bee,-0.1
1784894794369,bear,Fight,0
1784894794369,bear,http://localhost:3251@Bee,0.2
1784894794369,bear,http://localhost:3251@alice,-0.1
1784894794369,bear,Explore,0.1
1784894794369,bear,Walk,0.1
1784894794369,bear,Exercise,0
1784894794369,bear,http://localhost:3251@Ant,-0.1
1784894794369,bear,Sing,-0.1
1784894794369,bear,Talk,0.1
1784894794369,bear,http://localhost:3251@brice,0.1
1784894794371,brice,Sing,0.30000000000000004
1784894794371,brice,http://localhost:3251@Bat,0.1
1784894794371,brice,Fight,0.1
1784894794371,brice,http://localhost:3251@bear,0
1784894794371,brice,http://localhost:3251@Ant,0.2
1784894794371,brice,Dance,-0.30000000000000004
1784894794371,brice,Exercise,0.1
1784894794371,brice,http://localhost:3251@alice,0.2
1784894794371,brice,Explore,0.1
1784894794371,brice,Talk,0.2
1784894794371,brice,http://localhost:3251@Bee,-0.1
1784894794996,Ant,Dance,0.2
1784894794996,Ant,http://localhost:3251@Bee,0.1
1784894794996,Ant,Sing,-0.2
1784894794996,Ant,http://localhost:3251@alice,-0.1
1784894794996,Ant,Explore,0.30000000000000004
1784894794996,Ant,Fight,0.1
1784894794996,Ant,http://localhost:3251@Bat,0.1
1784894794996,Ant,http://localhost:3251@brice,-0.1
1784894794996,Ant,Talk,0
1784894794996,Ant,Exercise,0
1784894794996,Ant,http://localhost:3251@bear,0.1
1784894794999,Bat,Explore,-0.4
1784894794999,Bat,Sing,0.1
1784894794999,Bat,http://localhost:3251@brice,-0.1
1784894794999,Bat,Walk,0.1
1784894794999,Bat,http://localhost:3251@alice,0.1
1784894794999,Bat,Fight,0
1784894794999,Bat,http://localhost:3251@Ant,-0.1
1784894794999,Bat,Dance,0.1
1784894794999,Bat,Talk,-0.30000000000000004
1784894794999,Bat,http://localhost:3251@bear,0.1
1784894795232,alice,Explore,0.1
1784894795232,alice,Sing,-0.1
1784894795232,alice,http://localhost:3251@Ant,0
1784894795232,alice,Walk,0
1784894795232,alice,http://localhost:3251@Bat,0.1
1784894795232,alice,Fight,0
1784894795232,alice,http://localhost:3251@bear,-0.1
1784894795232,alice,Exercise,0.1
1784894795232,alice,http://localhost:3251@brice,0.1
1784894795232,alice,Talk,-0.1
1784894795232,alice,http://localhost:3251@Bee,-0.2
1784894795232,Bee,Dance,0
1784894795232,Bee,http://localhost:3251@Ant,-0.1
1784894795232,Bee,Explore,0.6
1784894795232,Bee,Fight,0
1784894795232,Bee,http://localhost:3251@bear,0
1784894795232,Bee,Sing,-0.2
1784894795232,Bee,http://localhost:3251@Bat,-0.1
1784894795232,Bee,http://localhost:3251@brice,0.1
1784894795232,Bee,http://localhost:3251@alice,0
1784894795232,Bee,Talk,0.1
1784894795806,bear,Fight,0
1784894795806,bear,http://localhost:3251@Bee,0.2
1784894795806,bear,http://localhost:3251@alice,-0.2
1784894795806,bear,Explore,0.1
1784894795806,bear,Walk,0
1784894795806,bear,Exercise,0
1784894795806,bear,http://localhost:3251@Ant,-0.1
1784894795806,bear,Sing,-0.1
1784894795806,bear,Talk,0.1
1784894795806,bear,http://localhost:3251@brice,0.1
1784894795807,brice,Sing,0.30000000000000004
1784894795807,brice,http://localhost:3251@Bat,0.1
1784894795807,brice,Fight,0.1
1784894795807,brice,http://localhost:3251@bear,0.1
1784894795807,brice,http://localhost:3251@Ant,0.2
1784894795807,brice,Dance,-0.30000000000000004
1784894795807,brice,Exercise,0.1
1784894795807,brice,http://localhost:3251@alice,0.2
1784894795807,brice,Explore,0.1
1784894795807,brice,Talk,0.2
1784894795807,brice,http://localhost:3251@Bee,-0.1
1784894795807,brice,Walk,0.1
1784894796632,Bat,Explore,-0.30000000000000004
1784894796632,Bat,Sing,0.1
1784894796632,Bat,http://localhost:3251@brice,-0.1
1784894796632,Bat,Walk,0.1
1784894796632,Bat,http://localhost:3251@alice,0.1
1784894796632,Bat,Fight,0
1784894796632,Bat,http://localhost:3251@Ant,-0.1
1784894796632,Bat,Dance,0.1
1784894796632,Bat,Talk,-0.30000000000000004
1784894796632,Bat,http://localhost:3251@bear,0.1
1784894797669,Bat,Explore,-0.30000000000000004
1784894797669,Bat,Sing,0.1
1784894797669,Bat,http://localhost:3251@brice,-0.1
1784894797669,Bat,Walk,0.1
1784894797669,Bat,http://localhost:3251@alice,0.1
1784894797669,Bat,Fight,0.1
1784894797669,Bat,http://localhost:3251@Ant,-0.1
1784894797669,Bat,Dance,0.1
1784894797669,Bat,Talk,-0.30000000000000004
1784894797669,Bat,http://localhost:3251@bear,0.2
1784894797669,bear,Fight,-0.1
1784894797669,bear,http://localhost:3251@Bee,0.2
1784894797669,bear,http://localhost:3251@alice,-0.2
1784894797669,bear,Explore,0.1
1784894797669,bear,Walk,0
1784894797669,bear,Exercise,0
1784894797669,bear,http://localhost:3251@Ant,-0.1
1784894797669,bear,Sing,-0.1
1784894797669,bear,Talk,0.1
1784894797669,bear,http://localhost:3251@brice,0.1
1784894797669,bear,http://localhost:3251@Bat,-0.1
1784894797974,Ant,Dance,0.2
1784894797974,Ant,http://localhost:3251@Bee,0.1
1784894797974,Ant,Sing,-0.2
1784894797974,Ant,http://localhost:3251@alice,-0.1
1784894797974,Ant,Explore,0.4
1784894797974,Ant,Fight,0.1
1784894797974,Ant,http://localhost:3251@Bat,0.1
1784894797974,Ant,http://localhost:3251@brice,-0.1
1784894797974,Ant,Talk,0
1784894797974,Ant,Exercise,0
1784894797974,Ant,http://localhost:3251@bear,0.1
1784894798870,Bee,Dance,0
1784894798870,Bee,http://localhost:3251@Ant,-0.1
1784894798870,Bee,Explore,0.5
1784894798870,Bee,Fight,0
1784894798870,Bee,http://localhost:3251@bear,0
1784894798870,Bee,Sing,-0.2
1784894798870,Bee,http://localhost:3251@Bat,-0.1
1784894798870,Bee,http://localhost:3251@brice,0.1
1784894798870,Bee,http://localhost:3251@alice,0
1784894798870,Bee,Talk,0.1
1784894799180,Ant,Dance,0.2
1784894799180,Ant,http://localhost:3251@Bee,0.1
1784894799180,Ant,Sing,-0.2
1784894799180,Ant,http://localhost:3251@alice,-0.1
1784894799180,Ant,Explore,0.4
1784894799180,Ant,Fight,0.1
1784894799180,Ant,http://localhost:3251@Bat,0.1
1784894799180,Ant,http://localhost:3251@brice,-0.1
1784894799180,Ant,Talk,0
1784894799180,Ant,Exercise,-0.1
1784894799180,Ant,http://localhost:3251@bear,0
1784894799181,brice,Sing,0.30000000000000004
1784894799181,brice,http://localhost:3251@Bat,0.1
1784894799181,brice,Fight,0.1
1784894799181,brice,http://localhost:3251@bear,0.1
1784894799181,brice,http://localhost:3251@Ant,0.30000000000000004
1784894799181,brice,Dance,-0.30000000000000004
1784894799181,brice,Exercise,0.2
1784894799181,brice,http://localhost:3251@alice,0.2
1784894799181,brice,Explore,0.1
1784894799181,brice,Talk,0.2
1784894799181,brice,http://localhost:3251@Bee,-0.1
1784894799181,brice,Walk,0.1
1784894799307,Bat,Explore,-0.20000000000000004
1784894799307,Bat,Sing,0.1
1784894799307,Bat,http://localhost:3251@brice,-0.1
1784894799307,Bat,Walk,0.1
1784894799307,Bat,http://localhost:3251@alice,0.1
1784894799307,Bat,Fight,0.1
1784894799307,Bat,http://localhost:3251@Ant,-0.1
1784894799307,Bat,Dance,0.1
1784894799307,Bat,Talk,-0.30000000000000004
1784894799307,Bat,http://localhost:3251@bear,0.2
1784894799308,bear,Fight,-0.1
1784894799308,bear,http://localhost:3251@Bee,0.2
1784894799308,bear,http://localhost:3251@alice,-0.2
1784894799308,bear,Explore,0
1784894799308,bear,Walk,0
1784894799308,bear,Exercise,0
1784894799308,bear,http://localhost:3251@Ant,-0.1
1784894799308,bear,Sing,-0.1
1784894799308,bear,Talk,0.1
1784894799308,bear,http://localhost:3251@brice,0.1
1784894799308,bear,http://localhost:3251@Bat,-0.1
1784894799684,alice,Explore,0.1
1784894799684,alice,Sing,-0.1
1784894799684,alice,http://localhost:3251@Ant,0
1784894799684,alice,Walk,0
1784894799684,alice,http://localhost:3251@Bat,0.1
1784894799684,alice,Fight,0
1784894799684,alice,http://localhost:3251@bear,0
1784894799684,alice,Exercise,0.1
1784894799684,alice,http://localhost:3251@brice,0.1
1784894799684,alice,Talk,0
1784894799684,alice,http://localhost:3251@Bee,-0.2
1784894799685,bear,Fight,-0.1
1784894799685,bear,http://localhost:3251@Bee,0.2
1784894799685,bear,http://localhost:3251@alice,-0.30000000000000004
1784894799685,bear,Explore,0
1784894799685,bear,Walk,0
1784894799685,bear,Exercise,0
1784894799685,bear,http://localhost:3251@Ant,-0.1
1784894799685,bear,Sing,-0.1
1784894799685,bear,Talk,0
1784894799685,bear,http://localhost:3251@brice,0.1
1784894799685,bear,http://localhost:3251@Bat,-0.1
1784894800231,Bat,Explore,-0.20000000000000004
1784894800231,Bat,Sing,0
1784894800231,Bat,http://localhost:3251@brice,-0.1
1784894800231,Bat,Walk,0.1
1784894800231,Bat,http://localhost:3251@alice,0.1
1784894800231,Bat,Fight,0.1
1784894800231,Bat,http://localhost:3251@Ant,-0.1
1784894800231,Bat,Dance,0.1
1784894800231,Bat,Talk,-0.30000000000000004
1784894800231,Bat,http://localhost:3251@bear,0.2
1784894800231,Bat,http://localhost:3251@Bee,-0.1
1784894800232,Bee,Dance,0
1784894800232,Bee,http://localhost:3251@Ant,-0.1
1784894800232,Bee,Explore,0.5
1784894800232,Bee,Fight,0
1784894800232,Bee,http://localhost:3251@bear,0
1784894800232,Bee,Sing,-0.30000000000000004
1784894800232,Bee,http://localhost:3251@Bat,-0.1
1784894800232,Bee,http://localhost:3251@brice,0.1
1784894800232,Bee,http://localhost:3251@alice,-0.1
1784894800232,Bee,Talk,0.1
1784894800877,brice,Sing,0.30000000000000004
1784894800877,brice,http://localhost:3251@Bat,0.1
1784894800877,brice,Fight,0.1
1784894800877,brice,http://localhost:3251@bear,0.1
1784894800877,brice,http://localhost:3251@Ant,0.30000000000000004
1784894800877,brice,Dance,-0.30000000000000004
1784894800877,brice,Exercise,0.2
1784894800877,brice,http://localhost:3251@alice,0.2
1784894800877,brice,Explore,0
1784894800877,brice,Talk,0.2
1784894800877,brice,http://localhost:3251@Bee,-0.1
1784894800877,brice,Walk,0.1
1784894800939,alice,Explore,0.1
1784894800939,alice,Sing,-0.1
1784894800939,alice,http://localhost:3251@Ant,0.1
1784894800939,alice,Walk,0
1784894800939,alice,http://localhost:3251@Bat,0.1
1784894800939,alice,Fight,0.1
1784894800939,alice,http://localhost:3251@bear,0
1784894800939,alice,Exercise,0.1
1784894800939,alice,http://localhost:3251@brice,0.1
1784894800939,alice,Talk,0
1784894800939,alice,http://localhost:3251@Bee,-0.2
1784894800940,Ant,Dance,0.2
1784894800940,Ant,http://localhost:3251@Bee,0.1
1784894800940,Ant,Sing,-0.2
1784894800940,Ant,http://localhost:3251@alice,-0.1
1784894800940,Ant,Explore,0.4
1784894800940,Ant,Fight,0
1784894800940,Ant,http://localhost:3251@Bat,0
1784894800940,Ant,http://localhost:3251@brice,-0.1
1784894800940,Ant,Talk,0
1784894800940,Ant,Exercise,-0.1
1784894800940,Ant,http://localhost:3251@bear,0
1784894801986,bear,Fight,-0.1
1784894801986,bear,http://localhost:3251@Bee,0.2
1784894801986,bear,http://localhost:3251@alice,-0.30000000000000004
1784894801986,bear,Explore,-0.1
1784894801986,bear,Walk,0
1784894801986,bear,Exercise,0
1784894801986,bear,http://localhost:3251@Ant,-0.1
1784894801986,bear,Sing,-0.1
1784894801986,bear,Talk,0
1784894801986,bear,http://localhost:3251@brice,0.1
1784894801986,bear,http://localhost:3251@Bat,-0.1
1784894802705,Bat,Explore,-0.20000000000000004
1784894802705,Bat,Sing,0
1784894802705,Bat,http://localhost:3251@brice,0
1784894802705,Bat,Walk,0.1
1784894802705,Bat,http://localhost:3251@alice,0.1
1784894802705,Bat,Fight,0.1
1784894802705,Bat,http://localhost:3251@Ant,-0.1
1784894802705,Bat,Dance,0.1
1784894802705,Bat,Talk,-0.30000000000000004
1784894802705,Bat,http://localhost:3251@bear,0.2
1784894802705,Bat,http://localhost:3251@Bee,-0.1
1784894802705,Bat,Exercise,0.1
1784894802705,brice,Sing,0.30000000000000004
1784894802705,brice,http://localhost:3251@Bat,0.2
1784894802705,brice,Fight,0.1
1784894802705,brice,http://localhost:3251@bear,0.1
1784894802705,brice,http://localhost:3251@Ant,0.30000000000000004
1784894802705,brice,Dance,-0.30000000000000004
1784894802705,brice,Exercise,0.30000000000000004
1784894802705,brice,http://localhost:3251@alice,0.2
1784894802705,brice,Explore,0
1784894802705,brice,Talk,0.2
1784894802705,brice,http://localhost:3251@Bee,-0.1
1784894802705,brice,Walk,0.1
1784894802875,Ant,Dance,0.2
1784894802875,Ant,http://localhost:3251@Bee,0.1
1784894802875,Ant,Sing,-0.2
1784894802875,Ant,http://localhost:3251@alice,-0.1
1784894802875,Ant,Explore,0.4
1784894802875,Ant,Fight,0
1784894802875,Ant,http://localhost:3251@Bat,0
1784894802875,Ant,http://localhost:3251@brice,-0.1
1784894802875,Ant,Talk,0
1784894802875,Ant,Exercise,-0.1
1784894802875,Ant,http://localhost:3251@bear,-0.1
1784894802875,Ant,Play,-0.1
1784894802876,bear,Fight,-0.1
1784894802876,bear,http://localhost:3251@Bee,0.2
1784894802876,bear,http://localhost:3251@alice,-0.30000000000000004
1784894802876,bear,Explore,-0.1
1784894802876,bear,Walk,0
1784894802876,bear,Exercise,0
1784894802876,bear,http://localhost:3251@Ant,-0.2
1784894802876,bear,Sing,-0.1
1784894802876,bear,Talk,0
1784894802876,bear,http://localhost:3251@brice,0.1
1784894802876,bear,http://localhost:3251@Bat,-0.1
1784894802876,bear,Play,-0.1
1784894803168,Bee,Dance,0
1784894803168,Bee,http://localhost:3251@Ant,-0.1
1784894803168,Bee,Explore,0.6
1784894803168,Bee,Fight,0
1784894803168,Bee,http://localhost:3251@bear,0
1784894803168,Bee,Sing,-0.30000000000000004
1784894803168,Bee,http://localhost:3251@Bat,-0.1
1784894803168,Bee,http://localhost:3251@brice,0.1
1784894803168,Bee,http://localhost:3251@alice,-0.1
1784894803168,Bee,Talk,0.1
1784894804184,alice,Explore,0.1
1784894804184,alice,Sing,-0.1
1784894804184,alice,http://localhost:3251@Ant,0.2
1784894804184,alice,Walk,0
1784894804184,alice,http://localhost:3251@Bat,0.1
1784894804184,alice,Fight,0.1
1784894804184,alice,http://localhost:3251@bear,0
1784894804184,alice,Exercise,0.1
1784894804184,alice,http://localhost:3251@brice,0.1
1784894804184,alice,Talk,0
1784894804184,alice,http://localhost:3251@Bee,-0.2
1784894804184,alice,Play,0.1
1784894804185,Ant,Dance,0.2
1784894804185,Ant,http://localhost:3251@Bee,0.1
1784894804185,Ant,Sing,-0.2
1784894804185,Ant,http://localhost:3251@alice,-0.1
1784894804185,Ant,Explore,0.4
1784894804185,Ant,Fight,0
1784894804185,Ant,http://localhost:3251@Bat,0
1784894804185,Ant,http://localhost:3251@brice,-0.1
1784894804185,Ant,Talk,0
1784894804185,Ant,Exercise,-0.1
1784894804185,Ant,http://localhost:3251@bear,0
1784894804185,Ant,Play,0
1784894804363,brice,Sing,0.30000000000000004
1784894804363,brice,http://localhost:3251@Bat,0.2
1784894804363,brice,Fight,0.1
1784894804363,brice,http://localhost:3251@bear,0.1
1784894804363,brice,http://localhost:3251@Ant,0.30000000000000004
1784894804363,brice,Dance,-0.30000000000000004
1784894804363,brice,Exercise,0.30000000000000004
1784894804363,brice,http://localhost:3251@alice,0.2
1784894804363,brice,Explore,-0.1
1784894804363,brice,Talk,0.2
1784894804363,brice,http://localhost:3251@Bee,-0.1
1784894804363,brice,Walk,0.1
1784894804948,Bee,Dance,0
1784894804948,Bee,http://localhost:3251@Ant,-0.1
1784894804948,Bee,Explore,0.6
1784894804948,Bee,Fight,0
1784894804948,Bee,http://localhost:3251@bear,0
1784894804948,Bee,Sing,-0.30000000000000004
1784894804948,Bee,http://localhost:3251@Bat,-0.1
1784894804948,Bee,http://localhost:3251@brice,0.2
1784894804948,Bee,http://localhost:3251@alice,-0.1
1784894804948,Bee,Talk,0.1
1784894804948,Bee,Exercise,0.1
1784894804948,brice,Sing,0.30000000000000004
1784894804948,brice,http://localhost:3251@Bat,0.2
1784894804948,brice,Fight,0.1
1784894804948,brice,http://localhost:3251@bear,0.1
1784894804948,brice,http://localhost:3251@Ant,0.30000000000000004
1784894804948,brice,Dance,-0.30000000000000004
1784894804948,brice,Exercise,0.4
1784894804948,brice,http://localhost:3251@alice,0.2
1784894804948,brice,Explore,-0.1
1784894804948,brice,Talk,0.2
1784894804948,brice,http://localhost:3251@Bee,0
1784894804948,brice,Walk,0.1
1784894805704,Bat,Explore,-0.20000000000000004
1784894805704,Bat,Sing,0
1784894805704,Bat,http://localhost:3251@brice,0
1784894805704,Bat,Walk,0.1
1784894805704,Bat,http://localhost:3251@alice,0.1
1784894805704,Bat,Fight,0.2
1784894805704,Bat,http://localhost:3251@Ant,-0.1
1784894805704,Bat,Dance,0.1
1784894805704,Bat,Talk,-0.30000000000000004
1784894805704,Bat,http://localhost:3251@bear,0.30000000000000004
1784894805704,Bat,http://localhost:3251@Bee,-0.1
1784894805704,Bat,Exercise,0.1
1784894805706,Bee,Dance,0
1784894805706,Bee,http://localhost:3251@Ant,-0.1
1784894805706,Bee,Explore,0.6
1784894805706,Bee,Fight,-0.1
1784894805706,Bee,http://localhost:3251@bear,0
1784894805706,Bee,Sing,-0.30000000000000004
1784894805706,Bee,http://localhost:3251@Bat,-0.2
1784894805706,Bee,http://localhost:3251@brice,0.2
1784894805706,Bee,http://localhost:3251@alice,-0.1
1784894805706,Bee,Talk,0.1
1784894805706,Bee,Exercise,0.1
1784894806284,Ant,Dance,0.30000000000000004
1784894806284,Ant,http://localhost:3251@Bee,0.1
1784894806284,Ant,Sing,-0.2
1784894806284,Ant,http://localhost:3251@alice,-0.1
1784894806284,Ant,Explore,0.4
1784894806284,Ant,Fight,0
1784894806284,Ant,http://localhost:3251@Bat,0
1784894806284,Ant,http://localhost:3251@brice,0
1784894806284,Ant,Talk,0
1784894806284,Ant,Exercise,-0.1
1784894806284,Ant,http://localhost:3251@bear,0
1784894806284,Ant,Play,0
1784894806285,brice,Sing,0.30000000000000004
1784894806285,brice,http://localhost:3251@Bat,0.30000000000000004
1784894806285,brice,Fight,0.1
1784894806285,brice,http://localhost:3251@bear,0.1
1784894806285,brice,http://localhost:3251@Ant,0.30000000000000004
1784894806285,brice,Dance,-0.20000000000000004
1784894806285,brice,Exercise,0.4
1784894806285,brice,http://localhost:3251@alice,0.2
1784894806285,brice,Explore,-0.1
1784894806285,brice,Talk,0.2
1784894806285,brice,http://localhost:3251@Bee,0
1784894806285,brice,Walk,0.1
1784894806341,alice,Explore,0.2
1784894806341,alice,Sing,-0.1
1784894806341,alice,http://localhost:3251@Ant,0.2
1784894806341,alice,Walk,0
1784894806341,alice,http://localhost:3251@Bat,0.1
1784894806341,alice,Fight,0.1
1784894806341,alice,http://localhost:3251@bear,0
1784894806341,alice,Exercise,0.1
1784894806341,alice,http://localhost:3251@brice,0.1
1784894806341,alice,Talk,0
1784894806341,alice,http://localhost:3251@Bee,-0.2
1784894806341,alice,Play,0.1
1784894806342,bear,Fight,-0.1
1784894806342,bear,http://localhost:3251@Bee,0.2
1784894806342,bear,http://localhost:3251@alice,-0.30000000000000004
1784894806342,bear,Explore,-0.2
1784894806342,bear,Walk,0
1784894806342,bear,Exercise,0
1784894806342,bear,http://localhost:3251@Ant,-0.2
1784894806342,bear,Sing,-0.1
1784894806342,bear,Talk,0
1784894806342,bear,http://localhost:3251@brice,0.1
1784894806342,bear,http://localhost:3251@Bat,-0.1
1784894806342,bear,Play,-0.1
1784894807267,alice,Explore,0.2
1784894807267,alice,Sing,-0.1
1784894807267,alice,http://localhost:3251@Ant,0.2
1784894807267,alice,Walk,0
1784894807267,alice,http://localhost:3251@Bat,0.1
1784894807267,alice,Fight,0.1
1784894807267,alice,http://localhost:3251@bear,0
1784894807267,alice,Exercise,0.1
1784894807267,alice,http://localhost:3251@brice,0
1784894807267,alice,Talk,-0.1
1784894807267,alice,http://localhost:3251@Bee,-0.2
1784894807267,alice,Play,0.1
1784894807268,brice,Sing,0.30000000000000004
1784894807268,brice,http://localhost:3251@Bat,0.4
1784894807268,brice,Fight,0.1
1784894807268,brice,http://localhost:3251@bear,0.1
1784894807268,brice,http://localhost:3251@Ant,0.30000000000000004
1784894807268,brice,Dance,-0.20000000000000004
1784894807268,brice,Exercise,0.4
1784894807268,brice,http://localhost:3251@alice,0.2
1784894807268,brice,Explore,-0.1
1784894807268,brice,Talk,0.30000000000000004
1784894807268,brice,http://localhost:3251@Bee,0
1784894807268,brice,Walk,0.1
1784894807452,bear,Fight,-0.1
1784894807452,bear,http://localhost:3251@Bee,0.1
1784894807452,bear,http://localhost:3251@alice,-0.30000000000000004
1784894807452,bear,Explore,-0.2
1784894807452,bear,Walk,0
1784894807452,bear,Exercise,0
1784894807452,bear,http://localhost:3251@Ant,-0.2
1784894807452,bear,Sing,-0.1
1784894807452,bear,Talk,-0.1
1784894807452,bear,http://localhost:3251@brice,0.1
1784894807452,bear,http://localhost:3251@Bat,-0.1
1784894807452,bear,Play,-0.1
1784894807452,Bee,Dance,0
1784894807452,Bee,http://localhost:3251@Ant,-0.1
1784894807452,Bee,Explore,0.6
1784894807452,Bee,Fight,-0.1
1784894807452,Bee,http://localhost:3251@bear,-0.1
1784894807452,Bee,Sing,-0.30000000000000004
1784894807452,Bee,http://localhost:3251@Bat,-0.2
1784894807452,Bee,http://localhost:3251@brice,0.2
1784894807452,Bee,http://localhost:3251@alice,-0.1
1784894807452,Bee,Talk,0
1784894807452,Bee,Exercise,0.1
1784894808626,Bat,Explore,-0.20000000000000004
1784894808626,Bat,Sing,-0.1
1784894808626,Bat,http://localhost:3251@brice,-0.1
1784894808626,Bat,Walk,0.1
1784894808626,Bat,http://localhost:3251@alice,0.1
1784894808626,Bat,Fight,0.2
1784894808626,Bat,http://localhost:3251@Ant,-0.1
1784894808626,Bat,Dance,0.1
1784894808626,Bat,Talk,-0.30000000000000004
1784894808626,Bat,http://localhost:3251@bear,0.30000000000000004
1784894808626,Bat,http://localhost:3251@Bee,-0.1
1784894808626,Bat,Exercise,0.1
1784894808627,brice,Sing,0.4
1784894808627,brice,http://localhost:3251@Bat,0.4
1784894808627,brice,Fight,0.1
1784894808627,brice,http://localhost:3251@bear,0.1
1784894808627,brice,http://localhost:3251@Ant,0.4
1784894808627,brice,Dance,-0.20000000000000004
1784894808627,brice,Exercise,0.4
1784894808627,brice,http://localhost:3251@alice,0.2
1784894808627,brice,Explore,-0.1
1784894808627,brice,Talk,0.30000000000000004
1784894808627,brice,http://localhost:3251@Bee,0
1784894808627,brice,Walk,0.1
1784894808750,Ant,Dance,0.20000000000000004
1784894808750,Ant,http://localhost:3251@Bee,0.1
1784894808750,Ant,Sing,-0.2
1784894808750,Ant,http://localhost:3251@alice,-0.1
1784894808750,Ant,Explore,0.4
1784894808750,Ant,Fight,0
1784894808750,Ant,http://localhost:3251@Bat,0
1784894808750,Ant,http://localhost:3251@brice,0
1784894808750,Ant,Talk,0
1784894808750,Ant,Exercise,-0.1
1784894808750,Ant,http://localhost:3251@bear,-0.1
1784894808750,Ant,Play,0
1784894808751,bear,Fight,-0.1
1784894808751,bear,http://localhost:3251@Bee,0.1
1784894808751,bear,http://localhost:3251@alice,-0.30000000000000004
1784894808751,bear,Explore,-0.2
1784894808751,bear,Walk,0
1784894808751,bear,Exercise,0
1784894808751,bear,http://localhost:3251@Ant,-0.1
1784894808751,bear,Sing,-0.1
1784894808751,bear,Talk,-0.1
1784894808751,bear,http://localhost:3251@brice,0.1
1784894808751,bear,http://localhost:3251@Bat,-0.1
1784894808751,bear,Play,-0.1
1784894808751,bear,Dance,0.1
1784894808867,alice,Explore,0.30000000000000004
1784894808867,alice,Sing,-0.1
1784894808867,alice,http://localhost:3251@Ant,0.2
1784894808867,alice,Walk,0
1784894808867,alice,http://localhost:3251@Bat,0.1
1784894808867,alice,Fight,0.1
1784894808867,alice,http://localhost:3251@bear,0
1784894808867,alice,Exercise,0.1
1784894808867,alice,http://localhost:3251@brice,0
1784894808867,alice,Talk,-0.1
1784894808867,alice,http://localhost:3251@Bee,-0.2
1784894808867,alice,Play,0.1
1784894809753,alice,Explore,0.30000000000000004
1784894809753,alice,Sing,-0.1
1784894809753,alice,http://localhost:3251@Ant,0.30000000000000004
1784894809753,alice,Walk,0
1784894809753,alice,http://localhost:3251@Bat,0.1
1784894809753,alice,Fight,0.2
1784894809753,alice,http://localhost:3251@bear,0
1784894809753,alice,Exercise,0.1
1784894809753,alice,http://localhost:3251@brice,0
1784894809753,alice,Talk,-0.1
1784894809753,alice,http://localhost:3251@Bee,-0.2
1784894809753,alice,Play,0.1
1784894809754,Ant,Dance,0.20000000000000004
1784894809754,Ant,http://localhost:3251@Bee,0.1
1784894809754,Ant,Sing,-0.2
1784894809754,Ant,http://localhost:3251@alice,-0.1
1784894809754,Ant,Explore,0.4
1784894809754,Ant,Fight,0.1
1784894809754,Ant,http://localhost:3251@Bat,0.1
1784894809754,Ant,http://localhost:3251@brice,0
1784894809754,Ant,Talk,0
1784894809754,Ant,Exercise,-0.1
1784894809754,Ant,http://localhost:3251@bear,-0.1
1784894809754,Ant,Play,0
1784894809755,Bat,Explore,-0.20000000000000004
1784894809755,Bat,Sing,-0.1
1784894809755,Bat,http://localhost:3251@brice,-0.1
1784894809755,Bat,Walk,0.1
1784894809755,Bat,http://localhost:3251@alice,0.1
1784894809755,Bat,Fight,0.2
1784894809755,Bat,http://localhost:3251@Ant,-0.1
1784894809755,Bat,Dance,0.1
1784894809755,Bat,Talk,-0.4
1784894809755,Bat,http://localhost:3251@bear,0.20000000000000004
1784894809755,Bat,http://localhost:3251@Bee,-0.1
1784894809755,Bat,Exercise,0.1
1784894809756,bear,Fight,-0.1
1784894809756,bear,http://localhost:3251@Bee,0.1
1784894809756,bear,http://localhost:3251@alice,-0.30000000000000004
1784894809756,bear,Explore,-0.2
1784894809756,bear,Walk,0
1784894809756,bear,Exercise,0
1784894809756,bear,http://localhost:3251@Ant,-0.1
1784894809756,bear,Sing,-0.1
1784894809756,bear,Talk,-0.2
1784894809756,bear,http://localhost:3251@brice,0.1
1784894809756,bear,http://localhost:3251@Bat,-0.2
1784894809756,bear,Play,-0.1
1784894809756,bear,Dance,0.1
1784894810436,alice,Explore,0.30000000000000004
1784894810436,alice,Sing,-0.1
1784894810436,alice,http://localhost:3251@Ant,0.30000000000000004
1784894810436,alice,Walk,0
1784894810436,alice,http://localhost:3251@Bat,0.1
1784894810436,alice,Fight,0.2
1784894810436,alice,http://localhost:3251@bear,0
1784894810436,alice,Exercise,0.1
1784894810436,alice,http://localhost:3251@brice,0
1784894810436,alice,Talk,0
1784894810436,alice,http://localhost:3251@Bee,-0.1
1784894810436,alice,Play,0.1
1784894810437,Bee,Dance,0
1784894810437,Bee,http://localhost:3251@Ant,-0.1
1784894810437,Bee,Explore,0.6
1784894810437,Bee,Fight,-0.1
1784894810437,Bee,http://localhost:3251@bear,-0.2
1784894810437,Bee,Sing,-0.30000000000000004
1784894810437,Bee,http://localhost:3251@Bat,-0.2
1784894810437,Bee,http://localhost:3251@brice,0.2
1784894810437,Bee,http://localhost:3251@alice,-0.1
1784894810437,Bee,Talk,-0.1
1784894810437,Bee,Exercise,0.1
1784894810561,bear,Fight,-0.1
1784894810561,bear,http://localhost:3251@Bee,0.1
1784894810561,bear,http://localhost:3251@alice,-0.30000000000000004
1784894810561,bear,Explore,-0.2
1784894810561,bear,Walk,0
1784894810561,bear,Exercise,0
1784894810561,bear,http://localhost:3251@Ant,-0.1
1784894810561,bear,Sing,-0.1
1784894810561,bear,Talk,-0.2
1784894810561,bear,http://localhost:3251@brice,0
1784894810561,bear,http://localhost:3251@Bat,-0.2
1784894810561,bear,Play,-0.2
1784894810561,bear,Dance,0.1
1784894810562,brice,Sing,0.4
1784894810562,brice,http://localhost:3251@Bat,0.4
1784894810562,brice,Fight,0.1
1784894810562,brice,http://localhost:3251@bear,0
1784894810562,brice,http://localhost:3251@Ant,0.4
1784894810562,brice,Dance,-0.20000000000000004
1784894810562,brice,Exercise,0.4
1784894810562,brice,http://localhost:3251@alice,0.2
1784894810562,brice,Explore,-0.1
1784894810562,brice,Talk,0.30000000000000004
1784894810562,brice,http://localhost:3251@Bee,0
1784894810562,brice,Walk,0.1
1784894810562,brice,Play,-0.1
1784894811609,alice,Explore,0.30000000000000004
1784894811609,alice,Sing,-0.1
1784894811609,alice,http://localhost:3251@Ant,0.30000000000000004
1784894811609,alice,Walk,0
1784894811609,alice,http://localhost:3251@Bat,0.2
1784894811609,alice,Fight,0.2
1784894811609,alice,http://localhost:3251@bear,0
1784894811609,alice,Exercise,0.1
1784894811609,alice,http://localhost:3251@brice,0
1784894811609,alice,Talk,0
1784894811609,alice,http://localhost:3251@Bee,-0.1
1784894811609,alice,Play,0.2
1784894811612,Bat,Explore,-0.20000000000000004
1784894811612,Bat,Sing,-0.1
1784894811612,Bat,http://localhost:3251@brice,-0.1
1784894811612,Bat,Walk,0.1
1784894811612,Bat,http://localhost:3251@alice,0.2
1784894811612,Bat,Fight,0.2
1784894811612,Bat,http://localhost:3251@Ant,-0.1
1784894811612,Bat,Dance,0.1
1784894811612,Bat,Talk,-0.4
1784894811612,Bat,http://localhost:3251@bear,0.20000000000000004
1784894811612,Bat,http://localhost:3251@Bee,-0.1
1784894811612,Bat,Exercise,0.1
1784894811612,Bat,Play,0.1
1784894811899,Ant,Dance,0.20000000000000004
1784894811899,Ant,http://localhost:3251@Bee,0.1
1784894811899,Ant,Sing,-0.2
1784894811899,Ant,http://localhost:3251@alice,-0.1
1784894811899,Ant,Explore,0.5
1784894811899,Ant,Fight,0.1
1784894811899,Ant,http://localhost:3251@Bat,0.1
1784894811899,Ant,http://localhost:3251@brice,0
1784894811899,Ant,Talk,0
1784894811899,Ant,Exercise,-0.1
1784894811899,Ant,http://localhost:3251@bear,-0.1
1784894811899,Ant,Play,0
1784894812287,Bat,Explore,-0.20000000000000004
1784894812287,Bat,Sing,-0.1
1784894812287,Bat,http://localhost:3251@brice,-0.1
1784894812287,Bat,Walk,0
1784894812287,Bat,http://localhost:3251@alice,0.2
1784894812287,Bat,Fight,0.2
1784894812287,Bat,http://localhost:3251@Ant,-0.1
1784894812287,Bat,Dance,0.1
1784894812287,Bat,Talk,-0.4
1784894812287,Bat,http://localhost:3251@bear,0.20000000000000004
1784894812287,Bat,http://localhost:3251@Bee,-0.2
1784894812287,Bat,Exercise,0.1
1784894812287,Bat,Play,0.1
1784894812288,Bee,Dance,0
1784894812288,Bee,http://localhost:3251@Ant,-0.1
1784894812288,Bee,Explore,0.6
1784894812288,Bee,Fight,-0.1
1784894812288,Bee,http://localhost:3251@bear,-0.2
1784894812288,Bee,Sing,-0.30000000000000004
1784894812288,Bee,http://localhost:3251@Bat,-0.1
1784894812288,Bee,http://localhost:3251@brice,0.2
1784894812288,Bee,http://localhost:3251@alice,-0.1
1784894812288,Bee,Talk,-0.1
1784894812288,Bee,Exercise,0.1
1784894812288,Bee,Walk,0.1
1784894812784,Bat,Explore,-0.20000000000000004
1784894812784,Bat,Sing,-0.1
1784894812784,Bat,http://localhost:3251@brice,-0.2
1784894812784,Bat,Walk,0
1784894812784,Bat,http://localhost:3251@alice,0.2
1784894812784,Bat,Fight,0.1
1784894812784,Bat,http://localhost:3251@Ant,-0.1
1784894812784,Bat,Dance,0.1
1784894812784,Bat,Talk,-0.4
1784894812784,Bat,http://localhost:3251@bear,0.20000000000000004
1784894812784,Bat,http://localhost:3251@Bee,-0.2
1784894812784,Bat,Exercise,0.1
1784894812784,Bat,Play,0.1
1784894812786,brice,Sing,0.4
1784894812786,brice,http://localhost:3251@Bat,0.5
1784894812786,brice,Fight,0.2
1784894812786,brice,http://localhost:3251@bear,0
1784894812786,brice,http://localhost:3251@Ant,0.4
1784894812786,brice,Dance,-0.20000000000000004
1784894812786,brice,Exercise,0.4
1784894812786,brice,http://localhost:3251@alice,0.2
1784894812786,brice,Explore,-0.1
1784894812786,brice,Talk,0.30000000000000004
1784894812786,brice,http://localhost:3251@Bee,0
1784894812786,brice,Walk,0.1
1784894812786,brice,Play,-0.1
1784894813391,bear,Fight,-0.1
1784894813391,bear,http://localhost:3251@Bee,0.1
1784894813391,bear,http://localhost:3251@alice,-0.30000000000000004
1784894813391,bear,Explore,-0.1
1784894813391,bear,Walk,0
1784894813391,bear,Exercise,0
1784894813391,bear,http://localhost:3251@Ant,-0.1
1784894813391,bear,Sing,-0.1
1784894813391,bear,Talk,-0.2
1784894813391,bear,http://localhost:3251@brice,0
1784894813391,bear,http://localhost:3251@Bat,-0.2
1784894813391,bear,Play,-0.2
1784894813391,bear,Dance,0.1
1784894813497,alice,Explore,0.30000000000000004
1784894813497,alice,Sing,-0.1
1784894813497,alice,http://localhost:3251@Ant,0.30000000000000004
1784894813497,alice,Walk,0
1784894813497,alice,http://localhost:3251@Bat,0.2
1784894813497,alice,Fight,0.2
1784894813497,alice,http://localhost:3251@bear,0
1784894813497,alice,Exercise,0.2
1784894813497,alice,http://localhost:3251@brice,0.1
1784894813497,alice,Talk,0
1784894813497,alice,http://localhost:3251@Bee,-0.1
1784894813497,alice,Play,0.2
1784894813497,Bat,Explore,-0.20000000000000004
1784894813497,Bat,Sing,-0.1
1784894813497,Bat,http://localhost:3251@brice,-0.2
1784894813497,Bat,Walk,0
1784894813497,Bat,http://localhost:3251@alice,0.1
1784894813497,Bat,Fight,0.1
1784894813497,Bat,http://localhost:3251@Ant,-0.1
1784894813497,Bat,Dance,0.1
1784894813497,Bat,Talk,-0.4
1784894813497,Bat,http://localhost:3251@bear,0.20000000000000004
1784894813497,Bat,http://localhost:3251@Bee,-0.2
1784894813497,Bat,Exercise,0
1784894813497,Bat,Play,0.1
1784894814003,bear,Fight,-0.1
1784894814003,bear,http://localhost:3251@Bee,0.2
1784894814003,bear,http://localhost:3251@alice,-0.30000000000000004
1784894814003,bear,Explore,-0.1
1784894814003,bear,Walk,0
1784894814003,bear,Exercise,0
1784894814003,bear,http://localhost:3251@Ant,-0.1
1784894814003,bear,Sing,-0.1
1784894814003,bear,Talk,-0.1
1784894814003,bear,http://localhost:3251@brice,0
1784894814003,bear,http://localhost:3251@Bat,-0.2
1784894814003,bear,Play,-0.2
1784894814003,bear,Dance,0.1
1784894814005,Bee,Dance,0
1784894814005,Bee,http://localhost:3251@Ant,-0.1
1784894814005,Bee,Explore,0.6
1784894814005,Bee,Fight,-0.1
1784894814005,Bee,http://localhost:3251@bear,-0.30000000000000004
1784894814005,Bee,Sing,-0.30000000000000004
1784894814005,Bee,http://localhost:3251@Bat,-0.1
1784894814005,Bee,http://localhost:3251@brice,0.2
1784894814005,Bee,http://localhost:3251@alice,-0.1
1784894814005,Bee,Talk,-0.2
1784894814005,Bee,Exercise,0.1
1784894814005,Bee,Walk,0.1
1784894814814,Ant,Dance,0.20000000000000004
1784894814814,Ant,http://localhost:3251@Bee,0.1
1784894814814,Ant,Sing,-0.2
1784894814814,Ant,http://localhost:3251@alice,-0.1
1784894814814,Ant,Explore,0.5
1784894814814,Ant,Fight,0.1
1784894814814,Ant,http://localhost:3251@Bat,0.1
1784894814814,Ant,http://localhost:3251@brice,0.1
1784894814814,Ant,Talk,0
1784894814814,Ant,Exercise,-0.1
1784894814814,Ant,http://localhost:3251@bear,-0.1
1784894814814,Ant,Play,0.1
1784894814815,brice,Sing,0.4
1784894814815,brice,http://localhost:3251@Bat,0.5
1784894814815,brice,Fight,0.2
1784894814815,brice,http://localhost:3251@bear,-0.1
1784894814815,brice,http://localhost:3251@Ant,0.4
1784894814815,brice,Dance,-0.20000000000000004
1784894814815,brice,Exercise,0.4
1784894814815,brice,http://localhost:3251@alice,0.2
1784894814815,brice,Explore,-0.1
1784894814815,brice,Talk,0.30000000000000004
1784894814815,brice,http://localhost:3251@Bee,0
1784894814815,brice,Walk,0.1
1784894814815,brice,Play,-0.2
1784894815563,Ant,Dance,0.20000000000000004
1784894815563,Ant,http://localhost:3251@Bee,0.1
1784894815563,Ant,Sing,-0.2
1784894815563,Ant,http://localhost:3251@alice,-0.1
1784894815563,Ant,Explore,0.5
1784894815563,Ant,Fight,0.1
1784894815563,Ant,http://localhost:3251@Bat,0.2
1784894815563,Ant,http://localhost:3251@brice,0.1
1784894815563,Ant,Talk,0
1784894815563,Ant,Exercise,-0.1
1784894815563,Ant,http://localhost:3251@bear,-0.1
1784894815563,Ant,Play,0.1
1784894815563,Ant,Walk,0.1
1784894815564,Bat,Explore,-0.20000000000000004
1784894815564,Bat,Sing,-0.1
1784894815564,Bat,http://localhost:3251@brice,-0.2
1784894815564,Bat,Walk,0.1
1784894815564,Bat,http://localhost:3251@alice,0.2
1784894815564,Bat,Fight,0.1
1784894815564,Bat,http://localhost:3251@Ant,-0.1
1784894815564,Bat,Dance,0.1
1784894815564,Bat,Talk,-0.4
1784894815564,Bat,http://localhost:3251@bear,0.20000000000000004
1784894815564,Bat,http://localhost:3251@Bee,-0.2
1784894815564,Bat,Exercise,0
1784894815564,Bat,Play,0.1
1784894815688,bear,Fight,-0.1
1784894815688,bear,http://localhost:3251@Bee,0.2
1784894815688,bear,http://localhost:3251@alice,-0.30000000000000004
1784894815688,bear,Explore,0
1784894815688,bear,Walk,0
1784894815688,bear,Exercise,0
1784894815688,bear,http://localhost:3251@Ant,-0.1
1784894815688,bear,Sing,-0.1
1784894815688,bear,Talk,-0.1
1784894815688,bear,http://localhost:3251@brice,0
1784894815688,bear,http://localhost:3251@Bat,-0.2
1784894815688,bear,Play,-0.2
1784894815688,bear,Dance,0.1
1784894815688,Bee,Dance,0
1784894815688,Bee,http://localhost:3251@Ant,-0.1
1784894815688,Bee,Explore,0.5
1784894815688,Bee,Fight,-0.1
1784894815688,Bee,http://localhost:3251@bear,-0.30000000000000004
1784894815688,Bee,Sing,-0.30000000000000004
1784894815688,Bee,http://localhost:3251@Bat,-0.1
1784894815688,Bee,http://localhost:3251@brice,0.2
1784894815688,Bee,http://localhost:3251@alice,-0.1
1784894815688,Bee,Talk,-0.2
1784894815688,Bee,Exercise,0.1
1784894815688,Bee,Walk,0.1
1784894816232,alice,Explore,0.30000000000000004
1784894816232,alice,Sing,-0.1
1784894816232,alice,http://localhost:3251@Ant,0.20000000000000004
1784894816232,alice,Walk,0
1784894816232,alice,http://localhost:3251@Bat,0.2
1784894816232,alice,Fight,0.2
1784894816232,alice,http://localhost:3251@bear,0
1784894816232,alice,Exercise,0.2
1784894816232,alice,http://localhost:3251@brice,0.1
1784894816232,alice,Talk,0
1784894816232,alice,http://localhost:3251@Bee,-0.1
1784894816232,alice,Play,0.1
1784894816233,Ant,Dance,0.20000000000000004
1784894816233,Ant,http://localhost:3251@Bee,0.1
1784894816233,Ant,Sing,-0.2
1784894816233,Ant,http://localhost:3251@alice,0
1784894816233,Ant,Explore,0.5
1784894816233,Ant,Fight,0.1
1784894816233,Ant,http://localhost:3251@Bat,0.2
1784894816233,Ant,http://localhost:3251@brice,0.1
1784894816233,Ant,Talk,0
1784894816233,Ant,Exercise,-0.1
1784894816233,Ant,http://localhost:3251@bear,-0.1
1784894816233,Ant,Play,0.2
1784894816233,Ant,Walk,0.1
1784894816858,Bat,Explore,-0.20000000000000004
1784894816858,Bat,Sing,-0.1
1784894816858,Bat,http://localhost:3251@brice,-0.30000000000000004
1784894816858,Bat,Walk,0
1784894816858,Bat,http://localhost:3251@alice,0.2
1784894816858,Bat,Fight,0.1
1784894816858,Bat,http://localhost:3251@Ant,-0.1
1784894816858,Bat,Dance,0.1
1784894816858,Bat,Talk,-0.4
1784894816858,Bat,http://localhost:3251@bear,0.20000000000000004
1784894816858,Bat,http://localhost:3251@Bee,-0.2
1784894816858,Bat,Exercise,0
1784894816858,Bat,Play,0.1
1784894816860,brice,Sing,0.4
1784894816860,brice,http://localhost:3251@Bat,0.6
1784894816860,brice,Fight,0.2
1784894816860,brice,http://localhost:3251@bear,-0.1
1784894816860,brice,http://localhost:3251@Ant,0.4
1784894816860,brice,Dance,-0.20000000000000004
1784894816860,brice,Exercise,0.4
1784894816860,brice,http://localhost:3251@alice,0.2
1784894816860,brice,Explore,-0.1
1784894816860,brice,Talk,0.30000000000000004
1784894816860,brice,http://localhost:3251@Bee,0
1784894816860,brice,Walk,0.2
1784894816860,brice,Play,-0.2
1784894817609,alice,Explore,0.30000000000000004
1784894817609,alice,Sing,-0.1
1784894817609,alice,http://localhost:3251@Ant,0.10000000000000003
1784894817609,alice,Walk,0
1784894817609,alice,http://localhost:3251@Bat,0.2
1784894817609,alice,Fight,0.2
1784894817609,alice,http://localhost:3251@bear,0
1784894817609,alice,Exercise,0.2
1784894817609,alice,http://localhost:3251@brice,0.1
1784894817609,alice,Talk,0
1784894817609,alice,http://localhost:3251@Bee,-0.1
1784894817609,alice,Play,0
1784894817612,Bat,Explore,-0.20000000000000004
1784894817612,Bat,Sing,-0.1
1784894817612,Bat,http://localhost:3251@brice,-0.30000000000000004
1784894817612,Bat,Walk,0
1784894817612,Bat,http://localhost:3251@alice,0.30000000000000004
1784894817612,Bat,Fight,0.1
1784894817612,Bat,http://localhost:3251@Ant,-0.1
1784894817612,Bat,Dance,0.1
1784894817612,Bat,Talk,-0.4
1784894817612,Bat,http://localhost:3251@bear,0.20000000000000004
1784894817612,Bat,http://localhost:3251@Bee,-0.2
1784894817612,Bat,Exercise,0
1784894817612,Bat,Play,0.2
1784894817924,Ant,Dance,0.20000000000000004
1784894817924,Ant,http://localhost:3251@Bee,0.1
1784894817924,Ant,Sing,-0.2
1784894817924,Ant,http://localhost:3251@alice,0
1784894817924,Ant,Explore,0.4
1784894817924,Ant,Fight,0.1
1784894817924,Ant,http://localhost:3251@Bat,0.2
1784894817924,Ant,http://localhost:3251@brice,0.1
1784894817924,Ant,Talk,0
1784894817924,Ant,Exercise,-0.1
1784894817924,Ant,http://localhost:3251@bear,-0.1
1784894817924,Ant,Play,0.2
1784894817924,Ant,Walk,0.1
1784894818168,bear,Fight,-0.1
1784894818168,bear,http://localhost:3251@Bee,0.2
1784894818168,bear,http://localhost:3251@alice,-0.30000000000000004
1784894818168,bear,Explore,-0.1
1784894818168,bear,Walk,0
1784894818168,bear,Exercise,0
1784894818168,bear,http://localhost:3251@Ant,-0.1
1784894818168,bear,Sing,-0.1
1784894818168,bear,Talk,-0.1
1784894818168,bear,http://localhost:3251@brice,0
1784894818168,bear,http://localhost:3251@Bat,-0.2
1784894818168,bear,Play,-0.2
1784894818168,bear,Dance,0.1
1784894818519,brice,Sing,0.4
1784894818519,brice,http://localhost:3251@Bat,0.6
1784894818519,brice,Fight,0.2
1784894818519,brice,http://localhost:3251@bear,-0.1
1784894818519,brice,http://localhost:3251@Ant,0.4
1784894818519,brice,Dance,-0.20000000000000004
1784894818519,brice,Exercise,0.4
1784894818519,brice,http://localhost:3251@alice,0.2
1784894818519,brice,Explore,0
1784894818519,brice,Talk,0.30000000000000004
1784894818519,brice,http://localhost:3251@Bee,0
1784894818519,brice,Walk,0.2
1784894818519,brice,Play,-0.2
1784894818577,Ant,Dance,0.20000000000000004
1784894818577,Ant,http://localhost:3251@Bee,0
1784894818577,Ant,Sing,-0.30000000000000004
1784894818577,Ant,http://localhost:3251@alice,0
1784894818577,Ant,Explore,0.4
1784894818577,Ant,Fight,0.1
1784894818577,Ant,http://localhost:3251@Bat,0.2
1784894818577,Ant,http://localhost:3251@brice,0.1
1784894818577,Ant,Talk,0
1784894818577,Ant,Exercise,-0.1
1784894818577,Ant,http://localhost:3251@bear,-0.1
1784894818577,Ant,Play,0.2
1784894818577,Ant,Walk,0.1
1784894818578,Bee,Dance,0
1784894818578,Bee,http://localhost:3251@Ant,-0.1
1784894818578,Bee,Explore,0.5
1784894818578,Bee,Fight,-0.1
1784894818578,Bee,http://localhost:3251@bear,-0.30000000000000004
1784894818578,Bee,Sing,-0.20000000000000004
1784894818578,Bee,http://localhost:3251@Bat,-0.1
1784894818578,Bee,http://localhost:3251@brice,0.2
1784894818578,Bee,http://localhost:3251@alice,0
1784894818578,Bee,Talk,-0.2
1784894818578,Bee,Exercise,0.1
1784894818578,Bee,Walk,0.1
1784894819453,alice,Explore,0.30000000000000004
1784894819453,alice,Sing,-0.1
1784894819453,alice,http://localhost:3251@Ant,0.10000000000000003
1784894819453,alice,Walk,-0.1
1784894819453,alice,http://localhost:3251@Bat,0.2
1784894819453,alice,Fight,0.2
1784894819453,alice,http://localhost:3251@bear,-0.1
1784894819453,alice,Exercise,0.2
1784894819453,alice,http://localhost:3251@brice,0.1
1784894819453,alice,Talk,0
1784894819453,alice,http://localhost:3251@Bee,-0.1
1784894819453,alice,Play,0
1784894819454,bear,Fight,-0.1
1784894819454,bear,http://localhost:3251@Bee,0.2
1784894819454,bear,http://localhost:3251@alice,-0.20000000000000004
1784894819454,bear,Explore,-0.1
1784894819454,bear,Walk,0.1
1784894819454,bear,Exercise,0
1784894819454,bear,http://localhost:3251@Ant,-0.1
1784894819454,bear,Sing,-0.1
1784894819454,bear,Talk,-0.1
1784894819454,bear,http://localhost:3251@brice,0
1784894819454,bear,http://localhost:3251@Bat,-0.2
1784894819454,bear,Play,-0.2
1784894819454,bear,Dance,0.1
1784894819517,Bat,Explore,-0.20000000000000004
1784894819517,Bat,Sing,-0.1
1784894819517,Bat,http://localhost:3251@brice,-0.20000000000000004
1784894819517,Bat,Walk,0
1784894819517,Bat,http://localhost:3251@alice,0.30000000000000004
1784894819517,Bat,Fight,0.1
1784894819517,Bat,http://localhost:3251@Ant,-0.1
1784894819517,Bat,Dance,0.1
1784894819517,Bat,Talk,-0.4
1784894819517,Bat,http://localhost:3251@bear,0.20000000000000004
1784894819517,Bat,http://localhost:3251@Bee,-0.2
1784894819517,Bat,Exercise,0.1
1784894819517,Bat,Play,0.2
1784894819518,brice,Sing,0.4
1784894819518,brice,http://localhost:3251@Bat,0.5
1784894819518,brice,Fight,0.2
1784894819518,brice,http://localhost:3251@bear,-0.1
1784894819518,brice,http://localhost:3251@Ant,0.4
1784894819518,brice,Dance,-0.20000000000000004
1784894819518,brice,Exercise,0.30000000000000004
1784894819518,brice,http://localhost:3251@alice,0.2
1784894819518,brice,Explore,0
1784894819518,brice,Talk,0.30000000000000004
1784894819518,brice,http://localhost:3251@Bee,0
1784894819518,brice,Walk,0.2
1784894819518,brice,Play,-0.2
1784894820514,alice,Explore,0.30000000000000004
1784894820514,alice,Sing,-0.1
1784894820514,alice,http://localhost:3251@Ant,0.10000000000000003
1784894820514,alice,Walk,-0.1
1784894820514,alice,http://localhost:3251@Bat,0.2
1784894820514,alice,Fight,0.30000000000000004
1784894820514,alice,http://localhost:3251@bear,0
1784894820514,alice,Exercise,0.2
1784894820514,alice,http://localhost:3251@brice,0.1
1784894820514,alice,Talk,0
1784894820514,alice,http://localhost:3251@Bee,-0.1
1784894820514,alice,Play,0
1784894820514,Bee,Dance,0
1784894820514,Bee,http://localhost:3251@Ant,-0.1
1784894820514,Bee,Explore,0.5
1784894820514,Bee,Fight,0
1784894820514,Bee,http://localhost:3251@bear,-0.30000000000000004
1784894820514,Bee,Sing,-0.20000000000000004
1784894820514,Bee,http://localhost:3251@Bat,-0.1
1784894820514,Bee,http://localhost:3251@brice,0.2
1784894820514,Bee,http://localhost:3251@alice,0.1
1784894820514,Bee,Talk,-0.2
1784894820514,Bee,Exercise,0.1
1784894820514,Bee,Walk,0.1
1784894820639,Ant,Dance,0.20000000000000004
1784894820639,Ant,http://localhost:3251@Bee,0
1784894820639,Ant,Sing,-0.30000000000000004
1784894820639,Ant,http://localhost:3251@alice,0
1784894820639,Ant,Explore,0.4
1784894820639,Ant,Fight,0.1
1784894820639,Ant,http://localhost:3251@Bat,0.2
1784894820639,Ant,http://localhost:3251@brice,0.1
1784894820639,Ant,Talk,0
1784894820639,Ant,Exercise,-0.1
1784894820639,Ant,http://localhost:3251@bear,0
1784894820639,Ant,Play,0.30000000000000004
1784894820639,Ant,Walk,0.1
1784894820640,bear,Fight,-0.1
1784894820640,bear,http://localhost:3251@Bee,0.2
1784894820640,bear,http://localhost:3251@alice,-0.20000000000000004
1784894820640,bear,Explore,-0.1
1784894820640,bear,Walk,0.1
1784894820640,bear,Exercise,0
1784894820640,bear,http://localhost:3251@Ant,-0.2
1784894820640,bear,Sing,-0.1
1784894820640,bear,Talk,-0.1
1784894820640,bear,http://localhost:3251@brice,0
1784894820640,bear,http://localhost:3251@Bat,-0.2
1784894820640,bear,Play,-0.30000000000000004
1784894820640,bear,Dance,0.1
1784894821625,Bee,Dance,0
1784894821625,Bee,http://localhost:3251@Ant,-0.1
1784894821625,Bee,Explore,0.5
1784894821625,Bee,Fight,0
1784894821625,Bee,http://localhost:3251@bear,-0.30000000000000004
1784894821625,Bee,Sing,-0.20000000000000004
1784894821625,Bee,http://localhost:3251@Bat,-0.1
1784894821625,Bee,http://localhost:3251@brice,0.1
1784894821625,Bee,http://localhost:3251@alice,0.1
1784894821625,Bee,Talk,-0.2
1784894821625,Bee,Exercise,0.1
1784894821625,Bee,Walk,0
1784894821626,brice,Sing,0.4
1784894821626,brice,http://localhost:3251@Bat,0.4
1784894821626,brice,Fight,0.2
1784894821626,brice,http://localhost:3251@bear,-0.1
1784894821626,brice,http://localhost:3251@Ant,0.4
1784894821626,brice,Dance,-0.20000000000000004
1784894821626,brice,Exercise,0.30000000000000004
1784894821626,brice,http://localhost:3251@alice,0.2
1784894821626,brice,Explore,0
1784894821626,brice,Talk,0.30000000000000004
1784894821626,brice,http://localhost:3251@Bee,0
1784894821626,brice,Walk,0.1
1784894821626,brice,Play,-0.2
1784894822001,Ant,Dance,0.20000000000000004
1784894822001,Ant,http://localhost:3251@Bee,0
1784894822001,Ant,Sing,-0.30000000000000004
1784894822001,Ant,http://localhost:3251@alice,0
1784894822001,Ant,Explore,0.4
1784894822001,Ant,Fight,0
1784894822001,Ant,http://localhost:3251@Bat,0.1
1784894822001,Ant,http://localhost:3251@brice,0.1
1784894822001,Ant,Talk,0
1784894822001,Ant,Exercise,-0.1
1784894822001,Ant,http://localhost:3251@bear,0
1784894822001,Ant,Play,0.30000000000000004
1784894822001,Ant,Walk,0.1
1784894822001,Bat,Explore,-0.20000000000000004
1784894822001,Bat,Sing,-0.1
1784894822001,Bat,http://localhost:3251@brice,-0.20000000000000004
1784894822001,Bat,Walk,0
1784894822001,Bat,http://localhost:3251@alice,0.30000000000000004
1784894822001,Bat,Fight,0.2
1784894822001,Bat,http://localhost:3251@Ant,-0.1
1784894822001,Bat,Dance,0.1
1784894822001,Bat,Talk,-0.4
1784894822001,Bat,http://localhost:3251@bear,0.30000000000000004
1784894822001,Bat,http://localhost:3251@Bee,-0.2
1784894822001,Bat,Exercise,0.1
1784894822001,Bat,Play,0.2
1784894822751,Ant,Dance,0.20000000000000004
1784894822751,Ant,http://localhost:3251@Bee,0
1784894822751,Ant,Sing,-0.30000000000000004
1784894822751,Ant,http://localhost:3251@alice,0
1784894822751,Ant,Explore,0.4
1784894822751,Ant,Fight,0
1784894822751,Ant,http://localhost:3251@Bat,0.1
1784894822751,Ant,http://localhost:3251@brice,0.1
1784894822751,Ant,Talk,0
1784894822751,Ant,Exercise,-0.1
1784894822751,Ant,http://localhost:3251@bear,-0.1
1784894822751,Ant,Play,0.30000000000000004
1784894822751,Ant,Walk,0
1784894822752,bear,Fight,-0.1
1784894822752,bear,http://localhost:3251@Bee,0.2
1784894822752,bear,http://localhost:3251@alice,-0.10000000000000003
1784894822752,bear,Explore,-0.1
1784894822752,bear,Walk,0.2
1784894822752,bear,Exercise,0
1784894822752,bear,http://localhost:3251@Ant,-0.2
1784894822752,bear,Sing,-0.1
1784894822752,bear,Talk,-0.1
1784894822752,bear,http://localhost:3251@brice,0
1784894822752,bear,http://localhost:3251@Bat,-0.2
1784894822752,bear,Play,-0.30000000000000004
1784894822752,bear,Dance,0.1
1784894823247,Bat,Explore,-0.20000000000000004
1784894823247,Bat,Sing,-0.1
1784894823247,Bat,http://localhost:3251@brice,-0.10000000000000003
1784894823247,Bat,Walk,0
1784894823247,Bat,http://localhost:3251@alice,0.30000000000000004
1784894823247,Bat,Fight,0.2
1784894823247,Bat,http://localhost:3251@Ant,-0.1
1784894823247,Bat,Dance,0.1
1784894823247,Bat,Talk,-0.4
1784894823247,Bat,http://localhost:3251@bear,0.30000000000000004
1784894823247,Bat,http://localhost:3251@Bee,-0.2
1784894823247,Bat,Exercise,0.2
1784894823247,Bat,Play,0.2
1784894823249,brice,Sing,0.4
1784894823249,brice,http://localhost:3251@Bat,0.5
1784894823249,brice,Fight,0.2
1784894823249,brice,http://localhost:3251@bear,-0.1
1784894823249,brice,http://localhost:3251@Ant,0.4
1784894823249,brice,Dance,-0.20000000000000004
1784894823249,brice,Exercise,0.4
1784894823249,brice,http://localhost:3251@alice,0.2
1784894823249,brice,Explore,0
1784894823249,brice,Talk,0.30000000000000004
1784894823249,brice,http://localhost:3251@Bee,0
1784894823249,brice,Walk,0.1
1784894823249,brice,Play,-0.2
1784894823686,Ant,Dance,0.20000000000000004
1784894823686,Ant,http://localhost:3251@Bee,-0.1
1784894823686,Ant,Sing,-0.30000000000000004
1784894823686,Ant,http://localhost:3251@alice,0
1784894823686,Ant,Explore,0.4
1784894823686,Ant,Fight,0
1784894823686,Ant,http://localhost:3251@Bat,0.1
1784894823686,Ant,http://localhost:3251@brice,0.1
1784894823686,Ant,Talk,0
1784894823686,Ant,Exercise,-0.1
1784894823686,Ant,http://localhost:3251@bear,-0.1
1784894823686,Ant,Play,0.20000000000000004
1784894823686,Ant,Walk,0
1784894823687,Bee,Dance,0
1784894823687,Bee,http://localhost:3251@Ant,0
1784894823687,Bee,Explore,0.5
1784894823687,Bee,Fight,0
1784894823687,Bee,http://localhost:3251@bear,-0.30000000000000004
1784894823687,Bee,Sing,-0.20000000000000004
1784894823687,Bee,http://localhost:3251@Bat,-0.1
1784894823687,Bee,http://localhost:3251@brice,0.1
1784894823687,Bee,http://localhost:3251@alice,0.1
1784894823687,Bee,Talk,-0.2
1784894823687,Bee,Exercise,0.1
1784894823687,Bee,Walk,0
1784894823687,Bee,Play,0.1
1784894824246,alice,Explore,0.4
1784894824246,alice,Sing,-0.1
1784894824246,alice,http://localhost:3251@Ant,0.10000000000000003
1784894824246,alice,Walk,-0.1
1784894824246,alice,http://localhost:3251@Bat,0.2
1784894824246,alice,Fight,0.30000000000000004
1784894824246,alice,http://localhost:3251@bear,0
1784894824246,alice,Exercise,0.2
1784894824246,alice,http://localhost:3251@brice,0.1
1784894824246,alice,Talk,0
1784894824246,alice,http://localhost:3251@Bee,-0.1
1784894824246,alice,Play,0
1784894824498,bear,Fight,-0.1
1784894824498,bear,http://localhost:3251@Bee,0.2
1784894824498,bear,http://localhost:3251@alice,-0.10000000000000003
1784894824498,bear,Explore,0
1784894824498,bear,Walk,0.2
1784894824498,bear,Exercise,0
1784894824498,bear,http://localhost:3251@Ant,-0.2
1784894824498,bear,Sing,-0.1
1784894824498,bear,Talk,-0.1
1784894824498,bear,http://localhost:3251@brice,0
1784894824498,bear,http://localhost:3251@Bat,-0.2
1784894824498,bear,Play,-0.30000000000000004
1784894824498,bear,Dance,0.1
1784894824813,Ant,Dance,0.20000000000000004
1784894824813,Ant,http://localhost:3251@Bee,-0.1
1784894824813,Ant,Sing,-0.30000000000000004
1784894824813,Ant,http://localhost:3251@alice,0
1784894824813,Ant,Explore,0.4
1784894824813,Ant,Fight,-0.1
1784894824813,Ant,http://localhost:3251@Bat,0
1784894824813,Ant,http://localhost:3251@brice,0.1
1784894824813,Ant,Talk,0
1784894824813,Ant,Exercise,-0.1
1784894824813,Ant,http://localhost:3251@bear,-0.1
1784894824813,Ant,Play,0.20000000000000004
1784894824813,Ant,Walk,0
1784894824813,brice,Sing,0.4
1784894824813,brice,http://localhost:3251@Bat,0.5
1784894824813,brice,Fight,0.30000000000000004
1784894824813,brice,http://localhost:3251@bear,-0.1
1784894824813,brice,http://localhost:3251@Ant,0.5
1784894824813,brice,Dance,-0.20000000000000004
1784894824813,brice,Exercise,0.4
1784894824813,brice,http://localhost:3251@alice,0.2
1784894824813,brice,Explore,0
1784894824813,brice,Talk,0.30000000000000004
1784894824813,brice,http://localhost:3251@Bee,0
1784894824813,brice,Walk,0.1
1784894824813,brice,Play,-0.2
1784894825310,Bat,Explore,-0.20000000000000004
1784894825310,Bat,Sing,-0.1
1784894825310,Bat,http://localhost:3251@brice,-0.10000000000000003
1784894825310,Bat,Walk,0
1784894825310,Bat,http://localhost:3251@alice,0.30000000000000004
1784894825310,Bat,Fight,0.2
1784894825310,Bat,http://localhost:3251@Ant,-0.1
1784894825310,Bat,Dance,0.2
1784894825310,Bat,Talk,-0.4
1784894825310,Bat,http://localhost:3251@bear,0.4
1784894825310,Bat,http://localhost:3251@Bee,-0.2
1784894825310,Bat,Exercise,0.2
1784894825310,Bat,Play,0.2
1784894825312,bear,Fight,-0.1
1784894825312,bear,http://localhost:3251@Bee,0.2
1784894825312,bear,http://localhost:3251@alice,-0.10000000000000003
1784894825312,bear,Explore,0
1784894825312,bear,Walk,0.2
1784894825312,bear,Exercise,0
1784894825312,bear,http://localhost:3251@Ant,-0.2
1784894825312,bear,Sing,-0.1
1784894825312,bear,Talk,-0.1
1784894825312,bear,http://localhost:3251@brice,0
1784894825312,bear,http://localhost:3251@Bat,-0.30000000000000004
1784894825312,bear,Play,-0.30000000000000004
1784894825312,bear,Dance,0
1784894825689,alice,Explore,0.4
1784894825689,alice,Sing,-0.2
1784894825689,alice,http://localhost:3251@Ant,0.10000000000000003
1784894825689,alice,Walk,-0.1
1784894825689,alice,http://localhost:3251@Bat,0.2
1784894825689,alice,Fight,0.30000000000000004
1784894825689,alice,http://localhost:3251@bear,-0.1
1784894825689,alice,Exercise,0.2
1784894825689,alice,http://localhost:3251@brice,0.1
1784894825689,alice,Talk,0
1784894825689,alice,http://localhost:3251@Bee,-0.1
1784894825689,alice,Play,0
1784894825690,brice,Sing,0.5
1784894825690,brice,http://localhost:3251@Bat,0.5
1784894825690,brice,Fight,0.30000000000000004
1784894825690,brice,http://localhost:3251@bear,-0.1
1784894825690,brice,http://localhost:3251@Ant,0.5
1784894825690,brice,Dance,-0.20000000000000004
1784894825690,brice,Exercise,0.4
1784894825690,brice,http://localhost:3251@alice,0.30000000000000004
1784894825690,brice,Explore,0
1784894825690,brice,Talk,0.30000000000000004
1784894825690,brice,http://localhost:3251@Bee,0
1784894825690,brice,Walk,0.1
1784894825690,brice,Play,-0.2
1784894826500,Ant,Dance,0.20000000000000004
1784894826500,Ant,http://localhost:3251@Bee,-0.1
1784894826500,Ant,Sing,-0.30000000000000004
1784894826500,Ant,http://localhost:3251@alice,0
1784894826500,Ant,Explore,0.5
1784894826500,Ant,Fight,-0.1
1784894826500,Ant,http://localhost:3251@Bat,0
1784894826500,Ant,http://localhost:3251@brice,0.1
1784894826500,Ant,Talk,0
1784894826500,Ant,Exercise,-0.1
1784894826500,Ant,http://localhost:3251@bear,-0.1
1784894826500,Ant,Play,0.20000000000000004
1784894826500,Ant,Walk,0
1784894826689,bear,Fight,-0.1
1784894826689,bear,http://localhost:3251@Bee,0.2
1784894826689,bear,http://localhost:3251@alice,-0.10000000000000003
1784894826689,bear,Explore,0
1784894826689,bear,Walk,0.2
1784894826689,bear,Exercise,0
1784894826689,bear,http://localhost:3251@Ant,-0.2
1784894826689,bear,Sing,-0.1
1784894826689,bear,Talk,-0.1
1784894826689,bear,http://localhost:3251@brice,-0.1
1784894826689,bear,http://localhost:3251@Bat,-0.30000000000000004
1784894826689,bear,Play,-0.4
1784894826689,bear,Dance,0
1784894826691,brice,Sing,0.5
1784894826691,brice,http://localhost:3251@Bat,0.5
1784894826691,brice,Fight,0.30000000000000004
1784894826691,brice,http://localhost:3251@bear,0
1784894826691,brice,http://localhost:3251@Ant,0.5
1784894826691,brice,Dance,-0.20000000000000004
1784894826691,brice,Exercise,0.4
1784894826691,brice,http://localhost:3251@alice,0.30000000000000004
1784894826691,brice,Explore,0
1784894826691,brice,Talk,0.30000000000000004
1784894826691,brice,http://localhost:3251@Bee,0
1784894826691,brice,Walk,0.1
1784894826691,brice,Play,-0.1
1784894827066,alice,Explore,0.4
1784894827066,alice,Sing,-0.2
1784894827066,alice,http://localhost:3251@Ant,0.10000000000000003
1784894827066,alice,Walk,0
1784894827066,alice,http://localhost:3251@Bat,0.30000000000000004
1784894827066,alice,Fight,0.30000000000000004
1784894827066,alice,http://localhost:3251@bear,-0.1
1784894827066,alice,Exercise,0.2
1784894827066,alice,http://localhost:3251@brice,0.1
1784894827066,alice,Talk,0
1784894827066,alice,http://localhost:3251@Bee,-0.1
1784894827066,alice,Play,0
1784894827069,Bat,Explore,-0.20000000000000004
1784894827069,Bat,Sing,-0.1
1784894827069,Bat,http://localhost:3251@brice,-0.10000000000000003
1784894827069,Bat,Walk,0.1
1784894827069,Bat,http://localhost:3251@alice,0.4
1784894827069,Bat,Fight,0.2
1784894827069,Bat,http://localhost:3251@Ant,-0.1
1784894827069,Bat,Dance,0.2
1784894827069,Bat,Talk,-0.4
1784894827069,Bat,http://localhost:3251@bear,0.4
1784894827069,Bat,http://localhost:3251@Bee,-0.2
1784894827069,Bat,Exercise,0.2
1784894827069,Bat,Play,0.2
1784894827497,Bee,Dance,0
1784894827497,Bee,http://localhost:3251@Ant,0
1784894827497,Bee,Explore,0.6
1784894827497,Bee,Fight,0
1784894827497,Bee,http://localhost:3251@bear,-0.30000000000000004
1784894827497,Bee,Sing,-0.20000000000000004
1784894827497,Bee,http://localhost:3251@Bat,-0.1
1784894827497,Bee,http://localhost:3251@brice,0.1
1784894827497,Bee,http://localhost:3251@alice,0.1
1784894827497,Bee,Talk,-0.2
1784894827497,Bee,Exercise,0.1
1784894827497,Bee,Walk,0
1784894827497,Bee,Play,0.1
1784894827750,Bat,Explore,-0.20000000000000004
1784894827750,Bat,Sing,-0.1
1784894827750,Bat,http://localhost:3251@brice,-0.10000000000000003
1784894827750,Bat,Walk,0.1
1784894827750,Bat,http://localhost:3251@alice,0.4
1784894827750,Bat,Fight,0.1
1784894827750,Bat,http://localhost:3251@Ant,-0.1
1784894827750,Bat,Dance,0.2
1784894827750,Bat,Talk,-0.4
1784894827750,Bat,http://localhost:3251@bear,0.30000000000000004
1784894827750,Bat,http://localhost:3251@Bee,-0.2
1784894827750,Bat,Exercise,0.2
1784894827750,Bat,Play,0.2
1784894827750,bear,Fight,0
1784894827750,bear,http://localhost:3251@Bee,0.30000000000000004
1784894827750,bear,http://localhost:3251@alice,-0.10000000000000003
1784894827750,bear,Explore,0
1784894827750,bear,Walk,0.2
1784894827750,bear,Exercise,0
1784894827750,bear,http://localhost:3251@Ant,-0.2
1784894827750,bear,Sing,-0.1
1784894827750,bear,Talk,-0.1
1784894827750,bear,http://localhost:3251@brice,-0.1
1784894827750,bear,http://localhost:3251@Bat,-0.30000000000000004
1784894827750,bear,Play,-0.4
1784894827750,bear,Dance,0
1784894828184,Ant,Dance,0.20000000000000004
1784894828184,Ant,http://localhost:3251@Bee,-0.1
1784894828184,Ant,Sing,-0.30000000000000004
1784894828184,Ant,http://localhost:3251@alice,0
1784894828184,Ant,Explore,0.6
1784894828184,Ant,Fight,-0.1
1784894828184,Ant,http://localhost:3251@Bat,0
1784894828184,Ant,http://localhost:3251@brice,0.1
1784894828184,Ant,Talk,0
1784894828184,Ant,Exercise,-0.1
1784894828184,Ant,http://localhost:3251@bear,-0.1
1784894828184,Ant,Play,0.20000000000000004
1784894828184,Ant,Walk,0
1784894828877,Bat,Explore,-0.20000000000000004
1784894828877,Bat,Sing,-0.1
1784894828877,Bat,http://localhost:3251@brice,-0.10000000000000003
1784894828877,Bat,Walk,0.1
1784894828877,Bat,http://localhost:3251@alice,0.4
1784894828877,Bat,Fight,0.1
1784894828877,Bat,http://localhost:3251@Ant,-0.1
1784894828877,Bat,Dance,0.2
1784894828877,Bat,Talk,-0.4
1784894828877,Bat,http://localhost:3251@bear,0.30000000000000004
1784894828877,Bat,http://localhost:3251@Bee,-0.30000000000000004
1784894828877,Bat,Exercise,0.2
1784894828877,Bat,Play,0.1
1784894828879,Bee,Dance,0
1784894828879,Bee,http://localhost:3251@Ant,0.1
1784894828879,Bee,Explore,0.6
1784894828879,Bee,Fight,0
1784894828879,Bee,http://localhost:3251@bear,-0.30000000000000004
1784894828879,Bee,Sing,-0.20000000000000004
1784894828879,Bee,http://localhost:3251@Bat,-0.1
1784894828879,Bee,http://localhost:3251@brice,0.1
1784894828879,Bee,http://localhost:3251@alice,0.1
1784894828879,Bee,Talk,-0.2
1784894828879,Bee,Exercise,0.1
1784894828879,Bee,Walk,0
1784894828879,Bee,Play,0.2
1784894829121,brice,Sing,0.5
1784894829121,brice,http://localhost:3251@Bat,0.5
1784894829121,brice,Fight,0.30000000000000004
1784894829121,brice,http://localhost:3251@bear,0
1784894829121,brice,http://localhost:3251@Ant,0.5
1784894829121,brice,Dance,-0.20000000000000004
1784894829121,brice,Exercise,0.4
1784894829121,brice,http://localhost:3251@alice,0.30000000000000004
1784894829121,brice,Explore,0.1
1784894829121,brice,Talk,0.30000000000000004
1784894829121,brice,http://localhost:3251@Bee,0
1784894829121,brice,Walk,0.1
1784894829121,brice,Play,-0.1
1784894829505,alice,Explore,0.4
1784894829505,alice,Sing,-0.2
1784894829505,alice,http://localhost:3251@Ant,2.7755575615628914e-17
1784894829505,alice,Walk,0
1784894829505,alice,http://localhost:3251@Bat,0.30000000000000004
1784894829505,alice,Fight,0.30000000000000004
1784894829505,alice,http://localhost:3251@bear,-0.1
1784894829505,alice,Exercise,0.1
1784894829505,alice,http://localhost:3251@brice,0.1
1784894829505,alice,Talk,0
1784894829505,alice,http://localhost:3251@Bee,-0.1
1784894829505,alice,Play,0
1784894829506,Ant,Dance,0.20000000000000004
1784894829506,Ant,http://localhost:3251@Bee,-0.1
1784894829506,Ant,Sing,-0.30000000000000004
1784894829506,Ant,http://localhost:3251@alice,0
1784894829506,Ant,Explore,0.6
1784894829506,Ant,Fight,-0.1
1784894829506,Ant,http://localhost:3251@Bat,0
1784894829506,Ant,http://localhost:3251@brice,0.1
1784894829506,Ant,Talk,0
1784894829506,Ant,Exercise,-0.2
1784894829506,Ant,http://localhost:3251@bear,-0.2
1784894829506,Ant,Play,0.20000000000000004
1784894829506,Ant,Walk,0
1784894830255,Bat,Explore,-0.20000000000000004
1784894830255,Bat,Sing,-0.1
1784894830255,Bat,http://localhost:3251@brice,-0.10000000000000003
1784894830255,Bat,Walk,0.1
1784894830255,Bat,http://localhost:3251@alice,0.4
1784894830255,Bat,Fight,0.1
1784894830255,Bat,http://localhost:3251@Ant,-0.1
1784894830255,Bat,Dance,0.2
1784894830255,Bat,Talk,-0.30000000000000004
1784894830255,Bat,http://localhost:3251@bear,0.4
1784894830255,Bat,http://localhost:3251@Bee,-0.30000000000000004
1784894830255,Bat,Exercise,0.2
1784894830255,Bat,Play,0.1
1784894830257,bear,Fight,0
1784894830257,bear,http://localhost:3251@Bee,0.30000000000000004
1784894830257,bear,http://localhost:3251@alice,-0.10000000000000003
1784894830257,bear,Explore,0
1784894830257,bear,Walk,0.2
1784894830257,bear,Exercise,0
1784894830257,bear,http://localhost:3251@Ant,-0.2
1784894830257,bear,Sing,-0.1
1784894830257,bear,Talk,-0.2
1784894830257,bear,http://localhost:3251@brice,-0.1
1784894830257,bear,http://localhost:3251@Bat,-0.4
1784894830257,bear,Play,-0.4
1784894830257,bear,Dance,0
1784894830569,Ant,Dance,0.10000000000000003
1784894830569,Ant,http://localhost:3251@Bee,-0.1
1784894830569,Ant,Sing,-0.30000000000000004
1784894830569,Ant,http://localhost:3251@alice,0
1784894830569,Ant,Explore,0.6
1784894830569,Ant,Fight,-0.1
1784894830569,Ant,http://localhost:3251@Bat,0
1784894830569,Ant,http://localhost:3251@brice,0
1784894830569,Ant,Talk,0
1784894830569,Ant,Exercise,-0.2
1784894830569,Ant,http://localhost:3251@bear,-0.2
1784894830569,Ant,Play,0.20000000000000004
1784894830569,Ant,Walk,0
1784894830570,Bee,Dance,0
1784894830570,Bee,http://localhost:3251@Ant,0.1
1784894830570,Bee,Explore,0.7
1784894830570,Bee,Fight,0
1784894830570,Bee,http://localhost:3251@bear,-0.30000000000000004
1784894830570,Bee,Sing,-0.20000000000000004
1784894830570,Bee,http://localhost:3251@Bat,-0.1
1784894830570,Bee,http://localhost:3251@brice,0.1
1784894830570,Bee,http://localhost:3251@alice,0.1
1784894830570,Bee,Talk,-0.2
1784894830570,Bee,Exercise,0.1
1784894830570,Bee,Walk,0
1784894830570,Bee,Play,0.2
1784894830571,brice,Sing,0.5
1784894830571,brice,http://localhost:3251@Bat,0.6
1784894830571,brice,Fight,0.30000000000000004
1784894830571,brice,http://localhost:3251@bear,0
1784894830571,brice,http://localhost:3251@Ant,0.5
1784894830571,brice,Dance,-0.10000000000000003
1784894830571,brice,Exercise,0.4
1784894830571,brice,http://localhost:3251@alice,0.30000000000000004
1784894830571,brice,Explore,0.1
1784894830571,brice,Talk,0.30000000000000004
1784894830571,brice,http://localhost:3251@Bee,0
1784894830571,brice,Walk,0.1
1784894830571,brice,Play,-0.1
1784894831501,alice,Explore,0.4
1784894831501,alice,Sing,-0.2
1784894831501,alice,http://localhost:3251@Ant,2.7755575615628914e-17
1784894831501,alice,Walk,0
1784894831501,alice,http://localhost:3251@Bat,0.30000000000000004
1784894831501,alice,Fight,0.30000000000000004
1784894831501,alice,http://localhost:3251@bear,0
1784894831501,alice,Exercise,0.2
1784894831501,alice,http://localhost:3251@brice,0.1
1784894831501,alice,Talk,0
1784894831501,alice,http://localhost:3251@Bee,-0.1
1784894831501,alice,Play,0
1784894831502,bear,Fight,0
1784894831502,bear,http://localhost:3251@Bee,0.30000000000000004
1784894831502,bear,http://localhost:3251@alice,-0.10000000000000003
1784894831502,bear,Explore,0
1784894831502,bear,Walk,0.2
1784894831502,bear,Exercise,0.1
1784894831502,bear,http://localhost:3251@Ant,-0.2
1784894831502,bear,Sing,-0.1
1784894831502,bear,Talk,-0.2
1784894831502,bear,http://localhost:3251@brice,0
1784894831502,bear,http://localhost:3251@Bat,-0.4
1784894831502,bear,Play,-0.4
1784894831502,bear,Dance,0
1784894831816,Bat,Explore,-0.20000000000000004
1784894831816,Bat,Sing,-0.1
1784894831816,Bat,http://localhost:3251@brice,-0.10000000000000003
1784894831816,Bat,Walk,0.1
1784894831816,Bat,http://localhost:3251@alice,0.4
1784894831816,Bat,Fight,0.1
1784894831816,Bat,http://localhost:3251@Ant,-0.1
1784894831816,Bat,Dance,0.2
1784894831816,Bat,Talk,-0.30000000000000004
1784894831816,Bat,http://localhost:3251@bear,0.4
1784894831816,Bat,http://localhost:3251@Bee,-0.4
1784894831816,Bat,Exercise,0.1
1784894831816,Bat,Play,0.1
1784894831818,Bee,Dance,0
1784894831818,Bee,http://localhost:3251@Ant,0.1
1784894831818,Bee,Explore,0.7
1784894831818,Bee,Fight,0
1784894831818,Bee,http://localhost:3251@bear,-0.30000000000000004
1784894831818,Bee,Sing,-0.20000000000000004
1784894831818,Bee,http://localhost:3251@Bat,-0.1
1784894831818,Bee,http://localhost:3251@brice,0.2
1784894831818,Bee,http://localhost:3251@alice,0.1
1784894831818,Bee,Talk,-0.2
1784894831818,Bee,Exercise,0.2
1784894831818,Bee,Walk,0
1784894831818,Bee,Play,0.2
1784894832870,alice,Explore,0.4
1784894832870,alice,Sing,-0.2
1784894832870,alice,http://localhost:3251@Ant,0.10000000000000003
1784894832870,alice,Walk,0
1784894832870,alice,http://localhost:3251@Bat,0.30000000000000004
1784894832870,alice,Fight,0.30000000000000004
1784894832870,alice,http://localhost:3251@bear,0
1784894832870,alice,Exercise,0.2
1784894832870,alice,http://localhost:3251@brice,0.1
1784894832870,alice,Talk,0
1784894832870,alice,http://localhost:3251@Bee,-0.1
1784894832870,alice,Play,0.1
1784894832871,Bat,Explore,-0.20000000000000004
1784894832871,Bat,Sing,-0.1
1784894832871,Bat,http://localhost:3251@brice,-0.10000000000000003
1784894832871,Bat,Walk,0.1
1784894832871,Bat,http://localhost:3251@alice,0.30000000000000004
1784894832871,Bat,Fight,0.1
1784894832871,Bat,http://localhost:3251@Ant,-0.1
1784894832871,Bat,Dance,0.2
1784894832871,Bat,Talk,-0.30000000000000004
1784894832871,Bat,http://localhost:3251@bear,0.4
1784894832871,Bat,http://localhost:3251@Bee,-0.4
1784894832871,Bat,Exercise,0.1
1784894832871,Bat,Play,0
1784894833869,bear,Fight,0
1784894833869,bear,http://localhost:3251@Bee,0.30000000000000004
1784894833869,bear,http://localhost:3251@alice,-0.10000000000000003
1784894833869,bear,Explore,0.1
1784894833869,bear,Walk,0.2
1784894833869,bear,Exercise,0.1
1784894833869,bear,http://localhost:3251@Ant,-0.2
1784894833869,bear,Sing,-0.1
1784894833869,bear,Talk,-0.2
1784894833869,bear,http://localhost:3251@brice,0
1784894833869,bear,http://localhost:3251@Bat,-0.4
1784894833869,bear,Play,-0.4
1784894833869,bear,Dance,0
1784894834112,alice,Explore,0.4
1784894834112,alice,Sing,-0.2
1784894834112,alice,http://localhost:3251@Ant,0.10000000000000003
1784894834112,alice,Walk,0
1784894834112,alice,http://localhost:3251@Bat,0.30000000000000004
1784894834112,alice,Fight,0.30000000000000004
1784894834112,alice,http://localhost:3251@bear,0
1784894834112,alice,Exercise,0.1
1784894834112,alice,http://localhost:3251@brice,0
1784894834112,alice,Talk,0
1784894834112,alice,http://localhost:3251@Bee,-0.1
1784894834112,alice,Play,0.1
1784894834112,Ant,Dance,0.10000000000000003
1784894834112,Ant,http://localhost:3251@Bee,-0.1
1784894834112,Ant,Sing,-0.30000000000000004
1784894834112,Ant,http://localhost:3251@alice,0.1
1784894834112,Ant,Explore,0.6
1784894834112,Ant,Fight,-0.1
1784894834112,Ant,http://localhost:3251@Bat,0
1784894834112,Ant,http://localhost:3251@brice,0
1784894834112,Ant,Talk,0
1784894834112,Ant,Exercise,-0.1
1784894834112,Ant,http://localhost:3251@bear,-0.2
1784894834112,Ant,Play,0.20000000000000004
1784894834112,Ant,Walk,0
1784894834302,Bee,Dance,0
1784894834302,Bee,http://localhost:3251@Ant,0.1
1784894834302,Bee,Explore,0.6
1784894834302,Bee,Fight,0
1784894834302,Bee,http://localhost:3251@bear,-0.30000000000000004
1784894834302,Bee,Sing,-0.20000000000000004
1784894834302,Bee,http://localhost:3251@Bat,-0.1
1784894834302,Bee,http://localhost:3251@brice,0.2
1784894834302,Bee,http://localhost:3251@alice,0.1
1784894834302,Bee,Talk,-0.2
1784894834302,Bee,Exercise,0.2
1784894834302,Bee,Walk,0
1784894834302,Bee,Play,0.2
1784894835222,Bat,Explore,-0.10000000000000003
1784894835222,Bat,Sing,-0.1
1784894835222,Bat,http://localhost:3251@brice,-0.10000000000000003
1784894835222,Bat,Walk,0.1
1784894835222,Bat,http://localhost:3251@alice,0.30000000000000004
1784894835222,Bat,Fight,0.1
1784894835222,Bat,http://localhost:3251@Ant,-0.1
1784894835222,Bat,Dance,0.2
1784894835222,Bat,Talk,-0.30000000000000004
1784894835222,Bat,http://localhost:3251@bear,0.4
1784894835222,Bat,http://localhost:3251@Bee,-0.4
1784894835222,Bat,Exercise,0.1
1784894835222,Bat,Play,0
1784894835458,alice,Explore,0.4
1784894835458,alice,Sing,-0.2
1784894835458,alice,http://localhost:3251@Ant,0.20000000000000004
1784894835458,alice,Walk,0
1784894835458,alice,http://localhost:3251@Bat,0.30000000000000004
1784894835458,alice,Fight,0.30000000000000004
1784894835458,alice,http://localhost:3251@bear,0
1784894835458,alice,Exercise,0.1
1784894835458,alice,http://localhost:3251@brice,0
1784894835458,alice,Talk,0
1784894835458,alice,http://localhost:3251@Bee,-0.1
1784894835458,alice,Play,0.2
1784894835459,bear,Fight,0
1784894835459,bear,http://localhost:3251@Bee,0.30000000000000004
1784894835459,bear,http://localhost:3251@alice,-0.20000000000000004
1784894835459,bear,Explore,0.1
1784894835459,bear,Walk,0.2
1784894835459,bear,Exercise,0.1
1784894835459,bear,http://localhost:3251@Ant,-0.2
1784894835459,bear,Sing,-0.1
1784894835459,bear,Talk,-0.2
1784894835459,bear,http://localhost:3251@brice,0
1784894835459,bear,http://localhost:3251@Bat,-0.4
1784894835459,bear,Play,-0.5
1784894835459,bear,Dance,0
1784894835709,brice,Sing,0.5
1784894835709,brice,http://localhost:3251@Bat,0.6
1784894835709,brice,Fight,0.30000000000000004
1784894835709,brice,http://localhost:3251@bear,0
1784894835709,brice,http://localhost:3251@Ant,0.5
1784894835709,brice,Dance,-0.10000000000000003
1784894835709,brice,Exercise,0.4
1784894835709,brice,http://localhost:3251@alice,0.30000000000000004
1784894835709,brice,Explore,0.2
1784894835709,brice,Talk,0.30000000000000004
1784894835709,brice,http://localhost:3251@Bee,0
1784894835709,brice,Walk,0.1
1784894835709,brice,Play,-0.1
1784894836458,Ant,Dance,0.10000000000000003
1784894836458,Ant,http://localhost:3251@Bee,-0.1
1784894836458,Ant,Sing,-0.30000000000000004
1784894836458,Ant,http://localhost:3251@alice,0.1
1784894836458,Ant,Explore,0.7
1784894836458,Ant,Fight,-0.1
1784894836458,Ant,http://localhost:3251@Bat,0
1784894836458,Ant,http://localhost:3251@brice,0
1784894836458,Ant,Talk,0
1784894836458,Ant,Exercise,-0.1
1784894836458,Ant,http://localhost:3251@bear,-0.2
1784894836458,Ant,Play,0.20000000000000004
1784894836458,Ant,Walk,0
1784894836584,Bat,Explore,-0.10000000000000003
1784894836584,Bat,Sing,-0.1
1784894836584,Bat,http://localhost:3251@brice,-0.10000000000000003
1784894836584,Bat,Walk,0.1
1784894836584,Bat,http://localhost:3251@alice,0.30000000000000004
1784894836584,Bat,Fight,0.1
1784894836584,Bat,http://localhost:3251@Ant,-0.1
1784894836584,Bat,Dance,0.1
1784894836584,Bat,Talk,-0.30000000000000004
1784894836584,Bat,http://localhost:3251@bear,0.30000000000000004
1784894836584,Bat,http://localhost:3251@Bee,-0.4
1784894836584,Bat,Exercise,0.1
1784894836584,Bat,Play,0
1784894836585,brice,Sing,0.5
1784894836585,brice,http://localhost:3251@Bat,0.7
1784894836585,brice,Fight,0.30000000000000004
1784894836585,brice,http://localhost:3251@bear,0
1784894836585,brice,http://localhost:3251@Ant,0.5
1784894836585,brice,Dance,-2.7755575615628914e-17
1784894836585,brice,Exercise,0.4
1784894836585,brice,http://localhost:3251@alice,0.30000000000000004
1784894836585,brice,Explore,0.2
1784894836585,brice,Talk,0.30000000000000004
1784894836585,brice,http://localhost:3251@Bee,0
1784894836585,brice,Walk,0.1
1784894836585,brice,Play,-0.1
1784894836709,alice,Explore,0.4
1784894836709,alice,Sing,-0.2
1784894836709,alice,http://localhost:3251@Ant,0.20000000000000004
1784894836709,alice,Walk,0
1784894836709,alice,http://localhost:3251@Bat,0.30000000000000004
1784894836709,alice,Fight,0.30000000000000004
1784894836709,alice,http://localhost:3251@bear,0
1784894836709,alice,Exercise,0.1
1784894836709,alice,http://localhost:3251@brice,0
1784894836709,alice,Talk,0.1
1784894836709,alice,http://localhost:3251@Bee,0
1784894836709,alice,Play,0.2
1784894836710,Bee,Dance,0
1784894836710,Bee,http://localhost:3251@Ant,0.1
1784894836710,Bee,Explore,0.6
1784894836710,Bee,Fight,0
1784894836710,Bee,http://localhost:3251@bear,-0.20000000000000004
1784894836710,Bee,Sing,-0.20000000000000004
1784894836710,Bee,http://localhost:3251@Bat,-0.1
1784894836710,Bee,http://localhost:3251@brice,0.2
1784894836710,Bee,http://localhost:3251@alice,0.1
1784894836710,Bee,Talk,-0.1
1784894836710,Bee,Exercise,0.2
1784894836710,Bee,Walk,0
1784894836710,Bee,Play,0.2
1784894837570,alice,Explore,0.4
1784894837570,alice,Sing,-0.2
1784894837570,alice,http://localhost:3251@Ant,0.20000000000000004
1784894837570,alice,Walk,0
1784894837570,alice,http://localhost:3251@Bat,0.30000000000000004
1784894837570,alice,Fight,0.30000000000000004
1784894837570,alice,http://localhost:3251@bear,-0.1
1784894837570,alice,Exercise,0.1
1784894837570,alice,http://localhost:3251@brice,0
1784894837570,alice,Talk,0.1
1784894837570,alice,http://localhost:3251@Bee,0
1784894837570,alice,Play,0.1
1784894837571,bear,Fight,0
1784894837571,bear,http://localhost:3251@Bee,0.30000000000000004
1784894837571,bear,http://localhost:3251@alice,-0.20000000000000004
1784894837571,bear,Explore,0.1
1784894837571,bear,Walk,0.2
1784894837571,bear,Exercise,0.1
1784894837571,bear,http://localhost:3251@Ant,-0.2
1784894837571,bear,Sing,-0.1
1784894837571,bear,Talk,-0.2
1784894837571,bear,http://localhost:3251@brice,0.1
1784894837571,bear,http://localhost:3251@Bat,-0.4
1784894837571,bear,Play,-0.4
1784894837571,bear,Dance,0
1784894837634,Ant,Dance,0.10000000000000003
1784894837634,Ant,http://localhost:3251@Bee,-0.1
1784894837634,Ant,Sing,-0.30000000000000004
1784894837634,Ant,http://localhost:3251@alice,0.1
1784894837634,Ant,Explore,0.7
1784894837634,Ant,Fight,-0.2
1784894837634,Ant,http://localhost:3251@Bat,0
1784894837634,Ant,http://localhost:3251@brice,-0.1
1784894837634,Ant,Talk,0
1784894837634,Ant,Exercise,-0.1
1784894837634,Ant,http://localhost:3251@bear,-0.2
1784894837634,Ant,Play,0.20000000000000004
1784894837634,Ant,Walk,0
1784894837636,brice,Sing,0.5
1784894837636,brice,http://localhost:3251@Bat,0.7999999999999999
1784894837636,brice,Fight,0.4
1784894837636,brice,http://localhost:3251@bear,0
1784894837636,brice,http://localhost:3251@Ant,0.5
1784894837636,brice,Dance,-2.7755575615628914e-17
1784894837636,brice,Exercise,0.4
1784894837636,brice,http://localhost:3251@alice,0.30000000000000004
1784894837636,brice,Explore,0.2
1784894837636,brice,Talk,0.30000000000000004
1784894837636,brice,http://localhost:3251@Bee,0
1784894837636,brice,Walk,0.1
1784894837636,brice,Play,-0.1
1784894838945,alice,Explore,0.4
1784894838945,alice,Sing,-0.2
1784894838945,alice,http://localhost:3251@Ant,0.30000000000000004
1784894838945,alice,Walk,0
1784894838945,alice,http://localhost:3251@Bat,0.30000000000000004
1784894838945,alice,Fight,0.30000000000000004
1784894838945,alice,http://localhost:3251@bear,-0.1
1784894838945,alice,Exercise,0.1
1784894838945,alice,http://localhost:3251@brice,0
1784894838945,alice,Talk,0.1
1784894838945,alice,http://localhost:3251@Bee,0
1784894838945,alice,Play,0.2
1784894838948,brice,Sing,0.5
1784894838948,brice,http://localhost:3251@Bat,0.7999999999999999
1784894838948,brice,Fight,0.4
1784894838948,brice,http://localhost:3251@bear,0
1784894838948,brice,http://localhost:3251@Ant,0.5
1784894838948,brice,Dance,-2.7755575615628914e-17
1784894838948,brice,Exercise,0.4
1784894838948,brice,http://localhost:3251@alice,0.4
1784894838948,brice,Explore,0.2
1784894838948,brice,Talk,0.30000000000000004
1784894838948,brice,http://localhost:3251@Bee,0
1784894838948,brice,Walk,0.1
1784894838948,brice,Play,0
1784894839072,Bee,Dance,0
1784894839072,Bee,http://localhost:3251@Ant,0.1
1784894839072,Bee,Explore,0.7
1784894839072,Bee,Fight,0
1784894839072,Bee,http://localhost:3251@bear,-0.20000000000000004
1784894839072,Bee,Sing,-0.20000000000000004
1784894839072,Bee,http://localhost:3251@Bat,-0.1
1784894839072,Bee,http://localhost:3251@brice,0.2
1784894839072,Bee,http://localhost:3251@alice,0.1
1784894839072,Bee,Talk,-0.1
1784894839072,Bee,Exercise,0.2
1784894839072,Bee,Walk,0
1784894839072,Bee,Play,0.2
1784894839623,Bat,Explore,-2.7755575615628914e-17
1784894839623,Bat,Sing,-0.1
1784894839623,Bat,http://localhost:3251@brice,-0.10000000000000003
1784894839623,Bat,Walk,0.1
1784894839623,Bat,http://localhost:3251@alice,0.30000000000000004
1784894839623,Bat,Fight,0.1
1784894839623,Bat,http://localhost:3251@Ant,-0.1
1784894839623,Bat,Dance,0.1
1784894839623,Bat,Talk,-0.30000000000000004
1784894839623,Bat,http://localhost:3251@bear,0.30000000000000004
1784894839623,Bat,http://localhost:3251@Bee,-0.4
1784894839623,Bat,Exercise,0.1
1784894839623,Bat,Play,0
1784894839686,alice,Explore,0.4
1784894839686,alice,Sing,-0.2
1784894839686,alice,http://localhost:3251@Ant,0.4
1784894839686,alice,Walk,0
1784894839686,alice,http://localhost:3251@Bat,0.30000000000000004
1784894839686,alice,Fight,0.30000000000000004
1784894839686,alice,http://localhost:3251@bear,-0.1
1784894839686,alice,Exercise,0.1
1784894839686,alice,http://localhost:3251@brice,0
1784894839686,alice,Talk,0.1
1784894839686,alice,http://localhost:3251@Bee,0
1784894839686,alice,Play,0.30000000000000004
1784894839687,Ant,Dance,0.10000000000000003
1784894839687,Ant,http://localhost:3251@Bee,-0.1
1784894839687,Ant,Sing,-0.30000000000000004
1784894839687,Ant,http://localhost:3251@alice,0.1
1784894839687,Ant,Explore,0.7
1784894839687,Ant,Fight,-0.2
1784894839687,Ant,http://localhost:3251@Bat,0
1784894839687,Ant,http://localhost:3251@brice,-0.1
1784894839687,Ant,Talk,0
1784894839687,Ant,Exercise,-0.1
1784894839687,Ant,http://localhost:3251@bear,-0.30000000000000004
1784894839687,Ant,Play,0.10000000000000003
1784894839687,Ant,Walk,0
1784894840432,Bee,Dance,0
1784894840432,Bee,http://localhost:3251@Ant,0.1
1784894840432,Bee,Explore,0.7
1784894840432,Bee,Fight,0
1784894840432,Bee,http://localhost:3251@bear,-0.20000000000000004
1784894840432,Bee,Sing,-0.30000000000000004
1784894840432,Bee,http://localhost:3251@Bat,-0.1
1784894840432,Bee,http://localhost:3251@brice,0.2
1784894840432,Bee,http://localhost:3251@alice,0
1784894840432,Bee,Talk,-0.1
1784894840432,Bee,Exercise,0.2
1784894840432,Bee,Walk,0
1784894840432,Bee,Play,0.2
1784894840433,brice,Sing,0.6
1784894840433,brice,http://localhost:3251@Bat,0.7999999999999999
1784894840433,brice,Fight,0.4
1784894840433,brice,http://localhost:3251@bear,0
1784894840433,brice,http://localhost:3251@Ant,0.5
1784894840433,brice,Dance,-2.7755575615628914e-17
1784894840433,brice,Exercise,0.4
1784894840433,brice,http://localhost:3251@alice,0.4
1784894840433,brice,Explore,0.2
1784894840433,brice,Talk,0.30000000000000004
1784894840433,brice,http://localhost:3251@Bee,0.1
1784894840433,brice,Walk,0.1
1784894840433,brice,Play,0
1784894841292,Bat,Explore,-0.10000000000000003
1784894841292,Bat,Sing,-0.1
1784894841292,Bat,http://localhost:3251@brice,-0.10000000000000003
1784894841292,Bat,Walk,0.1
1784894841292,Bat,http://localhost:3251@alice,0.30000000000000004
1784894841292,Bat,Fight,0.1
1784894841292,Bat,http://localhost:3251@Ant,-0.1
1784894841292,Bat,Dance,0.1
1784894841292,Bat,Talk,-0.30000000000000004
1784894841292,Bat,http://localhost:3251@bear,0.30000000000000004
1784894841292,Bat,http://localhost:3251@Bee,-0.4
1784894841292,Bat,Exercise,0.1
1784894841292,Bat,Play,0
1784894841798,alice,Explore,0.4
1784894841798,alice,Sing,-0.30000000000000004
1784894841798,alice,http://localhost:3251@Ant,0.4
1784894841798,alice,Walk,0
1784894841798,alice,http://localhost:3251@Bat,0.30000000000000004
1784894841798,alice,Fight,0.30000000000000004
1784894841798,alice,http://localhost:3251@bear,-0.1
1784894841798,alice,Exercise,0.1
1784894841798,alice,http://localhost:3251@brice,-0.1
1784894841798,alice,Talk,0.1
1784894841798,alice,http://localhost:3251@Bee,0
1784894841798,alice,Play,0.30000000000000004
1784894841799,brice,Sing,0.7
1784894841799,brice,http://localhost:3251@Bat,0.7999999999999999
1784894841799,brice,Fight,0.4
1784894841799,brice,http://localhost:3251@bear,0
1784894841799,brice,http://localhost:3251@Ant,0.6
1784894841799,brice,Dance,-2.7755575615628914e-17
1784894841799,brice,Exercise,0.4
1784894841799,brice,http://localhost:3251@alice,0.4
1784894841799,brice,Explore,0.2
1784894841799,brice,Talk,0.30000000000000004
1784894841799,brice,http://localhost:3251@Bee,0.1
1784894841799,brice,Walk,0.1
1784894841799,brice,Play,0
1784894842050,bear,Fight,0
1784894842050,bear,http://localhost:3251@Bee,0.30000000000000004
1784894842050,bear,http://localhost:3251@alice,-0.20000000000000004
1784894842050,bear,Explore,0.2
1784894842050,bear,Walk,0.2
1784894842050,bear,Exercise,0.1
1784894842050,bear,http://localhost:3251@Ant,-0.2
1784894842050,bear,Sing,-0.1
1784894842050,bear,Talk,-0.2
1784894842050,bear,http://localhost:3251@brice,0.1
1784894842050,bear,http://localhost:3251@Bat,-0.4
1784894842050,bear,Play,-0.4
1784894842050,bear,Dance,0
1784894842349,Bee,Dance,0
1784894842349,Bee,http://localhost:3251@Ant,0.1
1784894842349,Bee,Explore,0.7
1784894842349,Bee,Fight,0
1784894842349,Bee,http://localhost:3251@bear,-0.20000000000000004
1784894842349,Bee,Sing,-0.30000000000000004
1784894842349,Bee,http://localhost:3251@Bat,-0.1
1784894842349,Bee,http://localhost:3251@brice,0.30000000000000004
1784894842349,Bee,http://localhost:3251@alice,0
1784894842349,Bee,Talk,-0.1
1784894842349,Bee,Exercise,0.30000000000000004
1784894842349,Bee,Walk,0
1784894842349,Bee,Play,0.2
1784894842350,brice,Sing,0.7
1784894842350,brice,http://localhost:3251@Bat,0.7999999999999999
1784894842350,brice,Fight,0.4
1784894842350,brice,http://localhost:3251@bear,0
1784894842350,brice,http://localhost:3251@Ant,0.6
1784894842350,brice,Dance,-2.7755575615628914e-17
1784894842350,brice,Exercise,0.5
1784894842350,brice,http://localhost:3251@alice,0.4
1784894842350,brice,Explore,0.2
1784894842350,brice,Talk,0.30000000000000004
1784894842350,brice,http://localhost:3251@Bee,0.2
1784894842350,brice,Walk,0.1
1784894842350,brice,Play,0
1784894843286,alice,Explore,0.4
1784894843286,alice,Sing,-0.30000000000000004
1784894843286,alice,http://localhost:3251@Ant,0.4
1784894843286,alice,Walk,0
1784894843286,alice,http://localhost:3251@Bat,0.30000000000000004
1784894843286,alice,Fight,0.30000000000000004
1784894843286,alice,http://localhost:3251@bear,0
1784894843286,alice,Exercise,0.2
1784894843286,alice,http://localhost:3251@brice,-0.1
1784894843286,alice,Talk,0.1
1784894843286,alice,http://localhost:3251@Bee,0
1784894843286,alice,Play,0.30000000000000004
1784894843288,bear,Fight,0
1784894843288,bear,http://localhost:3251@Bee,0.30000000000000004
1784894843288,bear,http://localhost:3251@alice,-0.20000000000000004
1784894843288,bear,Explore,0.2
1784894843288,bear,Walk,0.2
1784894843288,bear,Exercise,0
1784894843288,bear,http://localhost:3251@Ant,-0.2
1784894843288,bear,Sing,-0.1
1784894843288,bear,Talk,-0.2
1784894843288,bear,http://localhost:3251@brice,0
1784894843288,bear,http://localhost:3251@Bat,-0.4
1784894843288,bear,Play,-0.4
1784894843288,bear,Dance,0
1784894843789,Ant,Dance,0.10000000000000003
1784894843789,Ant,http://localhost:3251@Bee,-0.1
1784894843789,Ant,Sing,-0.30000000000000004
1784894843789,Ant,http://localhost:3251@alice,0.1
1784894843789,Ant,Explore,0.7
1784894843789,Ant,Fight,-0.2
1784894843789,Ant,http://localhost:3251@Bat,0
1784894843789,Ant,http://localhost:3251@brice,-0.1
1784894843789,Ant,Talk,0
1784894843789,Ant,Exercise,-0.1
1784894843789,Ant,http://localhost:3251@bear,-0.4
1784894843789,Ant,Play,2.7755575615628914e-17
1784894843789,Ant,Walk,0
1784894843791,Bee,Dance,0
1784894843791,Bee,http://localhost:3251@Ant,0
1784894843791,Bee,Explore,0.7
1784894843791,Bee,Fight,0
1784894843791,Bee,http://localhost:3251@bear,-0.20000000000000004
1784894843791,Bee,Sing,-0.30000000000000004
1784894843791,Bee,http://localhost:3251@Bat,-0.1
1784894843791,Bee,http://localhost:3251@brice,0.30000000000000004
1784894843791,Bee,http://localhost:3251@alice,0
1784894843791,Bee,Talk,-0.1
1784894843791,Bee,Exercise,0.30000000000000004
1784894843791,Bee,Walk,0
1784894843791,Bee,Play,0.1
1784894844041,brice,Sing,0.7
1784894844041,brice,http://localhost:3251@Bat,0.7999999999999999
1784894844041,brice,Fight,0.4
1784894844041,brice,http://localhost:3251@bear,0
1784894844041,brice,http://localhost:3251@Ant,0.6
1784894844041,brice,Dance,-2.7755575615628914e-17
1784894844041,brice,Exercise,0.5
1784894844041,brice,http://localhost:3251@alice,0.4
1784894844041,brice,Explore,0.1
1784894844041,brice,Talk,0.30000000000000004
1784894844041,brice,http://localhost:3251@Bee,0.2
1784894844041,brice,Walk,0.1
1784894844041,brice,Play,0
1784894844332,alice,Explore,0.4
1784894844332,alice,Sing,-0.30000000000000004
1784894844332,alice,http://localhost:3251@Ant,0.4
1784894844332,alice,Walk,0
1784894844332,alice,http://localhost:3251@Bat,0.30000000000000004
1784894844332,alice,Fight,0.30000000000000004
1784894844332,alice,http://localhost:3251@bear,-0.1
1784894844332,alice,Exercise,0.2
1784894844332,alice,http://localhost:3251@brice,-0.1
1784894844332,alice,Talk,0
1784894844332,alice,http://localhost:3251@Bee,0
1784894844332,alice,Play,0.30000000000000004
1784894844332,Bee,Dance,0
1784894844332,Bee,http://localhost:3251@Ant,0
1784894844332,Bee,Explore,0.7
1784894844332,Bee,Fight,0
1784894844332,Bee,http://localhost:3251@bear,-0.20000000000000004
1784894844332,Bee,Sing,-0.30000000000000004
1784894844332,Bee,http://localhost:3251@Bat,-0.1
1784894844332,Bee,http://localhost:3251@brice,0.30000000000000004
1784894844332,Bee,http://localhost:3251@alice,-0.1
1784894844332,Bee,Talk,-0.2
1784894844332,Bee,Exercise,0.30000000000000004
1784894844332,Bee,Walk,0
1784894844332,Bee,Play,0.1
1784894844890,bear,Fight,0
1784894844890,bear,http://localhost:3251@Bee,0.30000000000000004
1784894844890,bear,http://localhost:3251@alice,-0.20000000000000004
1784894844890,bear,Explore,0.30000000000000004
1784894844890,bear,Walk,0.2
1784894844890,bear,Exercise,0
1784894844890,bear,http://localhost:3251@Ant,-0.2
1784894844890,bear,Sing,-0.1
1784894844890,bear,Talk,-0.2
1784894844890,bear,http://localhost:3251@brice,0
1784894844890,bear,http://localhost:3251@Bat,-0.4
1784894844890,bear,Play,-0.4
1784894844890,bear,Dance,0
1784894845848,alice,Explore,0.5
1784894845848,alice,Sing,-0.30000000000000004
1784894845848,alice,http://localhost:3251@Ant,0.4
1784894845848,alice,Walk,0
1784894845848,alice,http://localhost:3251@Bat,0.30000000000000004
1784894845848,alice,Fight,0.30000000000000004
1784894845848,alice,http://localhost:3251@bear,-0.1
1784894845848,alice,Exercise,0.2
1784894845848,alice,http://localhost:3251@brice,-0.1
1784894845848,alice,Talk,0
1784894845848,alice,http://localhost:3251@Bee,0
1784894845848,alice,Play,0.30000000000000004
1784894845910,Bee,Dance,0
1784894845910,Bee,http://localhost:3251@Ant,0
1784894845910,Bee,Explore,0.6
1784894845910,Bee,Fight,0
1784894845910,Bee,http://localhost:3251@bear,-0.20000000000000004
1784894845910,Bee,Sing,-0.30000000000000004
1784894845910,Bee,http://localhost:3251@Bat,-0.1
1784894845910,Bee,http://localhost:3251@brice,0.30000000000000004
1784894845910,Bee,http://localhost:3251@alice,-0.1
1784894845910,Bee,Talk,-0.2
1784894845910,Bee,Exercise,0.30000000000000004
1784894845910,Bee,Walk,0
1784894845910,Bee,Play,0.1
1784894845967,Ant,Dance,0.10000000000000003
1784894845967,Ant,http://localhost:3251@Bee,-0.1
1784894845967,Ant,Sing,-0.30000000000000004
1784894845967,Ant,http://localhost:3251@alice,0.1
1784894845967,Ant,Explore,0.7999999999999999
1784894845967,Ant,Fight,-0.2
1784894845967,Ant,http://localhost:3251@Bat,0
1784894845967,Ant,http://localhost:3251@brice,-0.1
1784894845967,Ant,Talk,0
1784894845967,Ant,Exercise,-0.1
1784894845967,Ant,http://localhost:3251@bear,-0.4
1784894845967,Ant,Play,2.7755575615628914e-17
1784894845967,Ant,Walk,0
1784894845967,Bat,Explore,-0.10000000000000003
1784894845967,Bat,Sing,-0.1
1784894845967,Bat,http://localhost:3251@brice,-0.10000000000000003
1784894845967,Bat,Walk,0.1
1784894845967,Bat,http://localhost:3251@alice,0.20000000000000004
1784894845967,Bat,Fight,0.1
1784894845967,Bat,http://localhost:3251@Ant,-0.1
1784894845967,Bat,Dance,0.1
1784894845967,Bat,Talk,-0.30000000000000004
1784894845967,Bat,http://localhost:3251@bear,0.30000000000000004
1784894845967,Bat,http://localhost:3251@Bee,-0.4
1784894845967,Bat,Exercise,0.1
1784894845967,Bat,Play,-0.1
1784894845968,bear,Fight,0
1784894845968,bear,http://localhost:3251@Bee,0.30000000000000004
1784894845968,bear,http://localhost:3251@alice,-0.20000000000000004
1784894845968,bear,Explore,0.30000000000000004
1784894845968,bear,Walk,0.2
1784894845968,bear,Exercise,0
1784894845968,bear,http://localhost:3251@Ant,-0.2
1784894845968,bear,Sing,-0.1
1784894845968,bear,Talk,-0.2
1784894845968,bear,http://localhost:3251@brice,0
1784894845968,bear,http://localhost:3251@Bat,-0.30000000000000004
1784894845968,bear,Play,-0.30000000000000004
1784894845968,bear,Dance,0
1784894847202,bear,Fight,0
1784894847202,bear,http://localhost:3251@Bee,0.4
1784894847202,bear,http://localhost:3251@alice,-0.20000000000000004
1784894847202,bear,Explore,0.30000000000000004
1784894847202,bear,Walk,0.2
1784894847202,bear,Exercise,0
1784894847202,bear,http://localhost:3251@Ant,-0.2
1784894847202,bear,Sing,-0.1
1784894847202,bear,Talk,-0.2
1784894847202,bear,http://localhost:3251@brice,0
1784894847202,bear,http://localhost:3251@Bat,-0.30000000000000004
1784894847202,bear,Play,-0.20000000000000004
1784894847202,bear,Dance,0
1784894847203,Bee,Dance,0
1784894847203,Bee,http://localhost:3251@Ant,0.1
1784894847203,Bee,Explore,0.6
1784894847203,Bee,Fight,0
1784894847203,Bee,http://localhost:3251@bear,-0.20000000000000004
1784894847203,Bee,Sing,-0.30000000000000004
1784894847203,Bee,http://localhost:3251@Bat,-0.1
1784894847203,Bee,http://localhost:3251@brice,0.30000000000000004
1784894847203,Bee,http://localhost:3251@alice,-0.1
1784894847203,Bee,Talk,-0.2
1784894847203,Bee,Exercise,0.30000000000000004
1784894847203,Bee,Walk,0
1784894847203,Bee,Play,0.2
1784894847551,Bat,Explore,-0.20000000000000004
1784894847551,Bat,Sing,-0.1
1784894847551,Bat,http://localhost:3251@brice,-0.10000000000000003
1784894847551,Bat,Walk,0.1
1784894847551,Bat,http://localhost:3251@alice,0.20000000000000004
1784894847551,Bat,Fight,0.1
1784894847551,Bat,http://localhost:3251@Ant,-0.1
1784894847551,Bat,Dance,0.1
1784894847551,Bat,Talk,-0.30000000000000004
1784894847551,Bat,http://localhost:3251@bear,0.30000000000000004
1784894847551,Bat,http://localhost:3251@Bee,-0.4
1784894847551,Bat,Exercise,0.1
1784894847551,Bat,Play,-0.1
1784894847614,brice,Sing,0.7
1784894847614,brice,http://localhost:3251@Bat,0.7999999999999999
1784894847614,brice,Fight,0.4
1784894847614,brice,http://localhost:3251@bear,0
1784894847614,brice,http://localhost:3251@Ant,0.6
1784894847614,brice,Dance,-2.7755575615628914e-17
1784894847614,brice,Exercise,0.5
1784894847614,brice,http://localhost:3251@alice,0.4
1784894847614,brice,Explore,0.2
1784894847614,brice,Talk,0.30000000000000004
1784894847614,brice,http://localhost:3251@Bee,0.2
1784894847614,brice,Walk,0.1
1784894847614,brice,Play,0
1784894848893,alice,Explore,0.4
1784894848893,alice,Sing,-0.30000000000000004
1784894848893,alice,http://localhost:3251@Ant,0.4
1784894848893,alice,Walk,0
1784894848893,alice,http://localhost:3251@Bat,0.30000000000000004
1784894848893,alice,Fight,0.30000000000000004
1784894848893,alice,http://localhost:3251@bear,-0.1
1784894848893,alice,Exercise,0.2
1784894848893,alice,http://localhost:3251@brice,-0.1
1784894848893,alice,Talk,0
1784894848893,alice,http://localhost:3251@Bee,0
1784894848893,alice,Play,0.30000000000000004
1784894849109,Ant,Dance,0.10000000000000003
1784894849109,Ant,http://localhost:3251@Bee,0
1784894849109,Ant,Sing,-0.20000000000000004
1784894849109,Ant,http://localhost:3251@alice,0.1
1784894849109,Ant,Explore,0.7999999999999999
1784894849109,Ant,Fight,-0.2
1784894849109,Ant,http://localhost:3251@Bat,0
1784894849109,Ant,http://localhost:3251@brice,-0.1
1784894849109,Ant,Talk,0
1784894849109,Ant,Exercise,-0.1
1784894849109,Ant,http://localhost:3251@bear,-0.4
1784894849109,Ant,Play,2.7755575615628914e-17
1784894849109,Ant,Walk,0
1784894849110,Bat,Explore,-0.30000000000000004
1784894849110,Bat,Sing,-0.1
1784894849110,Bat,http://localhost:3251@brice,-0.10000000000000003
1784894849110,Bat,Walk,0.1
1784894849110,Bat,http://localhost:3251@alice,0.20000000000000004
1784894849110,Bat,Fight,0.1
1784894849110,Bat,http://localhost:3251@Ant,-0.1
1784894849110,Bat,Dance,0.1
1784894849110,Bat,Talk,-0.30000000000000004
1784894849110,Bat,http://localhost:3251@bear,0.30000000000000004
1784894849110,Bat,http://localhost:3251@Bee,-0.4
1784894849110,Bat,Exercise,0.1
1784894849110,Bat,Play,-0.1
1784894849112,Bee,Dance,0
1784894849112,Bee,http://localhost:3251@Ant,0.1
1784894849112,Bee,Explore,0.6
1784894849112,Bee,Fight,0
1784894849112,Bee,http://localhost:3251@bear,-0.20000000000000004
1784894849112,Bee,Sing,-0.4
1784894849112,Bee,http://localhost:3251@Bat,-0.1
1784894849112,Bee,http://localhost:3251@brice,0.30000000000000004
1784894849112,Bee,http://localhost:3251@alice,-0.2
1784894849112,Bee,Talk,-0.2
1784894849112,Bee,Exercise,0.30000000000000004
1784894849112,Bee,Walk,0
1784894849112,Bee,Play,0.2
1784894850354,bear,Fight,0
1784894850354,bear,http://localhost:3251@Bee,0.4
1784894850354,bear,http://localhost:3251@alice,-0.20000000000000004
1784894850354,bear,Explore,0.30000000000000004
1784894850354,bear,Walk,0.2
1784894850354,bear,Exercise,0
1784894850354,bear,http://localhost:3251@Ant,-0.2
1784894850354,bear,Sing,-0.1
1784894850354,bear,Talk,-0.2
1784894850354,bear,http://localhost:3251@brice,-0.1
1784894850354,bear,http://localhost:3251@Bat,-0.30000000000000004
1784894850354,bear,Play,-0.20000000000000004
1784894850354,bear,Dance,-0.1
1784894850355,brice,Sing,0.7
1784894850355,brice,http://localhost:3251@Bat,0.8999999999999999
1784894850355,brice,Fight,0.4
1784894850355,brice,http://localhost:3251@bear,0
1784894850355,brice,http://localhost:3251@Ant,0.6
1784894850355,brice,Dance,0.09999999999999998
1784894850355,brice,Exercise,0.5
1784894850355,brice,http://localhost:3251@alice,0.4
1784894850355,brice,Explore,0.2
1784894850355,brice,Talk,0.30000000000000004
1784894850355,brice,http://localhost:3251@Bee,0.2
1784894850355,brice,Walk,0.1
1784894850355,brice,Play,0
1784894850575,alice,Explore,0.5
1784894850575,alice,Sing,-0.30000000000000004
1784894850575,alice,http://localhost:3251@Ant,0.4
1784894850575,alice,Walk,0
1784894850575,alice,http://localhost:3251@Bat,0.30000000000000004
1784894850575,alice,Fight,0.30000000000000004
1784894850575,alice,http://localhost:3251@bear,-0.1
1784894850575,alice,Exercise,0.2
1784894850575,alice,http://localhost:3251@brice,-0.1
1784894850575,alice,Talk,0
1784894850575,alice,http://localhost:3251@Bee,0
1784894850575,alice,Play,0.30000000000000004
1784894851127,Ant,Dance,0.10000000000000003
1784894851127,Ant,http://localhost:3251@Bee,0
1784894851127,Ant,Sing,-0.20000000000000004
1784894851127,Ant,http://localhost:3251@alice,0.1
1784894851127,Ant,Explore,0.7999999999999999
1784894851127,Ant,Fight,-0.2
1784894851127,Ant,http://localhost:3251@Bat,0
1784894851127,Ant,http://localhost:3251@brice,-0.1
1784894851127,Ant,Talk,0
1784894851127,Ant,Exercise,-0.1
1784894851127,Ant,http://localhost:3251@bear,-0.30000000000000004
1784894851127,Ant,Play,0.10000000000000003
1784894851127,Ant,Walk,0
1784894851128,bear,Fight,0
1784894851128,bear,http://localhost:3251@Bee,0.4
1784894851128,bear,http://localhost:3251@alice,-0.20000000000000004
1784894851128,bear,Explore,0.30000000000000004
1784894851128,bear,Walk,0.2
1784894851128,bear,Exercise,0
1784894851128,bear,http://localhost:3251@Ant,-0.1
1784894851128,bear,Sing,-0.1
1784894851128,bear,Talk,-0.2
1784894851128,bear,http://localhost:3251@brice,-0.1
1784894851128,bear,http://localhost:3251@Bat,-0.30000000000000004
1784894851128,bear,Play,-0.10000000000000003
1784894851128,bear,Dance,-0.1
1784894851380,Bat,Explore,-0.4
1784894851380,Bat,Sing,-0.1
1784894851380,Bat,http://localhost:3251@brice,-0.10000000000000003
1784894851380,Bat,Walk,0.1
1784894851380,Bat,http://localhost:3251@alice,0.20000000000000004
1784894851380,Bat,Fight,0.1
1784894851380,Bat,http://localhost:3251@Ant,-0.1
1784894851380,Bat,Dance,0.1
1784894851380,Bat,Talk,-0.30000000000000004
1784894851380,Bat,http://localhost:3251@bear,0.30000000000000004
1784894851380,Bat,http://localhost:3251@Bee,-0.4
1784894851380,Bat,Exercise,0.1
1784894851380,Bat,Play,-0.1
1784894851381,Bee,Dance,0
1784894851381,Bee,http://localhost:3251@Ant,0.1
1784894851381,Bee,Explore,0.7
1784894851381,Bee,Fight,0
1784894851381,Bee,http://localhost:3251@bear,-0.20000000000000004
1784894851381,Bee,Sing,-0.4
1784894851381,Bee,http://localhost:3251@Bat,-0.1
1784894851381,Bee,http://localhost:3251@brice,0.30000000000000004
1784894851381,Bee,http://localhost:3251@alice,-0.2
1784894851381,Bee,Talk,-0.2
1784894851381,Bee,Exercise,0.30000000000000004
1784894851381,Bee,Walk,0
1784894851381,Bee,Play,0.2
1784894852093,bear,Fight,0
1784894852093,bear,http://localhost:3251@Bee,0.4
1784894852093,bear,http://localhost:3251@alice,-0.20000000000000004
1784894852093,bear,Explore,0.30000000000000004
1784894852093,bear,Walk,0.2
1784894852093,bear,Exercise,-0.1
1784894852093,bear,http://localhost:3251@Ant,-0.1
1784894852093,bear,Sing,-0.1
1784894852093,bear,Talk,-0.2
1784894852093,bear,http://localhost:3251@brice,-0.2
1784894852093,bear,http://localhost:3251@Bat,-0.30000000000000004
1784894852093,bear,Play,-0.10000000000000003
1784894852093,bear,Dance,-0.1
1784894852094,brice,Sing,0.7
1784894852094,brice,http://localhost:3251@Bat,0.7999999999999999
1784894852094,brice,Fight,0.4
1784894852094,brice,http://localhost:3251@bear,0
1784894852094,brice,http://localhost:3251@Ant,0.6
1784894852094,brice,Dance,0.09999999999999998
1784894852094,brice,Exercise,0.4
1784894852094,brice,http://localhost:3251@alice,0.4
1784894852094,brice,Explore,0.2
1784894852094,brice,Talk,0.30000000000000004
1784894852094,brice,http://localhost:3251@Bee,0.2
1784894852094,brice,Walk,0.1
1784894852094,brice,Play,0
1784894852762,alice,Explore,0.6
1784894852762,alice,Sing,-0.30000000000000004
1784894852762,alice,http://localhost:3251@Ant,0.4
1784894852762,alice,Walk,0
1784894852762,alice,http://localhost:3251@Bat,0.30000000000000004
1784894852762,alice,Fight,0.30000000000000004
1784894852762,alice,http://localhost:3251@bear,-0.1
1784894852762,alice,Exercise,0.2
1784894852762,alice,http://localhost:3251@brice,-0.1
1784894852762,alice,Talk,0
1784894852762,alice,http://localhost:3251@Bee,0
1784894852762,alice,Play,0.30000000000000004
1784894853380,Bee,Dance,0
1784894853380,Bee,http://localhost:3251@Ant,0.1
1784894853380,Bee,Explore,0.7
1784894853380,Bee,Fight,0
1784894853380,Bee,http://localhost:3251@bear,-0.20000000000000004
1784894853380,Bee,Sing,-0.4
1784894853380,Bee,http://localhost:3251@Bat,-0.1
1784894853380,Bee,http://localhost:3251@brice,0.20000000000000004
1784894853380,Bee,http://localhost:3251@alice,-0.2
1784894853380,Bee,Talk,-0.2
1784894853380,Bee,Exercise,0.30000000000000004
1784894853380,Bee,Walk,0
1784894853380,Bee,Play,0.1
1784894853380,brice,Sing,0.7
1784894853380,brice,http://localhost:3251@Bat,0.7999999999999999
1784894853380,brice,Fight,0.4
1784894853380,brice,http://localhost:3251@bear,0.1
1784894853380,brice,http://localhost:3251@Ant,0.6
1784894853380,brice,Dance,0.09999999999999998
1784894853380,brice,Exercise,0.4
1784894853380,brice,http://localhost:3251@alice,0.4
1784894853380,brice,Explore,0.2
1784894853380,brice,Talk,0.30000000000000004
1784894853380,brice,http://localhost:3251@Bee,0.2
1784894853380,brice,Walk,0.1
1784894853380,brice,Play,0.1
1784894853694,bear,Fight,0
1784894853694,bear,http://localhost:3251@Bee,0.4
1784894853694,bear,http://localhost:3251@alice,-0.20000000000000004
1784894853694,bear,Explore,0.4
1784894853694,bear,Walk,0.2
1784894853694,bear,Exercise,-0.1
1784894853694,bear,http://localhost:3251@Ant,-0.1
1784894853694,bear,Sing,-0.1
1784894853694,bear,Talk,-0.2
1784894853694,bear,http://localhost:3251@brice,-0.2
1784894853694,bear,http://localhost:3251@Bat,-0.30000000000000004
1784894853694,bear,Play,-0.10000000000000003
1784894853694,bear,Dance,-0.1
1784894854254,Bat,Explore,-0.30000000000000004
1784894854254,Bat,Sing,-0.1
1784894854254,Bat,http://localhost:3251@brice,-0.10000000000000003
1784894854254,Bat,Walk,0.1
1784894854254,Bat,http://localhost:3251@alice,0.20000000000000004
1784894854254,Bat,Fight,0.1
1784894854254,Bat,http://localhost:3251@Ant,-0.1
1784894854254,Bat,Dance,0.1
1784894854254,Bat,Talk,-0.30000000000000004
1784894854254,Bat,http://localhost:3251@bear,0.30000000000000004
1784894854254,Bat,http://localhost:3251@Bee,-0.4
1784894854254,Bat,Exercise,0.1
1784894854254,Bat,Play,-0.1
1784894854759,Ant,Dance,0.10000000000000003
1784894854759,Ant,http://localhost:3251@Bee,0
1784894854759,Ant,Sing,-0.20000000000000004
1784894854759,Ant,http://localhost:3251@alice,0.1
1784894854759,Ant,Explore,0.7
1784894854759,Ant,Fight,-0.2
1784894854759,Ant,http://localhost:3251@Bat,0
1784894854759,Ant,http://localhost:3251@brice,-0.1
1784894854759,Ant,Talk,0
1784894854759,Ant,Exercise,-0.1
1784894854759,Ant,http://localhost:3251@bear,-0.30000000000000004
1784894854759,Ant,Play,0.10000000000000003
1784894854759,Ant,Walk,0
1784894854822,bear,Fight,0
1784894854822,bear,http://localhost:3251@Bee,0.4
1784894854822,bear,http://localhost:3251@alice,-0.20000000000000004
1784894854822,bear,Explore,0.4
1784894854822,bear,Walk,0.1
1784894854822,bear,Exercise,-0.1
1784894854822,bear,http://localhost:3251@Ant,-0.1
1784894854822,bear,Sing,-0.1
1784894854822,bear,Talk,-0.2
1784894854822,bear,http://localhost:3251@brice,-0.30000000000000004
1784894854822,bear,http://localhost:3251@Bat,-0.30000000000000004
1784894854822,bear,Play,-0.10000000000000003
1784894854822,bear,Dance,-0.1
1784894854822,brice,Sing,0.7
1784894854822,brice,http://localhost:3251@Bat,0.7
1784894854822,brice,Fight,0.4
1784894854822,brice,http://localhost:3251@bear,0.1
1784894854822,brice,http://localhost:3251@Ant,0.6
1784894854822,brice,Dance,0.09999999999999998
1784894854822,brice,Exercise,0.4
1784894854822,brice,http://localhost:3251@alice,0.4
1784894854822,brice,Explore,0.2
1784894854822,brice,Talk,0.30000000000000004
1784894854822,brice,http://localhost:3251@Bee,0.2
1784894854822,brice,Walk,0
1784894854822,brice,Play,0.1
1784894855317,Bat,Explore,-0.30000000000000004
1784894855317,Bat,Sing,-0.1
1784894855317,Bat,http://localhost:3251@brice,-0.10000000000000003
1784894855317,Bat,Walk,0.1
1784894855317,Bat,http://localhost:3251@alice,0.20000000000000004
1784894855317,Bat,Fight,0.1
1784894855317,Bat,http://localhost:3251@Ant,-0.1
1784894855317,Bat,Dance,0.1
1784894855317,Bat,Talk,-0.30000000000000004
1784894855317,Bat,http://localhost:3251@bear,0.30000000000000004
1784894855317,Bat,http://localhost:3251@Bee,-0.5
1784894855317,Bat,Exercise,0
1784894855317,Bat,Play,-0.1
1784894855319,Bee,Dance,0
1784894855319,Bee,http://localhost:3251@Ant,0.1
1784894855319,Bee,Explore,0.7
1784894855319,Bee,Fight,0
1784894855319,Bee,http://localhost:3251@bear,-0.20000000000000004
1784894855319,Bee,Sing,-0.4
1784894855319,Bee,http://localhost:3251@Bat,-0.1
1784894855319,Bee,http://localhost:3251@brice,0.30000000000000004
1784894855319,Bee,http://localhost:3251@alice,-0.2
1784894855319,Bee,Talk,-0.2
1784894855319,Bee,Exercise,0.4
1784894855319,Bee,Walk,0
1784894855319,Bee,Play,0.1
1784894855505,alice,Explore,0.6
1784894855505,alice,Sing,-0.30000000000000004
1784894855505,alice,http://localhost:3251@Ant,0.4
1784894855505,alice,Walk,0
1784894855505,alice,http://localhost:3251@Bat,0.30000000000000004
1784894855505,alice,Fight,0.30000000000000004
1784894855505,alice,http://localhost:3251@bear,-0.1
1784894855505,alice,Exercise,0.1
1784894855505,alice,http://localhost:3251@brice,-0.2
1784894855505,alice,Talk,0
1784894855505,alice,http://localhost:3251@Bee,0
1784894855505,alice,Play,0.30000000000000004
1784894855506,Ant,Dance,0.10000000000000003
1784894855506,Ant,http://localhost:3251@Bee,0
1784894855506,Ant,Sing,-0.20000000000000004
1784894855506,Ant,http://localhost:3251@alice,0.2
1784894855506,Ant,Explore,0.7
1784894855506,Ant,Fight,-0.2
1784894855506,Ant,http://localhost:3251@Bat,0
1784894855506,Ant,http://localhost:3251@brice,-0.1
1784894855506,Ant,Talk,0
1784894855506,Ant,Exercise,0
1784894855506,Ant,http://localhost:3251@bear,-0.30000000000000004
1784894855506,Ant,Play,0.10000000000000003
1784894855506,Ant,Walk,0
1784894856689,Bee,Dance,0
1784894856689,Bee,http://localhost:3251@Ant,0
1784894856689,Bee,Explore,0.7
1784894856689,Bee,Fight,0
1784894856689,Bee,http://localhost:3251@bear,-0.20000000000000004
1784894856689,Bee,Sing,-0.4
1784894856689,Bee,http://localhost:3251@Bat,-0.1
1784894856689,Bee,http://localhost:3251@brice,0.30000000000000004
1784894856689,Bee,http://localhost:3251@alice,-0.2
1784894856689,Bee,Talk,-0.2
1784894856689,Bee,Exercise,0.4
1784894856689,Bee,Walk,0
1784894856689,Bee,Play,0
1784894856690,brice,Sing,0.7
1784894856690,brice,http://localhost:3251@Bat,0.7
1784894856690,brice,Fight,0.4
1784894856690,brice,http://localhost:3251@bear,0.1
1784894856690,brice,http://localhost:3251@Ant,0.6
1784894856690,brice,Dance,0.09999999999999998
1784894856690,brice,Exercise,0.4
1784894856690,brice,http://localhost:3251@alice,0.4
1784894856690,brice,Explore,0.2
1784894856690,brice,Talk,0.30000000000000004
1784894856690,brice,http://localhost:3251@Bee,0.30000000000000004
1784894856690,brice,Walk,0
1784894856690,brice,Play,0.2
1784894856815,Ant,Dance,0.10000000000000003
1784894856815,Ant,http://localhost:3251@Bee,0
1784894856815,Ant,Sing,-0.20000000000000004
1784894856815,Ant,http://localhost:3251@alice,0.2
1784894856815,Ant,Explore,0.7
1784894856815,Ant,Fight,-0.2
1784894856815,Ant,http://localhost:3251@Bat,0.1
1784894856815,Ant,http://localhost:3251@brice,-0.1
1784894856815,Ant,Talk,0
1784894856815,Ant,Exercise,0
1784894856815,Ant,http://localhost:3251@bear,-0.30000000000000004
1784894856815,Ant,Play,0.20000000000000004
1784894856815,Ant,Walk,0
1784894856816,Bat,Explore,-0.30000000000000004
1784894856816,Bat,Sing,-0.1
1784894856816,Bat,http://localhost:3251@brice,-0.10000000000000003
1784894856816,Bat,Walk,0.1
1784894856816,Bat,http://localhost:3251@alice,0.10000000000000003
1784894856816,Bat,Fight,0.1
1784894856816,Bat,http://localhost:3251@Ant,-0.1
1784894856816,Bat,Dance,0.1
1784894856816,Bat,Talk,-0.30000000000000004
1784894856816,Bat,http://localhost:3251@bear,0.30000000000000004
1784894856816,Bat,http://localhost:3251@Bee,-0.5
1784894856816,Bat,Exercise,0
1784894856816,Bat,Play,-0.2
1784894857250,alice,Explore,0.6
1784894857250,alice,Sing,-0.30000000000000004
1784894857250,alice,http://localhost:3251@Ant,0.4
1784894857250,alice,Walk,0
1784894857250,alice,http://localhost:3251@Bat,0.30000000000000004
1784894857250,alice,Fight,0.4
1784894857250,alice,http://localhost:3251@bear,0
1784894857250,alice,Exercise,0.1
1784894857250,alice,http://localhost:3251@brice,-0.2
1784894857250,alice,Talk,0
1784894857250,alice,http://localhost:3251@Bee,0
1784894857250,alice,Play,0.30000000000000004
1784894857251,bear,Fight,0.1
1784894857251,bear,http://localhost:3251@Bee,0.5
1784894857251,bear,http://localhost:3251@alice,-0.20000000000000004
1784894857251,bear,Explore,0.4
1784894857251,bear,Walk,0.1
1784894857251,bear,Exercise,-0.1
1784894857251,bear,http://localhost:3251@Ant,-0.1
1784894857251,bear,Sing,-0.1
1784894857251,bear,Talk,-0.2
1784894857251,bear,http://localhost:3251@brice,-0.30000000000000004
1784894857251,bear,http://localhost:3251@Bat,-0.30000000000000004
1784894857251,bear,Play,-0.10000000000000003
1784894857251,bear,Dance,-0.1
1784894857252,Bee,Dance,0
1784894857252,Bee,http://localhost:3251@Ant,0
1784894857252,Bee,Explore,0.7
1784894857252,Bee,Fight,-0.1
1784894857252,Bee,http://localhost:3251@bear,-0.30000000000000004
1784894857252,Bee,Sing,-0.4
1784894857252,Bee,http://localhost:3251@Bat,-0.1
1784894857252,Bee,http://localhost:3251@brice,0.30000000000000004
1784894857252,Bee,http://localhost:3251@alice,-0.2
1784894857252,Bee,Talk,-0.2
1784894857252,Bee,Exercise,0.4
1784894857252,Bee,Walk,0
1784894857252,Bee,Play,0
1784894857252,brice,Sing,0.7
1784894857252,brice,http://localhost:3251@Bat,0.7
1784894857252,brice,Fight,0.5
1784894857252,brice,http://localhost:3251@bear,0.1
1784894857252,brice,http://localhost:3251@Ant,0.6
1784894857252,brice,Dance,0.09999999999999998
1784894857252,brice,Exercise,0.4
1784894857252,brice,http://localhost:3251@alice,0.5
1784894857252,brice,Explore,0.2
1784894857252,brice,Talk,0.30000000000000004
1784894857252,brice,http://localhost:3251@Bee,0.30000000000000004
1784894857252,brice,Walk,0
1784894857252,brice,Play,0.2
1784894858047,Bat,Explore,-0.30000000000000004
1784894858047,Bat,Sing,-0.1
1784894858047,Bat,http://localhost:3251@brice,-2.7755575615628914e-17
1784894858047,Bat,Walk,0.1
1784894858047,Bat,http://localhost:3251@alice,0.10000000000000003
1784894858047,Bat,Fight,0.1
1784894858047,Bat,http://localhost:3251@Ant,-0.1
1784894858047,Bat,Dance,0.1
1784894858047,Bat,Talk,-0.30000000000000004
1784894858047,Bat,http://localhost:3251@bear,0.30000000000000004
1784894858047,Bat,http://localhost:3251@Bee,-0.5
1784894858047,Bat,Exercise,0.1
1784894858047,Bat,Play,-0.2
1784894858048,Bee,Dance,0
1784894858048,Bee,http://localhost:3251@Ant,0
1784894858048,Bee,Explore,0.7
1784894858048,Bee,Fight,-0.1
1784894858048,Bee,http://localhost:3251@bear,-0.30000000000000004
1784894858048,Bee,Sing,-0.4
1784894858048,Bee,http://localhost:3251@Bat,0
1784894858048,Bee,http://localhost:3251@brice,0.30000000000000004
1784894858048,Bee,http://localhost:3251@alice,-0.2
1784894858048,Bee,Talk,-0.2
1784894858048,Bee,Exercise,0.5
1784894858048,Bee,Walk,0
1784894858048,Bee,Play,0
1784894858457,Ant,Dance,0.10000000000000003
1784894858457,Ant,http://localhost:3251@Bee,0
1784894858457,Ant,Sing,-0.20000000000000004
1784894858457,Ant,http://localhost:3251@alice,0.2
1784894858457,Ant,Explore,0.6
1784894858457,Ant,Fight,-0.2
1784894858457,Ant,http://localhost:3251@Bat,0.1
1784894858457,Ant,http://localhost:3251@brice,-0.1
1784894858457,Ant,Talk,0
1784894858457,Ant,Exercise,0
1784894858457,Ant,http://localhost:3251@bear,-0.30000000000000004
1784894858457,Ant,Play,0.20000000000000004
1784894858457,Ant,Walk,0
1784894858899,alice,Explore,0.5
1784894858899,alice,Sing,-0.30000000000000004
1784894858899,alice,http://localhost:3251@Ant,0.4
1784894858899,alice,Walk,0
1784894858899,alice,http://localhost:3251@Bat,0.30000000000000004
1784894858899,alice,Fight,0.4
1784894858899,alice,http://localhost:3251@bear,0
1784894858899,alice,Exercise,0.1
1784894858899,alice,http://localhost:3251@brice,-0.2
1784894858899,alice,Talk,0
1784894858899,alice,http://localhost:3251@Bee,0
1784894858899,alice,Play,0.30000000000000004
1784894859646,bear,Fight,0.1
1784894859646,bear,http://localhost:3251@Bee,0.5
1784894859646,bear,http://localhost:3251@alice,-0.20000000000000004
1784894859646,bear,Explore,0.30000000000000004
1784894859646,bear,Walk,0.1
1784894859646,bear,Exercise,-0.1
1784894859646,bear,http://localhost:3251@Ant,-0.1
1784894859646,bear,Sing,-0.1
1784894859646,bear,Talk,-0.2
1784894859646,bear,http://localhost:3251@brice,-0.30000000000000004
1784894859646,bear,http://localhost:3251@Bat,-0.30000000000000004
1784894859646,bear,Play,-0.10000000000000003
1784894859646,bear,Dance,-0.1
1784894859709,Bee,Dance,0
1784894859709,Bee,http://localhost:3251@Ant,0
1784894859709,Bee,Explore,0.6
1784894859709,Bee,Fight,-0.1
1784894859709,Bee,http://localhost:3251@bear,-0.30000000000000004
1784894859709,Bee,Sing,-0.4
1784894859709,Bee,http://localhost:3251@Bat,0
1784894859709,Bee,http://localhost:3251@brice,0.30000000000000004
1784894859709,Bee,http://localhost:3251@alice,-0.2
1784894859709,Bee,Talk,-0.2
1784894859709,Bee,Exercise,0.5
1784894859709,Bee,Walk,0
1784894859709,Bee,Play,0
1784894860137,Ant,Dance,0.10000000000000003
1784894860137,Ant,http://localhost:3251@Bee,0
1784894860137,Ant,Sing,-0.20000000000000004
1784894860137,Ant,http://localhost:3251@alice,0.2
1784894860137,Ant,Explore,0.7
1784894860137,Ant,Fight,-0.2
1784894860137,Ant,http://localhost:3251@Bat,0.1
1784894860137,Ant,http://localhost:3251@brice,-0.1
1784894860137,Ant,Talk,0
1784894860137,Ant,Exercise,0
1784894860137,Ant,http://localhost:3251@bear,-0.30000000000000004
1784894860137,Ant,Play,0.20000000000000004
1784894860137,Ant,Walk,0
1784894860328,bear,Fight,0.1
1784894860328,bear,http://localhost:3251@Bee,0.5
1784894860328,bear,http://localhost:3251@alice,-0.20000000000000004
1784894860328,bear,Explore,0.30000000000000004
1784894860328,bear,Walk,0.1
1784894860328,bear,Exercise,-0.1
1784894860328,bear,http://localhost:3251@Ant,-0.1
1784894860328,bear,Sing,-0.1
1784894860328,bear,Talk,-0.30000000000000004
1784894860328,bear,http://localhost:3251@brice,-0.4
1784894860328,bear,http://localhost:3251@Bat,-0.30000000000000004
1784894860328,bear,Play,-0.10000000000000003
1784894860328,bear,Dance,-0.1
1784894860330,brice,Sing,0.7
1784894860330,brice,http://localhost:3251@Bat,0.7999999999999999
1784894860330,brice,Fight,0.5
1784894860330,brice,http://localhost:3251@bear,0.1
1784894860330,brice,http://localhost:3251@Ant,0.6
1784894860330,brice,Dance,0.09999999999999998
1784894860330,brice,Exercise,0.4
1784894860330,brice,http://localhost:3251@alice,0.5
1784894860330,brice,Explore,0.2
1784894860330,brice,Talk,0.4
1784894860330,brice,http://localhost:3251@Bee,0.30000000000000004
1784894860330,brice,Walk,0
1784894860330,brice,Play,0.2
1784894861083,bear,Fight,0.1
1784894861083,bear,http://localhost:3251@Bee,0.6
1784894861083,bear,http://localhost:3251@alice,-0.20000000000000004
1784894861083,bear,Explore,0.30000000000000004
1784894861083,bear,Walk,0.1
1784894861083,bear,Exercise,-0.1
1784894861083,bear,http://localhost:3251@Ant,-0.1
1784894861083,bear,Sing,-0.1
1784894861083,bear,Talk,-0.30000000000000004
1784894861083,bear,http://localhost:3251@brice,-0.4
1784894861083,bear,http://localhost:3251@Bat,-0.30000000000000004
1784894861083,bear,Play,-2.7755575615628914e-17
1784894861083,bear,Dance,-0.1
1784894861085,Bee,Dance,0
1784894861085,Bee,http://localhost:3251@Ant,-0.1
1784894861085,Bee,Explore,0.6
1784894861085,Bee,Fight,-0.1
1784894861085,Bee,http://localhost:3251@bear,-0.30000000000000004
1784894861085,Bee,Sing,-0.4
1784894861085,Bee,http://localhost:3251@Bat,0
1784894861085,Bee,http://localhost:3251@brice,0.30000000000000004
1784894861085,Bee,http://localhost:3251@alice,-0.2
1784894861085,Bee,Talk,-0.2
1784894861085,Bee,Exercise,0.5
1784894861085,Bee,Walk,0
1784894861085,Bee,Play,-0.1
1784894861883,Ant,Dance,0.10000000000000003
1784894861883,Ant,http://localhost:3251@Bee,0
1784894861883,Ant,Sing,-0.20000000000000004
1784894861883,Ant,http://localhost:3251@alice,0.1
1784894861883,Ant,Explore,0.7
1784894861883,Ant,Fight,-0.2
1784894861883,Ant,http://localhost:3251@Bat,0.1
1784894861883,Ant,http://localhost:3251@brice,-0.1
1784894861883,Ant,Talk,-0.1
1784894861883,Ant,Exercise,0
1784894861883,Ant,http://localhost:3251@bear,-0.30000000000000004
1784894861883,Ant,Play,0.20000000000000004
1784894861883,Ant,Walk,0
1784894861884,Bee,Dance,0
1784894861884,Bee,http://localhost:3251@Ant,0
1784894861884,Bee,Explore,0.6
1784894861884,Bee,Fight,-0.1
1784894861884,Bee,http://localhost:3251@bear,-0.30000000000000004
1784894861884,Bee,Sing,-0.4
1784894861884,Bee,http://localhost:3251@Bat,0
1784894861884,Bee,http://localhost:3251@brice,0.30000000000000004
1784894861884,Bee,http://localhost:3251@alice,-0.2
1784894861884,Bee,Talk,-0.1
1784894861884,Bee,Exercise,0.5
1784894861884,Bee,Walk,0
1784894861884,Bee,Play,-0.1
1784894862072,brice,Sing,0.7
1784894862072,brice,http://localhost:3251@Bat,0.7999999999999999
1784894862072,brice,Fight,0.5
1784894862072,brice,http://localhost:3251@bear,0.1
1784894862072,brice,http://localhost:3251@Ant,0.6
1784894862072,brice,Dance,0.09999999999999998
1784894862072,brice,Exercise,0.4
1784894862072,brice,http://localhost:3251@alice,0.5
1784894862072,brice,Explore,0.1
1784894862072,brice,Talk,0.4
1784894862072,brice,http://localhost:3251@Bee,0.30000000000000004
1784894862072,brice,Walk,0
1784894862072,brice,Play,0.2
1784894862941,alice,Explore,0.5
1784894862941,alice,Sing,-0.20000000000000004
1784894862941,alice,http://localhost:3251@Ant,0.4
1784894862941,alice,Walk,0
1784894862941,alice,http://localhost:3251@Bat,0.4
1784894862941,alice,Fight,0.4
1784894862941,alice,http://localhost:3251@bear,0
1784894862941,alice,Exercise,0.1
1784894862941,alice,http://localhost:3251@brice,-0.2
1784894862941,alice,Talk,0
1784894862941,alice,http://localhost:3251@Bee,0
1784894862941,alice,Play,0.30000000000000004
1784894862943,Bat,Explore,-0.30000000000000004
1784894862943,Bat,Sing,-0.2
1784894862943,Bat,http://localhost:3251@brice,-0.10000000000000003
1784894862943,Bat,Walk,0.1
1784894862943,Bat,http://localhost:3251@alice,0.10000000000000003
1784894862943,Bat,Fight,0.1
1784894862943,Bat,http://localhost:3251@Ant,-0.1
1784894862943,Bat,Dance,0.1
1784894862943,Bat,Talk,-0.30000000000000004
1784894862943,Bat,http://localhost:3251@bear,0.30000000000000004
1784894862943,Bat,http://localhost:3251@Bee,-0.5
1784894862943,Bat,Exercise,0.1
1784894862943,Bat,Play,-0.2
1784894863564,Bee,Dance,0
1784894863564,Bee,http://localhost:3251@Ant,0
1784894863564,Bee,Explore,0.7
1784894863564,Bee,Fight,-0.1
1784894863564,Bee,http://localhost:3251@bear,-0.30000000000000004
1784894863564,Bee,Sing,-0.4
1784894863564,Bee,http://localhost:3251@Bat,0
1784894863564,Bee,http://localhost:3251@brice,0.30000000000000004
1784894863564,Bee,http://localhost:3251@alice,-0.2
1784894863564,Bee,Talk,-0.1
1784894863564,Bee,Exercise,0.5
1784894863564,Bee,Walk,0
1784894863564,Bee,Play,-0.1
1784894863691,alice,Explore,0.5
1784894863691,alice,Sing,-0.20000000000000004
1784894863691,alice,http://localhost:3251@Ant,0.4
1784894863691,alice,Walk,0
1784894863691,alice,http://localhost:3251@Bat,0.4
1784894863691,alice,Fight,0.4
1784894863691,alice,http://localhost:3251@bear,-0.1
1784894863691,alice,Exercise,0
1784894863691,alice,http://localhost:3251@brice,-0.2
1784894863691,alice,Talk,0
1784894863691,alice,http://localhost:3251@Bee,0
1784894863691,alice,Play,0.30000000000000004
1784894863692,bear,Fight,0.1
1784894863692,bear,http://localhost:3251@Bee,0.6
1784894863692,bear,http://localhost:3251@alice,-0.20000000000000004
1784894863692,bear,Explore,0.30000000000000004
1784894863692,bear,Walk,0.1
1784894863692,bear,Exercise,-0.2
1784894863692,bear,http://localhost:3251@Ant,-0.1
1784894863692,bear,Sing,-0.1
1784894863692,bear,Talk,-0.30000000000000004
1784894863692,bear,http://localhost:3251@brice,-0.5
1784894863692,bear,http://localhost:3251@Bat,-0.30000000000000004
1784894863692,bear,Play,-2.7755575615628914e-17
1784894863692,bear,Dance,-0.1
1784894864301,Ant,Dance,0.10000000000000003
1784894864301,Ant,http://localhost:3251@Bee,0
1784894864301,Ant,Sing,-0.20000000000000004
1784894864301,Ant,http://localhost:3251@alice,0.1
1784894864301,Ant,Explore,0.6
1784894864301,Ant,Fight,-0.2
1784894864301,Ant,http://localhost:3251@Bat,0.1
1784894864301,Ant,http://localhost:3251@brice,-0.1
1784894864301,Ant,Talk,-0.1
1784894864301,Ant,Exercise,0
1784894864301,Ant,http://localhost:3251@bear,-0.30000000000000004
1784894864301,Ant,Play,0.20000000000000004
1784894864301,Ant,Walk,0
1784894864490,brice,Sing,0.7
1784894864490,brice,http://localhost:3251@Bat,0.7999999999999999
1784894864490,brice,Fight,0.5
1784894864490,brice,http://localhost:3251@bear,0.1
1784894864490,brice,http://localhost:3251@Ant,0.6
1784894864490,brice,Dance,0.09999999999999998
1784894864490,brice,Exercise,0.4
1784894864490,brice,http://localhost:3251@alice,0.5
1784894864490,brice,Explore,0
1784894864490,brice,Talk,0.4
1784894864490,brice,http://localhost:3251@Bee,0.30000000000000004
1784894864490,brice,Walk,0
1784894864490,brice,Play,0.2
1784894864994,Ant,Dance,0.20000000000000004
1784894864994,Ant,http://localhost:3251@Bee,0
1784894864994,Ant,Sing,-0.20000000000000004
1784894864994,Ant,http://localhost:3251@alice,0.1
1784894864994,Ant,Explore,0.6
1784894864994,Ant,Fight,-0.2
1784894864994,Ant,http://localhost:3251@Bat,0.2
1784894864994,Ant,http://localhost:3251@brice,-0.1
1784894864994,Ant,Talk,-0.1
1784894864994,Ant,Exercise,0
1784894864994,Ant,http://localhost:3251@bear,-0.30000000000000004
1784894864994,Ant,Play,0.20000000000000004
1784894864994,Ant,Walk,0
1784894864995,Bat,Explore,-0.30000000000000004
1784894864995,Bat,Sing,-0.2
1784894864995,Bat,http://localhost:3251@brice,-0.10000000000000003
1784894864995,Bat,Walk,0.1
1784894864995,Bat,http://localhost:3251@alice,0.10000000000000003
1784894864995,Bat,Fight,0.1
1784894864995,Bat,http://localhost:3251@Ant,-0.1
1784894864995,Bat,Dance,0
1784894864995,Bat,Talk,-0.30000000000000004
1784894864995,Bat,http://localhost:3251@bear,0.20000000000000004
1784894864995,Bat,http://localhost:3251@Bee,-0.5
1784894864995,Bat,Exercise,0.1
1784894864995,Bat,Play,-0.2
1784894865343,alice,Explore,0.4
1784894865343,alice,Sing,-0.20000000000000004
1784894865343,alice,http://localhost:3251@Ant,0.4
1784894865343,alice,Walk,0
1784894865343,alice,http://localhost:3251@Bat,0.4
1784894865343,alice,Fight,0.4
1784894865343,alice,http://localhost:3251@bear,-0.1
1784894865343,alice,Exercise,0
1784894865343,alice,http://localhost:3251@brice,-0.2
1784894865343,alice,Talk,0
1784894865343,alice,http://localhost:3251@Bee,0
1784894865343,alice,Play,0.30000000000000004
1784894865344,Bat,Explore,-0.30000000000000004
1784894865344,Bat,Sing,-0.2
1784894865344,Bat,http://localhost:3251@brice,-0.10000000000000003
1784894865344,Bat,Walk,0.1
1784894865344,Bat,http://localhost:3251@alice,0.10000000000000003
1784894865344,Bat,Fight,0
1784894865344,Bat,http://localhost:3251@Ant,-0.1
1784894865344,Bat,Dance,0
1784894865344,Bat,Talk,-0.30000000000000004
1784894865344,Bat,http://localhost:3251@bear,0.20000000000000004
1784894865344,Bat,http://localhost:3251@Bee,-0.6
1784894865344,Bat,Exercise,0.1
1784894865344,Bat,Play,-0.2
1784894865344,Bee,Dance,0
1784894865344,Bee,http://localhost:3251@Ant,0
1784894865344,Bee,Explore,0.7
1784894865344,Bee,Fight,-0.2
1784894865344,Bee,http://localhost:3251@bear,-0.30000000000000004
1784894865344,Bee,Sing,-0.4
1784894865344,Bee,http://localhost:3251@Bat,0
1784894865344,Bee,http://localhost:3251@brice,0.30000000000000004
1784894865344,Bee,http://localhost:3251@alice,-0.30000000000000004
1784894865344,Bee,Talk,-0.1
1784894865344,Bee,Exercise,0.5
1784894865344,Bee,Walk,0
1784894865344,Bee,Play,-0.1
1784894865846,Ant,Dance,0.30000000000000004
1784894865846,Ant,http://localhost:3251@Bee,0
1784894865846,Ant,Sing,-0.20000000000000004
1784894865846,Ant,http://localhost:3251@alice,0.1
1784894865846,Ant,Explore,0.6
1784894865846,Ant,Fight,-0.2
1784894865846,Ant,http://localhost:3251@Bat,0.2
1784894865846,Ant,http://localhost:3251@brice,0
1784894865846,Ant,Talk,-0.1
1784894865846,Ant,Exercise,0
1784894865846,Ant,http://localhost:3251@bear,-0.30000000000000004
1784894865846,Ant,Play,0.20000000000000004
1784894865846,Ant,Walk,0
1784894865848,brice,Sing,0.7
1784894865848,brice,http://localhost:3251@Bat,0.8999999999999999
1784894865848,brice,Fight,0.5
1784894865848,brice,http://localhost:3251@bear,0.1
1784894865848,brice,http://localhost:3251@Ant,0.6
1784894865848,brice,Dance,0.19999999999999998
1784894865848,brice,Exercise,0.4
1784894865848,brice,http://localhost:3251@alice,0.5
1784894865848,brice,Explore,0
1784894865848,brice,Talk,0.4
1784894865848,brice,http://localhost:3251@Bee,0.30000000000000004
1784894865848,brice,Walk,0
1784894865848,brice,Play,0.2
1784894866097,Bat,Explore,-0.30000000000000004
1784894866097,Bat,Sing,-0.2
1784894866097,Bat,http://localhost:3251@brice,-0.10000000000000003
1784894866097,Bat,Walk,0.1
1784894866097,Bat,http://localhost:3251@alice,0.10000000000000003
1784894866097,Bat,Fight,0
1784894866097,Bat,http://localhost:3251@Ant,-0.1
1784894866097,Bat,Dance,0
1784894866097,Bat,Talk,-0.20000000000000004
1784894866097,Bat,http://localhost:3251@bear,0.30000000000000004
1784894866097,Bat,http://localhost:3251@Bee,-0.6
1784894866097,Bat,Exercise,0.1
1784894866097,Bat,Play,-0.2
1784894866099,bear,Fight,0.1
1784894866099,bear,http://localhost:3251@Bee,0.6
1784894866099,bear,http://localhost:3251@alice,-0.20000000000000004
1784894866099,bear,Explore,0.30000000000000004
1784894866099,bear,Walk,0.1
1784894866099,bear,Exercise,-0.2
1784894866099,bear,http://localhost:3251@Ant,-0.1
1784894866099,bear,Sing,-0.1
1784894866099,bear,Talk,-0.4
1784894866099,bear,http://localhost:3251@brice,-0.5
1784894866099,bear,http://localhost:3251@Bat,-0.4
1784894866099,bear,Play,-2.7755575615628914e-17
1784894866099,bear,Dance,-0.1
1784894866642,Bee,Dance,0
1784894866642,Bee,http://localhost:3251@Ant,0
1784894866642,Bee,Explore,0.7
1784894866642,Bee,Fight,-0.2
1784894866642,Bee,http://localhost:3251@bear,-0.30000000000000004
1784894866642,Bee,Sing,-0.4
1784894866642,Bee,http://localhost:3251@Bat,0
1784894866642,Bee,http://localhost:3251@brice,0.20000000000000004
1784894866642,Bee,http://localhost:3251@alice,-0.30000000000000004
1784894866642,Bee,Talk,-0.1
1784894866642,Bee,Exercise,0.4
1784894866642,Bee,Walk,0
1784894866642,Bee,Play,-0.1
1784894866643,brice,Sing,0.7
1784894866643,brice,http://localhost:3251@Bat,0.8999999999999999
1784894866643,brice,Fight,0.5
1784894866643,brice,http://localhost:3251@bear,0.1
1784894866643,brice,http://localhost:3251@Ant,0.6
1784894866643,brice,Dance,0.19999999999999998
1784894866643,brice,Exercise,0.5
1784894866643,brice,http://localhost:3251@alice,0.5
1784894866643,brice,Explore,0
1784894866643,brice,Talk,0.4
1784894866643,brice,http://localhost:3251@Bee,0.4
1784894866643,brice,Walk,0
1784894866643,brice,Play,0.2
1784894867137,bear,Fight,0.1
1784894867137,bear,http://localhost:3251@Bee,0.6
1784894867137,bear,http://localhost:3251@alice,-0.20000000000000004
1784894867137,bear,Explore,0.30000000000000004
1784894867137,bear,Walk,0.1
1784894867137,bear,Exercise,-0.2
1784894867137,bear,http://localhost:3251@Ant,-0.1
1784894867137,bear,Sing,-0.1
1784894867137,bear,Talk,-0.30000000000000004
1784894867137,bear,http://localhost:3251@brice,-0.5
1784894867137,bear,http://localhost:3251@Bat,-0.30000000000000004
1784894867137,bear,Play,-2.7755575615628914e-17
1784894867137,bear,Dance,-0.1
1784894867137,Bee,Dance,0
1784894867137,Bee,http://localhost:3251@Ant,0
1784894867137,Bee,Explore,0.7
1784894867137,Bee,Fight,-0.2
1784894867137,Bee,http://localhost:3251@bear,-0.4
1784894867137,Bee,Sing,-0.4
1784894867137,Bee,http://localhost:3251@Bat,0
1784894867137,Bee,http://localhost:3251@brice,0.20000000000000004
1784894867137,Bee,http://localhost:3251@alice,-0.30000000000000004
1784894867137,Bee,Talk,-0.2
1784894867137,Bee,Exercise,0.4
1784894867137,Bee,Walk,0
1784894867137,Bee,Play,-0.1
1784894867881,Ant,Dance,0.20000000000000004
1784894867881,Ant,http://localhost:3251@Bee,-0.1
1784894867881,Ant,Sing,-0.20000000000000004
1784894867881,Ant,http://localhost:3251@alice,0.1
1784894867881,Ant,Explore,0.6
1784894867881,Ant,Fight,-0.2
1784894867881,Ant,http://localhost:3251@Bat,0.2
1784894867881,Ant,http://localhost:3251@brice,0
1784894867881,Ant,Talk,-0.1
1784894867881,Ant,Exercise,0
1784894867881,Ant,http://localhost:3251@bear,-0.30000000000000004
1784894867881,Ant,Play,0.20000000000000004
1784894867881,Ant,Walk,0
1784894867881,Bat,Explore,-0.30000000000000004
1784894867881,Bat,Sing,-0.2
1784894867881,Bat,http://localhost:3251@brice,-0.10000000000000003
1784894867881,Bat,Walk,0.1
1784894867881,Bat,http://localhost:3251@alice,0.10000000000000003
1784894867881,Bat,Fight,0
1784894867881,Bat,http://localhost:3251@Ant,-0.2
1784894867881,Bat,Dance,-0.1
1784894867881,Bat,Talk,-0.20000000000000004
1784894867881,Bat,http://localhost:3251@bear,0.30000000000000004
1784894867881,Bat,http://localhost:3251@Bee,-0.6
1784894867881,Bat,Exercise,0.1
1784894867881,Bat,Play,-0.2
1784894868129,alice,Explore,0.4
1784894868129,alice,Sing,-0.10000000000000003
1784894868129,alice,http://localhost:3251@Ant,0.4
1784894868129,alice,Walk,0
1784894868129,alice,http://localhost:3251@Bat,0.4
1784894868129,alice,Fight,0.4
1784894868129,alice,http://localhost:3251@bear,0
1784894868129,alice,Exercise,0
1784894868129,alice,http://localhost:3251@brice,-0.2
1784894868129,alice,Talk,0
1784894868129,alice,http://localhost:3251@Bee,0
1784894868129,alice,Play,0.30000000000000004
1784894868130,bear,Fight,0.1
1784894868130,bear,http://localhost:3251@Bee,0.6
1784894868130,bear,http://localhost:3251@alice,-0.10000000000000003
1784894868130,bear,Explore,0.30000000000000004
1784894868130,bear,Walk,0.1
1784894868130,bear,Exercise,-0.2
1784894868130,bear,http://localhost:3251@Ant,-0.1
1784894868130,bear,Sing,0
1784894868130,bear,Talk,-0.30000000000000004
1784894868130,bear,http://localhost:3251@brice,-0.5
1784894868130,bear,http://localhost:3251@Bat,-0.30000000000000004
1784894868130,bear,Play,-2.7755575615628914e-17
1784894868130,bear,Dance,-0.1
1784894868820,Ant,Dance,0.20000000000000004
1784894868820,Ant,http://localhost:3251@Bee,-0.1
1784894868820,Ant,Sing,-0.10000000000000003
1784894868820,Ant,http://localhost:3251@alice,0.1
1784894868820,Ant,Explore,0.6
1784894868820,Ant,Fight,-0.2
1784894868820,Ant,http://localhost:3251@Bat,0.2
1784894868820,Ant,http://localhost:3251@brice,0.1
1784894868820,Ant,Talk,-0.1
1784894868820,Ant,Exercise,0
1784894868820,Ant,http://localhost:3251@bear,-0.30000000000000004
1784894868820,Ant,Play,0.20000000000000004
1784894868820,Ant,Walk,0
1784894868820,Bee,Dance,0
1784894868820,Bee,http://localhost:3251@Ant,0
1784894868820,Bee,Explore,0.6
1784894868820,Bee,Fight,-0.2
1784894868820,Bee,http://localhost:3251@bear,-0.4
1784894868820,Bee,Sing,-0.4
1784894868820,Bee,http://localhost:3251@Bat,0
1784894868820,Bee,http://localhost:3251@brice,0.20000000000000004
1784894868820,Bee,http://localhost:3251@alice,-0.30000000000000004
1784894868820,Bee,Talk,-0.2
1784894868820,Bee,Exercise,0.4
1784894868820,Bee,Walk,0
1784894868820,Bee,Play,-0.1
1784894868820,brice,Sing,0.6
1784894868820,brice,http://localhost:3251@Bat,0.8999999999999999
1784894868820,brice,Fight,0.5
1784894868820,brice,http://localhost:3251@bear,0.1
1784894868820,brice,http://localhost:3251@Ant,0.5
1784894868820,brice,Dance,0.19999999999999998
1784894868820,brice,Exercise,0.5
1784894868820,brice,http://localhost:3251@alice,0.5
1784894868820,brice,Explore,0
1784894868820,brice,Talk,0.4
1784894868820,brice,http://localhost:3251@Bee,0.4
1784894868820,brice,Walk,0
1784894868820,brice,Play,0.2
1784894869254,alice,Explore,0.4
1784894869254,alice,Sing,-0.10000000000000003
1784894869254,alice,http://localhost:3251@Ant,0.4
1784894869254,alice,Walk,0
1784894869254,alice,http://localhost:3251@Bat,0.4
1784894869254,alice,Fight,0.30000000000000004
1784894869254,alice,http://localhost:3251@bear,-0.1
1784894869254,alice,Exercise,0
1784894869254,alice,http://localhost:3251@brice,-0.2
1784894869254,alice,Talk,0
1784894869254,alice,http://localhost:3251@Bee,0
1784894869254,alice,Play,0.30000000000000004
1784894869257,bear,Fight,0.2
1784894869257,bear,http://localhost:3251@Bee,0.7
1784894869257,bear,http://localhost:3251@alice,-0.10000000000000003
1784894869257,bear,Explore,0.30000000000000004
1784894869257,bear,Walk,0.1
1784894869257,bear,Exercise,-0.2
1784894869257,bear,http://localhost:3251@Ant,-0.1
1784894869257,bear,Sing,0
1784894869257,bear,Talk,-0.30000000000000004
1784894869257,bear,http://localhost:3251@brice,-0.5
1784894869257,bear,http://localhost:3251@Bat,-0.30000000000000004
1784894869257,bear,Play,-2.7755575615628914e-17
1784894869257,bear,Dance,-0.1
1784894869882,Ant,Dance,0.20000000000000004
1784894869882,Ant,http://localhost:3251@Bee,-0.1
1784894869882,Ant,Sing,-0.10000000000000003
1784894869882,Ant,http://localhost:3251@alice,0.1
1784894869882,Ant,Explore,0.6
1784894869882,Ant,Fight,-0.1
1784894869882,Ant,http://localhost:3251@Bat,0.30000000000000004
1784894869882,Ant,http://localhost:3251@brice,0.1
1784894869882,Ant,Talk,-0.1
1784894869882,Ant,Exercise,0
1784894869882,Ant,http://localhost:3251@bear,-0.30000000000000004
1784894869882,Ant,Play,0.20000000000000004
1784894869882,Ant,Walk,0
1784894869884,bear,Fight,0.30000000000000004
1784894869884,bear,http://localhost:3251@Bee,0.7
1784894869884,bear,http://localhost:3251@alice,-0.10000000000000003
1784894869884,bear,Explore,0.30000000000000004
1784894869884,bear,Walk,0.1
1784894869884,bear,Exercise,-0.2
1784894869884,bear,http://localhost:3251@Ant,0
1784894869884,bear,Sing,0
1784894869884,bear,Talk,-0.30000000000000004
1784894869884,bear,http://localhost:3251@brice,-0.5
1784894869884,bear,http://localhost:3251@Bat,-0.30000000000000004
1784894869884,bear,Play,-2.7755575615628914e-17
1784894869884,bear,Dance,-0.1
1784894870379,Bat,Explore,-0.4
1784894870379,Bat,Sing,-0.2
1784894870379,Bat,http://localhost:3251@brice,-0.10000000000000003
1784894870379,Bat,Walk,0.1
1784894870379,Bat,http://localhost:3251@alice,0.10000000000000003
1784894870379,Bat,Fight,0
1784894870379,Bat,http://localhost:3251@Ant,-0.2
1784894870379,Bat,Dance,-0.1
1784894870379,Bat,Talk,-0.20000000000000004
1784894870379,Bat,http://localhost:3251@bear,0.30000000000000004
1784894870379,Bat,http://localhost:3251@Bee,-0.6
1784894870379,Bat,Exercise,0.1
1784894870379,Bat,Play,-0.2
1784894871569,Bee,Dance,-0.1
1784894871569,Bee,http://localhost:3251@Ant,0
1784894871569,Bee,Explore,0.6
1784894871569,Bee,Fight,-0.2
1784894871569,Bee,http://localhost:3251@bear,-0.4
1784894871569,Bee,Sing,-0.4
1784894871569,Bee,http://localhost:3251@Bat,0
1784894871569,Bee,http://localhost:3251@brice,0.10000000000000003
1784894871569,Bee,http://localhost:3251@alice,-0.30000000000000004
1784894871569,Bee,Talk,-0.2
1784894871569,Bee,Exercise,0.4
1784894871569,Bee,Walk,0
1784894871569,Bee,Play,-0.1
1784894871569,brice,Sing,0.6
1784894871569,brice,http://localhost:3251@Bat,0.7999999999999999
1784894871569,brice,Fight,0.5
1784894871569,brice,http://localhost:3251@bear,0.1
1784894871569,brice,http://localhost:3251@Ant,0.5
1784894871569,brice,Dance,0.09999999999999998
1784894871569,brice,Exercise,0.5
1784894871569,brice,http://localhost:3251@alice,0.5
1784894871569,brice,Explore,0
1784894871569,brice,Talk,0.4
1784894871569,brice,http://localhost:3251@Bee,0.4
1784894871569,brice,Walk,0
1784894871569,brice,Play,0.2
1784894871632,Ant,Dance,0.20000000000000004
1784894871632,Ant,http://localhost:3251@Bee,-0.1
1784894871632,Ant,Sing,-0.10000000000000003
1784894871632,Ant,http://localhost:3251@alice,0.1
1784894871632,Ant,Explore,0.5
1784894871632,Ant,Fight,-0.1
1784894871632,Ant,http://localhost:3251@Bat,0.30000000000000004
1784894871632,Ant,http://localhost:3251@brice,0.1
1784894871632,Ant,Talk,-0.1
1784894871632,Ant,Exercise,0
1784894871632,Ant,http://localhost:3251@bear,-0.30000000000000004
1784894871632,Ant,Play,0.20000000000000004
1784894871632,Ant,Walk,0
1784894871992,alice,Explore,0.4
1784894871992,alice,Sing,-0.20000000000000004
1784894871992,alice,http://localhost:3251@Ant,0.4
1784894871992,alice,Walk,0
1784894871992,alice,http://localhost:3251@Bat,0.4
1784894871992,alice,Fight,0.30000000000000004
1784894871992,alice,http://localhost:3251@bear,-0.2
1784894871992,alice,Exercise,0
1784894871992,alice,http://localhost:3251@brice,-0.2
1784894871992,alice,Talk,0
1784894871992,alice,http://localhost:3251@Bee,0
1784894871992,alice,Play,0.30000000000000004
1784894871993,Bat,Explore,-0.4
1784894871993,Bat,Sing,-0.1
1784894871993,Bat,http://localhost:3251@brice,-0.10000000000000003
1784894871993,Bat,Walk,0.1
1784894871993,Bat,http://localhost:3251@alice,0.20000000000000004
1784894871993,Bat,Fight,0
1784894871993,Bat,http://localhost:3251@Ant,-0.2
1784894871993,Bat,Dance,-0.1
1784894871993,Bat,Talk,-0.20000000000000004
1784894871993,Bat,http://localhost:3251@bear,0.30000000000000004
1784894871993,Bat,http://localhost:3251@Bee,-0.6
1784894871993,Bat,Exercise,0.1
1784894871993,Bat,Play,-0.2
1784894872924,Bat,Explore,-0.4
1784894872924,Bat,Sing,-0.1
1784894872924,Bat,http://localhost:3251@brice,-0.10000000000000003
1784894872924,Bat,Walk,0.1
1784894872924,Bat,http://localhost:3251@alice,0.20000000000000004
1784894872924,Bat,Fight,0
1784894872924,Bat,http://localhost:3251@Ant,-0.2
1784894872924,Bat,Dance,-0.1
1784894872924,Bat,Talk,-0.20000000000000004
1784894872924,Bat,http://localhost:3251@bear,0.30000000000000004
1784894872924,Bat,http://localhost:3251@Bee,-0.5
1784894872924,Bat,Exercise,0.1
1784894872924,Bat,Play,-0.1
1784894872926,Bee,Dance,-0.1
1784894872926,Bee,http://localhost:3251@Ant,-0.1
1784894872926,Bee,Explore,0.6
1784894872926,Bee,Fight,-0.2
1784894872926,Bee,http://localhost:3251@bear,-0.4
1784894872926,Bee,Sing,-0.4
1784894872926,Bee,http://localhost:3251@Bat,0
1784894872926,Bee,http://localhost:3251@brice,0.10000000000000003
1784894872926,Bee,http://localhost:3251@alice,-0.30000000000000004
1784894872926,Bee,Talk,-0.2
1784894872926,Bee,Exercise,0.4
1784894872926,Bee,Walk,0
1784894872926,Bee,Play,-0.2
1784894873356,Ant,Dance,0.20000000000000004
1784894873356,Ant,http://localhost:3251@Bee,-0.1
1784894873356,Ant,Sing,-0.10000000000000003
1784894873356,Ant,http://localhost:3251@alice,0.1
1784894873356,Ant,Explore,0.5
1784894873356,Ant,Fight,-0.1
1784894873356,Ant,http://localhost:3251@Bat,0.30000000000000004
1784894873356,Ant,http://localhost:3251@brice,0.1
1784894873356,Ant,Talk,-0.1
1784894873356,Ant,Exercise,0
1784894873356,Ant,http://localhost:3251@bear,-0.4
1784894873356,Ant,Play,0.20000000000000004
1784894873356,Ant,Walk,-0.1
1784894873357,bear,Fight,0.30000000000000004
1784894873357,bear,http://localhost:3251@Bee,0.7
1784894873357,bear,http://localhost:3251@alice,-0.20000000000000004
1784894873357,bear,Explore,0.30000000000000004
1784894873357,bear,Walk,0
1784894873357,bear,Exercise,-0.2
1784894873357,bear,http://localhost:3251@Ant,0
1784894873357,bear,Sing,0
1784894873357,bear,Talk,-0.30000000000000004
1784894873357,bear,http://localhost:3251@brice,-0.5
1784894873357,bear,http://localhost:3251@Bat,-0.30000000000000004
1784894873357,bear,Play,-2.7755575615628914e-17
1784894873357,bear,Dance,-0.1
1784894873731,alice,Explore,0.4
1784894873731,alice,Sing,-0.20000000000000004
1784894873731,alice,http://localhost:3251@Ant,0.4
1784894873731,alice,Walk,0
1784894873731,alice,http://localhost:3251@Bat,0.4
1784894873731,alice,Fight,0.30000000000000004
1784894873731,alice,http://localhost:3251@bear,-0.30000000000000004
1784894873731,alice,Exercise,0
1784894873731,alice,http://localhost:3251@brice,-0.2
1784894873731,alice,Talk,-0.1
1784894873731,alice,http://localhost:3251@Bee,0
1784894873731,alice,Play,0.30000000000000004
1784894873732,brice,Sing,0.6
1784894873732,brice,http://localhost:3251@Bat,0.7999999999999999
1784894873732,brice,Fight,0.5
1784894873732,brice,http://localhost:3251@bear,0.1
1784894873732,brice,http://localhost:3251@Ant,0.5
1784894873732,brice,Dance,0.09999999999999998
1784894873732,brice,Exercise,0.5
1784894873732,brice,http://localhost:3251@alice,0.4
1784894873732,brice,Explore,0
1784894873732,brice,Talk,0.30000000000000004
1784894873732,brice,http://localhost:3251@Bee,0.4
1784894873732,brice,Walk,0
1784894873732,brice,Play,0.2
1784894874410,Ant,Dance,0.20000000000000004
1784894874410,Ant,http://localhost:3251@Bee,-0.1
1784894874410,Ant,Sing,-0.10000000000000003
1784894874410,Ant,http://localhost:3251@alice,0.1
1784894874410,Ant,Explore,0.5
1784894874410,Ant,Fight,0
1784894874410,Ant,http://localhost:3251@Bat,0.4
1784894874410,Ant,http://localhost:3251@brice,0.1
1784894874410,Ant,Talk,-0.1
1784894874410,Ant,Exercise,0
1784894874410,Ant,http://localhost:3251@bear,-0.4
1784894874410,Ant,Play,0.20000000000000004
1784894874410,Ant,Walk,-0.1
1784894874411,Bee,Dance,-0.1
1784894874411,Bee,http://localhost:3251@Ant,-0.2
1784894874411,Bee,Explore,0.6
1784894874411,Bee,Fight,-0.30000000000000004
1784894874411,Bee,http://localhost:3251@bear,-0.4
1784894874411,Bee,Sing,-0.4
1784894874411,Bee,http://localhost:3251@Bat,0
1784894874411,Bee,http://localhost:3251@brice,0.10000000000000003
1784894874411,Bee,http://localhost:3251@alice,-0.30000000000000004
1784894874411,Bee,Talk,-0.2
1784894874411,Bee,Exercise,0.4
1784894874411,Bee,Walk,0
1784894874411,Bee,Play,-0.2
1784894874789,Bat,Explore,-0.4
1784894874789,Bat,Sing,-0.1
1784894874789,Bat,http://localhost:3251@brice,-0.20000000000000004
1784894874789,Bat,Walk,0.1
1784894874789,Bat,http://localhost:3251@alice,0.20000000000000004
1784894874789,Bat,Fight,-0.1
1784894874789,Bat,http://localhost:3251@Ant,-0.2
1784894874789,Bat,Dance,-0.1
1784894874789,Bat,Talk,-0.20000000000000004
1784894874789,Bat,http://localhost:3251@bear,0.30000000000000004
1784894874789,Bat,http://localhost:3251@Bee,-0.5
1784894874789,Bat,Exercise,0.1
1784894874789,Bat,Play,-0.1
1784894874792,brice,Sing,0.6
1784894874792,brice,http://localhost:3251@Bat,0.8999999999999999
1784894874792,brice,Fight,0.6
1784894874792,brice,http://localhost:3251@bear,0.1
1784894874792,brice,http://localhost:3251@Ant,0.5
1784894874792,brice,Dance,0.09999999999999998
1784894874792,brice,Exercise,0.5
1784894874792,brice,http://localhost:3251@alice,0.4
1784894874792,brice,Explore,0
1784894874792,brice,Talk,0.30000000000000004
1784894874792,brice,http://localhost:3251@Bee,0.4
1784894874792,brice,Walk,0
1784894874792,brice,Play,0.2
1784894875535,alice,Explore,0.4
1784894875535,alice,Sing,-0.20000000000000004
1784894875535,alice,http://localhost:3251@Ant,0.4
1784894875535,alice,Walk,0
1784894875535,alice,http://localhost:3251@Bat,0.4
1784894875535,alice,Fight,0.4
1784894875535,alice,http://localhost:3251@bear,-0.20000000000000004
1784894875535,alice,Exercise,0
1784894875535,alice,http://localhost:3251@brice,-0.2
1784894875535,alice,Talk,-0.1
1784894875535,alice,http://localhost:3251@Bee,0
1784894875535,alice,Play,0.30000000000000004
1784894875537,bear,Fight,0.20000000000000004
1784894875537,bear,http://localhost:3251@Bee,0.7
1784894875537,bear,http://localhost:3251@alice,-0.30000000000000004
1784894875537,bear,Explore,0.30000000000000004
1784894875537,bear,Walk,0
1784894875537,bear,Exercise,-0.2
1784894875537,bear,http://localhost:3251@Ant,0
1784894875537,bear,Sing,0
1784894875537,bear,Talk,-0.30000000000000004
1784894875537,bear,http://localhost:3251@brice,-0.5
1784894875537,bear,http://localhost:3251@Bat,-0.30000000000000004
1784894875537,bear,Play,-2.7755575615628914e-17
1784894875537,bear,Dance,-0.1
1784894876844,Bee,Dance,-0.1
1784894876844,Bee,http://localhost:3251@Ant,-0.2
1784894876844,Bee,Explore,0.5
1784894876844,Bee,Fight,-0.30000000000000004
1784894876844,Bee,http://localhost:3251@bear,-0.4
1784894876844,Bee,Sing,-0.4
1784894876844,Bee,http://localhost:3251@Bat,0
1784894876844,Bee,http://localhost:3251@brice,0.10000000000000003
1784894876844,Bee,http://localhost:3251@alice,-0.30000000000000004
1784894876844,Bee,Talk,-0.2
1784894876844,Bee,Exercise,0.4
1784894876844,Bee,Walk,0
1784894876844,Bee,Play,-0.2
1784894877136,Ant,Dance,0.30000000000000004
1784894877136,Ant,http://localhost:3251@Bee,0
1784894877136,Ant,Sing,-0.10000000000000003
1784894877136,Ant,http://localhost:3251@alice,0.1
1784894877136,Ant,Explore,0.5
1784894877136,Ant,Fight,0
1784894877136,Ant,http://localhost:3251@Bat,0.4
1784894877136,Ant,http://localhost:3251@brice,0.1
1784894877136,Ant,Talk,-0.1
1784894877136,Ant,Exercise,0
1784894877136,Ant,http://localhost:3251@bear,-0.4
1784894877136,Ant,Play,0.20000000000000004
1784894877136,Ant,Walk,-0.1
1784894877137,Bat,Explore,-0.4
1784894877137,Bat,Sing,-0.1
1784894877137,Bat,http://localhost:3251@brice,-0.20000000000000004
1784894877137,Bat,Walk,0.1
1784894877137,Bat,http://localhost:3251@alice,0.20000000000000004
1784894877137,Bat,Fight,-0.1
1784894877137,Bat,http://localhost:3251@Ant,-0.1
1784894877137,Bat,Dance,0
1784894877137,Bat,Talk,-0.20000000000000004
1784894877137,Bat,http://localhost:3251@bear,0.30000000000000004
1784894877137,Bat,http://localhost:3251@Bee,-0.5
1784894877137,Bat,Exercise,0.1
1784894877137,Bat,Play,-0.1
1784894878190,Bat,Explore,-0.4
1784894878190,Bat,Sing,-0.1
1784894878190,Bat,http://localhost:3251@brice,-0.20000000000000004
1784894878190,Bat,Walk,0.1
1784894878190,Bat,http://localhost:3251@alice,0.20000000000000004
1784894878190,Bat,Fight,-0.1
1784894878190,Bat,http://localhost:3251@Ant,-0.1
1784894878190,Bat,Dance,-0.1
1784894878190,Bat,Talk,-0.20000000000000004
1784894878190,Bat,http://localhost:3251@bear,0.30000000000000004
1784894878190,Bat,http://localhost:3251@Bee,-0.6
1784894878190,Bat,Exercise,0.1
1784894878190,Bat,Play,-0.1
1784894878191,Bee,Dance,0
1784894878191,Bee,http://localhost:3251@Ant,-0.2
1784894878191,Bee,Explore,0.5
1784894878191,Bee,Fight,-0.30000000000000004
1784894878191,Bee,http://localhost:3251@bear,-0.4
1784894878191,Bee,Sing,-0.4
1784894878191,Bee,http://localhost:3251@Bat,0
1784894878191,Bee,http://localhost:3251@brice,0.20000000000000004
1784894878191,Bee,http://localhost:3251@alice,-0.30000000000000004
1784894878191,Bee,Talk,-0.2
1784894878191,Bee,Exercise,0.4
1784894878191,Bee,Walk,0
1784894878191,Bee,Play,-0.2
1784894878505,bear,Fight,0.20000000000000004
1784894878505,bear,http://localhost:3251@Bee,0.7
1784894878505,bear,http://localhost:3251@alice,-0.30000000000000004
1784894878505,bear,Explore,0.30000000000000004
1784894878505,bear,Walk,0
1784894878505,bear,Exercise,-0.2
1784894878505,bear,http://localhost:3251@Ant,0
1784894878505,bear,Sing,-0.1
1784894878505,bear,Talk,-0.30000000000000004
1784894878505,bear,http://localhost:3251@brice,-0.6
1784894878505,bear,http://localhost:3251@Bat,-0.30000000000000004
1784894878505,bear,Play,-2.7755575615628914e-17
1784894878505,bear,Dance,-0.1
1784894878507,brice,Sing,0.7
1784894878507,brice,http://localhost:3251@Bat,0.8999999999999999
1784894878507,brice,Fight,0.6
1784894878507,brice,http://localhost:3251@bear,0.1
1784894878507,brice,http://localhost:3251@Ant,0.6
1784894878507,brice,Dance,0.09999999999999998
1784894878507,brice,Exercise,0.5
1784894878507,brice,http://localhost:3251@alice,0.4
1784894878507,brice,Explore,0
1784894878507,brice,Talk,0.30000000000000004
1784894878507,brice,http://localhost:3251@Bee,0.4
1784894878507,brice,Walk,0
1784894878507,brice,Play,0.2
1784894879568,bear,Fight,0.20000000000000004
1784894879568,bear,http://localhost:3251@Bee,0.7999999999999999
1784894879568,bear,http://localhost:3251@alice,-0.30000000000000004
1784894879568,bear,Explore,0.30000000000000004
1784894879568,bear,Walk,0
1784894879568,bear,Exercise,-0.2
1784894879568,bear,http://localhost:3251@Ant,0
1784894879568,bear,Sing,0
1784894879568,bear,Talk,-0.30000000000000004
1784894879568,bear,http://localhost:3251@brice,-0.6
1784894879568,bear,http://localhost:3251@Bat,-0.30000000000000004
1784894879568,bear,Play,-2.7755575615628914e-17
1784894879568,bear,Dance,-0.1
1784894879569,Bee,Dance,0
1784894879569,Bee,http://localhost:3251@Ant,-0.2
1784894879569,Bee,Explore,0.5
1784894879569,Bee,Fight,-0.30000000000000004
1784894879569,Bee,http://localhost:3251@bear,-0.4
1784894879569,Bee,Sing,-0.5
1784894879569,Bee,http://localhost:3251@Bat,0
1784894879569,Bee,http://localhost:3251@brice,0.20000000000000004
1784894879569,Bee,http://localhost:3251@alice,-0.4
1784894879569,Bee,Talk,-0.2
1784894879569,Bee,Exercise,0.4
1784894879569,Bee,Walk,0
1784894879569,Bee,Play,-0.2
1784894879883,Bat,Explore,-0.5
1784894879883,Bat,Sing,-0.1
1784894879883,Bat,http://localhost:3251@brice,-0.20000000000000004
1784894879883,Bat,Walk,0.1
1784894879883,Bat,http://localhost:3251@alice,0.20000000000000004
1784894879883,Bat,Fight,-0.1
1784894879883,Bat,http://localhost:3251@Ant,-0.1
1784894879883,Bat,Dance,-0.1
1784894879883,Bat,Talk,-0.20000000000000004
1784894879883,Bat,http://localhost:3251@bear,0.30000000000000004
1784894879883,Bat,http://localhost:3251@Bee,-0.6
1784894879883,Bat,Exercise,0.1
1784894879883,Bat,Play,-0.1
1784894879946,alice,Explore,0.5
1784894879946,alice,Sing,-0.20000000000000004
1784894879946,alice,http://localhost:3251@Ant,0.4
1784894879946,alice,Walk,0
1784894879946,alice,http://localhost:3251@Bat,0.4
1784894879946,alice,Fight,0.4
1784894879946,alice,http://localhost:3251@bear,-0.20000000000000004
1784894879946,alice,Exercise,0
1784894879946,alice,http://localhost:3251@brice,-0.2
1784894879946,alice,Talk,-0.1
1784894879946,alice,http://localhost:3251@Bee,0
1784894879946,alice,Play,0.30000000000000004
1784894880568,Ant,Dance,0.30000000000000004
1784894880568,Ant,http://localhost:3251@Bee,0
1784894880568,Ant,Sing,-0.10000000000000003
1784894880568,Ant,http://localhost:3251@alice,0.2
1784894880568,Ant,Explore,0.5
1784894880568,Ant,Fight,0
1784894880568,Ant,http://localhost:3251@Bat,0.4
1784894880568,Ant,http://localhost:3251@brice,0.1
1784894880568,Ant,Talk,0
1784894880568,Ant,Exercise,0
1784894880568,Ant,http://localhost:3251@bear,-0.4
1784894880568,Ant,Play,0.20000000000000004
1784894880568,Ant,Walk,-0.1
1784894880569,brice,Sing,0.7
1784894880569,brice,http://localhost:3251@Bat,0.8999999999999999
1784894880569,brice,Fight,0.6
1784894880569,brice,http://localhost:3251@bear,0.1
1784894880569,brice,http://localhost:3251@Ant,0.7
1784894880569,brice,Dance,0.09999999999999998
1784894880569,brice,Exercise,0.5
1784894880569,brice,http://localhost:3251@alice,0.4
1784894880569,brice,Explore,0
1784894880569,brice,Talk,0.4
1784894880569,brice,http://localhost:3251@Bee,0.4
1784894880569,brice,Walk,0
1784894880569,brice,Play,0.2
1784894881249,alice,Explore,0.5
1784894881249,alice,Sing,-0.20000000000000004
1784894881249,alice,http://localhost:3251@Ant,0.4
1784894881249,alice,Walk,-0.1
1784894881249,alice,http://localhost:3251@Bat,0.30000000000000004
1784894881249,alice,Fight,0.4
1784894881249,alice,http://localhost:3251@bear,-0.20000000000000004
1784894881249,alice,Exercise,0
1784894881249,alice,http://localhost:3251@brice,-0.2
1784894881249,alice,Talk,-0.1
1784894881249,alice,http://localhost:3251@Bee,0
1784894881249,alice,Play,0.30000000000000004
1784894881251,Bat,Explore,-0.5
1784894881251,Bat,Sing,-0.1
1784894881251,Bat,http://localhost:3251@brice,-0.20000000000000004
1784894881251,Bat,Walk,0
1784894881251,Bat,http://localhost:3251@alice,0.10000000000000003
1784894881251,Bat,Fight,-0.1
1784894881251,Bat,http://localhost:3251@Ant,-0.1
1784894881251,Bat,Dance,-0.1
1784894881251,Bat,Talk,-0.20000000000000004
1784894881251,Bat,http://localhost:3251@bear,0.30000000000000004
1784894881251,Bat,http://localhost:3251@Bee,-0.6
1784894881251,Bat,Exercise,0.1
1784894881251,Bat,Play,-0.1
1784894882237,Ant,Dance,0.30000000000000004
1784894882237,Ant,http://localhost:3251@Bee,0
1784894882237,Ant,Sing,-0.10000000000000003
1784894882237,Ant,http://localhost:3251@alice,0.2
1784894882237,Ant,Explore,0.6
1784894882237,Ant,Fight,0
1784894882237,Ant,http://localhost:3251@Bat,0.4
1784894882237,Ant,http://localhost:3251@brice,0.1
1784894882237,Ant,Talk,0
1784894882237,Ant,Exercise,0
1784894882237,Ant,http://localhost:3251@bear,-0.4
1784894882237,Ant,Play,0.20000000000000004
1784894882237,Ant,Walk,-0.1
1784894882364,Bee,Dance,0
1784894882364,Bee,http://localhost:3251@Ant,-0.2
1784894882364,Bee,Explore,0.5
1784894882364,Bee,Fight,-0.30000000000000004
1784894882364,Bee,http://localhost:3251@bear,-0.4
1784894882364,Bee,Sing,-0.5
1784894882364,Bee,http://localhost:3251@Bat,-0.1
1784894882364,Bee,http://localhost:3251@brice,0.20000000000000004
1784894882364,Bee,http://localhost:3251@alice,-0.4
1784894882364,Bee,Talk,-0.2
1784894882364,Bee,Exercise,0.4
1784894882364,Bee,Walk,-0.1
1784894882364,Bee,Play,-0.2
1784894882364,brice,Sing,0.7
1784894882364,brice,http://localhost:3251@Bat,0.8999999999999999
1784894882364,brice,Fight,0.6
1784894882364,brice,http://localhost:3251@bear,0.1
1784894882364,brice,http://localhost:3251@Ant,0.7
1784894882364,brice,Dance,0.09999999999999998
1784894882364,brice,Exercise,0.5
1784894882364,brice,http://localhost:3251@alice,0.4
1784894882364,brice,Explore,0
1784894882364,brice,Talk,0.4
1784894882364,brice,http://localhost:3251@Bee,0.5
1784894882364,brice,Walk,0.1
1784894882364,brice,Play,0.2
1784894882617,Bat,Explore,-0.5
1784894882617,Bat,Sing,-0.1
1784894882617,Bat,http://localhost:3251@brice,-0.20000000000000004
1784894882617,Bat,Walk,0
1784894882617,Bat,http://localhost:3251@alice,2.7755575615628914e-17
1784894882617,Bat,Fight,-0.1
1784894882617,Bat,http://localhost:3251@Ant,-0.1
1784894882617,Bat,Dance,-0.1
1784894882617,Bat,Talk,-0.20000000000000004
1784894882617,Bat,http://localhost:3251@bear,0.30000000000000004
1784894882617,Bat,http://localhost:3251@Bee,-0.6
1784894882617,Bat,Exercise,0.1
1784894882617,Bat,Play,-0.2
1784894882617,bear,Fight,0.20000000000000004
1784894882617,bear,http://localhost:3251@Bee,0.7999999999999999
1784894882617,bear,http://localhost:3251@alice,-0.30000000000000004
1784894882617,bear,Explore,0.30000000000000004
1784894882617,bear,Walk,0
1784894882617,bear,Exercise,-0.2
1784894882617,bear,http://localhost:3251@Ant,0
1784894882617,bear,Sing,0
1784894882617,bear,Talk,-0.30000000000000004
1784894882617,bear,http://localhost:3251@brice,-0.6
1784894882617,bear,http://localhost:3251@Bat,-0.4
1784894882617,bear,Play,-0.10000000000000003
1784894882617,bear,Dance,-0.1
1784894883175,alice,Explore,0.5
1784894883175,alice,Sing,-0.20000000000000004
1784894883175,alice,http://localhost:3251@Ant,0.4
1784894883175,alice,Walk,-0.1
1784894883175,alice,http://localhost:3251@Bat,0.30000000000000004
1784894883175,alice,Fight,0.4
1784894883175,alice,http://localhost:3251@bear,-0.20000000000000004
1784894883175,alice,Exercise,-0.1
1784894883175,alice,http://localhost:3251@brice,-0.30000000000000004
1784894883175,alice,Talk,-0.1
1784894883175,alice,http://localhost:3251@Bee,0
1784894883175,alice,Play,0.30000000000000004
1784894883176,brice,Sing,0.7
1784894883176,brice,http://localhost:3251@Bat,0.8999999999999999
1784894883176,brice,Fight,0.6
1784894883176,brice,http://localhost:3251@bear,0.1
1784894883176,brice,http://localhost:3251@Ant,0.7
1784894883176,brice,Dance,0.09999999999999998
1784894883176,brice,Exercise,0.6
1784894883176,brice,http://localhost:3251@alice,0.5
1784894883176,brice,Explore,0
1784894883176,brice,Talk,0.4
1784894883176,brice,http://localhost:3251@Bee,0.5
1784894883176,brice,Walk,0.1
1784894883176,brice,Play,0.2
1784894883869,Bat,Explore,-0.5
1784894883869,Bat,Sing,-0.1
1784894883869,Bat,http://localhost:3251@brice,-0.30000000000000004
1784894883869,Bat,Walk,0
1784894883869,Bat,http://localhost:3251@alice,2.7755575615628914e-17
1784894883869,Bat,Fight,-0.1
1784894883869,Bat,http://localhost:3251@Ant,-0.1
1784894883869,Bat,Dance,-0.1
1784894883869,Bat,Talk,-0.20000000000000004
1784894883869,Bat,http://localhost:3251@bear,0.30000000000000004
1784894883869,Bat,http://localhost:3251@Bee,-0.6
1784894883869,Bat,Exercise,0
1784894883869,Bat,Play,-0.2
1784894883870,Bee,Dance,0
1784894883870,Bee,http://localhost:3251@Ant,-0.2
1784894883870,Bee,Explore,0.5
1784894883870,Bee,Fight,-0.30000000000000004
1784894883870,Bee,http://localhost:3251@bear,-0.4
1784894883870,Bee,Sing,-0.5
1784894883870,Bee,http://localhost:3251@Bat,-0.2
1784894883870,Bee,http://localhost:3251@brice,0.20000000000000004
1784894883870,Bee,http://localhost:3251@alice,-0.4
1784894883870,Bee,Talk,-0.2
1784894883870,Bee,Exercise,0.30000000000000004
1784894883870,Bee,Walk,-0.1
1784894883870,Bee,Play,-0.2
1784894883994,bear,Fight,0.20000000000000004
1784894883994,bear,http://localhost:3251@Bee,0.7999999999999999
1784894883994,bear,http://localhost:3251@alice,-0.30000000000000004
1784894883994,bear,Explore,0.30000000000000004
1784894883994,bear,Walk,0
1784894883994,bear,Exercise,-0.2
1784894883994,bear,http://localhost:3251@Ant,0.1
1784894883994,bear,Sing,0
1784894883994,bear,Talk,-0.30000000000000004
1784894883994,bear,http://localhost:3251@brice,-0.6
1784894883994,bear,http://localhost:3251@Bat,-0.4
1784894883994,bear,Play,-0.10000000000000003
1784894883994,bear,Dance,0
1784894883996,brice,Sing,0.7
1784894883996,brice,http://localhost:3251@Bat,0.8999999999999999
1784894883996,brice,Fight,0.6
1784894883996,brice,http://localhost:3251@bear,0
1784894883996,brice,http://localhost:3251@Ant,0.7
1784894883996,brice,Dance,-2.7755575615628914e-17
1784894883996,brice,Exercise,0.6
1784894883996,brice,http://localhost:3251@alice,0.5
1784894883996,brice,Explore,0
1784894883996,brice,Talk,0.4
1784894883996,brice,http://localhost:3251@Bee,0.5
1784894883996,brice,Walk,0.1
1784894883996,brice,Play,0.2
1784894884546,alice,Explore,0.5
1784894884546,alice,Sing,-0.20000000000000004
1784894884546,alice,http://localhost:3251@Ant,0.4
1784894884546,alice,Walk,0
1784894884546,alice,http://localhost:3251@Bat,0.4
1784894884546,alice,Fight,0.4
1784894884546,alice,http://localhost:3251@bear,-0.20000000000000004
1784894884546,alice,Exercise,-0.1
1784894884546,alice,http://localhost:3251@brice,-0.30000000000000004
1784894884546,alice,Talk,-0.1
1784894884546,alice,http://localhost:3251@Bee,0
1784894884546,alice,Play,0.30000000000000004
1784894884547,Bat,Explore,-0.5
1784894884547,Bat,Sing,-0.1
1784894884547,Bat,http://localhost:3251@brice,-0.30000000000000004
1784894884547,Bat,Walk,0.1
1784894884547,Bat,http://localhost:3251@alice,0.10000000000000003
1784894884547,Bat,Fight,-0.1
1784894884547,Bat,http://localhost:3251@Ant,-0.1
1784894884547,Bat,Dance,-0.1
1784894884547,Bat,Talk,-0.20000000000000004
1784894884547,Bat,http://localhost:3251@bear,0.30000000000000004
1784894884547,Bat,http://localhost:3251@Bee,-0.6
1784894884547,Bat,Exercise,0
1784894884547,Bat,Play,-0.2
1784894885438,Ant,Dance,0.30000000000000004
1784894885438,Ant,http://localhost:3251@Bee,0
1784894885438,Ant,Sing,-0.10000000000000003
1784894885438,Ant,http://localhost:3251@alice,0.1
1784894885438,Ant,Explore,0.6
1784894885438,Ant,Fight,0
1784894885438,Ant,http://localhost:3251@Bat,0.4
1784894885438,Ant,http://localhost:3251@brice,0.1
1784894885438,Ant,Talk,-0.1
1784894885438,Ant,Exercise,0
1784894885438,Ant,http://localhost:3251@bear,-0.4
1784894885438,Ant,Play,0.20000000000000004
1784894885438,Ant,Walk,-0.1
1784894885439,brice,Sing,0.7
1784894885439,brice,http://localhost:3251@Bat,0.8999999999999999
1784894885439,brice,Fight,0.6
1784894885439,brice,http://localhost:3251@bear,0
1784894885439,brice,http://localhost:3251@Ant,0.7999999999999999
1784894885439,brice,Dance,-2.7755575615628914e-17
1784894885439,brice,Exercise,0.6
1784894885439,brice,http://localhost:3251@alice,0.5
1784894885439,brice,Explore,0
1784894885439,brice,Talk,0.5
1784894885439,brice,http://localhost:3251@Bee,0.5
1784894885439,brice,Walk,0.1
1784894885439,brice,Play,0.2
1784894885548,Bee,Dance,0
1784894885548,Bee,http://localhost:3251@Ant,-0.2
1784894885548,Bee,Explore,0.6
1784894885548,Bee,Fight,-0.30000000000000004
1784894885548,Bee,http://localhost:3251@bear,-0.4
1784894885548,Bee,Sing,-0.5
1784894885548,Bee,http://localhost:3251@Bat,-0.2
1784894885548,Bee,http://localhost:3251@brice,0.20000000000000004
1784894885548,Bee,http://localhost:3251@alice,-0.4
1784894885548,Bee,Talk,-0.2
1784894885548,Bee,Exercise,0.30000000000000004
1784894885548,Bee,Walk,-0.1
1784894885548,Bee,Play,-0.2
1784894886447,alice,Explore,0.5
1784894886447,alice,Sing,-0.20000000000000004
1784894886447,alice,http://localhost:3251@Ant,0.4
1784894886447,alice,Walk,0
1784894886447,alice,http://localhost:3251@Bat,0.4
1784894886447,alice,Fight,0.4
1784894886447,alice,http://localhost:3251@bear,-0.20000000000000004
1784894886447,alice,Exercise,0
1784894886447,alice,http://localhost:3251@brice,-0.20000000000000004
1784894886447,alice,Talk,-0.1
1784894886447,alice,http://localhost:3251@Bee,0
1784894886447,alice,Play,0.30000000000000004
1784894886450,Bee,Dance,0
1784894886450,Bee,http://localhost:3251@Ant,-0.2
1784894886450,Bee,Explore,0.6
1784894886450,Bee,Fight,-0.30000000000000004
1784894886450,Bee,http://localhost:3251@bear,-0.4
1784894886450,Bee,Sing,-0.5
1784894886450,Bee,http://localhost:3251@Bat,-0.2
1784894886450,Bee,http://localhost:3251@brice,0.20000000000000004
1784894886450,Bee,http://localhost:3251@alice,-0.5
1784894886450,Bee,Talk,-0.2
1784894886450,Bee,Exercise,0.20000000000000004
1784894886450,Bee,Walk,-0.1
1784894886450,Bee,Play,-0.2
1784894886680,Ant,Dance,0.30000000000000004
1784894886680,Ant,http://localhost:3251@Bee,0
1784894886680,Ant,Sing,-0.10000000000000003
1784894886680,Ant,http://localhost:3251@alice,0.1
1784894886680,Ant,Explore,0.6
1784894886680,Ant,Fight,0
1784894886680,Ant,http://localhost:3251@Bat,0.4
1784894886680,Ant,http://localhost:3251@brice,0.2
1784894886680,Ant,Talk,-0.1
1784894886680,Ant,Exercise,0.1
1784894886680,Ant,http://localhost:3251@bear,-0.4
1784894886680,Ant,Play,0.20000000000000004
1784894886680,Ant,Walk,-0.1
1784894886681,brice,Sing,0.7
1784894886681,brice,http://localhost:3251@Bat,0.9999999999999999
1784894886681,brice,Fight,0.6
1784894886681,brice,http://localhost:3251@bear,0
1784894886681,brice,http://localhost:3251@Ant,0.7999999999999999
1784894886681,brice,Dance,-2.7755575615628914e-17
1784894886681,brice,Exercise,0.7
1784894886681,brice,http://localhost:3251@alice,0.5
1784894886681,brice,Explore,0
1784894886681,brice,Talk,0.5
1784894886681,brice,http://localhost:3251@Bee,0.5
1784894886681,brice,Walk,0.1
1784894886681,brice,Play,0.2
1784894886848,Bat,Explore,-0.4
1784894886848,Bat,Sing,-0.1
1784894886848,Bat,http://localhost:3251@brice,-0.30000000000000004
1784894886848,Bat,Walk,0.1
1784894886848,Bat,http://localhost:3251@alice,0.10000000000000003
1784894886848,Bat,Fight,-0.1
1784894886848,Bat,http://localhost:3251@Ant,-0.1
1784894886848,Bat,Dance,-0.1
1784894886848,Bat,Talk,-0.20000000000000004
1784894886848,Bat,http://localhost:3251@bear,0.30000000000000004
1784894886848,Bat,http://localhost:3251@Bee,-0.6
1784894886848,Bat,Exercise,0
1784894886848,Bat,Play,-0.2
1784894887015,bear,Fight,0.20000000000000004
1784894887015,bear,http://localhost:3251@Bee,0.7999999999999999
1784894887015,bear,http://localhost:3251@alice,-0.30000000000000004
1784894887015,bear,Explore,0.20000000000000004
1784894887015,bear,Walk,0
1784894887015,bear,Exercise,-0.2
1784894887015,bear,http://localhost:3251@Ant,0.1
1784894887015,bear,Sing,0
1784894887015,bear,Talk,-0.30000000000000004
1784894887015,bear,http://localhost:3251@brice,-0.6
1784894887015,bear,http://localhost:3251@Bat,-0.4
1784894887015,bear,Play,-0.10000000000000003
1784894887015,bear,Dance,0
1784894887657,Bat,Explore,-0.4
1784894887657,Bat,Sing,-0.1
1784894887657,Bat,http://localhost:3251@brice,-0.4
1784894887657,Bat,Walk,0.1
1784894887657,Bat,http://localhost:3251@alice,0.10000000000000003
1784894887657,Bat,Fight,-0.2
1784894887657,Bat,http://localhost:3251@Ant,-0.1
1784894887657,Bat,Dance,-0.1
1784894887657,Bat,Talk,-0.20000000000000004
1784894887657,Bat,http://localhost:3251@bear,0.30000000000000004
1784894887657,Bat,http://localhost:3251@Bee,-0.6
1784894887657,Bat,Exercise,0
1784894887657,Bat,Play,-0.2
1784894887658,brice,Sing,0.7
1784894887658,brice,http://localhost:3251@Bat,0.8999999999999999
1784894887658,brice,Fight,0.5
1784894887658,brice,http://localhost:3251@bear,0
1784894887658,brice,http://localhost:3251@Ant,0.7999999999999999
1784894887658,brice,Dance,-2.7755575615628914e-17
1784894887658,brice,Exercise,0.7
1784894887658,brice,http://localhost:3251@alice,0.5
1784894887658,brice,Explore,0
1784894887658,brice,Talk,0.5
1784894887658,brice,http://localhost:3251@Bee,0.5
1784894887658,brice,Walk,0.1
1784894887658,brice,Play,0.2
1784894888032,Bee,Dance,0
1784894888032,Bee,http://localhost:3251@Ant,-0.2
1784894888032,Bee,Explore,0.5
1784894888032,Bee,Fight,-0.30000000000000004
1784894888032,Bee,http://localhost:3251@bear,-0.4
1784894888032,Bee,Sing,-0.5
1784894888032,Bee,http://localhost:3251@Bat,-0.2
1784894888032,Bee,http://localhost:3251@brice,0.20000000000000004
1784894888032,Bee,http://localhost:3251@alice,-0.5
1784894888032,Bee,Talk,-0.2
1784894888032,Bee,Exercise,0.20000000000000004
1784894888032,Bee,Walk,-0.1
1784894888032,Bee,Play,-0.2
1784894888261,Ant,Dance,0.30000000000000004
1784894888261,Ant,http://localhost:3251@Bee,0
1784894888261,Ant,Sing,-0.10000000000000003
1784894888261,Ant,http://localhost:3251@alice,0.1
1784894888261,Ant,Explore,0.5
1784894888261,Ant,Fight,0
1784894888261,Ant,http://localhost:3251@Bat,0.4
1784894888261,Ant,http://localhost:3251@brice,0.2
1784894888261,Ant,Talk,-0.1
1784894888261,Ant,Exercise,0.1
1784894888261,Ant,http://localhost:3251@bear,-0.4
1784894888261,Ant,Play,0.20000000000000004
1784894888261,Ant,Walk,-0.1
1784894889009,alice,Explore,0.5
1784894889009,alice,Sing,-0.30000000000000004
1784894889009,alice,http://localhost:3251@Ant,0.4
1784894889009,alice,Walk,0
1784894889009,alice,http://localhost:3251@Bat,0.4
1784894889009,alice,Fight,0.4
1784894889009,alice,http://localhost:3251@bear,-0.30000000000000004
1784894889009,alice,Exercise,0
1784894889009,alice,http://localhost:3251@brice,-0.20000000000000004
1784894889009,alice,Talk,-0.1
1784894889009,alice,http://localhost:3251@Bee,0
1784894889009,alice,Play,0.30000000000000004
1784894889010,Bee,Dance,0
1784894889010,Bee,http://localhost:3251@Ant,-0.2
1784894889010,Bee,Explore,0.5
1784894889010,Bee,Fight,-0.30000000000000004
1784894889010,Bee,http://localhost:3251@bear,-0.4
1784894889010,Bee,Sing,-0.6
1784894889010,Bee,http://localhost:3251@Bat,-0.2
1784894889010,Bee,http://localhost:3251@brice,0.20000000000000004
1784894889010,Bee,http://localhost:3251@alice,-0.6
1784894889010,Bee,Talk,-0.2
1784894889010,Bee,Exercise,0.20000000000000004
1784894889010,Bee,Walk,-0.1
1784894889010,Bee,Play,-0.2
1784894889234,Bat,Explore,-0.5
1784894889234,Bat,Sing,-0.1
1784894889234,Bat,http://localhost:3251@brice,-0.4
1784894889234,Bat,Walk,0.1
1784894889234,Bat,http://localhost:3251@alice,0.10000000000000003
1784894889234,Bat,Fight,-0.2
1784894889234,Bat,http://localhost:3251@Ant,-0.1
1784894889234,Bat,Dance,-0.1
1784894889234,Bat,Talk,-0.20000000000000004
1784894889234,Bat,http://localhost:3251@bear,0.30000000000000004
1784894889234,Bat,http://localhost:3251@Bee,-0.6
1784894889234,Bat,Exercise,0
1784894889234,Bat,Play,-0.2
1784894889823,Ant,Dance,0.30000000000000004
1784894889823,Ant,http://localhost:3251@Bee,0
1784894889823,Ant,Sing,-0.10000000000000003
1784894889823,Ant,http://localhost:3251@alice,0.1
1784894889823,Ant,Explore,0.4
1784894889823,Ant,Fight,0
1784894889823,Ant,http://localhost:3251@Bat,0.4
1784894889823,Ant,http://localhost:3251@brice,0.2
1784894889823,Ant,Talk,-0.1
1784894889823,Ant,Exercise,0.1
1784894889823,Ant,http://localhost:3251@bear,-0.4
1784894889823,Ant,Play,0.20000000000000004
1784894889823,Ant,Walk,-0.1
1784894890319,Bat,Explore,-0.5
1784894890319,Bat,Sing,-0.1
1784894890319,Bat,http://localhost:3251@brice,-0.30000000000000004
1784894890319,Bat,Walk,0.1
1784894890319,Bat,http://localhost:3251@alice,0.10000000000000003
1784894890319,Bat,Fight,-0.2
1784894890319,Bat,http://localhost:3251@Ant,-0.1
1784894890319,Bat,Dance,0
1784894890319,Bat,Talk,-0.20000000000000004
1784894890319,Bat,http://localhost:3251@bear,0.30000000000000004
1784894890319,Bat,http://localhost:3251@Bee,-0.6
1784894890319,Bat,Exercise,0
1784894890319,Bat,Play,-0.2
1784894890322,brice,Sing,0.7
1784894890322,brice,http://localhost:3251@Bat,0.9999999999999999
1784894890322,brice,Fight,0.5
1784894890322,brice,http://localhost:3251@bear,0
1784894890322,brice,http://localhost:3251@Ant,0.7999999999999999
1784894890322,brice,Dance,0.09999999999999998
1784894890322,brice,Exercise,0.7
1784894890322,brice,http://localhost:3251@alice,0.5
1784894890322,brice,Explore,0
1784894890322,brice,Talk,0.5
1784894890322,brice,http://localhost:3251@Bee,0.5
1784894890322,brice,Walk,0.1
1784894890322,brice,Play,0.2
1784894890696,Bat,Explore,-0.5
1784894890696,Bat,Sing,-0.1
1784894890696,Bat,http://localhost:3251@brice,-0.30000000000000004
1784894890696,Bat,Walk,0.1
1784894890696,Bat,http://localhost:3251@alice,0.10000000000000003
1784894890696,Bat,Fight,-0.1
1784894890696,Bat,http://localhost:3251@Ant,-0.1
1784894890696,Bat,Dance,0
1784894890696,Bat,Talk,-0.20000000000000004
1784894890696,Bat,http://localhost:3251@bear,0.4
1784894890696,Bat,http://localhost:3251@Bee,-0.6
1784894890696,Bat,Exercise,0
1784894890696,Bat,Play,-0.2
1784894890697,bear,Fight,0.30000000000000004
1784894890697,bear,http://localhost:3251@Bee,0.8999999999999999
1784894890697,bear,http://localhost:3251@alice,-0.30000000000000004
1784894890697,bear,Explore,0.20000000000000004
1784894890697,bear,Walk,0
1784894890697,bear,Exercise,-0.2
1784894890697,bear,http://localhost:3251@Ant,0.1
1784894890697,bear,Sing,0
1784894890697,bear,Talk,-0.30000000000000004
1784894890697,bear,http://localhost:3251@brice,-0.6
1784894890697,bear,http://localhost:3251@Bat,-0.4
1784894890697,bear,Play,-0.10000000000000003
1784894890697,bear,Dance,0
1784894891012,Ant,Dance,0.30000000000000004
1784894891012,Ant,http://localhost:3251@Bee,0.1
1784894891012,Ant,Sing,-2.7755575615628914e-17
1784894891012,Ant,http://localhost:3251@alice,0.1
1784894891012,Ant,Explore,0.4
1784894891012,Ant,Fight,0
1784894891012,Ant,http://localhost:3251@Bat,0.4
1784894891012,Ant,http://localhost:3251@brice,0.2
1784894891012,Ant,Talk,-0.1
1784894891012,Ant,Exercise,0.1
1784894891012,Ant,http://localhost:3251@bear,-0.4
1784894891012,Ant,Play,0.20000000000000004
1784894891012,Ant,Walk,-0.1
1784894891013,Bee,Dance,0
1784894891013,Bee,http://localhost:3251@Ant,-0.2
1784894891013,Bee,Explore,0.5
1784894891013,Bee,Fight,-0.30000000000000004
1784894891013,Bee,http://localhost:3251@bear,-0.4
1784894891013,Bee,Sing,-0.7
1784894891013,Bee,http://localhost:3251@Bat,-0.2
1784894891013,Bee,http://localhost:3251@brice,0.20000000000000004
1784894891013,Bee,http://localhost:3251@alice,-0.7
1784894891013,Bee,Talk,-0.2
1784894891013,Bee,Exercise,0.20000000000000004
1784894891013,Bee,Walk,-0.1
1784894891013,Bee,Play,-0.2
1784894891692,bear,Fight,0.30000000000000004
1784894891692,bear,http://localhost:3251@Bee,0.8999999999999999
1784894891692,bear,http://localhost:3251@alice,-0.30000000000000004
1784894891692,bear,Explore,0.20000000000000004
1784894891692,bear,Walk,0
1784894891692,bear,Exercise,-0.2
1784894891692,bear,http://localhost:3251@Ant,0.1
1784894891692,bear,Sing,0.1
1784894891692,bear,Talk,-0.30000000000000004
1784894891692,bear,http://localhost:3251@brice,-0.5
1784894891692,bear,http://localhost:3251@Bat,-0.4
1784894891692,bear,Play,-0.10000000000000003
1784894891692,bear,Dance,0
1784894891692,brice,Sing,0.7999999999999999
1784894891692,brice,http://localhost:3251@Bat,0.9999999999999999
1784894891692,brice,Fight,0.5
1784894891692,brice,http://localhost:3251@bear,0
1784894891692,brice,http://localhost:3251@Ant,0.8999999999999999
1784894891692,brice,Dance,0.09999999999999998
1784894891692,brice,Exercise,0.7
1784894891692,brice,http://localhost:3251@alice,0.5
1784894891692,brice,Explore,0
1784894891692,brice,Talk,0.5
1784894891692,brice,http://localhost:3251@Bee,0.5
1784894891692,brice,Walk,0.1
1784894891692,brice,Play,0.2
1784894892254,alice,Explore,0.5
1784894892254,alice,Sing,-0.30000000000000004
1784894892254,alice,http://localhost:3251@Ant,0.4
1784894892254,alice,Walk,0
1784894892254,alice,http://localhost:3251@Bat,0.4
1784894892254,alice,Fight,0.4
1784894892254,alice,http://localhost:3251@bear,-0.30000000000000004
1784894892254,alice,Exercise,-0.1
1784894892254,alice,http://localhost:3251@brice,-0.30000000000000004
1784894892254,alice,Talk,-0.1
1784894892254,alice,http://localhost:3251@Bee,0
1784894892254,alice,Play,0.30000000000000004
1784894892256,Bat,Explore,-0.5
1784894892256,Bat,Sing,-0.1
1784894892256,Bat,http://localhost:3251@brice,-0.30000000000000004
1784894892256,Bat,Walk,0.1
1784894892256,Bat,http://localhost:3251@alice,0.20000000000000004
1784894892256,Bat,Fight,-0.1
1784894892256,Bat,http://localhost:3251@Ant,-0.1
1784894892256,Bat,Dance,0
1784894892256,Bat,Talk,-0.20000000000000004
1784894892256,Bat,http://localhost:3251@bear,0.4
1784894892256,Bat,http://localhost:3251@Bee,-0.6
1784894892256,Bat,Exercise,0.1
1784894892256,Bat,Play,-0.2
1784894893127,Bat,Explore,-0.5
1784894893127,Bat,Sing,-0.1
1784894893127,Bat,http://localhost:3251@brice,-0.30000000000000004
1784894893127,Bat,Walk,0.1
1784894893127,Bat,http://localhost:3251@alice,0.20000000000000004
1784894893127,Bat,Fight,-0.1
1784894893127,Bat,http://localhost:3251@Ant,-0.1
1784894893127,Bat,Dance,0.1
1784894893127,Bat,Talk,-0.20000000000000004
1784894893127,Bat,http://localhost:3251@bear,0.4
1784894893127,Bat,http://localhost:3251@Bee,-0.5
1784894893127,Bat,Exercise,0.1
1784894893127,Bat,Play,-0.2
1784894893128,Bee,Dance,0.1
1784894893128,Bee,http://localhost:3251@Ant,-0.2
1784894893128,Bee,Explore,0.5
1784894893128,Bee,Fight,-0.30000000000000004
1784894893128,Bee,http://localhost:3251@bear,-0.4
1784894893128,Bee,Sing,-0.7
1784894893128,Bee,http://localhost:3251@Bat,-0.2
1784894893128,Bee,http://localhost:3251@brice,0.30000000000000004
1784894893128,Bee,http://localhost:3251@alice,-0.7
1784894893128,Bee,Talk,-0.2
1784894893128,Bee,Exercise,0.20000000000000004
1784894893128,Bee,Walk,-0.1
1784894893128,Bee,Play,-0.2
1784894893375,brice,Sing,0.7999999999999999
1784894893375,brice,http://localhost:3251@Bat,0.9999999999999999
1784894893375,brice,Fight,0.5
1784894893375,brice,http://localhost:3251@bear,0
1784894893375,brice,http://localhost:3251@Ant,0.8999999999999999
1784894893375,brice,Dance,0.09999999999999998
1784894893375,brice,Exercise,0.7
1784894893375,brice,http://localhost:3251@alice,0.5
1784894893375,brice,Explore,-0.1
1784894893375,brice,Talk,0.5
1784894893375,brice,http://localhost:3251@Bee,0.5
1784894893375,brice,Walk,0.1
1784894893375,brice,Play,0.2
1784894894067,alice,Explore,0.5
1784894894067,alice,Sing,-0.30000000000000004
1784894894067,alice,http://localhost:3251@Ant,0.4
1784894894067,alice,Walk,0
1784894894067,alice,http://localhost:3251@Bat,0.4
1784894894067,alice,Fight,0.30000000000000004
1784894894067,alice,http://localhost:3251@bear,-0.4
1784894894067,alice,Exercise,-0.1
1784894894067,alice,http://localhost:3251@brice,-0.30000000000000004
1784894894067,alice,Talk,-0.1
1784894894067,alice,http://localhost:3251@Bee,0
1784894894067,alice,Play,0.30000000000000004
1784894894068,Ant,Dance,0.30000000000000004
1784894894068,Ant,http://localhost:3251@Bee,0.1
1784894894068,Ant,Sing,-2.7755575615628914e-17
1784894894068,Ant,http://localhost:3251@alice,0.2
1784894894068,Ant,Explore,0.4
1784894894068,Ant,Fight,0.1
1784894894068,Ant,http://localhost:3251@Bat,0.4
1784894894068,Ant,http://localhost:3251@brice,0.2
1784894894068,Ant,Talk,-0.1
1784894894068,Ant,Exercise,0.1
1784894894068,Ant,http://localhost:3251@bear,-0.4
1784894894068,Ant,Play,0.20000000000000004
1784894894068,Ant,Walk,-0.1
1784894894190,Bee,Dance,0.1
1784894894190,Bee,http://localhost:3251@Ant,-0.2
1784894894190,Bee,Explore,0.5
1784894894190,Bee,Fight,-0.30000000000000004
1784894894190,Bee,http://localhost:3251@bear,-0.30000000000000004
1784894894190,Bee,Sing,-0.7
1784894894190,Bee,http://localhost:3251@Bat,-0.2
1784894894190,Bee,http://localhost:3251@brice,0.30000000000000004
1784894894190,Bee,http://localhost:3251@alice,-0.7
1784894894190,Bee,Talk,-0.1
1784894894190,Bee,Exercise,0.20000000000000004
1784894894190,Bee,Walk,-0.1
1784894894190,Bee,Play,-0.2
1784894894191,brice,Sing,0.7999999999999999
1784894894191,brice,http://localhost:3251@Bat,0.9999999999999999
1784894894191,brice,Fight,0.5
1784894894191,brice,http://localhost:3251@bear,0
1784894894191,brice,http://localhost:3251@Ant,0.8999999999999999
1784894894191,brice,Dance,0.09999999999999998
1784894894191,brice,Exercise,0.7
1784894894191,brice,http://localhost:3251@alice,0.5
1784894894191,brice,Explore,-0.1
1784894894191,brice,Talk,0.6
1784894894191,brice,http://localhost:3251@Bee,0.6
1784894894191,brice,Walk,0.1
1784894894191,brice,Play,0.2
1784894894819,Bat,Explore,-0.4
1784894894819,Bat,Sing,-0.1
1784894894819,Bat,http://localhost:3251@brice,-0.30000000000000004
1784894894819,Bat,Walk,0.1
1784894894819,Bat,http://localhost:3251@alice,0.20000000000000004
1784894894819,Bat,Fight,-0.1
1784894894819,Bat,http://localhost:3251@Ant,-0.1
1784894894819,Bat,Dance,0.1
1784894894819,Bat,Talk,-0.20000000000000004
1784894894819,Bat,http://localhost:3251@bear,0.4
1784894894819,Bat,http://localhost:3251@Bee,-0.5
1784894894819,Bat,Exercise,0.1
1784894894819,Bat,Play,-0.2
1784894895213,alice,Explore,0.5
1784894895213,alice,Sing,-0.30000000000000004
1784894895213,alice,http://localhost:3251@Ant,0.4
1784894895213,alice,Walk,0
1784894895213,alice,http://localhost:3251@Bat,0.4
1784894895213,alice,Fight,0.30000000000000004
1784894895213,alice,http://localhost:3251@bear,-0.30000000000000004
1784894895213,alice,Exercise,-0.1
1784894895213,alice,http://localhost:3251@brice,-0.30000000000000004
1784894895213,alice,Talk,-0.1
1784894895213,alice,http://localhost:3251@Bee,0
1784894895213,alice,Play,0.30000000000000004
1784894895213,alice,Dance,0.1
1784894895214,bear,Fight,0.30000000000000004
1784894895214,bear,http://localhost:3251@Bee,0.8999999999999999
1784894895214,bear,http://localhost:3251@alice,-0.30000000000000004
1784894895214,bear,Explore,0.20000000000000004
1784894895214,bear,Walk,0
1784894895214,bear,Exercise,-0.2
1784894895214,bear,http://localhost:3251@Ant,0
1784894895214,bear,Sing,0.1
1784894895214,bear,Talk,-0.30000000000000004
1784894895214,bear,http://localhost:3251@brice,-0.5
1784894895214,bear,http://localhost:3251@Bat,-0.4
1784894895214,bear,Play,-0.10000000000000003
1784894895214,bear,Dance,-0.1
1784894895765,Bat,Explore,-0.4
1784894895765,Bat,Sing,-0.1
1784894895765,Bat,http://localhost:3251@brice,-0.4
1784894895765,Bat,Walk,0.1
1784894895765,Bat,http://localhost:3251@alice,0.20000000000000004
1784894895765,Bat,Fight,-0.1
1784894895765,Bat,http://localhost:3251@Ant,-0.1
1784894895765,Bat,Dance,0.1
1784894895765,Bat,Talk,-0.30000000000000004
1784894895765,Bat,http://localhost:3251@bear,0.4
1784894895765,Bat,http://localhost:3251@Bee,-0.5
1784894895765,Bat,Exercise,0.1
1784894895765,Bat,Play,-0.2
1784894895766,bear,Fight,0.30000000000000004
1784894895766,bear,http://localhost:3251@Bee,0.8999999999999999
1784894895766,bear,http://localhost:3251@alice,-0.30000000000000004
1784894895766,bear,Explore,0.20000000000000004
1784894895766,bear,Walk,0
1784894895766,bear,Exercise,-0.2
1784894895766,bear,http://localhost:3251@Ant,0
1784894895766,bear,Sing,0.1
1784894895766,bear,Talk,-0.20000000000000004
1784894895766,bear,http://localhost:3251@brice,-0.5
1784894895766,bear,http://localhost:3251@Bat,-0.30000000000000004
1784894895766,bear,Play,-0.10000000000000003
1784894895766,bear,Dance,-0.1
1784894896708,alice,Explore,0.4
1784894896708,alice,Sing,-0.30000000000000004
1784894896708,alice,http://localhost:3251@Ant,0.4
1784894896708,alice,Walk,0
1784894896708,alice,http://localhost:3251@Bat,0.4
1784894896708,alice,Fight,0.30000000000000004
1784894896708,alice,http://localhost:3251@bear,-0.30000000000000004
1784894896708,alice,Exercise,-0.1
1784894896708,alice,http://localhost:3251@brice,-0.30000000000000004
1784894896708,alice,Talk,-0.1
1784894896708,alice,http://localhost:3251@Bee,0
1784894896708,alice,Play,0.30000000000000004
1784894896708,alice,Dance,0.1
1784894896867,bear,Fight,0.30000000000000004
1784894896867,bear,http://localhost:3251@Bee,0.8999999999999999
1784894896867,bear,http://localhost:3251@alice,-0.30000000000000004
1784894896867,bear,Explore,0.20000000000000004
1784894896867,bear,Walk,0
1784894896867,bear,Exercise,-0.1
1784894896867,bear,http://localhost:3251@Ant,0
1784894896867,bear,Sing,0.1
1784894896867,bear,Talk,-0.20000000000000004
1784894896867,bear,http://localhost:3251@brice,-0.4
1784894896867,bear,http://localhost:3251@Bat,-0.30000000000000004
1784894896867,bear,Play,-0.10000000000000003
1784894896867,bear,Dance,-0.1
1784894896868,brice,Sing,0.7999999999999999
1784894896868,brice,http://localhost:3251@Bat,0.9999999999999999
1784894896868,brice,Fight,0.5
1784894896868,brice,http://localhost:3251@bear,-0.1
1784894896868,brice,http://localhost:3251@Ant,0.8999999999999999
1784894896868,brice,Dance,0.09999999999999998
1784894896868,brice,Exercise,0.6
1784894896868,brice,http://localhost:3251@alice,0.5
1784894896868,brice,Explore,-0.1
1784894896868,brice,Talk,0.6
1784894896868,brice,http://localhost:3251@Bee,0.6
1784894896868,brice,Walk,0.1
1784894896868,brice,Play,0.2
1784894897315,alice,Explore,0.4
1784894897315,alice,Sing,-0.30000000000000004
1784894897315,alice,http://localhost:3251@Ant,0.4
1784894897315,alice,Walk,0
1784894897315,alice,http://localhost:3251@Bat,0.30000000000000004
1784894897315,alice,Fight,0.30000000000000004
1784894897315,alice,http://localhost:3251@bear,-0.30000000000000004
1784894897315,alice,Exercise,-0.1
1784894897315,alice,http://localhost:3251@brice,-0.30000000000000004
1784894897315,alice,Talk,-0.2
1784894897315,alice,http://localhost:3251@Bee,0
1784894897315,alice,Play,0.30000000000000004
1784894897315,alice,Dance,0.1
1784894897315,Bat,Explore,-0.4
1784894897315,Bat,Sing,-0.1
1784894897315,Bat,http://localhost:3251@brice,-0.5
1784894897315,Bat,Walk,0.1
1784894897315,Bat,http://localhost:3251@alice,0.20000000000000004
1784894897315,Bat,Fight,-0.1
1784894897315,Bat,http://localhost:3251@Ant,-0.1
1784894897315,Bat,Dance,0.1
1784894897315,Bat,Talk,-0.4
1784894897315,Bat,http://localhost:3251@bear,0.4
1784894897315,Bat,http://localhost:3251@Bee,-0.5
1784894897315,Bat,Exercise,0.1
1784894897315,Bat,Play,-0.2
1784894897803,Ant,Dance,0.30000000000000004
1784894897803,Ant,http://localhost:3251@Bee,0.1
1784894897803,Ant,Sing,-2.7755575615628914e-17
1784894897803,Ant,http://localhost:3251@alice,0.2
1784894897803,Ant,Explore,0.4
1784894897803,Ant,Fight,0.1
1784894897803,Ant,http://localhost:3251@Bat,0.4
1784894897803,Ant,http://localhost:3251@brice,0.2
1784894897803,Ant,Talk,-0.1
1784894897803,Ant,Exercise,0.1
1784894897803,Ant,http://localhost:3251@bear,-0.5
1784894897803,Ant,Play,0.10000000000000003
1784894897803,Ant,Walk,-0.1
1784894897804,Bee,Dance,0.1
1784894897804,Bee,http://localhost:3251@Ant,-0.30000000000000004
1784894897804,Bee,Explore,0.5
1784894897804,Bee,Fight,-0.30000000000000004
1784894897804,Bee,http://localhost:3251@bear,-0.30000000000000004
1784894897804,Bee,Sing,-0.7
1784894897804,Bee,http://localhost:3251@Bat,-0.2
1784894897804,Bee,http://localhost:3251@brice,0.30000000000000004
1784894897804,Bee,http://localhost:3251@alice,-0.7
1784894897804,Bee,Talk,-0.1
1784894897804,Bee,Exercise,0.20000000000000004
1784894897804,Bee,Walk,-0.1
1784894897804,Bee,Play,-0.30000000000000004
1784894898081,alice,Explore,0.4
1784894898081,alice,Sing,-0.30000000000000004
1784894898081,alice,http://localhost:3251@Ant,0.4
1784894898081,alice,Walk,0
1784894898081,alice,http://localhost:3251@Bat,0.30000000000000004
1784894898081,alice,Fight,0.30000000000000004
1784894898081,alice,http://localhost:3251@bear,-0.30000000000000004
1784894898081,alice,Exercise,-0.1
1784894898081,alice,http://localhost:3251@brice,-0.20000000000000004
1784894898081,alice,Talk,-0.2
1784894898081,alice,http://localhost:3251@Bee,0
1784894898081,alice,Play,0.30000000000000004
1784894898081,alice,Dance,0.2
1784894898082,brice,Sing,0.7999999999999999
1784894898082,brice,http://localhost:3251@Bat,0.8999999999999999
1784894898082,brice,Fight,0.5
1784894898082,brice,http://localhost:3251@bear,-0.1
1784894898082,brice,http://localhost:3251@Ant,0.8999999999999999
1784894898082,brice,Dance,-2.7755575615628914e-17
1784894898082,brice,Exercise,0.6
1784894898082,brice,http://localhost:3251@alice,0.5
1784894898082,brice,Explore,-0.1
1784894898082,brice,Talk,0.6
1784894898082,brice,http://localhost:3251@Bee,0.6
1784894898082,brice,Walk,0.1
1784894898082,brice,Play,0.2
1784894899025,bear,Fight,0.30000000000000004
1784894899025,bear,http://localhost:3251@Bee,0.8999999999999999
1784894899025,bear,http://localhost:3251@alice,-0.30000000000000004
1784894899025,bear,Explore,0.30000000000000004
1784894899025,bear,Walk,0
1784894899025,bear,Exercise,-0.1
1784894899025,bear,http://localhost:3251@Ant,0
1784894899025,bear,Sing,0.1
1784894899025,bear,Talk,-0.20000000000000004
1784894899025,bear,http://localhost:3251@brice,-0.4
1784894899025,bear,http://localhost:3251@Bat,-0.30000000000000004
1784894899025,bear,Play,-0.10000000000000003
1784894899025,bear,Dance,-0.1
1784894899138,Ant,Dance,0.30000000000000004
1784894899138,Ant,http://localhost:3251@Bee,0.1
1784894899138,Ant,Sing,-2.7755575615628914e-17
1784894899138,Ant,http://localhost:3251@alice,0.2
1784894899138,Ant,Explore,0.4
1784894899138,Ant,Fight,0.1
1784894899138,Ant,http://localhost:3251@Bat,0.4
1784894899138,Ant,http://localhost:3251@brice,0.1
1784894899138,Ant,Talk,-0.1
1784894899138,Ant,Exercise,0.1
1784894899138,Ant,http://localhost:3251@bear,-0.5
1784894899138,Ant,Play,0.10000000000000003
1784894899138,Ant,Walk,-0.2
1784894899139,brice,Sing,0.7999999999999999
1784894899139,brice,http://localhost:3251@Bat,0.8999999999999999
1784894899139,brice,Fight,0.5
1784894899139,brice,http://localhost:3251@bear,-0.1
1784894899139,brice,http://localhost:3251@Ant,0.7999999999999999
1784894899139,brice,Dance,-2.7755575615628914e-17
1784894899139,brice,Exercise,0.6
1784894899139,brice,http://localhost:3251@alice,0.5
1784894899139,brice,Explore,-0.1
1784894899139,brice,Talk,0.6
1784894899139,brice,http://localhost:3251@Bee,0.6
1784894899139,brice,Walk,0
1784894899139,brice,Play,0.2
1784894899691,alice,Explore,0.30000000000000004
1784894899691,alice,Sing,-0.30000000000000004
1784894899691,alice,http://localhost:3251@Ant,0.4
1784894899691,alice,Walk,0
1784894899691,alice,http://localhost:3251@Bat,0.30000000000000004
1784894899691,alice,Fight,0.30000000000000004
1784894899691,alice,http://localhost:3251@bear,-0.30000000000000004
1784894899691,alice,Exercise,-0.1
1784894899691,alice,http://localhost:3251@brice,-0.20000000000000004
1784894899691,alice,Talk,-0.2
1784894899691,alice,http://localhost:3251@Bee,0
1784894899691,alice,Play,0.30000000000000004
1784894899691,alice,Dance,0.2
1784894899748,Ant,Dance,0.30000000000000004
1784894899748,Ant,http://localhost:3251@Bee,0.1
1784894899748,Ant,Sing,-2.7755575615628914e-17
1784894899748,Ant,http://localhost:3251@alice,0.2
1784894899748,Ant,Explore,0.4
1784894899748,Ant,Fight,0.1
1784894899748,Ant,http://localhost:3251@Bat,0.30000000000000004
1784894899748,Ant,http://localhost:3251@brice,0.1
1784894899748,Ant,Talk,-0.1
1784894899748,Ant,Exercise,0
1784894899748,Ant,http://localhost:3251@bear,-0.5
1784894899748,Ant,Play,0.10000000000000003
1784894899748,Ant,Walk,-0.2
1784894899749,Bat,Explore,-0.4
1784894899749,Bat,Sing,-0.1
1784894899749,Bat,http://localhost:3251@brice,-0.6
1784894899749,Bat,Walk,0.1
1784894899749,Bat,http://localhost:3251@alice,0.20000000000000004
1784894899749,Bat,Fight,-0.1
1784894899749,Bat,http://localhost:3251@Ant,-0.1
1784894899749,Bat,Dance,0.1
1784894899749,Bat,Talk,-0.4
1784894899749,Bat,http://localhost:3251@bear,0.4
1784894899749,Bat,http://localhost:3251@Bee,-0.5
1784894899749,Bat,Exercise,0
1784894899749,Bat,Play,-0.2
1784894900123,bear,Fight,0.20000000000000004
1784894900123,bear,http://localhost:3251@Bee,0.7999999999999999
1784894900123,bear,http://localhost:3251@alice,-0.30000000000000004
1784894900123,bear,Explore,0.30000000000000004
1784894900123,bear,Walk,0
1784894900123,bear,Exercise,-0.1
1784894900123,bear,http://localhost:3251@Ant,0
1784894900123,bear,Sing,0.1
1784894900123,bear,Talk,-0.20000000000000004
1784894900123,bear,http://localhost:3251@brice,-0.4
1784894900123,bear,http://localhost:3251@Bat,-0.30000000000000004
1784894900123,bear,Play,-0.10000000000000003
1784894900123,bear,Dance,-0.1
1784894900124,Bee,Dance,0.1
1784894900124,Bee,http://localhost:3251@Ant,-0.30000000000000004
1784894900124,Bee,Explore,0.5
1784894900124,Bee,Fight,-0.4
1784894900124,Bee,http://localhost:3251@bear,-0.30000000000000004
1784894900124,Bee,Sing,-0.7
1784894900124,Bee,http://localhost:3251@Bat,-0.2
1784894900124,Bee,http://localhost:3251@brice,0.30000000000000004
1784894900124,Bee,http://localhost:3251@alice,-0.7999999999999999
1784894900124,Bee,Talk,-0.1
1784894900124,Bee,Exercise,0.20000000000000004
1784894900124,Bee,Walk,-0.1
1784894900124,Bee,Play,-0.30000000000000004
1784894900290,Ant,Dance,0.30000000000000004
1784894900290,Ant,http://localhost:3251@Bee,0.1
1784894900290,Ant,Sing,-2.7755575615628914e-17
1784894900290,Ant,http://localhost:3251@alice,0.2
1784894900290,Ant,Explore,0.4
1784894900290,Ant,Fight,0.1
1784894900290,Ant,http://localhost:3251@Bat,0.30000000000000004
1784894900290,Ant,http://localhost:3251@brice,0.2
1784894900290,Ant,Talk,-0.1
1784894900290,Ant,Exercise,0.1
1784894900290,Ant,http://localhost:3251@bear,-0.5
1784894900290,Ant,Play,0.10000000000000003
1784894900290,Ant,Walk,-0.2
1784894900291,brice,Sing,0.7999999999999999
1784894900291,brice,http://localhost:3251@Bat,0.9999999999999999
1784894900291,brice,Fight,0.5
1784894900291,brice,http://localhost:3251@bear,-0.1
1784894900291,brice,http://localhost:3251@Ant,0.7999999999999999
1784894900291,brice,Dance,-2.7755575615628914e-17
1784894900291,brice,Exercise,0.7
1784894900291,brice,http://localhost:3251@alice,0.5
1784894900291,brice,Explore,-0.1
1784894900291,brice,Talk,0.6
1784894900291,brice,http://localhost:3251@Bee,0.6
1784894900291,brice,Walk,0
1784894900291,brice,Play,0.2
1784894901115,alice,Explore,0.30000000000000004
1784894901115,alice,Sing,-0.30000000000000004
1784894901115,alice,http://localhost:3251@Ant,0.4
1784894901115,alice,Walk,0
1784894901115,alice,http://localhost:3251@Bat,0.30000000000000004
1784894901115,alice,Fight,0.4
1784894901115,alice,http://localhost:3251@bear,-0.20000000000000004
1784894901115,alice,Exercise,-0.1
1784894901115,alice,http://localhost:3251@brice,-0.20000000000000004
1784894901115,alice,Talk,-0.2
1784894901115,alice,http://localhost:3251@Bee,0
1784894901115,alice,Play,0.30000000000000004
1784894901115,alice,Dance,0.2
1784894901116,bear,Fight,0.10000000000000003
1784894901116,bear,http://localhost:3251@Bee,0.7
1784894901116,bear,http://localhost:3251@alice,-0.30000000000000004
1784894901116,bear,Explore,0.30000000000000004
1784894901116,bear,Walk,0
1784894901116,bear,Exercise,-0.1
1784894901116,bear,http://localhost:3251@Ant,0
1784894901116,bear,Sing,0.1
1784894901116,bear,Talk,-0.20000000000000004
1784894901116,bear,http://localhost:3251@brice,-0.4
1784894901116,bear,http://localhost:3251@Bat,-0.30000000000000004
1784894901116,bear,Play,-0.10000000000000003
1784894901116,bear,Dance,-0.1
1784894901226,Bat,Explore,-0.5
1784894901226,Bat,Sing,-0.1
1784894901226,Bat,http://localhost:3251@brice,-0.6
1784894901226,Bat,Walk,0.1
1784894901226,Bat,http://localhost:3251@alice,0.20000000000000004
1784894901226,Bat,Fight,-0.1
1784894901226,Bat,http://localhost:3251@Ant,-0.1
1784894901226,Bat,Dance,0.1
1784894901226,Bat,Talk,-0.4
1784894901226,Bat,http://localhost:3251@bear,0.4
1784894901226,Bat,http://localhost:3251@Bee,-0.5
1784894901226,Bat,Exercise,0
1784894901226,Bat,Play,-0.2
1784894901657,alice,Explore,0.30000000000000004
1784894901657,alice,Sing,-0.30000000000000004
1784894901657,alice,http://localhost:3251@Ant,0.4
1784894901657,alice,Walk,0
1784894901657,alice,http://localhost:3251@Bat,0.30000000000000004
1784894901657,alice,Fight,0.30000000000000004
1784894901657,alice,http://localhost:3251@bear,-0.20000000000000004
1784894901657,alice,Exercise,-0.1
1784894901657,alice,http://localhost:3251@brice,-0.20000000000000004
1784894901657,alice,Talk,-0.2
1784894901657,alice,http://localhost:3251@Bee,-0.1
1784894901657,alice,Play,0.30000000000000004
1784894901657,alice,Dance,0.2
1784894901658,Bee,Dance,0.1
1784894901658,Bee,http://localhost:3251@Ant,-0.30000000000000004
1784894901658,Bee,Explore,0.5
1784894901658,Bee,Fight,-0.5
1784894901658,Bee,http://localhost:3251@bear,-0.30000000000000004
1784894901658,Bee,Sing,-0.7
1784894901658,Bee,http://localhost:3251@Bat,-0.2
1784894901658,Bee,http://localhost:3251@brice,0.30000000000000004
1784894901658,Bee,http://localhost:3251@alice,-0.8999999999999999
1784894901658,Bee,Talk,-0.1
1784894901658,Bee,Exercise,0.20000000000000004
1784894901658,Bee,Walk,-0.1
1784894901658,Bee,Play,-0.30000000000000004
1784894902047,Bat,Explore,-0.5
1784894902047,Bat,Sing,-0.1
1784894902047,Bat,http://localhost:3251@brice,-0.7
1784894902047,Bat,Walk,0.1
1784894902047,Bat,http://localhost:3251@alice,0.20000000000000004
1784894902047,Bat,Fight,-0.1
1784894902047,Bat,http://localhost:3251@Ant,-0.1
1784894902047,Bat,Dance,0.1
1784894902047,Bat,Talk,-0.4
1784894902047,Bat,http://localhost:3251@bear,0.4
1784894902047,Bat,http://localhost:3251@Bee,-0.5
1784894902047,Bat,Exercise,-0.1
1784894902047,Bat,Play,-0.2
1784894902048,brice,Sing,0.7999999999999999
1784894902048,brice,http://localhost:3251@Bat,0.8999999999999999
1784894902048,brice,Fight,0.5
1784894902048,brice,http://localhost:3251@bear,-0.1
1784894902048,brice,http://localhost:3251@Ant,0.7999999999999999
1784894902048,brice,Dance,-2.7755575615628914e-17
1784894902048,brice,Exercise,0.6
1784894902048,brice,http://localhost:3251@alice,0.5
1784894902048,brice,Explore,-0.1
1784894902048,brice,Talk,0.6
1784894902048,brice,http://localhost:3251@Bee,0.6
1784894902048,brice,Walk,0
1784894902048,brice,Play,0.2
1784894902937,Ant,Dance,0.30000000000000004
1784894902937,Ant,http://localhost:3251@Bee,0.2
1784894902937,Ant,Sing,-2.7755575615628914e-17
1784894902937,Ant,http://localhost:3251@alice,0.2
1784894902937,Ant,Explore,0.4
1784894902937,Ant,Fight,0.1
1784894902937,Ant,http://localhost:3251@Bat,0.30000000000000004
1784894902937,Ant,http://localhost:3251@brice,0.2
1784894902937,Ant,Talk,-0.1
1784894902937,Ant,Exercise,0.1
1784894902937,Ant,http://localhost:3251@bear,-0.5
1784894902937,Ant,Play,0.20000000000000004
1784894902937,Ant,Walk,-0.2
1784894902938,Bee,Dance,0.1
1784894902938,Bee,http://localhost:3251@Ant,-0.20000000000000004
1784894902938,Bee,Explore,0.5
1784894902938,Bee,Fight,-0.5
1784894902938,Bee,http://localhost:3251@bear,-0.30000000000000004
1784894902938,Bee,Sing,-0.7
1784894902938,Bee,http://localhost:3251@Bat,-0.2
1784894902938,Bee,http://localhost:3251@brice,0.30000000000000004
1784894902938,Bee,http://localhost:3251@alice,-0.8999999999999999
1784894902938,Bee,Talk,-0.1
1784894902938,Bee,Exercise,0.20000000000000004
1784894902938,Bee,Walk,-0.1
1784894902938,Bee,Play,-0.20000000000000004
1784894903603,Ant,Dance,0.30000000000000004
1784894903603,Ant,http://localhost:3251@Bee,0.2
1784894903603,Ant,Sing,-2.7755575615628914e-17
1784894903603,Ant,http://localhost:3251@alice,0.2
1784894903603,Ant,Explore,0.4
1784894903603,Ant,Fight,0.1
1784894903603,Ant,http://localhost:3251@Bat,0.30000000000000004
1784894903603,Ant,http://localhost:3251@brice,0.2
1784894903603,Ant,Talk,-0.1
1784894903603,Ant,Exercise,0.1
1784894903603,Ant,http://localhost:3251@bear,-0.6
1784894903603,Ant,Play,0.10000000000000003
1784894903603,Ant,Walk,-0.2
1784894903604,bear,Fight,0.10000000000000003
1784894903604,bear,http://localhost:3251@Bee,0.7
1784894903604,bear,http://localhost:3251@alice,-0.30000000000000004
1784894903604,bear,Explore,0.30000000000000004
1784894903604,bear,Walk,0
1784894903604,bear,Exercise,-0.1
1784894903604,bear,http://localhost:3251@Ant,0
1784894903604,bear,Sing,0.1
1784894903604,bear,Talk,-0.20000000000000004
1784894903604,bear,http://localhost:3251@brice,-0.30000000000000004
1784894903604,bear,http://localhost:3251@Bat,-0.30000000000000004
1784894903604,bear,Play,-2.7755575615628914e-17
1784894903604,bear,Dance,-0.1
1784894903604,brice,Sing,0.7999999999999999
1784894903604,brice,http://localhost:3251@Bat,0.8999999999999999
1784894903604,brice,Fight,0.5
1784894903604,brice,http://localhost:3251@bear,-0.1
1784894903604,brice,http://localhost:3251@Ant,0.7999999999999999
1784894903604,brice,Dance,-2.7755575615628914e-17
1784894903604,brice,Exercise,0.6
1784894903604,brice,http://localhost:3251@alice,0.5
1784894903604,brice,Explore,-0.2
1784894903604,brice,Talk,0.6
1784894903604,brice,http://localhost:3251@Bee,0.6
1784894903604,brice,Walk,0
1784894903604,brice,Play,0.2
1784894904516,alice,Explore,0.4
1784894904516,alice,Sing,-0.30000000000000004
1784894904516,alice,http://localhost:3251@Ant,0.4
1784894904516,alice,Walk,0
1784894904516,alice,http://localhost:3251@Bat,0.30000000000000004
1784894904516,alice,Fight,0.30000000000000004
1784894904516,alice,http://localhost:3251@bear,-0.20000000000000004
1784894904516,alice,Exercise,-0.1
1784894904516,alice,http://localhost:3251@brice,-0.20000000000000004
1784894904516,alice,Talk,-0.2
1784894904516,alice,http://localhost:3251@Bee,-0.1
1784894904516,alice,Play,0.30000000000000004
1784894904516,alice,Dance,0.2
1784894904517,Bee,Dance,0.1
1784894904517,Bee,http://localhost:3251@Ant,-0.20000000000000004
1784894904517,Bee,Explore,0.6
1784894904517,Bee,Fight,-0.5
1784894904517,Bee,http://localhost:3251@bear,-0.30000000000000004
1784894904517,Bee,Sing,-0.7
1784894904517,Bee,http://localhost:3251@Bat,-0.2
1784894904517,Bee,http://localhost:3251@brice,0.30000000000000004
1784894904517,Bee,http://localhost:3251@alice,-0.8999999999999999
1784894904517,Bee,Talk,-0.1
1784894904517,Bee,Exercise,0.20000000000000004
1784894904517,Bee,Walk,-0.1
1784894904517,Bee,Play,-0.20000000000000004
1784894904769,Ant,Dance,0.30000000000000004
1784894904769,Ant,http://localhost:3251@Bee,0.2
1784894904769,Ant,Sing,-2.7755575615628914e-17
1784894904769,Ant,http://localhost:3251@alice,0.2
1784894904769,Ant,Explore,0.4
1784894904769,Ant,Fight,0.1
1784894904769,Ant,http://localhost:3251@Bat,0.30000000000000004
1784894904769,Ant,http://localhost:3251@brice,0.1
1784894904769,Ant,Talk,-0.2
1784894904769,Ant,Exercise,0.1
1784894904769,Ant,http://localhost:3251@bear,-0.6
1784894904769,Ant,Play,0.10000000000000003
1784894904769,Ant,Walk,-0.2
1784894904769,brice,Sing,0.7999999999999999
1784894904769,brice,http://localhost:3251@Bat,0.9999999999999999
1784894904769,brice,Fight,0.5
1784894904769,brice,http://localhost:3251@bear,-0.1
1784894904769,brice,http://localhost:3251@Ant,0.7999999999999999
1784894904769,brice,Dance,-2.7755575615628914e-17
1784894904769,brice,Exercise,0.6
1784894904769,brice,http://localhost:3251@alice,0.5
1784894904769,brice,Explore,-0.2
1784894904769,brice,Talk,0.7
1784894904769,brice,http://localhost:3251@Bee,0.6
1784894904769,brice,Walk,0
1784894904769,brice,Play,0.2
1784894905692,alice,Explore,0.4
1784894905692,alice,Sing,-0.30000000000000004
1784894905692,alice,http://localhost:3251@Ant,0.4
1784894905692,alice,Walk,0
1784894905692,alice,http://localhost:3251@Bat,0.30000000000000004
1784894905692,alice,Fight,0.30000000000000004
1784894905692,alice,http://localhost:3251@bear,-0.10000000000000003
1784894905692,alice,Exercise,-0.1
1784894905692,alice,http://localhost:3251@brice,-0.20000000000000004
1784894905692,alice,Talk,-0.2
1784894905692,alice,http://localhost:3251@Bee,-0.1
1784894905692,alice,Play,0.30000000000000004
1784894905692,alice,Dance,0.30000000000000004
1784894905693,bear,Fight,0.10000000000000003
1784894905693,bear,http://localhost:3251@Bee,0.7
1784894905693,bear,http://localhost:3251@alice,-0.30000000000000004
1784894905693,bear,Explore,0.30000000000000004
1784894905693,bear,Walk,0
1784894905693,bear,Exercise,-0.1
1784894905693,bear,http://localhost:3251@Ant,0.1
1784894905693,bear,Sing,0.1
1784894905693,bear,Talk,-0.20000000000000004
1784894905693,bear,http://localhost:3251@brice,-0.30000000000000004
1784894905693,bear,http://localhost:3251@Bat,-0.30000000000000004
1784894905693,bear,Play,-2.7755575615628914e-17
1784894905693,bear,Dance,0
1784894906125,Bat,Explore,-0.5
1784894906125,Bat,Sing,-0.1
1784894906125,Bat,http://localhost:3251@brice,-0.6
1784894906125,Bat,Walk,0.1
1784894906125,Bat,http://localhost:3251@alice,0.20000000000000004
1784894906125,Bat,Fight,-0.1
1784894906125,Bat,http://localhost:3251@Ant,-0.1
1784894906125,Bat,Dance,0.2
1784894906125,Bat,Talk,-0.4
1784894906125,Bat,http://localhost:3251@bear,0.4
1784894906125,Bat,http://localhost:3251@Bee,-0.5
1784894906125,Bat,Exercise,-0.1
1784894906125,Bat,Play,-0.2
1784894906126,brice,Sing,0.7999999999999999
1784894906126,brice,http://localhost:3251@Bat,1.0999999999999999
1784894906126,brice,Fight,0.5
1784894906126,brice,http://localhost:3251@bear,-0.1
1784894906126,brice,http://localhost:3251@Ant,0.7999999999999999
1784894906126,brice,Dance,0.09999999999999998
1784894906126,brice,Exercise,0.6
1784894906126,brice,http://localhost:3251@alice,0.5
1784894906126,brice,Explore,-0.2
1784894906126,brice,Talk,0.7
1784894906126,brice,http://localhost:3251@Bee,0.6
1784894906126,brice,Walk,0
1784894906126,brice,Play,0.2
1784894906760,alice,Explore,0.4
1784894906760,alice,Sing,-0.30000000000000004
1784894906760,alice,http://localhost:3251@Ant,0.4
1784894906760,alice,Walk,0
1784894906760,alice,http://localhost:3251@Bat,0.30000000000000004
1784894906760,alice,Fight,0.20000000000000004
1784894906760,alice,http://localhost:3251@bear,-0.20000000000000004
1784894906760,alice,Exercise,-0.1
1784894906760,alice,http://localhost:3251@brice,-0.20000000000000004
1784894906760,alice,Talk,-0.2
1784894906760,alice,http://localhost:3251@Bee,-0.1
1784894906760,alice,Play,0.30000000000000004
1784894906760,alice,Dance,0.30000000000000004
1784894906762,Ant,Dance,0.30000000000000004
1784894906762,Ant,http://localhost:3251@Bee,0.2
1784894906762,Ant,Sing,-2.7755575615628914e-17
1784894906762,Ant,http://localhost:3251@alice,0.30000000000000004
1784894906762,Ant,Explore,0.4
1784894906762,Ant,Fight,0.2
1784894906762,Ant,http://localhost:3251@Bat,0.30000000000000004
1784894906762,Ant,http://localhost:3251@brice,0.1
1784894906762,Ant,Talk,-0.2
1784894906762,Ant,Exercise,0.1
1784894906762,Ant,http://localhost:3251@bear,-0.6
1784894906762,Ant,Play,0.10000000000000003
1784894906762,Ant,Walk,-0.2
1784894907076,Bat,Explore,-0.5
1784894907076,Bat,Sing,-0.1
1784894907076,Bat,http://localhost:3251@brice,-0.6
1784894907076,Bat,Walk,0.1
1784894907076,Bat,http://localhost:3251@alice,0.20000000000000004
1784894907076,Bat,Fight,-0.1
1784894907076,Bat,http://localhost:3251@Ant,-0.1
1784894907076,Bat,Dance,0.30000000000000004
1784894907076,Bat,Talk,-0.4
1784894907076,Bat,http://localhost:3251@bear,0.5
1784894907076,Bat,http://localhost:3251@Bee,-0.5
1784894907076,Bat,Exercise,-0.1
1784894907076,Bat,Play,-0.2
1784894907077,bear,Fight,0.10000000000000003
1784894907077,bear,http://localhost:3251@Bee,0.7
1784894907077,bear,http://localhost:3251@alice,-0.30000000000000004
1784894907077,bear,Explore,0.30000000000000004
1784894907077,bear,Walk,0
1784894907077,bear,Exercise,-0.1
1784894907077,bear,http://localhost:3251@Ant,0.2
1784894907077,bear,Sing,0.1
1784894907077,bear,Talk,-0.20000000000000004
1784894907077,bear,http://localhost:3251@brice,-0.30000000000000004
1784894907077,bear,http://localhost:3251@Bat,-0.30000000000000004
1784894907077,bear,Play,-2.7755575615628914e-17
1784894907077,bear,Dance,0.1
1784894907500,Ant,Dance,0.30000000000000004
1784894907500,Ant,http://localhost:3251@Bee,0.2
1784894907500,Ant,Sing,-2.7755575615628914e-17
1784894907500,Ant,http://localhost:3251@alice,0.30000000000000004
1784894907500,Ant,Explore,0.4
1784894907500,Ant,Fight,0.2
1784894907500,Ant,http://localhost:3251@Bat,0.30000000000000004
1784894907500,Ant,http://localhost:3251@brice,0.2
1784894907500,Ant,Talk,-0.2
1784894907500,Ant,Exercise,0.1
1784894907500,Ant,http://localhost:3251@bear,-0.6
1784894907500,Ant,Play,0.20000000000000004
1784894907500,Ant,Walk,-0.2
1784894907500,brice,Sing,0.7999999999999999
1784894907500,brice,http://localhost:3251@Bat,1.0999999999999999
1784894907500,brice,Fight,0.5
1784894907500,brice,http://localhost:3251@bear,-0.2
1784894907500,brice,http://localhost:3251@Ant,0.7999999999999999
1784894907500,brice,Dance,0.09999999999999998
1784894907500,brice,Exercise,0.6
1784894907500,brice,http://localhost:3251@alice,0.5
1784894907500,brice,Explore,-0.2
1784894907500,brice,Talk,0.7
1784894907500,brice,http://localhost:3251@Bee,0.6
1784894907500,brice,Walk,0
1784894907500,brice,Play,0.1
1784894908423,bear,Fight,0.10000000000000003
1784894908423,bear,http://localhost:3251@Bee,0.7
1784894908423,bear,http://localhost:3251@alice,-0.30000000000000004
1784894908423,bear,Explore,0.30000000000000004
1784894908423,bear,Walk,0
1784894908423,bear,Exercise,-0.1
1784894908423,bear,http://localhost:3251@Ant,0.30000000000000004
1784894908423,bear,Sing,0.1
1784894908423,bear,Talk,-0.20000000000000004
1784894908423,bear,http://localhost:3251@brice,-0.30000000000000004
1784894908423,bear,http://localhost:3251@Bat,-0.30000000000000004
1784894908423,bear,Play,-2.7755575615628914e-17
1784894908423,bear,Dance,0.2
1784894908426,Bee,Dance,0
1784894908426,Bee,http://localhost:3251@Ant,-0.20000000000000004
1784894908426,Bee,Explore,0.6
1784894908426,Bee,Fight,-0.5
1784894908426,Bee,http://localhost:3251@bear,-0.4
1784894908426,Bee,Sing,-0.7
1784894908426,Bee,http://localhost:3251@Bat,-0.2
1784894908426,Bee,http://localhost:3251@brice,0.30000000000000004
1784894908426,Bee,http://localhost:3251@alice,-0.8999999999999999
1784894908426,Bee,Talk,-0.1
1784894908426,Bee,Exercise,0.20000000000000004
1784894908426,Bee,Walk,-0.1
1784894908426,Bee,Play,-0.20000000000000004
1784894908548,Bat,Explore,-0.5
1784894908548,Bat,Sing,-0.1
1784894908548,Bat,http://localhost:3251@brice,-0.6
1784894908548,Bat,Walk,0.1
1784894908548,Bat,http://localhost:3251@alice,0.10000000000000003
1784894908548,Bat,Fight,-0.1
1784894908548,Bat,http://localhost:3251@Ant,-0.1
1784894908548,Bat,Dance,0.30000000000000004
1784894908548,Bat,Talk,-0.4
1784894908548,Bat,http://localhost:3251@bear,0.5
1784894908548,Bat,http://localhost:3251@Bee,-0.5
1784894908548,Bat,Exercise,-0.1
1784894908548,Bat,Play,-0.30000000000000004
1784894908548,brice,Sing,0.7999999999999999
1784894908548,brice,http://localhost:3251@Bat,0.9999999999999999
1784894908548,brice,Fight,0.5
1784894908548,brice,http://localhost:3251@bear,-0.2
1784894908548,brice,http://localhost:3251@Ant,0.7999999999999999
1784894908548,brice,Dance,0.09999999999999998
1784894908548,brice,Exercise,0.6
1784894908548,brice,http://localhost:3251@alice,0.5
1784894908548,brice,Explore,-0.2
1784894908548,brice,Talk,0.7
1784894908548,brice,http://localhost:3251@Bee,0.6
1784894908548,brice,Walk,0
1784894908548,brice,Play,0
1784894908842,alice,Explore,0.4
1784894908842,alice,Sing,-0.30000000000000004
1784894908842,alice,http://localhost:3251@Ant,0.5
1784894908842,alice,Walk,0.1
1784894908842,alice,http://localhost:3251@Bat,0.30000000000000004
1784894908842,alice,Fight,0.20000000000000004
1784894908842,alice,http://localhost:3251@bear,-0.20000000000000004
1784894908842,alice,Exercise,-0.1
1784894908842,alice,http://localhost:3251@brice,-0.20000000000000004
1784894908842,alice,Talk,-0.2
1784894908842,alice,http://localhost:3251@Bee,-0.1
1784894908842,alice,Play,0.30000000000000004
1784894908842,alice,Dance,0.30000000000000004
1784894908842,Ant,Dance,0.30000000000000004
1784894908842,Ant,http://localhost:3251@Bee,0.2
1784894908842,Ant,Sing,-2.7755575615628914e-17
1784894908842,Ant,http://localhost:3251@alice,0.30000000000000004
1784894908842,Ant,Explore,0.4
1784894908842,Ant,Fight,0.2
1784894908842,Ant,http://localhost:3251@Bat,0.30000000000000004
1784894908842,Ant,http://localhost:3251@brice,0.1
1784894908842,Ant,Talk,-0.2
1784894908842,Ant,Exercise,0.1
1784894908842,Ant,http://localhost:3251@bear,-0.6
1784894908842,Ant,Play,0.20000000000000004
1784894908842,Ant,Walk,-0.30000000000000004
1784894909540,alice,Explore,0.4
1784894909540,alice,Sing,-0.30000000000000004
1784894909540,alice,http://localhost:3251@Ant,0.5
1784894909540,alice,Walk,0.1
1784894909540,alice,http://localhost:3251@Bat,0.30000000000000004
1784894909540,alice,Fight,0.20000000000000004
1784894909540,alice,http://localhost:3251@bear,-0.20000000000000004
1784894909540,alice,Exercise,-0.1
1784894909540,alice,http://localhost:3251@brice,-0.30000000000000004
1784894909540,alice,Talk,-0.30000000000000004
1784894909540,alice,http://localhost:3251@Bee,-0.1
1784894909540,alice,Play,0.30000000000000004
1784894909540,alice,Dance,0.30000000000000004
1784894909541,brice,Sing,0.7999999999999999
1784894909541,brice,http://localhost:3251@Bat,1.0999999999999999
1784894909541,brice,Fight,0.5
1784894909541,brice,http://localhost:3251@bear,-0.2
1784894909541,brice,http://localhost:3251@Ant,0.7999999999999999
1784894909541,brice,Dance,0.09999999999999998
1784894909541,brice,Exercise,0.6
1784894909541,brice,http://localhost:3251@alice,0.5
1784894909541,brice,Explore,-0.2
1784894909541,brice,Talk,0.7999999999999999
1784894909541,brice,http://localhost:3251@Bee,0.6
1784894909541,brice,Walk,0
1784894909541,brice,Play,0
1784894910159,Bat,Explore,-0.4
1784894910159,Bat,Sing,-0.1
1784894910159,Bat,http://localhost:3251@brice,-0.6
1784894910159,Bat,Walk,0.1
1784894910159,Bat,http://localhost:3251@alice,0.10000000000000003
1784894910159,Bat,Fight,-0.1
1784894910159,Bat,http://localhost:3251@Ant,-0.1
1784894910159,Bat,Dance,0.30000000000000004
1784894910159,Bat,Talk,-0.4
1784894910159,Bat,http://localhost:3251@bear,0.5
1784894910159,Bat,http://localhost:3251@Bee,-0.5
1784894910159,Bat,Exercise,-0.1
1784894910159,Bat,Play,-0.30000000000000004
1784894910406,Ant,Dance,0.30000000000000004
1784894910406,Ant,http://localhost:3251@Bee,0.2
1784894910406,Ant,Sing,0.09999999999999998
1784894910406,Ant,http://localhost:3251@alice,0.30000000000000004
1784894910406,Ant,Explore,0.4
1784894910406,Ant,Fight,0.2
1784894910406,Ant,http://localhost:3251@Bat,0.30000000000000004
1784894910406,Ant,http://localhost:3251@brice,0.1
1784894910406,Ant,Talk,-0.2
1784894910406,Ant,Exercise,0.1
1784894910406,Ant,http://localhost:3251@bear,-0.5
1784894910406,Ant,Play,0.20000000000000004
1784894910406,Ant,Walk,-0.30000000000000004
1784894910408,bear,Fight,0.10000000000000003
1784894910408,bear,http://localhost:3251@Bee,0.7
1784894910408,bear,http://localhost:3251@alice,-0.30000000000000004
1784894910408,bear,Explore,0.30000000000000004
1784894910408,bear,Walk,0
1784894910408,bear,Exercise,-0.1
1784894910408,bear,http://localhost:3251@Ant,0.4
1784894910408,bear,Sing,0.2
1784894910408,bear,Talk,-0.20000000000000004
1784894910408,bear,http://localhost:3251@brice,-0.30000000000000004
1784894910408,bear,http://localhost:3251@Bat,-0.30000000000000004
1784894910408,bear,Play,-2.7755575615628914e-17
1784894910408,bear,Dance,0.2
1784894911338,alice,Explore,0.4
1784894911338,alice,Sing,-0.30000000000000004
1784894911338,alice,http://localhost:3251@Ant,0.5
1784894911338,alice,Walk,0.1
1784894911338,alice,http://localhost:3251@Bat,0.30000000000000004
1784894911338,alice,Fight,0.20000000000000004
1784894911338,alice,http://localhost:3251@bear,-0.30000000000000004
1784894911338,alice,Exercise,-0.1
1784894911338,alice,http://localhost:3251@brice,-0.30000000000000004
1784894911338,alice,Talk,-0.4
1784894911338,alice,http://localhost:3251@Bee,-0.1
1784894911338,alice,Play,0.30000000000000004
1784894911338,alice,Dance,0.30000000000000004
1784894911339,Ant,Dance,0.30000000000000004
1784894911339,Ant,http://localhost:3251@Bee,0.2
1784894911339,Ant,Sing,0.09999999999999998
1784894911339,Ant,http://localhost:3251@alice,0.20000000000000004
1784894911339,Ant,Explore,0.4
1784894911339,Ant,Fight,0.2
1784894911339,Ant,http://localhost:3251@Bat,0.30000000000000004
1784894911339,Ant,http://localhost:3251@brice,0.1
1784894911339,Ant,Talk,-0.30000000000000004
1784894911339,Ant,Exercise,0.1
1784894911339,Ant,http://localhost:3251@bear,-0.5
1784894911339,Ant,Play,0.20000000000000004
1784894911339,Ant,Walk,-0.30000000000000004
1784894912201,Bat,Explore,-0.4
1784894912201,Bat,Sing,-0.2
1784894912201,Bat,http://localhost:3251@brice,-0.7
1784894912201,Bat,Walk,0.1
1784894912201,Bat,http://localhost:3251@alice,0.10000000000000003
1784894912201,Bat,Fight,-0.1
1784894912201,Bat,http://localhost:3251@Ant,-0.1
1784894912201,Bat,Dance,0.30000000000000004
1784894912201,Bat,Talk,-0.4
1784894912201,Bat,http://localhost:3251@bear,0.5
1784894912201,Bat,http://localhost:3251@Bee,-0.5
1784894912201,Bat,Exercise,-0.1
1784894912201,Bat,Play,-0.30000000000000004
1784894912201,bear,Fight,0.10000000000000003
1784894912201,bear,http://localhost:3251@Bee,0.7
1784894912201,bear,http://localhost:3251@alice,-0.30000000000000004
1784894912201,bear,Explore,0.30000000000000004
1784894912201,bear,Walk,0
1784894912201,bear,Exercise,-0.1
1784894912201,bear,http://localhost:3251@Ant,0.4
1784894912201,bear,Sing,0.1
1784894912201,bear,Talk,-0.20000000000000004
1784894912201,bear,http://localhost:3251@brice,-0.30000000000000004
1784894912201,bear,http://localhost:3251@Bat,-0.4
1784894912201,bear,Play,-2.7755575615628914e-17
1784894912201,bear,Dance,0.2
1784894912579,brice,Sing,0.7999999999999999
1784894912579,brice,http://localhost:3251@Bat,1.0999999999999999
1784894912579,brice,Fight,0.5
1784894912579,brice,http://localhost:3251@bear,-0.2
1784894912579,brice,http://localhost:3251@Ant,0.7999999999999999
1784894912579,brice,Dance,0.09999999999999998
1784894912579,brice,Exercise,0.6
1784894912579,brice,http://localhost:3251@alice,0.5
1784894912579,brice,Explore,-0.30000000000000004
1784894912579,brice,Talk,0.7999999999999999
1784894912579,brice,http://localhost:3251@Bee,0.6
1784894912579,brice,Walk,0
1784894912579,brice,Play,0
1784894913684,alice,Explore,0.5
1784894913684,alice,Sing,-0.30000000000000004
1784894913684,alice,http://localhost:3251@Ant,0.5
1784894913684,alice,Walk,0.1
1784894913684,alice,http://localhost:3251@Bat,0.30000000000000004
1784894913684,alice,Fight,0.20000000000000004
1784894913684,alice,http://localhost:3251@bear,-0.30000000000000004
1784894913684,alice,Exercise,-0.1
1784894913684,alice,http://localhost:3251@brice,-0.30000000000000004
1784894913684,alice,Talk,-0.4
1784894913684,alice,http://localhost:3251@Bee,-0.1
1784894913684,alice,Play,0.30000000000000004
1784894913684,alice,Dance,0.30000000000000004
1784894913845,Bat,Explore,-0.4
1784894913845,Bat,Sing,-0.2
1784894913845,Bat,http://localhost:3251@brice,-0.7
1784894913845,Bat,Walk,0
1784894913845,Bat,http://localhost:3251@alice,0.10000000000000003
1784894913845,Bat,Fight,-0.1
1784894913845,Bat,http://localhost:3251@Ant,-0.1
1784894913845,Bat,Dance,0.30000000000000004
1784894913845,Bat,Talk,-0.4
1784894913845,Bat,http://localhost:3251@bear,0.5
1784894913845,Bat,http://localhost:3251@Bee,-0.6
1784894913845,Bat,Exercise,-0.1
1784894913845,Bat,Play,-0.30000000000000004
1784894913845,Bee,Dance,0
1784894913845,Bee,http://localhost:3251@Ant,-0.20000000000000004
1784894913845,Bee,Explore,0.6
1784894913845,Bee,Fight,-0.5
1784894913845,Bee,http://localhost:3251@bear,-0.4
1784894913845,Bee,Sing,-0.7
1784894913845,Bee,http://localhost:3251@Bat,-0.1
1784894913845,Bee,http://localhost:3251@brice,0.30000000000000004
1784894913845,Bee,http://localhost:3251@alice,-0.8999999999999999
1784894913845,Bee,Talk,-0.1
1784894913845,Bee,Exercise,0.20000000000000004
1784894913845,Bee,Walk,0
1784894913845,Bee,Play,-0.20000000000000004
1784894914501,alice,Explore,0.5
1784894914501,alice,Sing,-0.30000000000000004
1784894914501,alice,http://localhost:3251@Ant,0.6
1784894914501,alice,Walk,0.1
1784894914501,alice,http://localhost:3251@Bat,0.30000000000000004
1784894914501,alice,Fight,0.20000000000000004
1784894914501,alice,http://localhost:3251@bear,-0.30000000000000004
1784894914501,alice,Exercise,0
1784894914501,alice,http://localhost:3251@brice,-0.30000000000000004
1784894914501,alice,Talk,-0.4
1784894914501,alice,http://localhost:3251@Bee,-0.1
1784894914501,alice,Play,0.30000000000000004
1784894914501,alice,Dance,0.30000000000000004
1784894914502,Ant,Dance,0.30000000000000004
1784894914502,Ant,http://localhost:3251@Bee,0.2
1784894914502,Ant,Sing,0.09999999999999998
1784894914502,Ant,http://localhost:3251@alice,0.20000000000000004
1784894914502,Ant,Explore,0.4
1784894914502,Ant,Fight,0.2
1784894914502,Ant,http://localhost:3251@Bat,0.30000000000000004
1784894914502,Ant,http://localhost:3251@brice,0.1
1784894914502,Ant,Talk,-0.30000000000000004
1784894914502,Ant,Exercise,0
1784894914502,Ant,http://localhost:3251@bear,-0.6
1784894914502,Ant,Play,0.20000000000000004
1784894914502,Ant,Walk,-0.30000000000000004
1784894914503,bear,Fight,0.10000000000000003
1784894914503,bear,http://localhost:3251@Bee,0.7
1784894914503,bear,http://localhost:3251@alice,-0.30000000000000004
1784894914503,bear,Explore,0.4
1784894914503,bear,Walk,0
1784894914503,bear,Exercise,-0.1
1784894914503,bear,http://localhost:3251@Ant,0.4
1784894914503,bear,Sing,0.1
1784894914503,bear,Talk,-0.20000000000000004
1784894914503,bear,http://localhost:3251@brice,-0.30000000000000004
1784894914503,bear,http://localhost:3251@Bat,-0.4
1784894914503,bear,Play,-2.7755575615628914e-17
1784894914503,bear,Dance,0.2
1784894915340,Bee,Dance,0
1784894915340,Bee,http://localhost:3251@Ant,-0.20000000000000004
1784894915340,Bee,Explore,0.7
1784894915340,Bee,Fight,-0.5
1784894915340,Bee,http://localhost:3251@bear,-0.4
1784894915340,Bee,Sing,-0.7
1784894915340,Bee,http://localhost:3251@Bat,-0.1
1784894915340,Bee,http://localhost:3251@brice,0.30000000000000004
1784894915340,Bee,http://localhost:3251@alice,-0.8999999999999999
1784894915340,Bee,Talk,-0.1
1784894915340,Bee,Exercise,0.20000000000000004
1784894915340,Bee,Walk,0
1784894915340,Bee,Play,-0.20000000000000004
1784894916203,brice,Sing,0.7999999999999999
1784894916203,brice,http://localhost:3251@Bat,1.0999999999999999
1784894916203,brice,Fight,0.5
1784894916203,brice,http://localhost:3251@bear,-0.2
1784894916203,brice,http://localhost:3251@Ant,0.7999999999999999
1784894916203,brice,Dance,0.09999999999999998
1784894916203,brice,Exercise,0.6
1784894916203,brice,http://localhost:3251@alice,0.5
1784894916203,brice,Explore,-0.20000000000000004
1784894916203,brice,Talk,0.7999999999999999
1784894916203,brice,http://localhost:3251@Bee,0.6
1784894916203,brice,Walk,0
1784894916203,brice,Play,0
1784894916429,bear,Fight,0.10000000000000003
1784894916429,bear,http://localhost:3251@Bee,0.7
1784894916429,bear,http://localhost:3251@alice,-0.20000000000000004
1784894916429,bear,Explore,0.4
1784894916429,bear,Walk,0.1
1784894916429,bear,Exercise,-0.1
1784894916429,bear,http://localhost:3251@Ant,0.4
1784894916429,bear,Sing,0.1
1784894916429,bear,Talk,-0.20000000000000004
1784894916429,bear,http://localhost:3251@brice,-0.30000000000000004
1784894916429,bear,http://localhost:3251@Bat,-0.4
1784894916429,bear,Play,-2.7755575615628914e-17
1784894916429,bear,Dance,0.2
1784894916431,Bee,Dance,0
1784894916431,Bee,http://localhost:3251@Ant,-0.20000000000000004
1784894916431,Bee,Explore,0.7
1784894916431,Bee,Fight,-0.5
1784894916431,Bee,http://localhost:3251@bear,-0.5
1784894916431,Bee,Sing,-0.7
1784894916431,Bee,http://localhost:3251@Bat,-0.1
1784894916431,Bee,http://localhost:3251@brice,0.30000000000000004
1784894916431,Bee,http://localhost:3251@alice,-0.8999999999999999
1784894916431,Bee,Talk,-0.1
1784894916431,Bee,Exercise,0.20000000000000004
1784894916431,Bee,Walk,-0.1
1784894916431,Bee,Play,-0.20000000000000004
1784894916703,Bat,Explore,-0.30000000000000004
1784894916703,Bat,Sing,-0.2
1784894916703,Bat,http://localhost:3251@brice,-0.7
1784894916703,Bat,Walk,0
1784894916703,Bat,http://localhost:3251@alice,0.10000000000000003
1784894916703,Bat,Fight,-0.1
1784894916703,Bat,http://localhost:3251@Ant,-0.1
1784894916703,Bat,Dance,0.30000000000000004
1784894916703,Bat,Talk,-0.4
1784894916703,Bat,http://localhost:3251@bear,0.5
1784894916703,Bat,http://localhost:3251@Bee,-0.6
1784894916703,Bat,Exercise,-0.1
1784894916703,Bat,Play,-0.30000000000000004
1784894917443,bear,Fight,0.10000000000000003
1784894917443,bear,http://localhost:3251@Bee,0.7
1784894917443,bear,http://localhost:3251@alice,-0.20000000000000004
1784894917443,bear,Explore,0.4
1784894917443,bear,Walk,0.1
1784894917443,bear,Exercise,-0.1
1784894917443,bear,http://localhost:3251@Ant,0.4
1784894917443,bear,Sing,0.2
1784894917443,bear,Talk,-0.20000000000000004
1784894917443,bear,http://localhost:3251@brice,-0.20000000000000004
1784894917443,bear,http://localhost:3251@Bat,-0.4
1784894917443,bear,Play,-2.7755575615628914e-17
1784894917443,bear,Dance,0.2
1784894917443,brice,Sing,0.8999999999999999
1784894917443,brice,http://localhost:3251@Bat,1.0999999999999999
1784894917443,brice,Fight,0.5
1784894917443,brice,http://localhost:3251@bear,-0.2
1784894917443,brice,http://localhost:3251@Ant,0.8999999999999999
1784894917443,brice,Dance,0.09999999999999998
1784894917443,brice,Exercise,0.6
1784894917443,brice,http://localhost:3251@alice,0.5
1784894917443,brice,Explore,-0.20000000000000004
1784894917443,brice,Talk,0.7999999999999999
1784894917443,brice,http://localhost:3251@Bee,0.6
1784894917443,brice,Walk,0
1784894917443,brice,Play,0
1784894917681,Bat,Explore,-0.30000000000000004
1784894917681,Bat,Sing,-0.2
1784894917681,Bat,http://localhost:3251@brice,-0.7
1784894917681,Bat,Walk,0
1784894917681,Bat,http://localhost:3251@alice,0.10000000000000003
1784894917681,Bat,Fight,0
1784894917681,Bat,http://localhost:3251@Ant,-0.1
1784894917681,Bat,Dance,0.30000000000000004
1784894917681,Bat,Talk,-0.4
1784894917681,Bat,http://localhost:3251@bear,0.6
1784894917681,Bat,http://localhost:3251@Bee,-0.6
1784894917681,Bat,Exercise,-0.1
1784894917681,Bat,Play,-0.30000000000000004
1784894917682,Bee,Dance,0
1784894917682,Bee,http://localhost:3251@Ant,-0.20000000000000004
1784894917682,Bee,Explore,0.7
1784894917682,Bee,Fight,-0.4
1784894917682,Bee,http://localhost:3251@bear,-0.5
1784894917682,Bee,Sing,-0.7
1784894917682,Bee,http://localhost:3251@Bat,0
1784894917682,Bee,http://localhost:3251@brice,0.30000000000000004
1784894917682,Bee,http://localhost:3251@alice,-0.8999999999999999
1784894917682,Bee,Talk,-0.1
1784894917682,Bee,Exercise,0.20000000000000004
1784894917682,Bee,Walk,-0.1
1784894917682,Bee,Play,-0.20000000000000004
1784894917732,alice,Explore,0.5
1784894917732,alice,Sing,-0.4
1784894917732,alice,http://localhost:3251@Ant,0.6
1784894917732,alice,Walk,0.1
1784894917732,alice,http://localhost:3251@Bat,0.30000000000000004
1784894917732,alice,Fight,0.20000000000000004
1784894917732,alice,http://localhost:3251@bear,-0.4
1784894917732,alice,Exercise,0
1784894917732,alice,http://localhost:3251@brice,-0.30000000000000004
1784894917732,alice,Talk,-0.4
1784894917732,alice,http://localhost:3251@Bee,-0.1
1784894917732,alice,Play,0.30000000000000004
1784894917732,alice,Dance,0.30000000000000004
1784894917733,Ant,Dance,0.30000000000000004
1784894917733,Ant,http://localhost:3251@Bee,0.2
1784894917733,Ant,Sing,0.19999999999999998
1784894917733,Ant,http://localhost:3251@alice,0.30000000000000004
1784894917733,Ant,Explore,0.4
1784894917733,Ant,Fight,0.2
1784894917733,Ant,http://localhost:3251@Bat,0.30000000000000004
1784894917733,Ant,http://localhost:3251@brice,0.1
1784894917733,Ant,Talk,-0.30000000000000004
1784894917733,Ant,Exercise,0
1784894917733,Ant,http://localhost:3251@bear,-0.6
1784894917733,Ant,Play,0.20000000000000004
1784894917733,Ant,Walk,-0.30000000000000004
1784894918690,Bee,Dance,0
1784894918690,Bee,http://localhost:3251@Ant,-0.20000000000000004
1784894918690,Bee,Explore,0.7
1784894918690,Bee,Fight,-0.4
1784894918690,Bee,http://localhost:3251@bear,-0.5
1784894918690,Bee,Sing,-0.7999999999999999
1784894918690,Bee,http://localhost:3251@Bat,0
1784894918690,Bee,http://localhost:3251@brice,0.20000000000000004
1784894918690,Bee,http://localhost:3251@alice,-0.8999999999999999
1784894918690,Bee,Talk,-0.1
1784894918690,Bee,Exercise,0.20000000000000004
1784894918690,Bee,Walk,-0.1
1784894918690,Bee,Play,-0.20000000000000004
1784894918691,brice,Sing,0.9999999999999999
1784894918691,brice,http://localhost:3251@Bat,1.0999999999999999
1784894918691,brice,Fight,0.5
1784894918691,brice,http://localhost:3251@bear,-0.2
1784894918691,brice,http://localhost:3251@Ant,0.9999999999999999
1784894918691,brice,Dance,0.09999999999999998
1784894918691,brice,Exercise,0.6
1784894918691,brice,http://localhost:3251@alice,0.5
1784894918691,brice,Explore,-0.20000000000000004
1784894918691,brice,Talk,0.7999999999999999
1784894918691,brice,http://localhost:3251@Bee,0.6
1784894918691,brice,Walk,0
1784894918691,brice,Play,0
1784894918970,bear,Fight,0.10000000000000003
1784894918970,bear,http://localhost:3251@Bee,0.7
1784894918970,bear,http://localhost:3251@alice,-0.20000000000000004
1784894918970,bear,Explore,0.30000000000000004
1784894918970,bear,Walk,0.1
1784894918970,bear,Exercise,-0.1
1784894918970,bear,http://localhost:3251@Ant,0.4
1784894918970,bear,Sing,0.2
1784894918970,bear,Talk,-0.20000000000000004
1784894918970,bear,http://localhost:3251@brice,-0.20000000000000004
1784894918970,bear,http://localhost:3251@Bat,-0.4
1784894918970,bear,Play,-2.7755575615628914e-17
1784894918970,bear,Dance,0.2
1784894919239,alice,Explore,0.4
1784894919239,alice,Sing,-0.4
1784894919239,alice,http://localhost:3251@Ant,0.6
1784894919239,alice,Walk,0.1
1784894919239,alice,http://localhost:3251@Bat,0.30000000000000004
1784894919239,alice,Fight,0.20000000000000004
1784894919239,alice,http://localhost:3251@bear,-0.4
1784894919239,alice,Exercise,0
1784894919239,alice,http://localhost:3251@brice,-0.30000000000000004
1784894919239,alice,Talk,-0.4
1784894919239,alice,http://localhost:3251@Bee,-0.1
1784894919239,alice,Play,0.30000000000000004
1784894919239,alice,Dance,0.30000000000000004
1784894919867,Bat,Explore,-0.4
1784894919867,Bat,Sing,-0.2
1784894919867,Bat,http://localhost:3251@brice,-0.7
1784894919867,Bat,Walk,0
1784894919867,Bat,http://localhost:3251@alice,0.10000000000000003
1784894919867,Bat,Fight,0
1784894919867,Bat,http://localhost:3251@Ant,-0.1
1784894919867,Bat,Dance,0.30000000000000004
1784894919867,Bat,Talk,-0.4
1784894919867,Bat,http://localhost:3251@bear,0.6
1784894919867,Bat,http://localhost:3251@Bee,-0.6
1784894919867,Bat,Exercise,-0.1
1784894919867,Bat,Play,-0.30000000000000004
1784894919992,Ant,Dance,0.30000000000000004
1784894919992,Ant,http://localhost:3251@Bee,0.2
1784894919992,Ant,Sing,0.19999999999999998
1784894919992,Ant,http://localhost:3251@alice,0.30000000000000004
1784894919992,Ant,Explore,0.4
1784894919992,Ant,Fight,0.2
1784894919992,Ant,http://localhost:3251@Bat,0.30000000000000004
1784894919992,Ant,http://localhost:3251@brice,0
1784894919992,Ant,Talk,-0.30000000000000004
1784894919992,Ant,Exercise,0
1784894919992,Ant,http://localhost:3251@bear,-0.6
1784894919992,Ant,Play,0.20000000000000004
1784894919992,Ant,Walk,-0.4
1784894919992,brice,Sing,0.9999999999999999
1784894919992,brice,http://localhost:3251@Bat,0.9999999999999999
1784894919992,brice,Fight,0.5
1784894919992,brice,http://localhost:3251@bear,-0.2
1784894919992,brice,http://localhost:3251@Ant,0.9999999999999999
1784894919992,brice,Dance,0.09999999999999998
1784894919992,brice,Exercise,0.6
1784894919992,brice,http://localhost:3251@alice,0.5
1784894919992,brice,Explore,-0.20000000000000004
1784894919992,brice,Talk,0.7999999999999999
1784894919992,brice,http://localhost:3251@Bee,0.6
1784894919992,brice,Walk,-0.1
1784894919992,brice,Play,0
1784894920405,Bee,Dance,0
1784894920405,Bee,http://localhost:3251@Ant,-0.20000000000000004
1784894920405,Bee,Explore,0.6
1784894920405,Bee,Fight,-0.4
1784894920405,Bee,http://localhost:3251@bear,-0.5
1784894920405,Bee,Sing,-0.7999999999999999
1784894920405,Bee,http://localhost:3251@Bat,0
1784894920405,Bee,http://localhost:3251@brice,0.20000000000000004
1784894920405,Bee,http://localhost:3251@alice,-0.8999999999999999
1784894920405,Bee,Talk,-0.1
1784894920405,Bee,Exercise,0.20000000000000004
1784894920405,Bee,Walk,-0.1
1784894920405,Bee,Play,-0.20000000000000004
1784894921212,Bat,Explore,-0.4
1784894921212,Bat,Sing,-0.2
1784894921212,Bat,http://localhost:3251@brice,-0.7
1784894921212,Bat,Walk,0
1784894921212,Bat,http://localhost:3251@alice,0.10000000000000003
1784894921212,Bat,Fight,0
1784894921212,Bat,http://localhost:3251@Ant,-0.1
1784894921212,Bat,Dance,0.4
1784894921212,Bat,Talk,-0.4
1784894921212,Bat,http://localhost:3251@bear,0.7
1784894921212,Bat,http://localhost:3251@Bee,-0.6
1784894921212,Bat,Exercise,-0.1
1784894921212,Bat,Play,-0.30000000000000004
1784894921213,brice,Sing,0.9999999999999999
1784894921213,brice,http://localhost:3251@Bat,1.0999999999999999
1784894921213,brice,Fight,0.5
1784894921213,brice,http://localhost:3251@bear,-0.2
1784894921213,brice,http://localhost:3251@Ant,0.9999999999999999
1784894921213,brice,Dance,0.19999999999999998
1784894921213,brice,Exercise,0.6
1784894921213,brice,http://localhost:3251@alice,0.5
1784894921213,brice,Explore,-0.20000000000000004
1784894921213,brice,Talk,0.7999999999999999
1784894921213,brice,http://localhost:3251@Bee,0.6
1784894921213,brice,Walk,-0.1
1784894921213,brice,Play,0
1784894921401,Ant,Dance,0.30000000000000004
1784894921401,Ant,http://localhost:3251@Bee,0.2
1784894921401,Ant,Sing,0.19999999999999998
1784894921401,Ant,http://localhost:3251@alice,0.30000000000000004
1784894921401,Ant,Explore,0.4
1784894921401,Ant,Fight,0.2
1784894921401,Ant,http://localhost:3251@Bat,0.30000000000000004
1784894921401,Ant,http://localhost:3251@brice,0
1784894921401,Ant,Talk,-0.20000000000000004
1784894921401,Ant,Exercise,0
1784894921401,Ant,http://localhost:3251@bear,-0.5
1784894921401,Ant,Play,0.20000000000000004
1784894921401,Ant,Walk,-0.4
1784894921403,bear,Fight,0.10000000000000003
1784894921403,bear,http://localhost:3251@Bee,0.7
1784894921403,bear,http://localhost:3251@alice,-0.20000000000000004
1784894921403,bear,Explore,0.30000000000000004
1784894921403,bear,Walk,0.1
1784894921403,bear,Exercise,-0.1
1784894921403,bear,http://localhost:3251@Ant,0.4
1784894921403,bear,Sing,0.2
1784894921403,bear,Talk,-0.30000000000000004
1784894921403,bear,http://localhost:3251@brice,-0.20000000000000004
1784894921403,bear,http://localhost:3251@Bat,-0.5
1784894921403,bear,Play,-2.7755575615628914e-17
1784894921403,bear,Dance,0.2
1784894921967,alice,Explore,0.4
1784894921967,alice,Sing,-0.4
1784894921967,alice,http://localhost:3251@Ant,0.6
1784894921967,alice,Walk,0.2
1784894921967,alice,http://localhost:3251@Bat,0.4
1784894921967,alice,Fight,0.20000000000000004
1784894921967,alice,http://localhost:3251@bear,-0.4
1784894921967,alice,Exercise,0
1784894921967,alice,http://localhost:3251@brice,-0.30000000000000004
1784894921967,alice,Talk,-0.4
1784894921967,alice,http://localhost:3251@Bee,-0.1
1784894921967,alice,Play,0.30000000000000004
1784894921967,alice,Dance,0.30000000000000004
1784894921968,brice,Sing,0.9999999999999999
1784894921968,brice,http://localhost:3251@Bat,1.0999999999999999
1784894921968,brice,Fight,0.5
1784894921968,brice,http://localhost:3251@bear,-0.2
1784894921968,brice,http://localhost:3251@Ant,0.9999999999999999
1784894921968,brice,Dance,0.19999999999999998
1784894921968,brice,Exercise,0.6
1784894921968,brice,http://localhost:3251@alice,0.6
1784894921968,brice,Explore,-0.20000000000000004
1784894921968,brice,Talk,0.7999999999999999
1784894921968,brice,http://localhost:3251@Bee,0.6
1784894921968,brice,Walk,0
1784894921968,brice,Play,0
1784894922641,alice,Explore,0.4
1784894922641,alice,Sing,-0.4
1784894922641,alice,http://localhost:3251@Ant,0.5
1784894922641,alice,Walk,0.2
1784894922641,alice,http://localhost:3251@Bat,0.4
1784894922641,alice,Fight,0.20000000000000004
1784894922641,alice,http://localhost:3251@bear,-0.4
1784894922641,alice,Exercise,-0.1
1784894922641,alice,http://localhost:3251@brice,-0.30000000000000004
1784894922641,alice,Talk,-0.4
1784894922641,alice,http://localhost:3251@Bee,-0.1
1784894922641,alice,Play,0.30000000000000004
1784894922641,alice,Dance,0.30000000000000004
1784894922641,Ant,Dance,0.30000000000000004
1784894922641,Ant,http://localhost:3251@Bee,0.2
1784894922641,Ant,Sing,0.19999999999999998
1784894922641,Ant,http://localhost:3251@alice,0.30000000000000004
1784894922641,Ant,Explore,0.4
1784894922641,Ant,Fight,0.2
1784894922641,Ant,http://localhost:3251@Bat,0.30000000000000004
1784894922641,Ant,http://localhost:3251@brice,0
1784894922641,Ant,Talk,-0.20000000000000004
1784894922641,Ant,Exercise,-0.1
1784894922641,Ant,http://localhost:3251@bear,-0.6
1784894922641,Ant,Play,0.20000000000000004
1784894922641,Ant,Walk,-0.4
1784894922767,Bee,Dance,0
1784894922767,Bee,http://localhost:3251@Ant,-0.20000000000000004
1784894922767,Bee,Explore,0.7
1784894922767,Bee,Fight,-0.4
1784894922767,Bee,http://localhost:3251@bear,-0.5
1784894922767,Bee,Sing,-0.7999999999999999
1784894922767,Bee,http://localhost:3251@Bat,0
1784894922767,Bee,http://localhost:3251@brice,0.20000000000000004
1784894922767,Bee,http://localhost:3251@alice,-0.8999999999999999
1784894922767,Bee,Talk,-0.1
1784894922767,Bee,Exercise,0.20000000000000004
1784894922767,Bee,Walk,-0.1
1784894922767,Bee,Play,-0.20000000000000004
1784894923187,bear,Fight,2.7755575615628914e-17
1784894923187,bear,http://localhost:3251@Bee,0.6
1784894923187,bear,http://localhost:3251@alice,-0.20000000000000004
1784894923187,bear,Explore,0.30000000000000004
1784894923187,bear,Walk,0.1
1784894923187,bear,Exercise,-0.1
1784894923187,bear,http://localhost:3251@Ant,0.4
1784894923187,bear,Sing,0.2
1784894923187,bear,Talk,-0.30000000000000004
1784894923187,bear,http://localhost:3251@brice,-0.20000000000000004
1784894923187,bear,http://localhost:3251@Bat,-0.5
1784894923187,bear,Play,-2.7755575615628914e-17
1784894923187,bear,Dance,0.2
1784894923187,Bee,Dance,0
1784894923187,Bee,http://localhost:3251@Ant,-0.20000000000000004
1784894923187,Bee,Explore,0.7
1784894923187,Bee,Fight,-0.5
1784894923187,Bee,http://localhost:3251@bear,-0.6
1784894923187,Bee,Sing,-0.7999999999999999
1784894923187,Bee,http://localhost:3251@Bat,0
1784894923187,Bee,http://localhost:3251@brice,0.20000000000000004
1784894923187,Bee,http://localhost:3251@alice,-0.8999999999999999
1784894923187,Bee,Talk,-0.1
1784894923187,Bee,Exercise,0.20000000000000004
1784894923187,Bee,Walk,-0.1
1784894923187,Bee,Play,-0.20000000000000004
1784894924203,Ant,Dance,0.30000000000000004
1784894924203,Ant,http://localhost:3251@Bee,0.2
1784894924203,Ant,Sing,0.19999999999999998
1784894924203,Ant,http://localhost:3251@alice,0.30000000000000004
1784894924203,Ant,Explore,0.5
1784894924203,Ant,Fight,0.2
1784894924203,Ant,http://localhost:3251@Bat,0.30000000000000004
1784894924203,Ant,http://localhost:3251@brice,0
1784894924203,Ant,Talk,-0.20000000000000004
1784894924203,Ant,Exercise,-0.1
1784894924203,Ant,http://localhost:3251@bear,-0.6
1784894924203,Ant,Play,0.20000000000000004
1784894924203,Ant,Walk,-0.4
1784894924203,brice,Sing,0.9999999999999999
1784894924203,brice,http://localhost:3251@Bat,1.0999999999999999
1784894924203,brice,Fight,0.5
1784894924203,brice,http://localhost:3251@bear,-0.2
1784894924203,brice,http://localhost:3251@Ant,0.9999999999999999
1784894924203,brice,Dance,0.19999999999999998
1784894924203,brice,Exercise,0.6
1784894924203,brice,http://localhost:3251@alice,0.6
1784894924203,brice,Explore,-0.30000000000000004
1784894924203,brice,Talk,0.7999999999999999
1784894924203,brice,http://localhost:3251@Bee,0.6
1784894924203,brice,Walk,0
1784894924203,brice,Play,0
1784894925102,alice,Explore,0.4
1784894925102,alice,Sing,-0.4
1784894925102,alice,http://localhost:3251@Ant,0.5
1784894925102,alice,Walk,0.2
1784894925102,alice,http://localhost:3251@Bat,0.4
1784894925102,alice,Fight,0.20000000000000004
1784894925102,alice,http://localhost:3251@bear,-0.4
1784894925102,alice,Exercise,-0.2
1784894925102,alice,http://localhost:3251@brice,-0.4
1784894925102,alice,Talk,-0.4
1784894925102,alice,http://localhost:3251@Bee,-0.1
1784894925102,alice,Play,0.30000000000000004
1784894925102,alice,Dance,0.30000000000000004
1784894925103,brice,Sing,0.9999999999999999
1784894925103,brice,http://localhost:3251@Bat,1.0999999999999999
1784894925103,brice,Fight,0.5
1784894925103,brice,http://localhost:3251@bear,-0.2
1784894925103,brice,http://localhost:3251@Ant,0.9999999999999999
1784894925103,brice,Dance,0.19999999999999998
1784894925103,brice,Exercise,0.5
1784894925103,brice,http://localhost:3251@alice,0.5
1784894925103,brice,Explore,-0.30000000000000004
1784894925103,brice,Talk,0.7999999999999999
1784894925103,brice,http://localhost:3251@Bee,0.6
1784894925103,brice,Walk,0
1784894925103,brice,Play,0
1784894925774,Bee,Dance,-0.1
1784894925774,Bee,http://localhost:3251@Ant,-0.20000000000000004
1784894925774,Bee,Explore,0.7
1784894925774,Bee,Fight,-0.5
1784894925774,Bee,http://localhost:3251@bear,-0.6
1784894925774,Bee,Sing,-0.7999999999999999
1784894925774,Bee,http://localhost:3251@Bat,0
1784894925774,Bee,http://localhost:3251@brice,0.10000000000000003
1784894925774,Bee,http://localhost:3251@alice,-0.8999999999999999
1784894925774,Bee,Talk,-0.1
1784894925774,Bee,Exercise,0.20000000000000004
1784894925774,Bee,Walk,-0.1
1784894925774,Bee,Play,-0.20000000000000004
1784894925774,brice,Sing,0.9999999999999999
1784894925774,brice,http://localhost:3251@Bat,1.0999999999999999
1784894925774,brice,Fight,0.5
1784894925774,brice,http://localhost:3251@bear,-0.2
1784894925774,brice,http://localhost:3251@Ant,0.9999999999999999
1784894925774,brice,Dance,0.09999999999999998
1784894925774,brice,Exercise,0.5
1784894925774,brice,http://localhost:3251@alice,0.5
1784894925774,brice,Explore,-0.30000000000000004
1784894925774,brice,Talk,0.7999999999999999
1784894925774,brice,http://localhost:3251@Bee,0.5
1784894925774,brice,Walk,0
1784894925774,brice,Play,0
1784894925836,Bat,Explore,-0.4
1784894925836,Bat,Sing,-0.2
1784894925836,Bat,http://localhost:3251@brice,-0.7
1784894925836,Bat,Walk,0
1784894925836,Bat,http://localhost:3251@alice,0.10000000000000003
1784894925836,Bat,Fight,0
1784894925836,Bat,http://localhost:3251@Ant,-0.1
1784894925836,Bat,Dance,0.30000000000000004
1784894925836,Bat,Talk,-0.4
1784894925836,Bat,http://localhost:3251@bear,0.6
1784894925836,Bat,http://localhost:3251@Bee,-0.6
1784894925836,Bat,Exercise,-0.1
1784894925836,Bat,Play,-0.30000000000000004
1784894925837,bear,Fight,2.7755575615628914e-17
1784894925837,bear,http://localhost:3251@Bee,0.6
1784894925837,bear,http://localhost:3251@alice,-0.20000000000000004
1784894925837,bear,Explore,0.30000000000000004
1784894925837,bear,Walk,0.1
1784894925837,bear,Exercise,-0.1
1784894925837,bear,http://localhost:3251@Ant,0.30000000000000004
1784894925837,bear,Sing,0.2
1784894925837,bear,Talk,-0.30000000000000004
1784894925837,bear,http://localhost:3251@brice,-0.20000000000000004
1784894925837,bear,http://localhost:3251@Bat,-0.5
1784894925837,bear,Play,-2.7755575615628914e-17
1784894925837,bear,Dance,0.1
1784894926158,alice,Explore,0.4
1784894926158,alice,Sing,-0.4
1784894926158,alice,http://localhost:3251@Ant,0.4
1784894926158,alice,Walk,0.2
1784894926158,alice,http://localhost:3251@Bat,0.4
1784894926158,alice,Fight,0.20000000000000004
1784894926158,alice,http://localhost:3251@bear,-0.4
1784894926158,alice,Exercise,-0.2
1784894926158,alice,http://localhost:3251@brice,-0.4
1784894926158,alice,Talk,-0.4
1784894926158,alice,http://localhost:3251@Bee,-0.1
1784894926158,alice,Play,0.30000000000000004
1784894926158,alice,Dance,0.20000000000000004
1784894926159,Ant,Dance,0.4
1784894926159,Ant,http://localhost:3251@Bee,0.30000000000000004
1784894926159,Ant,Sing,0.19999999999999998
1784894926159,Ant,http://localhost:3251@alice,0.30000000000000004
1784894926159,Ant,Explore,0.5
1784894926159,Ant,Fight,0.2
1784894926159,Ant,http://localhost:3251@Bat,0.30000000000000004
1784894926159,Ant,http://localhost:3251@brice,0
1784894926159,Ant,Talk,-0.20000000000000004
1784894926159,Ant,Exercise,-0.1
1784894926159,Ant,http://localhost:3251@bear,-0.6
1784894926159,Ant,Play,0.20000000000000004
1784894926159,Ant,Walk,-0.4
1784894927280,Bee,Dance,-0.1
1784894927280,Bee,http://localhost:3251@Ant,-0.20000000000000004
1784894927280,Bee,Explore,0.7999999999999999
1784894927280,Bee,Fight,-0.5
1784894927280,Bee,http://localhost:3251@bear,-0.6
1784894927280,Bee,Sing,-0.7999999999999999
1784894927280,Bee,http://localhost:3251@Bat,0
1784894927280,Bee,http://localhost:3251@brice,0.10000000000000003
1784894927280,Bee,http://localhost:3251@alice,-0.8999999999999999
1784894927280,Bee,Talk,-0.1
1784894927280,Bee,Exercise,0.20000000000000004
1784894927280,Bee,Walk,-0.1
1784894927280,Bee,Play,-0.20000000000000004
1784894927335,Bat,Explore,-0.5
1784894927335,Bat,Sing,-0.2
1784894927335,Bat,http://localhost:3251@brice,-0.7
1784894927335,Bat,Walk,0
1784894927335,Bat,http://localhost:3251@alice,0.10000000000000003
1784894927335,Bat,Fight,0
1784894927335,Bat,http://localhost:3251@Ant,-0.1
1784894927335,Bat,Dance,0.30000000000000004
1784894927335,Bat,Talk,-0.4
1784894927335,Bat,http://localhost:3251@bear,0.6
1784894927335,Bat,http://localhost:3251@Bee,-0.6
1784894927335,Bat,Exercise,-0.1
1784894927335,Bat,Play,-0.30000000000000004
1784894927392,alice,Explore,0.4
1784894927392,alice,Sing,-0.4
1784894927392,alice,http://localhost:3251@Ant,0.4
1784894927392,alice,Walk,0.2
1784894927392,alice,http://localhost:3251@Bat,0.4
1784894927392,alice,Fight,0.20000000000000004
1784894927392,alice,http://localhost:3251@bear,-0.4
1784894927392,alice,Exercise,-0.2
1784894927392,alice,http://localhost:3251@brice,-0.30000000000000004
1784894927392,alice,Talk,-0.30000000000000004
1784894927392,alice,http://localhost:3251@Bee,-0.1
1784894927392,alice,Play,0.30000000000000004
1784894927392,alice,Dance,0.20000000000000004
1784894927392,brice,Sing,0.9999999999999999
1784894927392,brice,http://localhost:3251@Bat,0.9999999999999999
1784894927392,brice,Fight,0.5
1784894927392,brice,http://localhost:3251@bear,-0.2
1784894927392,brice,http://localhost:3251@Ant,0.9999999999999999
1784894927392,brice,Dance,0.09999999999999998
1784894927392,brice,Exercise,0.5
1784894927392,brice,http://localhost:3251@alice,0.5
1784894927392,brice,Explore,-0.30000000000000004
1784894927392,brice,Talk,0.7
1784894927392,brice,http://localhost:3251@Bee,0.5
1784894927392,brice,Walk,0
1784894927392,brice,Play,0
1784894928026,Ant,Dance,0.4
1784894928026,Ant,http://localhost:3251@Bee,0.30000000000000004
1784894928026,Ant,Sing,0.3
1784894928026,Ant,http://localhost:3251@alice,0.4
1784894928026,Ant,Explore,0.5
1784894928026,Ant,Fight,0.2
1784894928026,Ant,http://localhost:3251@Bat,0.30000000000000004
1784894928026,Ant,http://localhost:3251@brice,0
1784894928026,Ant,Talk,-0.20000000000000004
1784894928026,Ant,Exercise,-0.1
1784894928026,Ant,http://localhost:3251@bear,-0.6
1784894928026,Ant,Play,0.20000000000000004
1784894928026,Ant,Walk,-0.4
1784894928029,bear,Fight,2.7755575615628914e-17
1784894928029,bear,http://localhost:3251@Bee,0.6
1784894928029,bear,http://localhost:3251@alice,-0.20000000000000004
1784894928029,bear,Explore,0.30000000000000004
1784894928029,bear,Walk,0.1
1784894928029,bear,Exercise,-0.1
1784894928029,bear,http://localhost:3251@Ant,0.4
1784894928029,bear,Sing,0.30000000000000004
1784894928029,bear,Talk,-0.30000000000000004
1784894928029,bear,http://localhost:3251@brice,-0.20000000000000004
1784894928029,bear,http://localhost:3251@Bat,-0.5
1784894928029,bear,Play,-2.7755575615628914e-17
1784894928029,bear,Dance,0.1
1784894928920,Bee,Dance,-0.1
1784894928920,Bee,http://localhost:3251@Ant,-0.20000000000000004
1784894928920,Bee,Explore,0.7999999999999999
1784894928920,Bee,Fight,-0.6
1784894928920,Bee,http://localhost:3251@bear,-0.6
1784894928920,Bee,Sing,-0.7999999999999999
1784894928920,Bee,http://localhost:3251@Bat,0
1784894928920,Bee,http://localhost:3251@brice,0.10000000000000003
1784894928920,Bee,http://localhost:3251@alice,-0.9999999999999999
1784894928920,Bee,Talk,-0.1
1784894928920,Bee,Exercise,0.20000000000000004
1784894928920,Bee,Walk,-0.1
1784894928920,Bee,Play,-0.20000000000000004
1784894928921,brice,Sing,0.9999999999999999
1784894928921,brice,http://localhost:3251@Bat,0.9999999999999999
1784894928921,brice,Fight,0.6
1784894928921,brice,http://localhost:3251@bear,-0.2
1784894928921,brice,http://localhost:3251@Ant,0.9999999999999999
1784894928921,brice,Dance,0.09999999999999998
1784894928921,brice,Exercise,0.5
1784894928921,brice,http://localhost:3251@alice,0.5
1784894928921,brice,Explore,-0.30000000000000004
1784894928921,brice,Talk,0.7
1784894928921,brice,http://localhost:3251@Bee,0.6
1784894928921,brice,Walk,0
1784894928921,brice,Play,0
1784894929648,Ant,Dance,0.4
1784894929648,Ant,http://localhost:3251@Bee,0.30000000000000004
1784894929648,Ant,Sing,0.3
1784894929648,Ant,http://localhost:3251@alice,0.30000000000000004
1784894929648,Ant,Explore,0.5
1784894929648,Ant,Fight,0.2
1784894929648,Ant,http://localhost:3251@Bat,0.30000000000000004
1784894929648,Ant,http://localhost:3251@brice,0
1784894929648,Ant,Talk,-0.30000000000000004
1784894929648,Ant,Exercise,-0.1
1784894929648,Ant,http://localhost:3251@bear,-0.6
1784894929648,Ant,Play,0.20000000000000004
1784894929648,Ant,Walk,-0.4
1784894929649,brice,Sing,0.9999999999999999
1784894929649,brice,http://localhost:3251@Bat,0.9999999999999999
1784894929649,brice,Fight,0.6
1784894929649,brice,http://localhost:3251@bear,-0.2
1784894929649,brice,http://localhost:3251@Ant,1.0999999999999999
1784894929649,brice,Dance,0.09999999999999998
1784894929649,brice,Exercise,0.5
1784894929649,brice,http://localhost:3251@alice,0.5
1784894929649,brice,Explore,-0.30000000000000004
1784894929649,brice,Talk,0.7999999999999999
1784894929649,brice,http://localhost:3251@Bee,0.6
1784894929649,brice,Walk,0
1784894929649,brice,Play,0
1784894929882,alice,Explore,0.4
1784894929882,alice,Sing,-0.4
1784894929882,alice,http://localhost:3251@Ant,0.4
1784894929882,alice,Walk,0.2
1784894929882,alice,http://localhost:3251@Bat,0.30000000000000004
1784894929882,alice,Fight,0.20000000000000004
1784894929882,alice,http://localhost:3251@bear,-0.4
1784894929882,alice,Exercise,-0.2
1784894929882,alice,http://localhost:3251@brice,-0.30000000000000004
1784894929882,alice,Talk,-0.30000000000000004
1784894929882,alice,http://localhost:3251@Bee,-0.1
1784894929882,alice,Play,0.30000000000000004
1784894929882,alice,Dance,0.10000000000000003
1784894929884,Bat,Explore,-0.5
1784894929884,Bat,Sing,-0.2
1784894929884,Bat,http://localhost:3251@brice,-0.7
1784894929884,Bat,Walk,0
1784894929884,Bat,http://localhost:3251@alice,0.10000000000000003
1784894929884,Bat,Fight,0
1784894929884,Bat,http://localhost:3251@Ant,-0.1
1784894929884,Bat,Dance,0.20000000000000004
1784894929884,Bat,Talk,-0.4
1784894929884,Bat,http://localhost:3251@bear,0.5
1784894929884,Bat,http://localhost:3251@Bee,-0.6
1784894929884,Bat,Exercise,-0.1
1784894929884,Bat,Play,-0.30000000000000004
1784894930296,bear,Fight,2.7755575615628914e-17
1784894930296,bear,http://localhost:3251@Bee,0.6
1784894930296,bear,http://localhost:3251@alice,-0.20000000000000004
1784894930296,bear,Explore,0.20000000000000004
1784894930296,bear,Walk,0.1
1784894930296,bear,Exercise,-0.1
1784894930296,bear,http://localhost:3251@Ant,0.4
1784894930296,bear,Sing,0.30000000000000004
1784894930296,bear,Talk,-0.30000000000000004
1784894930296,bear,http://localhost:3251@brice,-0.20000000000000004
1784894930296,bear,http://localhost:3251@Bat,-0.5
1784894930296,bear,Play,-2.7755575615628914e-17
1784894930296,bear,Dance,0.1
1784894930871,Ant,Dance,0.4
1784894930871,Ant,http://localhost:3251@Bee,0.20000000000000004
1784894930871,Ant,Sing,0.19999999999999998
1784894930871,Ant,http://localhost:3251@alice,0.30000000000000004
1784894930871,Ant,Explore,0.5
1784894930871,Ant,Fight,0.2
1784894930871,Ant,http://localhost:3251@Bat,0.30000000000000004
1784894930871,Ant,http://localhost:3251@brice,0
1784894930871,Ant,Talk,-0.30000000000000004
1784894930871,Ant,Exercise,-0.1
1784894930871,Ant,http://localhost:3251@bear,-0.6
1784894930871,Ant,Play,0.20000000000000004
1784894930871,Ant,Walk,-0.4
1784894930871,Bee,Dance,-0.1
1784894930871,Bee,http://localhost:3251@Ant,-0.20000000000000004
1784894930871,Bee,Explore,0.7999999999999999
1784894930871,Bee,Fight,-0.6
1784894930871,Bee,http://localhost:3251@bear,-0.6
1784894930871,Bee,Sing,-0.8999999999999999
1784894930871,Bee,http://localhost:3251@Bat,0
1784894930871,Bee,http://localhost:3251@brice,0.10000000000000003
1784894930871,Bee,http://localhost:3251@alice,-1.0999999999999999
1784894930871,Bee,Talk,-0.1
1784894930871,Bee,Exercise,0.20000000000000004
1784894930871,Bee,Walk,-0.1
1784894930871,Bee,Play,-0.20000000000000004
1784894930933,bear,Fight,2.7755575615628914e-17
1784894930933,bear,http://localhost:3251@Bee,0.6
1784894930933,bear,http://localhost:3251@alice,-0.20000000000000004
1784894930933,bear,Explore,0.20000000000000004
1784894930933,bear,Walk,0.1
1784894930933,bear,Exercise,-0.1
1784894930933,bear,http://localhost:3251@Ant,0.4
1784894930933,bear,Sing,0.30000000000000004
1784894930933,bear,Talk,-0.30000000000000004
1784894930933,bear,http://localhost:3251@brice,-0.30000000000000004
1784894930933,bear,http://localhost:3251@Bat,-0.5
1784894930933,bear,Play,-0.10000000000000003
1784894930933,bear,Dance,0.1
1784894930933,brice,Sing,0.9999999999999999
1784894930933,brice,http://localhost:3251@Bat,0.9999999999999999
1784894930933,brice,Fight,0.6
1784894930933,brice,http://localhost:3251@bear,-0.30000000000000004
1784894930933,brice,http://localhost:3251@Ant,1.0999999999999999
1784894930933,brice,Dance,0.09999999999999998
1784894930933,brice,Exercise,0.5
1784894930933,brice,http://localhost:3251@alice,0.5
1784894930933,brice,Explore,-0.30000000000000004
1784894930933,brice,Talk,0.7999999999999999
1784894930933,brice,http://localhost:3251@Bee,0.6
1784894930933,brice,Walk,0
1784894930933,brice,Play,-0.1
1784894932127,Ant,Dance,0.4
1784894932127,Ant,http://localhost:3251@Bee,0.20000000000000004
1784894932127,Ant,Sing,0.19999999999999998
1784894932127,Ant,http://localhost:3251@alice,0.30000000000000004
1784894932127,Ant,Explore,0.5
1784894932127,Ant,Fight,0.2
1784894932127,Ant,http://localhost:3251@Bat,0.30000000000000004
1784894932127,Ant,http://localhost:3251@brice,0
1784894932127,Ant,Talk,-0.30000000000000004
1784894932127,Ant,Exercise,-0.2
1784894932127,Ant,http://localhost:3251@bear,-0.7
1784894932127,Ant,Play,0.20000000000000004
1784894932127,Ant,Walk,-0.4
1784894932128,bear,Fight,2.7755575615628914e-17
1784894932128,bear,http://localhost:3251@Bee,0.6
1784894932128,bear,http://localhost:3251@alice,-0.20000000000000004
1784894932128,bear,Explore,0.20000000000000004
1784894932128,bear,Walk,0.1
1784894932128,bear,Exercise,-0.2
1784894932128,bear,http://localhost:3251@Ant,0.30000000000000004
1784894932128,bear,Sing,0.30000000000000004
1784894932128,bear,Talk,-0.30000000000000004
1784894932128,bear,http://localhost:3251@brice,-0.30000000000000004
1784894932128,bear,http://localhost:3251@Bat,-0.5
1784894932128,bear,Play,-0.10000000000000003
1784894932128,bear,Dance,0.1
1784894932181,Bat,Explore,-0.4
1784894932181,Bat,Sing,-0.2
1784894932181,Bat,http://localhost:3251@brice,-0.7
1784894932181,Bat,Walk,0
1784894932181,Bat,http://localhost:3251@alice,0.10000000000000003
1784894932181,Bat,Fight,0
1784894932181,Bat,http://localhost:3251@Ant,-0.1
1784894932181,Bat,Dance,0.20000000000000004
1784894932181,Bat,Talk,-0.4
1784894932181,Bat,http://localhost:3251@bear,0.5
1784894932181,Bat,http://localhost:3251@Bee,-0.6
1784894932181,Bat,Exercise,-0.1
1784894932181,Bat,Play,-0.30000000000000004
1784894932244,alice,Explore,0.4
1784894932244,alice,Sing,-0.4
1784894932244,alice,http://localhost:3251@Ant,0.4
1784894932244,alice,Walk,0.30000000000000004
1784894932244,alice,http://localhost:3251@Bat,0.30000000000000004
1784894932244,alice,Fight,0.20000000000000004
1784894932244,alice,http://localhost:3251@bear,-0.4
1784894932244,alice,Exercise,-0.2
1784894932244,alice,http://localhost:3251@brice,-0.30000000000000004
1784894932244,alice,Talk,-0.30000000000000004
1784894932244,alice,http://localhost:3251@Bee,0
1784894932244,alice,Play,0.30000000000000004
1784894932244,alice,Dance,0.10000000000000003
1784894932245,Bee,Dance,-0.1
1784894932245,Bee,http://localhost:3251@Ant,-0.20000000000000004
1784894932245,Bee,Explore,0.7999999999999999
1784894932245,Bee,Fight,-0.6
1784894932245,Bee,http://localhost:3251@bear,-0.6
1784894932245,Bee,Sing,-0.8999999999999999
1784894932245,Bee,http://localhost:3251@Bat,0.1
1784894932245,Bee,http://localhost:3251@brice,0.10000000000000003
1784894932245,Bee,http://localhost:3251@alice,-1.0999999999999999
1784894932245,Bee,Talk,-0.1
1784894932245,Bee,Exercise,0.20000000000000004
1784894932245,Bee,Walk,0
1784894932245,Bee,Play,-0.20000000000000004
1784894933432,Ant,Dance,0.5
1784894933432,Ant,http://localhost:3251@Bee,0.30000000000000004
1784894933432,Ant,Sing,0.19999999999999998
1784894933432,Ant,http://localhost:3251@alice,0.30000000000000004
1784894933432,Ant,Explore,0.5
1784894933432,Ant,Fight,0.2
1784894933432,Ant,http://localhost:3251@Bat,0.30000000000000004
1784894933432,Ant,http://localhost:3251@brice,0
1784894933432,Ant,Talk,-0.30000000000000004
1784894933432,Ant,Exercise,-0.2
1784894933432,Ant,http://localhost:3251@bear,-0.7
1784894933432,Ant,Play,0.20000000000000004
1784894933432,Ant,Walk,-0.4
1784894933434,Bat,Explore,-0.4
1784894933434,Bat,Sing,-0.2
1784894933434,Bat,http://localhost:3251@brice,-0.7
1784894933434,Bat,Walk,0
1784894933434,Bat,http://localhost:3251@alice,0.10000000000000003
1784894933434,Bat,Fight,0
1784894933434,Bat,http://localhost:3251@Ant,-0.2
1784894933434,Bat,Dance,0.10000000000000003
1784894933434,Bat,Talk,-0.4
1784894933434,Bat,http://localhost:3251@bear,0.5
1784894933434,Bat,http://localhost:3251@Bee,-0.6
1784894933434,Bat,Exercise,-0.1
1784894933434,Bat,Play,-0.30000000000000004
1784894933435,bear,Fight,2.7755575615628914e-17
1784894933435,bear,http://localhost:3251@Bee,0.5
1784894933435,bear,http://localhost:3251@alice,-0.20000000000000004
1784894933435,bear,Explore,0.20000000000000004
1784894933435,bear,Walk,0.1
1784894933435,bear,Exercise,-0.2
1784894933435,bear,http://localhost:3251@Ant,0.30000000000000004
1784894933435,bear,Sing,0.30000000000000004
1784894933435,bear,Talk,-0.4
1784894933435,bear,http://localhost:3251@brice,-0.30000000000000004
1784894933435,bear,http://localhost:3251@Bat,-0.5
1784894933435,bear,Play,-0.10000000000000003
1784894933435,bear,Dance,0.1
1784894933435,Bee,Dance,-0.1
1784894933435,Bee,http://localhost:3251@Ant,-0.20000000000000004
1784894933435,Bee,Explore,0.7999999999999999
1784894933435,Bee,Fight,-0.6
1784894933435,Bee,http://localhost:3251@bear,-0.7
1784894933435,Bee,Sing,-0.8999999999999999
1784894933435,Bee,http://localhost:3251@Bat,0.1
1784894933435,Bee,http://localhost:3251@brice,0.10000000000000003
1784894933435,Bee,http://localhost:3251@alice,-1.0999999999999999
1784894933435,Bee,Talk,-0.2
1784894933435,Bee,Exercise,0.20000000000000004
1784894933435,Bee,Walk,0
1784894933435,Bee,Play,-0.20000000000000004
1784894933871,alice,Explore,0.5
1784894933871,alice,Sing,-0.4
1784894933871,alice,http://localhost:3251@Ant,0.4
1784894933871,alice,Walk,0.30000000000000004
1784894933871,alice,http://localhost:3251@Bat,0.30000000000000004
1784894933871,alice,Fight,0.20000000000000004
1784894933871,alice,http://localhost:3251@bear,-0.4
1784894933871,alice,Exercise,-0.2
1784894933871,alice,http://localhost:3251@brice,-0.30000000000000004
1784894933871,alice,Talk,-0.30000000000000004
1784894933871,alice,http://localhost:3251@Bee,0
1784894933871,alice,Play,0.30000000000000004
1784894933871,alice,Dance,0.10000000000000003
1784894934754,brice,Sing,0.9999999999999999
1784894934754,brice,http://localhost:3251@Bat,0.9999999999999999
1784894934754,brice,Fight,0.6
1784894934754,brice,http://localhost:3251@bear,-0.30000000000000004
1784894934754,brice,http://localhost:3251@Ant,1.0999999999999999
1784894934754,brice,Dance,0.09999999999999998
1784894934754,brice,Exercise,0.5
1784894934754,brice,http://localhost:3251@alice,0.5
1784894934754,brice,Explore,-0.4
1784894934754,brice,Talk,0.7999999999999999
1784894934754,brice,http://localhost:3251@Bee,0.6
1784894934754,brice,Walk,0
1784894934754,brice,Play,-0.1
1784894935121,Bat,Explore,-0.5
1784894935121,Bat,Sing,-0.2
1784894935121,Bat,http://localhost:3251@brice,-0.7
1784894935121,Bat,Walk,0
1784894935121,Bat,http://localhost:3251@alice,0.10000000000000003
1784894935121,Bat,Fight,0
1784894935121,Bat,http://localhost:3251@Ant,-0.2
1784894935121,Bat,Dance,0.10000000000000003
1784894935121,Bat,Talk,-0.4
1784894935121,Bat,http://localhost:3251@bear,0.5
1784894935121,Bat,http://localhost:3251@Bee,-0.6
1784894935121,Bat,Exercise,-0.1
1784894935121,Bat,Play,-0.30000000000000004
1784894935122,bear,Fight,2.7755575615628914e-17
1784894935122,bear,http://localhost:3251@Bee,0.5
1784894935122,bear,http://localhost:3251@alice,-0.20000000000000004
1784894935122,bear,Explore,0.10000000000000003
1784894935122,bear,Walk,0.1
1784894935122,bear,Exercise,-0.2
1784894935122,bear,http://localhost:3251@Ant,0.30000000000000004
1784894935122,bear,Sing,0.30000000000000004
1784894935122,bear,Talk,-0.4
1784894935122,bear,http://localhost:3251@brice,-0.30000000000000004
1784894935122,bear,http://localhost:3251@Bat,-0.5
1784894935122,bear,Play,-0.10000000000000003
1784894935122,bear,Dance,0.1
1784894935122,Bee,Dance,-0.1
1784894935122,Bee,http://localhost:3251@Ant,-0.20000000000000004
1784894935122,Bee,Explore,0.7
1784894935122,Bee,Fight,-0.6
1784894935122,Bee,http://localhost:3251@bear,-0.7
1784894935122,Bee,Sing,-0.8999999999999999
1784894935122,Bee,http://localhost:3251@Bat,0.1
1784894935122,Bee,http://localhost:3251@brice,0.10000000000000003
1784894935122,Bee,http://localhost:3251@alice,-1.0999999999999999
1784894935122,Bee,Talk,-0.2
1784894935122,Bee,Exercise,0.20000000000000004
1784894935122,Bee,Walk,0
1784894935122,Bee,Play,-0.20000000000000004
1784894935564,alice,Explore,0.4
1784894935564,alice,Sing,-0.4
1784894935564,alice,http://localhost:3251@Ant,0.4
1784894935564,alice,Walk,0.30000000000000004
1784894935564,alice,http://localhost:3251@Bat,0.30000000000000004
1784894935564,alice,Fight,0.20000000000000004
1784894935564,alice,http://localhost:3251@bear,-0.4
1784894935564,alice,Exercise,-0.2
1784894935564,alice,http://localhost:3251@brice,-0.30000000000000004
1784894935564,alice,Talk,-0.30000000000000004
1784894935564,alice,http://localhost:3251@Bee,0
1784894935564,alice,Play,0.30000000000000004
1784894935564,alice,Dance,0.10000000000000003
1784894936264,alice,Explore,0.4
1784894936264,alice,Sing,-0.30000000000000004
1784894936264,alice,http://localhost:3251@Ant,0.5
1784894936264,alice,Walk,0.30000000000000004
1784894936264,alice,http://localhost:3251@Bat,0.30000000000000004
1784894936264,alice,Fight,0.20000000000000004
1784894936264,alice,http://localhost:3251@bear,-0.4
1784894936264,alice,Exercise,-0.2
1784894936264,alice,http://localhost:3251@brice,-0.30000000000000004
1784894936264,alice,Talk,-0.30000000000000004
1784894936264,alice,http://localhost:3251@Bee,0
1784894936264,alice,Play,0.30000000000000004
1784894936264,alice,Dance,0.10000000000000003
1784894936264,Ant,Dance,0.5
1784894936264,Ant,http://localhost:3251@Bee,0.30000000000000004
1784894936264,Ant,Sing,0.09999999999999998
1784894936264,Ant,http://localhost:3251@alice,0.20000000000000004
1784894936264,Ant,Explore,0.5
1784894936264,Ant,Fight,0.2
1784894936264,Ant,http://localhost:3251@Bat,0.30000000000000004
1784894936264,Ant,http://localhost:3251@brice,0
1784894936264,Ant,Talk,-0.30000000000000004
1784894936264,Ant,Exercise,-0.2
1784894936264,Ant,http://localhost:3251@bear,-0.7
1784894936264,Ant,Play,0.20000000000000004
1784894936264,Ant,Walk,-0.4
1784894937213,bear,Fight,2.7755575615628914e-17
1784894937213,bear,http://localhost:3251@Bee,0.5
1784894937213,bear,http://localhost:3251@alice,-0.20000000000000004
1784894937213,bear,Explore,0.10000000000000003
1784894937213,bear,Walk,0.1
1784894937213,bear,Exercise,-0.2
1784894937213,bear,http://localhost:3251@Ant,0.30000000000000004
1784894937213,bear,Sing,0.30000000000000004
1784894937213,bear,Talk,-0.4
1784894937213,bear,http://localhost:3251@brice,-0.4
1784894937213,bear,http://localhost:3251@Bat,-0.5
1784894937213,bear,Play,-0.20000000000000004
1784894937213,bear,Dance,0.1
1784894937214,brice,Sing,0.9999999999999999
1784894937214,brice,http://localhost:3251@Bat,0.9999999999999999
1784894937214,brice,Fight,0.6
1784894937214,brice,http://localhost:3251@bear,-0.4
1784894937214,brice,http://localhost:3251@Ant,1.0999999999999999
1784894937214,brice,Dance,0.09999999999999998
1784894937214,brice,Exercise,0.5
1784894937214,brice,http://localhost:3251@alice,0.5
1784894937214,brice,Explore,-0.4
1784894937214,brice,Talk,0.7999999999999999
1784894937214,brice,http://localhost:3251@Bee,0.6
1784894937214,brice,Walk,0
1784894937214,brice,Play,-0.2
1784894937528,Bee,Dance,-0.1
1784894937528,Bee,http://localhost:3251@Ant,-0.20000000000000004
1784894937528,Bee,Explore,0.7999999999999999
1784894937528,Bee,Fight,-0.6
1784894937528,Bee,http://localhost:3251@bear,-0.7
1784894937528,Bee,Sing,-0.8999999999999999
1784894937528,Bee,http://localhost:3251@Bat,0.1
1784894937528,Bee,http://localhost:3251@brice,0.10000000000000003
1784894937528,Bee,http://localhost:3251@alice,-1.0999999999999999
1784894937528,Bee,Talk,-0.2
1784894937528,Bee,Exercise,0.20000000000000004
1784894937528,Bee,Walk,0
1784894937528,Bee,Play,-0.20000000000000004
1784894938217,Bat,Explore,-0.6
1784894938217,Bat,Sing,-0.2
1784894938217,Bat,http://localhost:3251@brice,-0.7
1784894938217,Bat,Walk,0
1784894938217,Bat,http://localhost:3251@alice,0.10000000000000003
1784894938217,Bat,Fight,0
1784894938217,Bat,http://localhost:3251@Ant,-0.2
1784894938217,Bat,Dance,0.10000000000000003
1784894938217,Bat,Talk,-0.4
1784894938217,Bat,http://localhost:3251@bear,0.5
1784894938217,Bat,http://localhost:3251@Bee,-0.6
1784894938217,Bat,Exercise,-0.1
1784894938217,Bat,Play,-0.30000000000000004
1784894938586,Bat,Explore,-0.6
1784894938586,Bat,Sing,-0.2
1784894938586,Bat,http://localhost:3251@brice,-0.7
1784894938586,Bat,Walk,0
1784894938586,Bat,http://localhost:3251@alice,0.10000000000000003
1784894938586,Bat,Fight,-0.1
1784894938586,Bat,http://localhost:3251@Ant,-0.2
1784894938586,Bat,Dance,0.10000000000000003
1784894938586,Bat,Talk,-0.4
1784894938586,Bat,http://localhost:3251@bear,0.5
1784894938586,Bat,http://localhost:3251@Bee,-0.7
1784894938586,Bat,Exercise,-0.1
1784894938586,Bat,Play,-0.30000000000000004
1784894938588,Bee,Dance,-0.1
1784894938588,Bee,http://localhost:3251@Ant,-0.20000000000000004
1784894938588,Bee,Explore,0.7999999999999999
1784894938588,Bee,Fight,-0.5
1784894938588,Bee,http://localhost:3251@bear,-0.7
1784894938588,Bee,Sing,-0.8999999999999999
1784894938588,Bee,http://localhost:3251@Bat,0.1
1784894938588,Bee,http://localhost:3251@brice,0.10000000000000003
1784894938588,Bee,http://localhost:3251@alice,-0.9999999999999999
1784894938588,Bee,Talk,-0.2
1784894938588,Bee,Exercise,0.20000000000000004
1784894938588,Bee,Walk,0
1784894938588,Bee,Play,-0.20000000000000004
1784894938649,alice,Explore,0.30000000000000004
1784894938649,alice,Sing,-0.30000000000000004
1784894938649,alice,http://localhost:3251@Ant,0.5
1784894938649,alice,Walk,0.30000000000000004
1784894938649,alice,http://localhost:3251@Bat,0.30000000000000004
1784894938649,alice,Fight,0.20000000000000004
1784894938649,alice,http://localhost:3251@bear,-0.4
1784894938649,alice,Exercise,-0.2
1784894938649,alice,http://localhost:3251@brice,-0.30000000000000004
1784894938649,alice,Talk,-0.30000000000000004
1784894938649,alice,http://localhost:3251@Bee,0
1784894938649,alice,Play,0.30000000000000004
1784894938649,alice,Dance,0.10000000000000003
1784894938649,Ant,Dance,0.5
1784894938649,Ant,http://localhost:3251@Bee,0.30000000000000004
1784894938649,Ant,Sing,0.09999999999999998
1784894938649,Ant,http://localhost:3251@alice,0.20000000000000004
1784894938649,Ant,Explore,0.4
1784894938649,Ant,Fight,0.2
1784894938649,Ant,http://localhost:3251@Bat,0.30000000000000004
1784894938649,Ant,http://localhost:3251@brice,0
1784894938649,Ant,Talk,-0.30000000000000004
1784894938649,Ant,Exercise,-0.2
1784894938649,Ant,http://localhost:3251@bear,-0.7
1784894938649,Ant,Play,0.20000000000000004
1784894938649,Ant,Walk,-0.4
1784894939601,brice,Sing,0.9999999999999999
1784894939601,brice,http://localhost:3251@Bat,0.9999999999999999
1784894939601,brice,Fight,0.6
1784894939601,brice,http://localhost:3251@bear,-0.4
1784894939601,brice,http://localhost:3251@Ant,1.0999999999999999
1784894939601,brice,Dance,0.09999999999999998
1784894939601,brice,Exercise,0.5
1784894939601,brice,http://localhost:3251@alice,0.5
1784894939601,brice,Explore,-0.30000000000000004
1784894939601,brice,Talk,0.7999999999999999
1784894939601,brice,http://localhost:3251@Bee,0.6
1784894939601,brice,Walk,0
1784894939601,brice,Play,-0.2
1784894940201,bear,Fight,2.7755575615628914e-17
1784894940201,bear,http://localhost:3251@Bee,0.5
1784894940201,bear,http://localhost:3251@alice,-0.20000000000000004
1784894940201,bear,Explore,0.20000000000000004
1784894940201,bear,Walk,0.1
1784894940201,bear,Exercise,-0.2
1784894940201,bear,http://localhost:3251@Ant,0.30000000000000004
1784894940201,bear,Sing,0.30000000000000004
1784894940201,bear,Talk,-0.4
1784894940201,bear,http://localhost:3251@brice,-0.4
1784894940201,bear,http://localhost:3251@Bat,-0.5
1784894940201,bear,Play,-0.20000000000000004
1784894940201,bear,Dance,0.1
1784894940264,Bat,Explore,-0.5
1784894940264,Bat,Sing,-0.2
1784894940264,Bat,http://localhost:3251@brice,-0.7
1784894940264,Bat,Walk,0
1784894940264,Bat,http://localhost:3251@alice,0.10000000000000003
1784894940264,Bat,Fight,-0.1
1784894940264,Bat,http://localhost:3251@Ant,-0.2
1784894940264,Bat,Dance,0.10000000000000003
1784894940264,Bat,Talk,-0.4
1784894940264,Bat,http://localhost:3251@bear,0.5
1784894940264,Bat,http://localhost:3251@Bee,-0.7
1784894940264,Bat,Exercise,-0.1
1784894940264,Bat,Play,-0.30000000000000004
1784894940625,Ant,Dance,0.5
1784894940625,Ant,http://localhost:3251@Bee,0.30000000000000004
1784894940625,Ant,Sing,0.09999999999999998
1784894940625,Ant,http://localhost:3251@alice,0.20000000000000004
1784894940625,Ant,Explore,0.4
1784894940625,Ant,Fight,0.2
1784894940625,Ant,http://localhost:3251@Bat,0.30000000000000004
1784894940625,Ant,http://localhost:3251@brice,0
1784894940625,Ant,Talk,-0.30000000000000004
1784894940625,Ant,Exercise,-0.2
1784894940625,Ant,http://localhost:3251@bear,-0.7999999999999999
1784894940625,Ant,Play,0.10000000000000003
1784894940625,Ant,Walk,-0.4
1784894940626,brice,Sing,0.9999999999999999
1784894940626,brice,http://localhost:3251@Bat,0.9999999999999999
1784894940626,brice,Fight,0.6
1784894940626,brice,http://localhost:3251@bear,-0.4
1784894940626,brice,http://localhost:3251@Ant,0.9999999999999999
1784894940626,brice,Dance,0.09999999999999998
1784894940626,brice,Exercise,0.5
1784894940626,brice,http://localhost:3251@alice,0.5
1784894940626,brice,Explore,-0.30000000000000004
1784894940626,brice,Talk,0.7999999999999999
1784894940626,brice,http://localhost:3251@Bee,0.6
1784894940626,brice,Walk,0
1784894940626,brice,Play,-0.30000000000000004
1784894941496,bear,Fight,2.7755575615628914e-17
1784894941496,bear,http://localhost:3251@Bee,0.5
1784894941496,bear,http://localhost:3251@alice,-0.30000000000000004
1784894941496,bear,Explore,0.20000000000000004
1784894941496,bear,Walk,0
1784894941496,bear,Exercise,-0.2
1784894941496,bear,http://localhost:3251@Ant,0.30000000000000004
1784894941496,bear,Sing,0.30000000000000004
1784894941496,bear,Talk,-0.4
1784894941496,bear,http://localhost:3251@brice,-0.4
1784894941496,bear,http://localhost:3251@Bat,-0.5
1784894941496,bear,Play,-0.20000000000000004
1784894941496,bear,Dance,0.1
1784894941497,Bee,Dance,-0.1
1784894941497,Bee,http://localhost:3251@Ant,-0.20000000000000004
1784894941497,Bee,Explore,0.7999999999999999
1784894941497,Bee,Fight,-0.5
1784894941497,Bee,http://localhost:3251@bear,-0.7999999999999999
1784894941497,Bee,Sing,-0.8999999999999999
1784894941497,Bee,http://localhost:3251@Bat,0.1
1784894941497,Bee,http://localhost:3251@brice,0.10000000000000003
1784894941497,Bee,http://localhost:3251@alice,-0.9999999999999999
1784894941497,Bee,Talk,-0.2
1784894941497,Bee,Exercise,0.20000000000000004
1784894941497,Bee,Walk,-0.1
1784894941497,Bee,Play,-0.20000000000000004
1784894941607,alice,Explore,0.20000000000000004
1784894941607,alice,Sing,-0.30000000000000004
1784894941607,alice,http://localhost:3251@Ant,0.5
1784894941607,alice,Walk,0.30000000000000004
1784894941607,alice,http://localhost:3251@Bat,0.30000000000000004
1784894941607,alice,Fight,0.20000000000000004
1784894941607,alice,http://localhost:3251@bear,-0.4
1784894941607,alice,Exercise,-0.2
1784894941607,alice,http://localhost:3251@brice,-0.30000000000000004
1784894941607,alice,Talk,-0.30000000000000004
1784894941607,alice,http://localhost:3251@Bee,0
1784894941607,alice,Play,0.30000000000000004
1784894941607,alice,Dance,0.10000000000000003
1784894941892,Ant,Dance,0.5
1784894941892,Ant,http://localhost:3251@Bee,0.30000000000000004
1784894941892,Ant,Sing,-2.7755575615628914e-17
1784894941892,Ant,http://localhost:3251@alice,0.10000000000000003
1784894941892,Ant,Explore,0.4
1784894941892,Ant,Fight,0.2
1784894941892,Ant,http://localhost:3251@Bat,0.30000000000000004
1784894941892,Ant,http://localhost:3251@brice,0
1784894941892,Ant,Talk,-0.30000000000000004
1784894941892,Ant,Exercise,-0.2
1784894941892,Ant,http://localhost:3251@bear,-0.7999999999999999
1784894941892,Ant,Play,0.10000000000000003
1784894941892,Ant,Walk,-0.4
1784894941893,Bat,Explore,-0.5
1784894941893,Bat,Sing,-0.30000000000000004
1784894941893,Bat,http://localhost:3251@brice,-0.7
1784894941893,Bat,Walk,0
1784894941893,Bat,http://localhost:3251@alice,0.10000000000000003
1784894941893,Bat,Fight,-0.1
1784894941893,Bat,http://localhost:3251@Ant,-0.30000000000000004
1784894941893,Bat,Dance,0.10000000000000003
1784894941893,Bat,Talk,-0.4
1784894941893,Bat,http://localhost:3251@bear,0.5
1784894941893,Bat,http://localhost:3251@Bee,-0.7
1784894941893,Bat,Exercise,-0.1
1784894941893,Bat,Play,-0.30000000000000004
1784894942308,brice,Sing,0.9999999999999999
1784894942308,brice,http://localhost:3251@Bat,0.9999999999999999
1784894942308,brice,Fight,0.6
1784894942308,brice,http://localhost:3251@bear,-0.4
1784894942308,brice,http://localhost:3251@Ant,0.9999999999999999
1784894942308,brice,Dance,0.09999999999999998
1784894942308,brice,Exercise,0.5
1784894942308,brice,http://localhost:3251@alice,0.5
1784894942308,brice,Explore,-0.4
1784894942308,brice,Talk,0.7999999999999999
1784894942308,brice,http://localhost:3251@Bee,0.6
1784894942308,brice,Walk,0
1784894942308,brice,Play,-0.30000000000000004
1784894942760,alice,Explore,0.20000000000000004
1784894942760,alice,Sing,-0.30000000000000004
1784894942760,alice,http://localhost:3251@Ant,0.5
1784894942760,alice,Walk,0.30000000000000004
1784894942760,alice,http://localhost:3251@Bat,0.30000000000000004
1784894942760,alice,Fight,0.20000000000000004
1784894942760,alice,http://localhost:3251@bear,-0.4
1784894942760,alice,Exercise,-0.2
1784894942760,alice,http://localhost:3251@brice,-0.30000000000000004
1784894942760,alice,Talk,-0.30000000000000004
1784894942760,alice,http://localhost:3251@Bee,-0.1
1784894942760,alice,Play,0.30000000000000004
1784894942760,alice,Dance,2.7755575615628914e-17
1784894942760,Bee,Dance,0
1784894942760,Bee,http://localhost:3251@Ant,-0.20000000000000004
1784894942760,Bee,Explore,0.7999999999999999
1784894942760,Bee,Fight,-0.5
1784894942760,Bee,http://localhost:3251@bear,-0.7999999999999999
1784894942760,Bee,Sing,-0.8999999999999999
1784894942760,Bee,http://localhost:3251@Bat,0.1
1784894942760,Bee,http://localhost:3251@brice,0.20000000000000004
1784894942760,Bee,http://localhost:3251@alice,-0.9999999999999999
1784894942760,Bee,Talk,-0.2
1784894942760,Bee,Exercise,0.20000000000000004
1784894942760,Bee,Walk,-0.1
1784894942760,Bee,Play,-0.20000000000000004
1784894942881,Ant,Dance,0.5
1784894942881,Ant,http://localhost:3251@Bee,0.30000000000000004
1784894942881,Ant,Sing,-2.7755575615628914e-17
1784894942881,Ant,http://localhost:3251@alice,2.7755575615628914e-17
1784894942881,Ant,Explore,0.4
1784894942881,Ant,Fight,0.2
1784894942881,Ant,http://localhost:3251@Bat,0.30000000000000004
1784894942881,Ant,http://localhost:3251@brice,0
1784894942881,Ant,Talk,-0.4
1784894942881,Ant,Exercise,-0.2
1784894942881,Ant,http://localhost:3251@bear,-0.7999999999999999
1784894942881,Ant,Play,0.10000000000000003
1784894942881,Ant,Walk,-0.4
1784894942882,bear,Fight,2.7755575615628914e-17
1784894942882,bear,http://localhost:3251@Bee,0.5
1784894942882,bear,http://localhost:3251@alice,-0.30000000000000004
1784894942882,bear,Explore,0.20000000000000004
1784894942882,bear,Walk,0
1784894942882,bear,Exercise,-0.2
1784894942882,bear,http://localhost:3251@Ant,0.4
1784894942882,bear,Sing,0.30000000000000004
1784894942882,bear,Talk,-0.30000000000000004
1784894942882,bear,http://localhost:3251@brice,-0.4
1784894942882,bear,http://localhost:3251@Bat,-0.5
1784894942882,bear,Play,-0.20000000000000004
1784894942882,bear,Dance,0.1
1784894943456,Bat,Explore,-0.4
1784894943456,Bat,Sing,-0.30000000000000004
1784894943456,Bat,http://localhost:3251@brice,-0.7
1784894943456,Bat,Walk,0
1784894943456,Bat,http://localhost:3251@alice,0.10000000000000003
1784894943456,Bat,Fight,-0.1
1784894943456,Bat,http://localhost:3251@Ant,-0.30000000000000004
1784894943456,Bat,Dance,0.10000000000000003
1784894943456,Bat,Talk,-0.4
1784894943456,Bat,http://localhost:3251@bear,0.5
1784894943456,Bat,http://localhost:3251@Bee,-0.7
1784894943456,Bat,Exercise,-0.1
1784894943456,Bat,Play,-0.30000000000000004
1784894944057,alice,Explore,0.20000000000000004
1784894944057,alice,Sing,-0.30000000000000004
1784894944057,alice,http://localhost:3251@Ant,0.5
1784894944057,alice,Walk,0.4
1784894944057,alice,http://localhost:3251@Bat,0.4
1784894944057,alice,Fight,0.20000000000000004
1784894944057,alice,http://localhost:3251@bear,-0.4
1784894944057,alice,Exercise,-0.2
1784894944057,alice,http://localhost:3251@brice,-0.30000000000000004
1784894944057,alice,Talk,-0.30000000000000004
1784894944057,alice,http://localhost:3251@Bee,-0.1
1784894944057,alice,Play,0.30000000000000004
1784894944057,alice,Dance,2.7755575615628914e-17
1784894944058,bear,Fight,2.7755575615628914e-17
1784894944058,bear,http://localhost:3251@Bee,0.5
1784894944058,bear,http://localhost:3251@alice,-0.4
1784894944058,bear,Explore,0.20000000000000004
1784894944058,bear,Walk,-0.1
1784894944058,bear,Exercise,-0.2
1784894944058,bear,http://localhost:3251@Ant,0.4
1784894944058,bear,Sing,0.30000000000000004
1784894944058,bear,Talk,-0.30000000000000004
1784894944058,bear,http://localhost:3251@brice,-0.4
1784894944058,bear,http://localhost:3251@Bat,-0.5
1784894944058,bear,Play,-0.20000000000000004
1784894944058,bear,Dance,0.1
1784894944162,Ant,Dance,0.5
1784894944162,Ant,http://localhost:3251@Bee,0.30000000000000004
1784894944162,Ant,Sing,-2.7755575615628914e-17
1784894944162,Ant,http://localhost:3251@alice,2.7755575615628914e-17
1784894944162,Ant,Explore,0.4
1784894944162,Ant,Fight,0.2
1784894944162,Ant,http://localhost:3251@Bat,0.30000000000000004
1784894944162,Ant,http://localhost:3251@brice,0.1
1784894944162,Ant,Talk,-0.4
1784894944162,Ant,Exercise,-0.2
1784894944162,Ant,http://localhost:3251@bear,-0.7999999999999999
1784894944162,Ant,Play,0.10000000000000003
1784894944162,Ant,Walk,-0.30000000000000004
1784894944163,Bee,Dance,0
1784894944163,Bee,http://localhost:3251@Ant,-0.30000000000000004
1784894944163,Bee,Explore,0.7999999999999999
1784894944163,Bee,Fight,-0.5
1784894944163,Bee,http://localhost:3251@bear,-0.7999999999999999
1784894944163,Bee,Sing,-0.8999999999999999
1784894944163,Bee,http://localhost:3251@Bat,0.1
1784894944163,Bee,http://localhost:3251@brice,0.20000000000000004
1784894944163,Bee,http://localhost:3251@alice,-0.9999999999999999
1784894944163,Bee,Talk,-0.2
1784894944163,Bee,Exercise,0.20000000000000004
1784894944163,Bee,Walk,-0.2
1784894944163,Bee,Play,-0.20000000000000004
1784894944771,Bat,Explore,-0.4
1784894944771,Bat,Sing,-0.30000000000000004
1784894944771,Bat,http://localhost:3251@brice,-0.7
1784894944771,Bat,Walk,0.1
1784894944771,Bat,http://localhost:3251@alice,0.20000000000000004
1784894944771,Bat,Fight,-0.1
1784894944771,Bat,http://localhost:3251@Ant,-0.30000000000000004
1784894944771,Bat,Dance,0.10000000000000003
1784894944771,Bat,Talk,-0.4
1784894944771,Bat,http://localhost:3251@bear,0.5
1784894944771,Bat,http://localhost:3251@Bee,-0.7
1784894944771,Bat,Exercise,-0.1
1784894944771,Bat,Play,-0.30000000000000004
1784894944773,bear,Fight,2.7755575615628914e-17
1784894944773,bear,http://localhost:3251@Bee,0.5
1784894944773,bear,http://localhost:3251@alice,-0.4
1784894944773,bear,Explore,0.20000000000000004
1784894944773,bear,Walk,0
1784894944773,bear,Exercise,-0.2
1784894944773,bear,http://localhost:3251@Ant,0.4
1784894944773,bear,Sing,0.30000000000000004
1784894944773,bear,Talk,-0.30000000000000004
1784894944773,bear,http://localhost:3251@brice,-0.4
1784894944773,bear,http://localhost:3251@Bat,-0.4
1784894944773,bear,Play,-0.20000000000000004
1784894944773,bear,Dance,0.1
1784894945437,alice,Explore,0.20000000000000004
1784894945437,alice,Sing,-0.30000000000000004
1784894945437,alice,http://localhost:3251@Ant,0.6
1784894945437,alice,Walk,0.4
1784894945437,alice,http://localhost:3251@Bat,0.4
1784894945437,alice,Fight,0.20000000000000004
1784894945437,alice,http://localhost:3251@bear,-0.4
1784894945437,alice,Exercise,-0.2
1784894945437,alice,http://localhost:3251@brice,-0.30000000000000004
1784894945437,alice,Talk,-0.30000000000000004
1784894945437,alice,http://localhost:3251@Bee,-0.1
1784894945437,alice,Play,0.4
1784894945437,alice,Dance,2.7755575615628914e-17
1784894945438,bear,Fight,2.7755575615628914e-17
1784894945438,bear,http://localhost:3251@Bee,0.5
1784894945438,bear,http://localhost:3251@alice,-0.30000000000000004
1784894945438,bear,Explore,0.20000000000000004
1784894945438,bear,Walk,0
1784894945438,bear,Exercise,-0.2
1784894945438,bear,http://localhost:3251@Ant,0.4
1784894945438,bear,Sing,0.30000000000000004
1784894945438,bear,Talk,-0.30000000000000004
1784894945438,bear,http://localhost:3251@brice,-0.4
1784894945438,bear,http://localhost:3251@Bat,-0.4
1784894945438,bear,Play,-0.10000000000000003
1784894945438,bear,Dance,0.1
1784894945790,Ant,Dance,0.5
1784894945790,Ant,http://localhost:3251@Bee,0.30000000000000004
1784894945790,Ant,Sing,-2.7755575615628914e-17
1784894945790,Ant,http://localhost:3251@alice,2.7755575615628914e-17
1784894945790,Ant,Explore,0.30000000000000004
1784894945790,Ant,Fight,0.2
1784894945790,Ant,http://localhost:3251@Bat,0.30000000000000004
1784894945790,Ant,http://localhost:3251@brice,0.1
1784894945790,Ant,Talk,-0.4
1784894945790,Ant,Exercise,-0.2
1784894945790,Ant,http://localhost:3251@bear,-0.7999999999999999
1784894945790,Ant,Play,0.10000000000000003
1784894945790,Ant,Walk,-0.30000000000000004
1784894946222,Bee,Dance,0
1784894946222,Bee,http://localhost:3251@Ant,-0.30000000000000004
1784894946222,Bee,Explore,0.7999999999999999
1784894946222,Bee,Fight,-0.5
1784894946222,Bee,http://localhost:3251@bear,-0.7999999999999999
1784894946222,Bee,Sing,-0.8999999999999999
1784894946222,Bee,http://localhost:3251@Bat,0.2
1784894946222,Bee,http://localhost:3251@brice,0.20000000000000004
1784894946222,Bee,http://localhost:3251@alice,-0.9999999999999999
1784894946222,Bee,Talk,-0.2
1784894946222,Bee,Exercise,0.20000000000000004
1784894946222,Bee,Walk,-0.1
1784894946222,Bee,Play,-0.20000000000000004
1784894946223,brice,Sing,0.9999999999999999
1784894946223,brice,http://localhost:3251@Bat,0.9999999999999999
1784894946223,brice,Fight,0.6
1784894946223,brice,http://localhost:3251@bear,-0.4
1784894946223,brice,http://localhost:3251@Ant,0.9999999999999999
1784894946223,brice,Dance,0.09999999999999998
1784894946223,brice,Exercise,0.5
1784894946223,brice,http://localhost:3251@alice,0.5
1784894946223,brice,Explore,-0.4
1784894946223,brice,Talk,0.7999999999999999
1784894946223,brice,http://localhost:3251@Bee,0.5
1784894946223,brice,Walk,-0.1
1784894946223,brice,Play,-0.30000000000000004
1784894946411,Bat,Explore,-0.5
1784894946411,Bat,Sing,-0.30000000000000004
1784894946411,Bat,http://localhost:3251@brice,-0.7
1784894946411,Bat,Walk,0.1
1784894946411,Bat,http://localhost:3251@alice,0.20000000000000004
1784894946411,Bat,Fight,-0.1
1784894946411,Bat,http://localhost:3251@Ant,-0.30000000000000004
1784894946411,Bat,Dance,0.10000000000000003
1784894946411,Bat,Talk,-0.4
1784894946411,Bat,http://localhost:3251@bear,0.5
1784894946411,Bat,http://localhost:3251@Bee,-0.7
1784894946411,Bat,Exercise,-0.1
1784894946411,Bat,Play,-0.30000000000000004
1784894947069,alice,Explore,0.10000000000000003
1784894947069,alice,Sing,-0.30000000000000004
1784894947069,alice,http://localhost:3251@Ant,0.6
1784894947069,alice,Walk,0.4
1784894947069,alice,http://localhost:3251@Bat,0.4
1784894947069,alice,Fight,0.20000000000000004
1784894947069,alice,http://localhost:3251@bear,-0.4
1784894947069,alice,Exercise,-0.2
1784894947069,alice,http://localhost:3251@brice,-0.30000000000000004
1784894947069,alice,Talk,-0.30000000000000004
1784894947069,alice,http://localhost:3251@Bee,-0.1
1784894947069,alice,Play,0.4
1784894947069,alice,Dance,2.7755575615628914e-17
1784894947413,Ant,Dance,0.5
1784894947413,Ant,http://localhost:3251@Bee,0.30000000000000004
1784894947413,Ant,Sing,-2.7755575615628914e-17
1784894947413,Ant,http://localhost:3251@alice,2.7755575615628914e-17
1784894947413,Ant,Explore,0.20000000000000004
1784894947413,Ant,Fight,0.2
1784894947413,Ant,http://localhost:3251@Bat,0.30000000000000004
1784894947413,Ant,http://localhost:3251@brice,0.1
1784894947413,Ant,Talk,-0.4
1784894947413,Ant,Exercise,-0.2
1784894947413,Ant,http://localhost:3251@bear,-0.7999999999999999
1784894947413,Ant,Play,0.10000000000000003
1784894947413,Ant,Walk,-0.30000000000000004
1784894947530,Bee,Dance,0
1784894947530,Bee,http://localhost:3251@Ant,-0.30000000000000004
1784894947530,Bee,Explore,0.7999999999999999
1784894947530,Bee,Fight,-0.5
1784894947530,Bee,http://localhost:3251@bear,-0.7999999999999999
1784894947530,Bee,Sing,-0.8999999999999999
1784894947530,Bee,http://localhost:3251@Bat,0.2
1784894947530,Bee,http://localhost:3251@brice,0.10000000000000003
1784894947530,Bee,http://localhost:3251@alice,-0.9999999999999999
1784894947530,Bee,Talk,-0.2
1784894947530,Bee,Exercise,0.20000000000000004
1784894947530,Bee,Walk,-0.2
1784894947530,Bee,Play,-0.20000000000000004
1784894947531,brice,Sing,0.9999999999999999
1784894947531,brice,http://localhost:3251@Bat,1.0999999999999999
1784894947531,brice,Fight,0.6
1784894947531,brice,http://localhost:3251@bear,-0.4
1784894947531,brice,http://localhost:3251@Ant,0.9999999999999999
1784894947531,brice,Dance,0.09999999999999998
1784894947531,brice,Exercise,0.5
1784894947531,brice,http://localhost:3251@alice,0.5
1784894947531,brice,Explore,-0.4
1784894947531,brice,Talk,0.7999999999999999
1784894947531,brice,http://localhost:3251@Bee,0.5
1784894947531,brice,Walk,0
1784894947531,brice,Play,-0.30000000000000004
1784894948169,Bat,Explore,-0.5
1784894948169,Bat,Sing,-0.20000000000000004
1784894948169,Bat,http://localhost:3251@brice,-0.7
1784894948169,Bat,Walk,0.1
1784894948169,Bat,http://localhost:3251@alice,0.20000000000000004
1784894948169,Bat,Fight,-0.1
1784894948169,Bat,http://localhost:3251@Ant,-0.30000000000000004
1784894948169,Bat,Dance,0.10000000000000003
1784894948169,Bat,Talk,-0.4
1784894948169,Bat,http://localhost:3251@bear,0.6
1784894948169,Bat,http://localhost:3251@Bee,-0.7
1784894948169,Bat,Exercise,-0.1
1784894948169,Bat,Play,-0.30000000000000004
1784894948170,bear,Fight,2.7755575615628914e-17
1784894948170,bear,http://localhost:3251@Bee,0.5
1784894948170,bear,http://localhost:3251@alice,-0.30000000000000004
1784894948170,bear,Explore,0.20000000000000004
1784894948170,bear,Walk,0
1784894948170,bear,Exercise,-0.2
1784894948170,bear,http://localhost:3251@Ant,0.5
1784894948170,bear,Sing,0.4
1784894948170,bear,Talk,-0.30000000000000004
1784894948170,bear,http://localhost:3251@brice,-0.4
1784894948170,bear,http://localhost:3251@Bat,-0.4
1784894948170,bear,Play,-0.10000000000000003
1784894948170,bear,Dance,0.1
1784894948811,alice,Explore,0.10000000000000003
1784894948811,alice,Sing,-0.30000000000000004
1784894948811,alice,http://localhost:3251@Ant,0.6
1784894948811,alice,Walk,0.5
1784894948811,alice,http://localhost:3251@Bat,0.4
1784894948811,alice,Fight,0.20000000000000004
1784894948811,alice,http://localhost:3251@bear,-0.4
1784894948811,alice,Exercise,-0.2
1784894948811,alice,http://localhost:3251@brice,-0.30000000000000004
1784894948811,alice,Talk,-0.30000000000000004
1784894948811,alice,http://localhost:3251@Bee,0
1784894948811,alice,Play,0.4
1784894948811,alice,Dance,2.7755575615628914e-17
1784894948813,Bee,Dance,0
1784894948813,Bee,http://localhost:3251@Ant,-0.30000000000000004
1784894948813,Bee,Explore,0.7999999999999999
1784894948813,Bee,Fight,-0.5
1784894948813,Bee,http://localhost:3251@bear,-0.7999999999999999
1784894948813,Bee,Sing,-0.8999999999999999
1784894948813,Bee,http://localhost:3251@Bat,0.30000000000000004
1784894948813,Bee,http://localhost:3251@brice,0.10000000000000003
1784894948813,Bee,http://localhost:3251@alice,-0.9999999999999999
1784894948813,Bee,Talk,-0.2
1784894948813,Bee,Exercise,0.20000000000000004
1784894948813,Bee,Walk,-0.1
1784894948813,Bee,Play,-0.20000000000000004
1784894948991,Ant,Dance,0.5
1784894948991,Ant,http://localhost:3251@Bee,0.30000000000000004
1784894948991,Ant,Sing,-2.7755575615628914e-17
1784894948991,Ant,http://localhost:3251@alice,2.7755575615628914e-17
1784894948991,Ant,Explore,0.10000000000000003
1784894948991,Ant,Fight,0.2
1784894948991,Ant,http://localhost:3251@Bat,0.30000000000000004
1784894948991,Ant,http://localhost:3251@brice,0.1
1784894948991,Ant,Talk,-0.4
1784894948991,Ant,Exercise,-0.2
1784894948991,Ant,http://localhost:3251@bear,-0.7999999999999999
1784894948991,Ant,Play,0.10000000000000003
1784894948991,Ant,Walk,-0.30000000000000004
1784894950131,Ant,Dance,0.5
1784894950131,Ant,http://localhost:3251@Bee,0.20000000000000004
1784894950131,Ant,Sing,-0.10000000000000003
1784894950131,Ant,http://localhost:3251@alice,2.7755575615628914e-17
1784894950131,Ant,Explore,0.10000000000000003
1784894950131,Ant,Fight,0.2
1784894950131,Ant,http://localhost:3251@Bat,0.30000000000000004
1784894950131,Ant,http://localhost:3251@brice,0.1
1784894950131,Ant,Talk,-0.4
1784894950131,Ant,Exercise,-0.2
1784894950131,Ant,http://localhost:3251@bear,-0.7999999999999999
1784894950131,Ant,Play,0.10000000000000003
1784894950131,Ant,Walk,-0.30000000000000004
1784894950131,Bee,Dance,0
1784894950131,Bee,http://localhost:3251@Ant,-0.30000000000000004
1784894950131,Bee,Explore,0.7999999999999999
1784894950131,Bee,Fight,-0.5
1784894950131,Bee,http://localhost:3251@bear,-0.7999999999999999
1784894950131,Bee,Sing,-0.7999999999999999
1784894950131,Bee,http://localhost:3251@Bat,0.30000000000000004
1784894950131,Bee,http://localhost:3251@brice,0.10000000000000003
1784894950131,Bee,http://localhost:3251@alice,-0.8999999999999999
1784894950131,Bee,Talk,-0.2
1784894950131,Bee,Exercise,0.20000000000000004
1784894950131,Bee,Walk,-0.1
1784894950131,Bee,Play,-0.20000000000000004
1784894950235,alice,Explore,0.10000000000000003
1784894950235,alice,Sing,-0.30000000000000004
1784894950235,alice,http://localhost:3251@Ant,0.5
1784894950235,alice,Walk,0.5
1784894950235,alice,http://localhost:3251@Bat,0.4
1784894950235,alice,Fight,0.20000000000000004
1784894950235,alice,http://localhost:3251@bear,-0.4
1784894950235,alice,Exercise,-0.2
1784894950235,alice,http://localhost:3251@brice,-0.30000000000000004
1784894950235,alice,Talk,-0.30000000000000004
1784894950235,alice,http://localhost:3251@Bee,0
1784894950235,alice,Play,0.30000000000000004
1784894950235,alice,Dance,2.7755575615628914e-17
1784894950236,brice,Sing,0.9999999999999999
1784894950236,brice,http://localhost:3251@Bat,1.0999999999999999
1784894950236,brice,Fight,0.6
1784894950236,brice,http://localhost:3251@bear,-0.4
1784894950236,brice,http://localhost:3251@Ant,0.9999999999999999
1784894950236,brice,Dance,0.09999999999999998
1784894950236,brice,Exercise,0.5
1784894950236,brice,http://localhost:3251@alice,0.4
1784894950236,brice,Explore,-0.4
1784894950236,brice,Talk,0.7999999999999999
1784894950236,brice,http://localhost:3251@Bee,0.5
1784894950236,brice,Walk,0
1784894950236,brice,Play,-0.4
1784894950437,bear,Fight,2.7755575615628914e-17
1784894950437,bear,http://localhost:3251@Bee,0.5
1784894950437,bear,http://localhost:3251@alice,-0.30000000000000004
1784894950437,bear,Explore,0.30000000000000004
1784894950437,bear,Walk,0
1784894950437,bear,Exercise,-0.2
1784894950437,bear,http://localhost:3251@Ant,0.5
1784894950437,bear,Sing,0.4
1784894950437,bear,Talk,-0.30000000000000004
1784894950437,bear,http://localhost:3251@brice,-0.4
1784894950437,bear,http://localhost:3251@Bat,-0.4
1784894950437,bear,Play,-0.10000000000000003
1784894950437,bear,Dance,0.1
1784894950499,Bat,Explore,-0.6
1784894950499,Bat,Sing,-0.20000000000000004
1784894950499,Bat,http://localhost:3251@brice,-0.7
1784894950499,Bat,Walk,0.1
1784894950499,Bat,http://localhost:3251@alice,0.20000000000000004
1784894950499,Bat,Fight,-0.1
1784894950499,Bat,http://localhost:3251@Ant,-0.30000000000000004
1784894950499,Bat,Dance,0.10000000000000003
1784894950499,Bat,Talk,-0.4
1784894950499,Bat,http://localhost:3251@bear,0.6
1784894950499,Bat,http://localhost:3251@Bee,-0.7
1784894950499,Bat,Exercise,-0.1
1784894950499,Bat,Play,-0.30000000000000004
1784894951124,Ant,Dance,0.5
1784894951124,Ant,http://localhost:3251@Bee,0.20000000000000004
1784894951124,Ant,Sing,-0.10000000000000003
1784894951124,Ant,http://localhost:3251@alice,2.7755575615628914e-17
1784894951124,Ant,Explore,0.10000000000000003
1784894951124,Ant,Fight,0.30000000000000004
1784894951124,Ant,http://localhost:3251@Bat,0.4
1784894951124,Ant,http://localhost:3251@brice,0.1
1784894951124,Ant,Talk,-0.4
1784894951124,Ant,Exercise,-0.2
1784894951124,Ant,http://localhost:3251@bear,-0.7999999999999999
1784894951124,Ant,Play,0.10000000000000003
1784894951124,Ant,Walk,-0.30000000000000004
1784894951125,Bat,Explore,-0.6
1784894951125,Bat,Sing,-0.20000000000000004
1784894951125,Bat,http://localhost:3251@brice,-0.7
1784894951125,Bat,Walk,0.1
1784894951125,Bat,http://localhost:3251@alice,0.20000000000000004
1784894951125,Bat,Fight,-0.2
1784894951125,Bat,http://localhost:3251@Ant,-0.4
1784894951125,Bat,Dance,0.10000000000000003
1784894951125,Bat,Talk,-0.4
1784894951125,Bat,http://localhost:3251@bear,0.6
1784894951125,Bat,http://localhost:3251@Bee,-0.7
1784894951125,Bat,Exercise,-0.1
1784894951125,Bat,Play,-0.30000000000000004
1784894952348,Bee,Dance,0
1784894952348,Bee,http://localhost:3251@Ant,-0.30000000000000004
1784894952348,Bee,Explore,0.8999999999999999
1784894952348,Bee,Fight,-0.5
1784894952348,Bee,http://localhost:3251@bear,-0.7999999999999999
1784894952348,Bee,Sing,-0.7999999999999999
1784894952348,Bee,http://localhost:3251@Bat,0.30000000000000004
1784894952348,Bee,http://localhost:3251@brice,0.10000000000000003
1784894952348,Bee,http://localhost:3251@alice,-0.8999999999999999
1784894952348,Bee,Talk,-0.2
1784894952348,Bee,Exercise,0.20000000000000004
1784894952348,Bee,Walk,-0.1
1784894952348,Bee,Play,-0.20000000000000004
1784894952662,alice,Explore,0.10000000000000003
1784894952662,alice,Sing,-0.30000000000000004
1784894952662,alice,http://localhost:3251@Ant,0.5
1784894952662,alice,Walk,0.5
1784894952662,alice,http://localhost:3251@Bat,0.4
1784894952662,alice,Fight,0.20000000000000004
1784894952662,alice,http://localhost:3251@bear,-0.4
1784894952662,alice,Exercise,-0.30000000000000004
1784894952662,alice,http://localhost:3251@brice,-0.4
1784894952662,alice,Talk,-0.30000000000000004
1784894952662,alice,http://localhost:3251@Bee,0
1784894952662,alice,Play,0.30000000000000004
1784894952662,alice,Dance,2.7755575615628914e-17
1784894952663,Ant,Dance,0.5
1784894952663,Ant,http://localhost:3251@Bee,0.20000000000000004
1784894952663,Ant,Sing,-0.10000000000000003
1784894952663,Ant,http://localhost:3251@alice,0.10000000000000003
1784894952663,Ant,Explore,0.10000000000000003
1784894952663,Ant,Fight,0.30000000000000004
1784894952663,Ant,http://localhost:3251@Bat,0.4
1784894952663,Ant,http://localhost:3251@brice,0.1
1784894952663,Ant,Talk,-0.4
1784894952663,Ant,Exercise,-0.1
1784894952663,Ant,http://localhost:3251@bear,-0.7999999999999999
1784894952663,Ant,Play,0.10000000000000003
1784894952663,Ant,Walk,-0.30000000000000004
1784894952852,bear,Fight,2.7755575615628914e-17
1784894952852,bear,http://localhost:3251@Bee,0.5
1784894952852,bear,http://localhost:3251@alice,-0.30000000000000004
1784894952852,bear,Explore,0.4
1784894952852,bear,Walk,0
1784894952852,bear,Exercise,-0.2
1784894952852,bear,http://localhost:3251@Ant,0.5
1784894952852,bear,Sing,0.4
1784894952852,bear,Talk,-0.30000000000000004
1784894952852,bear,http://localhost:3251@brice,-0.4
1784894952852,bear,http://localhost:3251@Bat,-0.4
1784894952852,bear,Play,-0.10000000000000003
1784894952852,bear,Dance,0.1
1784894953518,Bat,Explore,-0.7
1784894953518,Bat,Sing,-0.20000000000000004
1784894953518,Bat,http://localhost:3251@brice,-0.7
1784894953518,Bat,Walk,0.1
1784894953518,Bat,http://localhost:3251@alice,0.20000000000000004
1784894953518,Bat,Fight,-0.2
1784894953518,Bat,http://localhost:3251@Ant,-0.4
1784894953518,Bat,Dance,0.10000000000000003
1784894953518,Bat,Talk,-0.4
1784894953518,Bat,http://localhost:3251@bear,0.6
1784894953518,Bat,http://localhost:3251@Bee,-0.7
1784894953518,Bat,Exercise,-0.1
1784894953518,Bat,Play,-0.30000000000000004
1784894953898,Bat,Explore,-0.7
1784894953898,Bat,Sing,-0.20000000000000004
1784894953898,Bat,http://localhost:3251@brice,-0.6
1784894953898,Bat,Walk,0.1
1784894953898,Bat,http://localhost:3251@alice,0.20000000000000004
1784894953898,Bat,Fight,-0.2
1784894953898,Bat,http://localhost:3251@Ant,-0.4
1784894953898,Bat,Dance,0.10000000000000003
1784894953898,Bat,Talk,-0.30000000000000004
1784894953898,Bat,http://localhost:3251@bear,0.6
1784894953898,Bat,http://localhost:3251@Bee,-0.7
1784894953898,Bat,Exercise,-0.1
1784894953898,Bat,Play,-0.30000000000000004
1784894953899,brice,Sing,0.9999999999999999
1784894953899,brice,http://localhost:3251@Bat,0.9999999999999999
1784894953899,brice,Fight,0.6
1784894953899,brice,http://localhost:3251@bear,-0.4
1784894953899,brice,http://localhost:3251@Ant,0.9999999999999999
1784894953899,brice,Dance,0.09999999999999998
1784894953899,brice,Exercise,0.5
1784894953899,brice,http://localhost:3251@alice,0.4
1784894953899,brice,Explore,-0.4
1784894953899,brice,Talk,0.7
1784894953899,brice,http://localhost:3251@Bee,0.5
1784894953899,brice,Walk,0
1784894953899,brice,Play,-0.4
1784894954681,Ant,Dance,0.5
1784894954681,Ant,http://localhost:3251@Bee,0.20000000000000004
1784894954681,Ant,Sing,-0.20000000000000004
1784894954681,Ant,http://localhost:3251@alice,2.7755575615628914e-17
1784894954681,Ant,Explore,0.10000000000000003
1784894954681,Ant,Fight,0.30000000000000004
1784894954681,Ant,http://localhost:3251@Bat,0.4
1784894954681,Ant,http://localhost:3251@brice,0.1
1784894954681,Ant,Talk,-0.4
1784894954681,Ant,Exercise,-0.1
1784894954681,Ant,http://localhost:3251@bear,-0.7999999999999999
1784894954681,Ant,Play,0.10000000000000003
1784894954681,Ant,Walk,-0.30000000000000004
1784894954682,Bee,Dance,0
1784894954682,Bee,http://localhost:3251@Ant,-0.4
1784894954682,Bee,Explore,0.8999999999999999
1784894954682,Bee,Fight,-0.5
1784894954682,Bee,http://localhost:3251@bear,-0.7999999999999999
1784894954682,Bee,Sing,-0.8999999999999999
1784894954682,Bee,http://localhost:3251@Bat,0.30000000000000004
1784894954682,Bee,http://localhost:3251@brice,0.10000000000000003
1784894954682,Bee,http://localhost:3251@alice,-0.8999999999999999
1784894954682,Bee,Talk,-0.2
1784894954682,Bee,Exercise,0.20000000000000004
1784894954682,Bee,Walk,-0.1
1784894954682,Bee,Play,-0.20000000000000004
1784894954732,alice,Explore,0.10000000000000003
1784894954732,alice,Sing,-0.30000000000000004
1784894954732,alice,http://localhost:3251@Ant,0.5
1784894954732,alice,Walk,0.6
1784894954732,alice,http://localhost:3251@Bat,0.5
1784894954732,alice,Fight,0.20000000000000004
1784894954732,alice,http://localhost:3251@bear,-0.4
1784894954732,alice,Exercise,-0.30000000000000004
1784894954732,alice,http://localhost:3251@brice,-0.4
1784894954732,alice,Talk,-0.30000000000000004
1784894954732,alice,http://localhost:3251@Bee,0
1784894954732,alice,Play,0.30000000000000004
1784894954732,alice,Dance,2.7755575615628914e-17
1784894954733,bear,Fight,2.7755575615628914e-17
1784894954733,bear,http://localhost:3251@Bee,0.5
1784894954733,bear,http://localhost:3251@alice,-0.20000000000000004
1784894954733,bear,Explore,0.4
1784894954733,bear,Walk,0.1
1784894954733,bear,Exercise,-0.2
1784894954733,bear,http://localhost:3251@Ant,0.5
1784894954733,bear,Sing,0.4
1784894954733,bear,Talk,-0.30000000000000004
1784894954733,bear,http://localhost:3251@brice,-0.4
1784894954733,bear,http://localhost:3251@Bat,-0.4
1784894954733,bear,Play,-0.10000000000000003
1784894954733,bear,Dance,0.1
1784894955482,brice,Sing,0.9999999999999999
1784894955482,brice,http://localhost:3251@Bat,0.9999999999999999
1784894955482,brice,Fight,0.6
1784894955482,brice,http://localhost:3251@bear,-0.4
1784894955482,brice,http://localhost:3251@Ant,0.9999999999999999
1784894955482,brice,Dance,0.09999999999999998
1784894955482,brice,Exercise,0.5
1784894955482,brice,http://localhost:3251@alice,0.4
1784894955482,brice,Explore,-0.30000000000000004
1784894955482,brice,Talk,0.7
1784894955482,brice,http://localhost:3251@Bee,0.5
1784894955482,brice,Walk,0
1784894955482,brice,Play,-0.4
1784894955588,Ant,Dance,0.5
1784894955588,Ant,http://localhost:3251@Bee,0.20000000000000004
1784894955588,Ant,Sing,-0.20000000000000004
1784894955588,Ant,http://localhost:3251@alice,2.7755575615628914e-17
1784894955588,Ant,Explore,0.10000000000000003
1784894955588,Ant,Fight,0.4
1784894955588,Ant,http://localhost:3251@Bat,0.5
1784894955588,Ant,http://localhost:3251@brice,0.1
1784894955588,Ant,Talk,-0.4
1784894955588,Ant,Exercise,-0.1
1784894955588,Ant,http://localhost:3251@bear,-0.7999999999999999
1784894955588,Ant,Play,0.10000000000000003
1784894955588,Ant,Walk,-0.30000000000000004
1784894955588,Bat,Explore,-0.7
1784894955588,Bat,Sing,-0.20000000000000004
1784894955588,Bat,http://localhost:3251@brice,-0.6
1784894955588,Bat,Walk,0.1
1784894955588,Bat,http://localhost:3251@alice,0.20000000000000004
1784894955588,Bat,Fight,-0.1
1784894955588,Bat,http://localhost:3251@Ant,-0.4
1784894955588,Bat,Dance,0.10000000000000003
1784894955588,Bat,Talk,-0.30000000000000004
1784894955588,Bat,http://localhost:3251@bear,0.7
1784894955588,Bat,http://localhost:3251@Bee,-0.7
1784894955588,Bat,Exercise,-0.1
1784894955588,Bat,Play,-0.30000000000000004
1784894956627,alice,Explore,0.10000000000000003
1784894956627,alice,Sing,-0.30000000000000004
1784894956627,alice,http://localhost:3251@Ant,0.6
1784894956627,alice,Walk,0.6
1784894956627,alice,http://localhost:3251@Bat,0.5
1784894956627,alice,Fight,0.20000000000000004
1784894956627,alice,http://localhost:3251@bear,-0.4
1784894956627,alice,Exercise,-0.30000000000000004
1784894956627,alice,http://localhost:3251@brice,-0.4
1784894956627,alice,Talk,-0.30000000000000004
1784894956627,alice,http://localhost:3251@Bee,0
1784894956627,alice,Play,0.4
1784894956627,alice,Dance,2.7755575615628914e-17
1784894956631,brice,Sing,0.9999999999999999
1784894956631,brice,http://localhost:3251@Bat,0.9999999999999999
1784894956631,brice,Fight,0.6
1784894956631,brice,http://localhost:3251@bear,-0.4
1784894956631,brice,http://localhost:3251@Ant,0.9999999999999999
1784894956631,brice,Dance,0.09999999999999998
1784894956631,brice,Exercise,0.5
1784894956631,brice,http://localhost:3251@alice,0.5
1784894956631,brice,Explore,-0.30000000000000004
1784894956631,brice,Talk,0.7
1784894956631,brice,http://localhost:3251@Bee,0.5
1784894956631,brice,Walk,0
1784894956631,brice,Play,-0.30000000000000004
1784894957145,Ant,Dance,0.5
1784894957145,Ant,http://localhost:3251@Bee,0.20000000000000004
1784894957145,Ant,Sing,-0.20000000000000004
1784894957145,Ant,http://localhost:3251@alice,2.7755575615628914e-17
1784894957145,Ant,Explore,2.7755575615628914e-17
1784894957145,Ant,Fight,0.4
1784894957145,Ant,http://localhost:3251@Bat,0.5
1784894957145,Ant,http://localhost:3251@brice,0.1
1784894957145,Ant,Talk,-0.4
1784894957145,Ant,Exercise,-0.1
1784894957145,Ant,http://localhost:3251@bear,-0.7999999999999999
1784894957145,Ant,Play,0.10000000000000003
1784894957145,Ant,Walk,-0.30000000000000004
1784894957202,alice,Explore,0.10000000000000003
1784894957202,alice,Sing,-0.30000000000000004
1784894957202,alice,http://localhost:3251@Ant,0.6
1784894957202,alice,Walk,0.6
1784894957202,alice,http://localhost:3251@Bat,0.6
1784894957202,alice,Fight,0.30000000000000004
1784894957202,alice,http://localhost:3251@bear,-0.4
1784894957202,alice,Exercise,-0.30000000000000004
1784894957202,alice,http://localhost:3251@brice,-0.4
1784894957202,alice,Talk,-0.30000000000000004
1784894957202,alice,http://localhost:3251@Bee,0
1784894957202,alice,Play,0.4
1784894957202,alice,Dance,2.7755575615628914e-17
1784894957202,Bat,Explore,-0.7
1784894957202,Bat,Sing,-0.20000000000000004
1784894957202,Bat,http://localhost:3251@brice,-0.6
1784894957202,Bat,Walk,0.1
1784894957202,Bat,http://localhost:3251@alice,0.20000000000000004
1784894957202,Bat,Fight,0
1784894957202,Bat,http://localhost:3251@Ant,-0.4
1784894957202,Bat,Dance,0.10000000000000003
1784894957202,Bat,Talk,-0.30000000000000004
1784894957202,Bat,http://localhost:3251@bear,0.7999999999999999
1784894957202,Bat,http://localhost:3251@Bee,-0.7
1784894957202,Bat,Exercise,-0.1
1784894957202,Bat,Play,-0.30000000000000004
1784894957530,Bee,Dance,0
1784894957530,Bee,http://localhost:3251@Ant,-0.4
1784894957530,Bee,Explore,0.9999999999999999
1784894957530,Bee,Fight,-0.5
1784894957530,Bee,http://localhost:3251@bear,-0.7999999999999999
1784894957530,Bee,Sing,-0.8999999999999999
1784894957530,Bee,http://localhost:3251@Bat,0.30000000000000004
1784894957530,Bee,http://localhost:3251@brice,0.10000000000000003
1784894957530,Bee,http://localhost:3251@alice,-0.8999999999999999
1784894957530,Bee,Talk,-0.2
1784894957530,Bee,Exercise,0.20000000000000004
1784894957530,Bee,Walk,-0.1
1784894957530,Bee,Play,-0.20000000000000004
1784894958243,bear,Fight,2.7755575615628914e-17
1784894958243,bear,http://localhost:3251@Bee,0.5
1784894958243,bear,http://localhost:3251@alice,-0.20000000000000004
1784894958243,bear,Explore,0.30000000000000004
1784894958243,bear,Walk,0.1
1784894958243,bear,Exercise,-0.2
1784894958243,bear,http://localhost:3251@Ant,0.5
1784894958243,bear,Sing,0.4
1784894958243,bear,Talk,-0.30000000000000004
1784894958243,bear,http://localhost:3251@brice,-0.4
1784894958243,bear,http://localhost:3251@Bat,-0.4
1784894958243,bear,Play,-0.10000000000000003
1784894958243,bear,Dance,0.1
1784894958369,alice,Explore,0.10000000000000003
1784894958369,alice,Sing,-0.30000000000000004
1784894958369,alice,http://localhost:3251@Ant,0.6
1784894958369,alice,Walk,0.6
1784894958369,alice,http://localhost:3251@Bat,0.6
1784894958369,alice,Fight,0.30000000000000004
1784894958369,alice,http://localhost:3251@bear,-0.4
1784894958369,alice,Exercise,-0.4
1784894958369,alice,http://localhost:3251@brice,-0.5
1784894958369,alice,Talk,-0.30000000000000004
1784894958369,alice,http://localhost:3251@Bee,0
1784894958369,alice,Play,0.4
1784894958369,alice,Dance,2.7755575615628914e-17
1784894958370,Ant,Dance,0.5
1784894958370,Ant,http://localhost:3251@Bee,0.20000000000000004
1784894958370,Ant,Sing,-0.20000000000000004
1784894958370,Ant,http://localhost:3251@alice,-0.09999999999999998
1784894958370,Ant,Explore,2.7755575615628914e-17
1784894958370,Ant,Fight,0.4
1784894958370,Ant,http://localhost:3251@Bat,0.5
1784894958370,Ant,http://localhost:3251@brice,0.1
1784894958370,Ant,Talk,-0.4
1784894958370,Ant,Exercise,-0.2
1784894958370,Ant,http://localhost:3251@bear,-0.7999999999999999
1784894958370,Ant,Play,0.10000000000000003
1784894958370,Ant,Walk,-0.30000000000000004
1784894958759,Bat,Explore,-0.6
1784894958759,Bat,Sing,-0.20000000000000004
1784894958759,Bat,http://localhost:3251@brice,-0.6
1784894958759,Bat,Walk,0.1
1784894958759,Bat,http://localhost:3251@alice,0.20000000000000004
1784894958759,Bat,Fight,0
1784894958759,Bat,http://localhost:3251@Ant,-0.4
1784894958759,Bat,Dance,0.10000000000000003
1784894958759,Bat,Talk,-0.30000000000000004
1784894958759,Bat,http://localhost:3251@bear,0.7999999999999999
1784894958759,Bat,http://localhost:3251@Bee,-0.7
1784894958759,Bat,Exercise,-0.1
1784894958759,Bat,Play,-0.30000000000000004
1784894959160,bear,Fight,2.7755575615628914e-17
1784894959160,bear,http://localhost:3251@Bee,0.5
1784894959160,bear,http://localhost:3251@alice,-0.20000000000000004
1784894959160,bear,Explore,0.30000000000000004
1784894959160,bear,Walk,0
1784894959160,bear,Exercise,-0.2
1784894959160,bear,http://localhost:3251@Ant,0.5
1784894959160,bear,Sing,0.4
1784894959160,bear,Talk,-0.30000000000000004
1784894959160,bear,http://localhost:3251@brice,-0.5
1784894959160,bear,http://localhost:3251@Bat,-0.4
1784894959160,bear,Play,-0.10000000000000003
1784894959160,bear,Dance,0.1
1784894959160,brice,Sing,0.9999999999999999
1784894959160,brice,http://localhost:3251@Bat,1.0999999999999999
1784894959160,brice,Fight,0.6
1784894959160,brice,http://localhost:3251@bear,-0.4
1784894959160,brice,http://localhost:3251@Ant,0.9999999999999999
1784894959160,brice,Dance,0.09999999999999998
1784894959160,brice,Exercise,0.5
1784894959160,brice,http://localhost:3251@alice,0.5
1784894959160,brice,Explore,-0.30000000000000004
1784894959160,brice,Talk,0.7
1784894959160,brice,http://localhost:3251@Bee,0.5
1784894959160,brice,Walk,0.1
1784894959160,brice,Play,-0.30000000000000004
1784894959960,Ant,Dance,0.5
1784894959960,Ant,http://localhost:3251@Bee,0.20000000000000004
1784894959960,Ant,Sing,-0.20000000000000004
1784894959960,Ant,http://localhost:3251@alice,-0.09999999999999998
1784894959960,Ant,Explore,-0.09999999999999998
1784894959960,Ant,Fight,0.4
1784894959960,Ant,http://localhost:3251@Bat,0.5
1784894959960,Ant,http://localhost:3251@brice,0.1
1784894959960,Ant,Talk,-0.4
1784894959960,Ant,Exercise,-0.2
1784894959960,Ant,http://localhost:3251@bear,-0.7999999999999999
1784894959960,Ant,Play,0.10000000000000003
1784894959960,Ant,Walk,-0.30000000000000004
1784894960013,Bat,Explore,-0.6
1784894960013,Bat,Sing,-0.20000000000000004
1784894960013,Bat,http://localhost:3251@brice,-0.6
1784894960013,Bat,Walk,0.2
1784894960013,Bat,http://localhost:3251@alice,0.30000000000000004
1784894960013,Bat,Fight,0
1784894960013,Bat,http://localhost:3251@Ant,-0.4
1784894960013,Bat,Dance,0.10000000000000003
1784894960013,Bat,Talk,-0.30000000000000004
1784894960013,Bat,http://localhost:3251@bear,0.7999999999999999
1784894960013,Bat,http://localhost:3251@Bee,-0.7
1784894960013,Bat,Exercise,-0.1
1784894960013,Bat,Play,-0.30000000000000004
1784894960013,brice,Sing,0.9999999999999999
1784894960013,brice,http://localhost:3251@Bat,1.2
1784894960013,brice,Fight,0.6
1784894960013,brice,http://localhost:3251@bear,-0.4
1784894960013,brice,http://localhost:3251@Ant,0.9999999999999999
1784894960013,brice,Dance,0.09999999999999998
1784894960013,brice,Exercise,0.5
1784894960013,brice,http://localhost:3251@alice,0.5
1784894960013,brice,Explore,-0.30000000000000004
1784894960013,brice,Talk,0.7
1784894960013,brice,http://localhost:3251@Bee,0.5
1784894960013,brice,Walk,0.2
1784894960013,brice,Play,-0.30000000000000004
1784894960389,Bee,Dance,0
1784894960389,Bee,http://localhost:3251@Ant,-0.4
1784894960389,Bee,Explore,0.9999999999999999
1784894960389,Bee,Fight,-0.4
1784894960389,Bee,http://localhost:3251@bear,-0.7999999999999999
1784894960389,Bee,Sing,-0.8999999999999999
1784894960389,Bee,http://localhost:3251@Bat,0.30000000000000004
1784894960389,Bee,http://localhost:3251@brice,0.10000000000000003
1784894960389,Bee,http://localhost:3251@alice,-0.7999999999999999
1784894960389,Bee,Talk,-0.2
1784894960389,Bee,Exercise,0.20000000000000004
1784894960389,Bee,Walk,-0.1
1784894960389,Bee,Play,-0.20000000000000004
1784894960390,brice,Sing,0.9999999999999999
1784894960390,brice,http://localhost:3251@Bat,1.2
1784894960390,brice,Fight,0.5
1784894960390,brice,http://localhost:3251@bear,-0.4
1784894960390,brice,http://localhost:3251@Ant,0.9999999999999999
1784894960390,brice,Dance,0.09999999999999998
1784894960390,brice,Exercise,0.5
1784894960390,brice,http://localhost:3251@alice,0.5
1784894960390,brice,Explore,-0.30000000000000004
1784894960390,brice,Talk,0.7
1784894960390,brice,http://localhost:3251@Bee,0.4
1784894960390,brice,Walk,0.2
1784894960390,brice,Play,-0.30000000000000004
1784894961010,alice,Explore,0.10000000000000003
1784894961010,alice,Sing,-0.30000000000000004
1784894961010,alice,http://localhost:3251@Ant,0.5
1784894961010,alice,Walk,0.6
1784894961010,alice,http://localhost:3251@Bat,0.6
1784894961010,alice,Fight,0.30000000000000004
1784894961010,alice,http://localhost:3251@bear,-0.4
1784894961010,alice,Exercise,-0.4
1784894961010,alice,http://localhost:3251@brice,-0.5
1784894961010,alice,Talk,-0.30000000000000004
1784894961010,alice,http://localhost:3251@Bee,0
1784894961010,alice,Play,0.30000000000000004
1784894961010,alice,Dance,2.7755575615628914e-17
1784894961010,Bat,Explore,-0.6
1784894961010,Bat,Sing,-0.20000000000000004
1784894961010,Bat,http://localhost:3251@brice,-0.6
1784894961010,Bat,Walk,0.2
1784894961010,Bat,http://localhost:3251@alice,0.4
1784894961010,Bat,Fight,0
1784894961010,Bat,http://localhost:3251@Ant,-0.4
1784894961010,Bat,Dance,0.10000000000000003
1784894961010,Bat,Talk,-0.30000000000000004
1784894961010,Bat,http://localhost:3251@bear,0.7999999999999999
1784894961010,Bat,http://localhost:3251@Bee,-0.7
1784894961010,Bat,Exercise,-0.1
1784894961010,Bat,Play,-0.20000000000000004
1784894961172,Ant,Dance,0.6
1784894961172,Ant,http://localhost:3251@Bee,0.30000000000000004
1784894961172,Ant,Sing,-0.20000000000000004
1784894961172,Ant,http://localhost:3251@alice,-0.09999999999999998
1784894961172,Ant,Explore,-0.09999999999999998
1784894961172,Ant,Fight,0.4
1784894961172,Ant,http://localhost:3251@Bat,0.5
1784894961172,Ant,http://localhost:3251@brice,0.1
1784894961172,Ant,Talk,-0.4
1784894961172,Ant,Exercise,-0.2
1784894961172,Ant,http://localhost:3251@bear,-0.7999999999999999
1784894961172,Ant,Play,0.10000000000000003
1784894961172,Ant,Walk,-0.30000000000000004
1784894961172,bear,Fight,2.7755575615628914e-17
1784894961172,bear,http://localhost:3251@Bee,0.5
1784894961172,bear,http://localhost:3251@alice,-0.20000000000000004
1784894961172,bear,Explore,0.30000000000000004
1784894961172,bear,Walk,0
1784894961172,bear,Exercise,-0.2
1784894961172,bear,http://localhost:3251@Ant,0.4
1784894961172,bear,Sing,0.4
1784894961172,bear,Talk,-0.30000000000000004
1784894961172,bear,http://localhost:3251@brice,-0.5
1784894961172,bear,http://localhost:3251@Bat,-0.4
1784894961172,bear,Play,-0.10000000000000003
1784894961172,bear,Dance,0
1784894961711,alice,Explore,0.10000000000000003
1784894961711,alice,Sing,-0.20000000000000004
1784894961711,alice,http://localhost:3251@Ant,0.5
1784894961711,alice,Walk,0.6
1784894961711,alice,http://localhost:3251@Bat,0.6
1784894961711,alice,Fight,0.30000000000000004
1784894961711,alice,http://localhost:3251@bear,-0.4
1784894961711,alice,Exercise,-0.4
1784894961711,alice,http://localhost:3251@brice,-0.4
1784894961711,alice,Talk,-0.30000000000000004
1784894961711,alice,http://localhost:3251@Bee,0
1784894961711,alice,Play,0.30000000000000004
1784894961711,alice,Dance,2.7755575615628914e-17
1784894961711,brice,Sing,0.8999999999999999
1784894961711,brice,http://localhost:3251@Bat,1.2
1784894961711,brice,Fight,0.5
1784894961711,brice,http://localhost:3251@bear,-0.4
1784894961711,brice,http://localhost:3251@Ant,0.8999999999999999
1784894961711,brice,Dance,0.09999999999999998
1784894961711,brice,Exercise,0.5
1784894961711,brice,http://localhost:3251@alice,0.5
1784894961711,brice,Explore,-0.30000000000000004
1784894961711,brice,Talk,0.7
1784894961711,brice,http://localhost:3251@Bee,0.4
1784894961711,brice,Walk,0.2
1784894961711,brice,Play,-0.30000000000000004
1784894962607,Bat,Explore,-0.5
1784894962607,Bat,Sing,-0.20000000000000004
1784894962607,Bat,http://localhost:3251@brice,-0.6
1784894962607,Bat,Walk,0.2
1784894962607,Bat,http://localhost:3251@alice,0.4
1784894962607,Bat,Fight,0
1784894962607,Bat,http://localhost:3251@Ant,-0.4
1784894962607,Bat,Dance,0.10000000000000003
1784894962607,Bat,Talk,-0.30000000000000004
1784894962607,Bat,http://localhost:3251@bear,0.7999999999999999
1784894962607,Bat,http://localhost:3251@Bee,-0.7
1784894962607,Bat,Exercise,-0.1
1784894962607,Bat,Play,-0.20000000000000004
1784894962783,bear,Fight,2.7755575615628914e-17
1784894962783,bear,http://localhost:3251@Bee,0.5
1784894962783,bear,http://localhost:3251@alice,-0.20000000000000004
1784894962783,bear,Explore,0.20000000000000004
1784894962783,bear,Walk,0
1784894962783,bear,Exercise,-0.2
1784894962783,bear,http://localhost:3251@Ant,0.4
1784894962783,bear,Sing,0.4
1784894962783,bear,Talk,-0.30000000000000004
1784894962783,bear,http://localhost:3251@brice,-0.5
1784894962783,bear,http://localhost:3251@Bat,-0.4
1784894962783,bear,Play,-0.10000000000000003
1784894962783,bear,Dance,0
1784894963132,Ant,Dance,0.6
1784894963132,Ant,http://localhost:3251@Bee,0.30000000000000004
1784894963132,Ant,Sing,-0.20000000000000004
1784894963132,Ant,http://localhost:3251@alice,-0.09999999999999998
1784894963132,Ant,Explore,-0.09999999999999998
1784894963132,Ant,Fight,0.4
1784894963132,Ant,http://localhost:3251@Bat,0.5
1784894963132,Ant,http://localhost:3251@brice,0
1784894963132,Ant,Talk,-0.4
1784894963132,Ant,Exercise,-0.2
1784894963132,Ant,http://localhost:3251@bear,-0.7999999999999999
1784894963132,Ant,Play,0.10000000000000003
1784894963132,Ant,Walk,-0.4
1784894963133,brice,Sing,0.8999999999999999
1784894963133,brice,http://localhost:3251@Bat,1.2
1784894963133,brice,Fight,0.5
1784894963133,brice,http://localhost:3251@bear,-0.4
1784894963133,brice,http://localhost:3251@Ant,0.7999999999999999
1784894963133,brice,Dance,0.09999999999999998
1784894963133,brice,Exercise,0.5
1784894963133,brice,http://localhost:3251@alice,0.5
1784894963133,brice,Explore,-0.30000000000000004
1784894963133,brice,Talk,0.7
1784894963133,brice,http://localhost:3251@Bee,0.4
1784894963133,brice,Walk,0.1
1784894963133,brice,Play,-0.30000000000000004
1784894963524,alice,Explore,0.10000000000000003
1784894963524,alice,Sing,-0.20000000000000004
1784894963524,alice,http://localhost:3251@Ant,0.5
1784894963524,alice,Walk,0.6
1784894963524,alice,http://localhost:3251@Bat,0.6
1784894963524,alice,Fight,0.30000000000000004
1784894963524,alice,http://localhost:3251@bear,-0.4
1784894963524,alice,Exercise,-0.5
1784894963524,alice,http://localhost:3251@brice,-0.5
1784894963524,alice,Talk,-0.30000000000000004
1784894963524,alice,http://localhost:3251@Bee,0
1784894963524,alice,Play,0.30000000000000004
1784894963524,alice,Dance,2.7755575615628914e-17
1784894963524,Bat,Explore,-0.5
1784894963524,Bat,Sing,-0.20000000000000004
1784894963524,Bat,http://localhost:3251@brice,-0.6
1784894963524,Bat,Walk,0.2
1784894963524,Bat,http://localhost:3251@alice,0.30000000000000004
1784894963524,Bat,Fight,0
1784894963524,Bat,http://localhost:3251@Ant,-0.4
1784894963524,Bat,Dance,0.10000000000000003
1784894963524,Bat,Talk,-0.30000000000000004
1784894963524,Bat,http://localhost:3251@bear,0.7999999999999999
1784894963524,Bat,http://localhost:3251@Bee,-0.7
1784894963524,Bat,Exercise,-0.2
1784894963524,Bat,Play,-0.20000000000000004
1784894964091,bear,Fight,2.7755575615628914e-17
1784894964091,bear,http://localhost:3251@Bee,0.5
1784894964091,bear,http://localhost:3251@alice,-0.20000000000000004
1784894964091,bear,Explore,0.20000000000000004
1784894964091,bear,Walk,0
1784894964091,bear,Exercise,-0.2
1784894964091,bear,http://localhost:3251@Ant,0.30000000000000004
1784894964091,bear,Sing,0.4
1784894964091,bear,Talk,-0.30000000000000004
1784894964091,bear,http://localhost:3251@brice,-0.5
1784894964091,bear,http://localhost:3251@Bat,-0.4
1784894964091,bear,Play,-0.10000000000000003
1784894964091,bear,Dance,-0.1
1784894964092,brice,Sing,0.8999999999999999
1784894964092,brice,http://localhost:3251@Bat,1.2
1784894964092,brice,Fight,0.5
1784894964092,brice,http://localhost:3251@bear,-0.30000000000000004
1784894964092,brice,http://localhost:3251@Ant,0.7999999999999999
1784894964092,brice,Dance,0.19999999999999998
1784894964092,brice,Exercise,0.5
1784894964092,brice,http://localhost:3251@alice,0.5
1784894964092,brice,Explore,-0.30000000000000004
1784894964092,brice,Talk,0.7
1784894964092,brice,http://localhost:3251@Bee,0.4
1784894964092,brice,Walk,0.1
1784894964092,brice,Play,-0.30000000000000004
1784894965120,Bat,Explore,-0.4
1784894965120,Bat,Sing,-0.20000000000000004
1784894965120,Bat,http://localhost:3251@brice,-0.6
1784894965120,Bat,Walk,0.2
1784894965120,Bat,http://localhost:3251@alice,0.30000000000000004
1784894965120,Bat,Fight,0
1784894965120,Bat,http://localhost:3251@Ant,-0.4
1784894965120,Bat,Dance,0.10000000000000003
1784894965120,Bat,Talk,-0.30000000000000004
1784894965120,Bat,http://localhost:3251@bear,0.7999999999999999
1784894965120,Bat,http://localhost:3251@Bee,-0.7
1784894965120,Bat,Exercise,-0.2
1784894965120,Bat,Play,-0.20000000000000004
1784894965282,Ant,Dance,0.6
1784894965282,Ant,http://localhost:3251@Bee,0.30000000000000004
1784894965282,Ant,Sing,-0.30000000000000004
1784894965282,Ant,http://localhost:3251@alice,-0.09999999999999998
1784894965282,Ant,Explore,-0.09999999999999998
1784894965282,Ant,Fight,0.4
1784894965282,Ant,http://localhost:3251@Bat,0.5
1784894965282,Ant,http://localhost:3251@brice,0
1784894965282,Ant,Talk,-0.4
1784894965282,Ant,Exercise,-0.2
1784894965282,Ant,http://localhost:3251@bear,-0.8999999999999999
1784894965282,Ant,Play,0.10000000000000003
1784894965282,Ant,Walk,-0.4
1784894965282,bear,Fight,2.7755575615628914e-17
1784894965282,bear,http://localhost:3251@Bee,0.5
1784894965282,bear,http://localhost:3251@alice,-0.20000000000000004
1784894965282,bear,Explore,0.20000000000000004
1784894965282,bear,Walk,0
1784894965282,bear,Exercise,-0.2
1784894965282,bear,http://localhost:3251@Ant,0.4
1784894965282,bear,Sing,0.5
1784894965282,bear,Talk,-0.30000000000000004
1784894965282,bear,http://localhost:3251@brice,-0.5
1784894965282,bear,http://localhost:3251@Bat,-0.4
1784894965282,bear,Play,-0.10000000000000003
1784894965282,bear,Dance,-0.1
1784894965340,alice,Explore,0.10000000000000003
1784894965340,alice,Sing,-0.20000000000000004
1784894965340,alice,http://localhost:3251@Ant,0.5
1784894965340,alice,Walk,0.6
1784894965340,alice,http://localhost:3251@Bat,0.6
1784894965340,alice,Fight,0.30000000000000004
1784894965340,alice,http://localhost:3251@bear,-0.4
1784894965340,alice,Exercise,-0.5
1784894965340,alice,http://localhost:3251@brice,-0.5
1784894965340,alice,Talk,-0.30000000000000004
1784894965340,alice,http://localhost:3251@Bee,0.1
1784894965340,alice,Play,0.30000000000000004
1784894965340,alice,Dance,0.10000000000000003
1784894965342,Bee,Dance,-0.1
1784894965342,Bee,http://localhost:3251@Ant,-0.4
1784894965342,Bee,Explore,0.9999999999999999
1784894965342,Bee,Fight,-0.4
1784894965342,Bee,http://localhost:3251@bear,-0.7999999999999999
1784894965342,Bee,Sing,-0.8999999999999999
1784894965342,Bee,http://localhost:3251@Bat,0.30000000000000004
1784894965342,Bee,http://localhost:3251@brice,0.10000000000000003
1784894965342,Bee,http://localhost:3251@alice,-0.8999999999999999
1784894965342,Bee,Talk,-0.2
1784894965342,Bee,Exercise,0.20000000000000004
1784894965342,Bee,Walk,-0.1
1784894965342,Bee,Play,-0.20000000000000004
1784894966588,alice,Explore,0.10000000000000003
1784894966588,alice,Sing,-0.20000000000000004
1784894966588,alice,http://localhost:3251@Ant,0.5
1784894966588,alice,Walk,0.7
1784894966588,alice,http://localhost:3251@Bat,0.7
1784894966588,alice,Fight,0.30000000000000004
1784894966588,alice,http://localhost:3251@bear,-0.4
1784894966588,alice,Exercise,-0.5
1784894966588,alice,http://localhost:3251@brice,-0.5
1784894966588,alice,Talk,-0.30000000000000004
1784894966588,alice,http://localhost:3251@Bee,0.1
1784894966588,alice,Play,0.30000000000000004
1784894966588,alice,Dance,0.10000000000000003
1784894966589,brice,Sing,0.8999999999999999
1784894966589,brice,http://localhost:3251@Bat,1.2
1784894966589,brice,Fight,0.5
1784894966589,brice,http://localhost:3251@bear,-0.30000000000000004
1784894966589,brice,http://localhost:3251@Ant,0.7999999999999999
1784894966589,brice,Dance,0.19999999999999998
1784894966589,brice,Exercise,0.5
1784894966589,brice,http://localhost:3251@alice,0.6
1784894966589,brice,Explore,-0.30000000000000004
1784894966589,brice,Talk,0.7
1784894966589,brice,http://localhost:3251@Bee,0.4
1784894966589,brice,Walk,0.2
1784894966589,brice,Play,-0.30000000000000004
1784894966648,Bat,Explore,-0.30000000000000004
1784894966648,Bat,Sing,-0.20000000000000004
1784894966648,Bat,http://localhost:3251@brice,-0.6
1784894966648,Bat,Walk,0.2
1784894966648,Bat,http://localhost:3251@alice,0.30000000000000004
1784894966648,Bat,Fight,0
1784894966648,Bat,http://localhost:3251@Ant,-0.4
1784894966648,Bat,Dance,0.10000000000000003
1784894966648,Bat,Talk,-0.30000000000000004
1784894966648,Bat,http://localhost:3251@bear,0.7999999999999999
1784894966648,Bat,http://localhost:3251@Bee,-0.7
1784894966648,Bat,Exercise,-0.2
1784894966648,Bat,Play,-0.20000000000000004
1784894966829,Ant,Dance,0.6
1784894966829,Ant,http://localhost:3251@Bee,0.30000000000000004
1784894966829,Ant,Sing,-0.30000000000000004
1784894966829,Ant,http://localhost:3251@alice,-0.09999999999999998
1784894966829,Ant,Explore,2.7755575615628914e-17
1784894966829,Ant,Fight,0.4
1784894966829,Ant,http://localhost:3251@Bat,0.5
1784894966829,Ant,http://localhost:3251@brice,0
1784894966829,Ant,Talk,-0.4
1784894966829,Ant,Exercise,-0.2
1784894966829,Ant,http://localhost:3251@bear,-0.8999999999999999
1784894966829,Ant,Play,0.10000000000000003
1784894966829,Ant,Walk,-0.4
1784894966830,bear,Fight,2.7755575615628914e-17
1784894966830,bear,http://localhost:3251@Bee,0.5
1784894966830,bear,http://localhost:3251@alice,-0.20000000000000004
1784894966830,bear,Explore,0.30000000000000004
1784894966830,bear,Walk,0
1784894966830,bear,Exercise,-0.2
1784894966830,bear,http://localhost:3251@Ant,0.4
1784894966830,bear,Sing,0.5
1784894966830,bear,Talk,-0.30000000000000004
1784894966830,bear,http://localhost:3251@brice,-0.5
1784894966830,bear,http://localhost:3251@Bat,-0.4
1784894966830,bear,Play,-0.10000000000000003
1784894966830,bear,Dance,-0.1
1784894966933,alice,Explore,0.10000000000000003
1784894966933,alice,Sing,-0.20000000000000004
1784894966933,alice,http://localhost:3251@Ant,0.5
1784894966933,alice,Walk,0.7
1784894966933,alice,http://localhost:3251@Bat,0.7
1784894966933,alice,Fight,0.4
1784894966933,alice,http://localhost:3251@bear,-0.4
1784894966933,alice,Exercise,-0.5
1784894966933,alice,http://localhost:3251@brice,-0.5
1784894966933,alice,Talk,-0.30000000000000004
1784894966933,alice,http://localhost:3251@Bee,0.2
1784894966933,alice,Play,0.30000000000000004
1784894966933,alice,Dance,0.10000000000000003
1784894966933,Bee,Dance,-0.1
1784894966933,Bee,http://localhost:3251@Ant,-0.4
1784894966933,Bee,Explore,0.9999999999999999
1784894966933,Bee,Fight,-0.5
1784894966933,Bee,http://localhost:3251@bear,-0.7999999999999999
1784894966933,Bee,Sing,-0.8999999999999999
1784894966933,Bee,http://localhost:3251@Bat,0.30000000000000004
1784894966933,Bee,http://localhost:3251@brice,0.10000000000000003
1784894966933,Bee,http://localhost:3251@alice,-0.9999999999999999
1784894966933,Bee,Talk,-0.2
1784894966933,Bee,Exercise,0.20000000000000004
1784894966933,Bee,Walk,-0.1
1784894966933,Bee,Play,-0.20000000000000004
1784894967830,Bat,Explore,-0.30000000000000004
1784894967830,Bat,Sing,-0.20000000000000004
1784894967830,Bat,http://localhost:3251@brice,-0.5
1784894967830,Bat,Walk,0.2
1784894967830,Bat,http://localhost:3251@alice,0.30000000000000004
1784894967830,Bat,Fight,0
1784894967830,Bat,http://localhost:3251@Ant,-0.4
1784894967830,Bat,Dance,0.10000000000000003
1784894967830,Bat,Talk,-0.30000000000000004
1784894967830,Bat,http://localhost:3251@bear,0.7999999999999999
1784894967830,Bat,http://localhost:3251@Bee,-0.7
1784894967830,Bat,Exercise,-0.2
1784894967830,Bat,Play,-0.10000000000000003
1784894967831,brice,Sing,0.8999999999999999
1784894967831,brice,http://localhost:3251@Bat,1.2
1784894967831,brice,Fight,0.5
1784894967831,brice,http://localhost:3251@bear,-0.20000000000000004
1784894967831,brice,http://localhost:3251@Ant,0.7999999999999999
1784894967831,brice,Dance,0.19999999999999998
1784894967831,brice,Exercise,0.5
1784894967831,brice,http://localhost:3251@alice,0.6
1784894967831,brice,Explore,-0.30000000000000004
1784894967831,brice,Talk,0.7
1784894967831,brice,http://localhost:3251@Bee,0.4
1784894967831,brice,Walk,0.2
1784894967831,brice,Play,-0.20000000000000004
1784894968057,Ant,Dance,0.6
1784894968057,Ant,http://localhost:3251@Bee,0.30000000000000004
1784894968057,Ant,Sing,-0.30000000000000004
1784894968057,Ant,http://localhost:3251@alice,-0.09999999999999998
1784894968057,Ant,Explore,2.7755575615628914e-17
1784894968057,Ant,Fight,0.4
1784894968057,Ant,http://localhost:3251@Bat,0.5
1784894968057,Ant,http://localhost:3251@brice,0
1784894968057,Ant,Talk,-0.4
1784894968057,Ant,Exercise,-0.2
1784894968057,Ant,http://localhost:3251@bear,-0.9999999999999999
1784894968057,Ant,Play,2.7755575615628914e-17
1784894968057,Ant,Walk,-0.4
1784894968058,Bee,Dance,-0.1
1784894968058,Bee,http://localhost:3251@Ant,-0.5
1784894968058,Bee,Explore,0.9999999999999999
1784894968058,Bee,Fight,-0.5
1784894968058,Bee,http://localhost:3251@bear,-0.7999999999999999
1784894968058,Bee,Sing,-0.8999999999999999
1784894968058,Bee,http://localhost:3251@Bat,0.30000000000000004
1784894968058,Bee,http://localhost:3251@brice,0.10000000000000003
1784894968058,Bee,http://localhost:3251@alice,-0.9999999999999999
1784894968058,Bee,Talk,-0.2
1784894968058,Bee,Exercise,0.20000000000000004
1784894968058,Bee,Walk,-0.1
1784894968058,Bee,Play,-0.30000000000000004
1784894968333,bear,Fight,2.7755575615628914e-17
1784894968333,bear,http://localhost:3251@Bee,0.5
1784894968333,bear,http://localhost:3251@alice,-0.20000000000000004
1784894968333,bear,Explore,0.20000000000000004
1784894968333,bear,Walk,0
1784894968333,bear,Exercise,-0.2
1784894968333,bear,http://localhost:3251@Ant,0.4
1784894968333,bear,Sing,0.5
1784894968333,bear,Talk,-0.30000000000000004
1784894968333,bear,http://localhost:3251@brice,-0.5
1784894968333,bear,http://localhost:3251@Bat,-0.4
1784894968333,bear,Play,-0.10000000000000003
1784894968333,bear,Dance,-0.1
1784894969112,Ant,Dance,0.6
1784894969112,Ant,http://localhost:3251@Bee,0.30000000000000004
1784894969112,Ant,Sing,-0.30000000000000004
1784894969112,Ant,http://localhost:3251@alice,-0.09999999999999998
1784894969112,Ant,Explore,2.7755575615628914e-17
1784894969112,Ant,Fight,0.5
1784894969112,Ant,http://localhost:3251@Bat,0.6
1784894969112,Ant,http://localhost:3251@brice,0
1784894969112,Ant,Talk,-0.4
1784894969112,Ant,Exercise,-0.2
1784894969112,Ant,http://localhost:3251@bear,-0.9999999999999999
1784894969112,Ant,Play,2.7755575615628914e-17
1784894969112,Ant,Walk,-0.4
1784894969113,bear,Fight,2.7755575615628914e-17
1784894969113,bear,http://localhost:3251@Bee,0.5
1784894969113,bear,http://localhost:3251@alice,-0.20000000000000004
1784894969113,bear,Explore,0.20000000000000004
1784894969113,bear,Walk,0
1784894969113,bear,Exercise,-0.2
1784894969113,bear,http://localhost:3251@Ant,0.4
1784894969113,bear,Sing,0.5
1784894969113,bear,Talk,-0.30000000000000004
1784894969113,bear,http://localhost:3251@brice,-0.4
1784894969113,bear,http://localhost:3251@Bat,-0.4
1784894969113,bear,Play,-2.7755575615628914e-17
1784894969113,bear,Dance,-0.1
1784894969113,Bee,Dance,-0.1
1784894969113,Bee,http://localhost:3251@Ant,-0.4
1784894969113,Bee,Explore,0.9999999999999999
1784894969113,Bee,Fight,-0.4
1784894969113,Bee,http://localhost:3251@bear,-0.7999999999999999
1784894969113,Bee,Sing,-0.8999999999999999
1784894969113,Bee,http://localhost:3251@Bat,0.30000000000000004
1784894969113,Bee,http://localhost:3251@brice,0.10000000000000003
1784894969113,Bee,http://localhost:3251@alice,-0.9999999999999999
1784894969113,Bee,Talk,-0.2
1784894969113,Bee,Exercise,0.20000000000000004
1784894969113,Bee,Walk,-0.1
1784894969113,Bee,Play,-0.30000000000000004
1784894969113,brice,Sing,0.8999999999999999
1784894969113,brice,http://localhost:3251@Bat,1.2
1784894969113,brice,Fight,0.5
1784894969113,brice,http://localhost:3251@bear,-0.30000000000000004
1784894969113,brice,http://localhost:3251@Ant,0.7999999999999999
1784894969113,brice,Dance,0.19999999999999998
1784894969113,brice,Exercise,0.5
1784894969113,brice,http://localhost:3251@alice,0.6
1784894969113,brice,Explore,-0.30000000000000004
1784894969113,brice,Talk,0.7
1784894969113,brice,http://localhost:3251@Bee,0.4
1784894969113,brice,Walk,0.2
1784894969113,brice,Play,-0.30000000000000004
1784894969215,alice,Explore,0.20000000000000004
1784894969215,alice,Sing,-0.20000000000000004
1784894969215,alice,http://localhost:3251@Ant,0.5
1784894969215,alice,Walk,0.7
1784894969215,alice,http://localhost:3251@Bat,0.7
1784894969215,alice,Fight,0.4
1784894969215,alice,http://localhost:3251@bear,-0.4
1784894969215,alice,Exercise,-0.5
1784894969215,alice,http://localhost:3251@brice,-0.5
1784894969215,alice,Talk,-0.30000000000000004
1784894969215,alice,http://localhost:3251@Bee,0.2
1784894969215,alice,Play,0.30000000000000004
1784894969215,alice,Dance,0.10000000000000003
1784894969845,Bat,Explore,-0.30000000000000004
1784894969845,Bat,Sing,-0.20000000000000004
1784894969845,Bat,http://localhost:3251@brice,-0.5
1784894969845,Bat,Walk,0.30000000000000004
1784894969845,Bat,http://localhost:3251@alice,0.4
1784894969845,Bat,Fight,0
1784894969845,Bat,http://localhost:3251@Ant,-0.4
1784894969845,Bat,Dance,0.10000000000000003
1784894969845,Bat,Talk,-0.30000000000000004
1784894969845,Bat,http://localhost:3251@bear,0.7999999999999999
1784894969845,Bat,http://localhost:3251@Bee,-0.7
1784894969845,Bat,Exercise,-0.2
1784894969845,Bat,Play,-0.10000000000000003
1784894969848,Bee,Dance,-0.1
1784894969848,Bee,http://localhost:3251@Ant,-0.4
1784894969848,Bee,Explore,0.9999999999999999
1784894969848,Bee,Fight,-0.4
1784894969848,Bee,http://localhost:3251@bear,-0.7999999999999999
1784894969848,Bee,Sing,-0.8999999999999999
1784894969848,Bee,http://localhost:3251@Bat,0.20000000000000004
1784894969848,Bee,http://localhost:3251@brice,0.10000000000000003
1784894969848,Bee,http://localhost:3251@alice,-0.9999999999999999
1784894969848,Bee,Talk,-0.2
1784894969848,Bee,Exercise,0.20000000000000004
1784894969848,Bee,Walk,-0.2
1784894969848,Bee,Play,-0.30000000000000004
1784894971091,Ant,Dance,0.6
1784894971091,Ant,http://localhost:3251@Bee,0.30000000000000004
1784894971091,Ant,Sing,-0.30000000000000004
1784894971091,Ant,http://localhost:3251@alice,-0.09999999999999998
1784894971091,Ant,Explore,2.7755575615628914e-17
1784894971091,Ant,Fight,0.5
1784894971091,Ant,http://localhost:3251@Bat,0.6
1784894971091,Ant,http://localhost:3251@brice,0.1
1784894971091,Ant,Talk,-0.4
1784894971091,Ant,Exercise,-0.2
1784894971091,Ant,http://localhost:3251@bear,-0.9999999999999999
1784894971091,Ant,Play,2.7755575615628914e-17
1784894971091,Ant,Walk,-0.30000000000000004
1784894971093,brice,Sing,0.8999999999999999
1784894971093,brice,http://localhost:3251@Bat,1.2
1784894971093,brice,Fight,0.5
1784894971093,brice,http://localhost:3251@bear,-0.30000000000000004
1784894971093,brice,http://localhost:3251@Ant,0.7
1784894971093,brice,Dance,0.19999999999999998
1784894971093,brice,Exercise,0.5
1784894971093,brice,http://localhost:3251@alice,0.6
1784894971093,brice,Explore,-0.30000000000000004
1784894971093,brice,Talk,0.7
1784894971093,brice,http://localhost:3251@Bee,0.4
1784894971093,brice,Walk,0.1
1784894971093,brice,Play,-0.30000000000000004
1784894971497,Bat,Explore,-0.30000000000000004
1784894971497,Bat,Sing,-0.20000000000000004
1784894971497,Bat,http://localhost:3251@brice,-0.5
1784894971497,Bat,Walk,0.30000000000000004
1784894971497,Bat,http://localhost:3251@alice,0.4
1784894971497,Bat,Fight,0.1
1784894971497,Bat,http://localhost:3251@Ant,-0.4
1784894971497,Bat,Dance,0.10000000000000003
1784894971497,Bat,Talk,-0.30000000000000004
1784894971497,Bat,http://localhost:3251@bear,0.8999999999999999
1784894971497,Bat,http://localhost:3251@Bee,-0.7
1784894971497,Bat,Exercise,-0.2
1784894971497,Bat,Play,-0.10000000000000003
1784894971498,brice,Sing,0.8999999999999999
1784894971498,brice,http://localhost:3251@Bat,1.3
1784894971498,brice,Fight,0.6
1784894971498,brice,http://localhost:3251@bear,-0.30000000000000004
1784894971498,brice,http://localhost:3251@Ant,0.7
1784894971498,brice,Dance,0.19999999999999998
1784894971498,brice,Exercise,0.5
1784894971498,brice,http://localhost:3251@alice,0.6
1784894971498,brice,Explore,-0.30000000000000004
1784894971498,brice,Talk,0.7
1784894971498,brice,http://localhost:3251@Bee,0.4
1784894971498,brice,Walk,0.1
1784894971498,brice,Play,-0.30000000000000004
1784894972148,alice,Explore,0.30000000000000004
1784894972148,alice,Sing,-0.20000000000000004
1784894972148,alice,http://localhost:3251@Ant,0.5
1784894972148,alice,Walk,0.7
1784894972148,alice,http://localhost:3251@Bat,0.7
1784894972148,alice,Fight,0.4
1784894972148,alice,http://localhost:3251@bear,-0.4
1784894972148,alice,Exercise,-0.5
1784894972148,alice,http://localhost:3251@brice,-0.5
1784894972148,alice,Talk,-0.30000000000000004
1784894972148,alice,http://localhost:3251@Bee,0.2
1784894972148,alice,Play,0.30000000000000004
1784894972148,alice,Dance,0.10000000000000003
1784894972658,Ant,Dance,0.6
1784894972658,Ant,http://localhost:3251@Bee,0.30000000000000004
1784894972658,Ant,Sing,-0.30000000000000004
1784894972658,Ant,http://localhost:3251@alice,-0.09999999999999998
1784894972658,Ant,Explore,-0.09999999999999998
1784894972658,Ant,Fight,0.5
1784894972658,Ant,http://localhost:3251@Bat,0.6
1784894972658,Ant,http://localhost:3251@brice,0.1
1784894972658,Ant,Talk,-0.4
1784894972658,Ant,Exercise,-0.2
1784894972658,Ant,http://localhost:3251@bear,-0.9999999999999999
1784894972658,Ant,Play,2.7755575615628914e-17
1784894972658,Ant,Walk,-0.30000000000000004
1784894973161,Ant,Dance,0.6
1784894973161,Ant,http://localhost:3251@Bee,0.30000000000000004
1784894973161,Ant,Sing,-0.30000000000000004
1784894973161,Ant,http://localhost:3251@alice,-0.09999999999999998
1784894973161,Ant,Explore,-0.09999999999999998
1784894973161,Ant,Fight,0.5
1784894973161,Ant,http://localhost:3251@Bat,0.6
1784894973161,Ant,http://localhost:3251@brice,0.2
1784894973161,Ant,Talk,-0.30000000000000004
1784894973161,Ant,Exercise,-0.2
1784894973161,Ant,http://localhost:3251@bear,-0.9999999999999999
1784894973161,Ant,Play,2.7755575615628914e-17
1784894973161,Ant,Walk,-0.30000000000000004
1784894973161,brice,Sing,0.8999999999999999
1784894973161,brice,http://localhost:3251@Bat,1.4000000000000001
1784894973161,brice,Fight,0.6
1784894973161,brice,http://localhost:3251@bear,-0.30000000000000004
1784894973161,brice,http://localhost:3251@Ant,0.7
1784894973161,brice,Dance,0.19999999999999998
1784894973161,brice,Exercise,0.5
1784894973161,brice,http://localhost:3251@alice,0.6
1784894973161,brice,Explore,-0.30000000000000004
1784894973161,brice,Talk,0.7999999999999999
1784894973161,brice,http://localhost:3251@Bee,0.4
1784894973161,brice,Walk,0.1
1784894973161,brice,Play,-0.30000000000000004
1784894973283,bear,Fight,2.7755575615628914e-17
1784894973283,bear,http://localhost:3251@Bee,0.5
1784894973283,bear,http://localhost:3251@alice,-0.20000000000000004
1784894973283,bear,Explore,0.10000000000000003
1784894973283,bear,Walk,0
1784894973283,bear,Exercise,-0.2
1784894973283,bear,http://localhost:3251@Ant,0.4
1784894973283,bear,Sing,0.5
1784894973283,bear,Talk,-0.30000000000000004
1784894973283,bear,http://localhost:3251@brice,-0.4
1784894973283,bear,http://localhost:3251@Bat,-0.4
1784894973283,bear,Play,-2.7755575615628914e-17
1784894973283,bear,Dance,-0.1
1784894973817,alice,Explore,0.30000000000000004
1784894973817,alice,Sing,-0.20000000000000004
1784894973817,alice,http://localhost:3251@Ant,0.5
1784894973817,alice,Walk,0.7
1784894973817,alice,http://localhost:3251@Bat,0.7
1784894973817,alice,Fight,0.4
1784894973817,alice,http://localhost:3251@bear,-0.4
1784894973817,alice,Exercise,-0.5
1784894973817,alice,http://localhost:3251@brice,-0.5
1784894973817,alice,Talk,-0.30000000000000004
1784894973817,alice,http://localhost:3251@Bee,0.30000000000000004
1784894973817,alice,Play,0.4
1784894973817,alice,Dance,0.10000000000000003
1784894973819,Bee,Dance,-0.1
1784894973819,Bee,http://localhost:3251@Ant,-0.30000000000000004
1784894973819,Bee,Explore,0.9999999999999999
1784894973819,Bee,Fight,-0.4
1784894973819,Bee,http://localhost:3251@bear,-0.7999999999999999
1784894973819,Bee,Sing,-0.8999999999999999
1784894973819,Bee,http://localhost:3251@Bat,0.20000000000000004
1784894973819,Bee,http://localhost:3251@brice,0.10000000000000003
1784894973819,Bee,http://localhost:3251@alice,-0.9999999999999999
1784894973819,Bee,Talk,-0.2
1784894973819,Bee,Exercise,0.20000000000000004
1784894973819,Bee,Walk,-0.2
1784894973819,Bee,Play,-0.20000000000000004
1784894974499,bear,Fight,2.7755575615628914e-17
1784894974499,bear,http://localhost:3251@Bee,0.5
1784894974499,bear,http://localhost:3251@alice,-0.20000000000000004
1784894974499,bear,Explore,0.10000000000000003
1784894974499,bear,Walk,0
1784894974499,bear,Exercise,-0.2
1784894974499,bear,http://localhost:3251@Ant,0.4
1784894974499,bear,Sing,0.5
1784894974499,bear,Talk,-0.30000000000000004
1784894974499,bear,http://localhost:3251@brice,-0.5
1784894974499,bear,http://localhost:3251@Bat,-0.4
1784894974499,bear,Play,-0.10000000000000003
1784894974499,bear,Dance,-0.1
1784894974500,brice,Sing,0.8999999999999999
1784894974500,brice,http://localhost:3251@Bat,1.4000000000000001
1784894974500,brice,Fight,0.6
1784894974500,brice,http://localhost:3251@bear,-0.4
1784894974500,brice,http://localhost:3251@Ant,0.7
1784894974500,brice,Dance,0.19999999999999998
1784894974500,brice,Exercise,0.5
1784894974500,brice,http://localhost:3251@alice,0.6
1784894974500,brice,Explore,-0.30000000000000004
1784894974500,brice,Talk,0.7999999999999999
1784894974500,brice,http://localhost:3251@Bee,0.4
1784894974500,brice,Walk,0.1
1784894974500,brice,Play,-0.4
1784894975357,alice,Explore,0.30000000000000004
1784894975357,alice,Sing,-0.30000000000000004
1784894975357,alice,http://localhost:3251@Ant,0.5
1784894975357,alice,Walk,0.7
1784894975357,alice,http://localhost:3251@Bat,0.6
1784894975357,alice,Fight,0.4
1784894975357,alice,http://localhost:3251@bear,-0.4
1784894975357,alice,Exercise,-0.5
1784894975357,alice,http://localhost:3251@brice,-0.5
1784894975357,alice,Talk,-0.30000000000000004
1784894975357,alice,http://localhost:3251@Bee,0.30000000000000004
1784894975357,alice,Play,0.4
1784894975357,alice,Dance,0.10000000000000003
1784894975358,Bat,Explore,-0.30000000000000004
1784894975358,Bat,Sing,-0.30000000000000004
1784894975358,Bat,http://localhost:3251@brice,-0.6
1784894975358,Bat,Walk,0.30000000000000004
1784894975358,Bat,http://localhost:3251@alice,0.4
1784894975358,Bat,Fight,0.1
1784894975358,Bat,http://localhost:3251@Ant,-0.4
1784894975358,Bat,Dance,0.10000000000000003
1784894975358,Bat,Talk,-0.30000000000000004
1784894975358,Bat,http://localhost:3251@bear,0.8999999999999999
1784894975358,Bat,http://localhost:3251@Bee,-0.7
1784894975358,Bat,Exercise,-0.2
1784894975358,Bat,Play,-0.10000000000000003
1784894975465,Ant,Dance,0.6
1784894975465,Ant,http://localhost:3251@Bee,0.30000000000000004
1784894975465,Ant,Sing,-0.30000000000000004
1784894975465,Ant,http://localhost:3251@alice,-0.09999999999999998
1784894975465,Ant,Explore,-0.09999999999999998
1784894975465,Ant,Fight,0.5
1784894975465,Ant,http://localhost:3251@Bat,0.6
1784894975465,Ant,http://localhost:3251@brice,0.30000000000000004
1784894975465,Ant,Talk,-0.20000000000000004
1784894975465,Ant,Exercise,-0.2
1784894975465,Ant,http://localhost:3251@bear,-0.9999999999999999
1784894975465,Ant,Play,2.7755575615628914e-17
1784894975465,Ant,Walk,-0.30000000000000004
1784894975466,brice,Sing,0.8999999999999999
1784894975466,brice,http://localhost:3251@Bat,1.3
1784894975466,brice,Fight,0.6
1784894975466,brice,http://localhost:3251@bear,-0.4
1784894975466,brice,http://localhost:3251@Ant,0.7
1784894975466,brice,Dance,0.19999999999999998
1784894975466,brice,Exercise,0.5
1784894975466,brice,http://localhost:3251@alice,0.6
1784894975466,brice,Explore,-0.30000000000000004
1784894975466,brice,Talk,0.7
1784894975466,brice,http://localhost:3251@Bee,0.4
1784894975466,brice,Walk,0.1
1784894975466,brice,Play,-0.4
1784894977091,bear,Fight,2.7755575615628914e-17
1784894977091,bear,http://localhost:3251@Bee,0.5
1784894977091,bear,http://localhost:3251@alice,-0.20000000000000004
1784894977091,bear,Explore,0.10000000000000003
1784894977091,bear,Walk,0
1784894977091,bear,Exercise,-0.2
1784894977091,bear,http://localhost:3251@Ant,0.30000000000000004
1784894977091,bear,Sing,0.4
1784894977091,bear,Talk,-0.30000000000000004
1784894977091,bear,http://localhost:3251@brice,-0.5
1784894977091,bear,http://localhost:3251@Bat,-0.4
1784894977091,bear,Play,-0.10000000000000003
1784894977091,bear,Dance,-0.1
1784894977093,brice,Sing,0.7999999999999999
1784894977093,brice,http://localhost:3251@Bat,1.3
1784894977093,brice,Fight,0.6
1784894977093,brice,http://localhost:3251@bear,-0.5
1784894977093,brice,http://localhost:3251@Ant,0.7
1784894977093,brice,Dance,0.19999999999999998
1784894977093,brice,Exercise,0.5
1784894977093,brice,http://localhost:3251@alice,0.6
1784894977093,brice,Explore,-0.30000000000000004
1784894977093,brice,Talk,0.7
1784894977093,brice,http://localhost:3251@Bee,0.4
1784894977093,brice,Walk,0.1
1784894977093,brice,Play,-0.4
1784894977325,alice,Explore,0.30000000000000004
1784894977325,alice,Sing,-0.30000000000000004
1784894977325,alice,http://localhost:3251@Ant,0.5
1784894977325,alice,Walk,0.7
1784894977325,alice,http://localhost:3251@Bat,0.7
1784894977325,alice,Fight,0.4
1784894977325,alice,http://localhost:3251@bear,-0.4
1784894977325,alice,Exercise,-0.5
1784894977325,alice,http://localhost:3251@brice,-0.5
1784894977325,alice,Talk,-0.30000000000000004
1784894977325,alice,http://localhost:3251@Bee,0.30000000000000004
1784894977325,alice,Play,0.4
1784894977325,alice,Dance,0.20000000000000004
1784894977326,Bat,Explore,-0.30000000000000004
1784894977326,Bat,Sing,-0.30000000000000004
1784894977326,Bat,http://localhost:3251@brice,-0.6
1784894977326,Bat,Walk,0.30000000000000004
1784894977326,Bat,http://localhost:3251@alice,0.4
1784894977326,Bat,Fight,0.1
1784894977326,Bat,http://localhost:3251@Ant,-0.4
1784894977326,Bat,Dance,0.20000000000000004
1784894977326,Bat,Talk,-0.30000000000000004
1784894977326,Bat,http://localhost:3251@bear,0.9999999999999999
1784894977326,Bat,http://localhost:3251@Bee,-0.7
1784894977326,Bat,Exercise,-0.2
1784894977326,Bat,Play,-0.10000000000000003
1784894978265,Ant,Dance,0.6
1784894978265,Ant,http://localhost:3251@Bee,0.30000000000000004
1784894978265,Ant,Sing,-0.30000000000000004
1784894978265,Ant,http://localhost:3251@alice,-0.09999999999999998
1784894978265,Ant,Explore,-0.09999999999999998
1784894978265,Ant,Fight,0.5
1784894978265,Ant,http://localhost:3251@Bat,0.6
1784894978265,Ant,http://localhost:3251@brice,0.30000000000000004
1784894978265,Ant,Talk,-0.20000000000000004
1784894978265,Ant,Exercise,-0.1
1784894978265,Ant,http://localhost:3251@bear,-0.8999999999999999
1784894978265,Ant,Play,2.7755575615628914e-17
1784894978265,Ant,Walk,-0.30000000000000004
1784894978266,bear,Fight,2.7755575615628914e-17
1784894978266,bear,http://localhost:3251@Bee,0.5
1784894978266,bear,http://localhost:3251@alice,-0.20000000000000004
1784894978266,bear,Explore,0.10000000000000003
1784894978266,bear,Walk,0
1784894978266,bear,Exercise,-0.1
1784894978266,bear,http://localhost:3251@Ant,0.30000000000000004
1784894978266,bear,Sing,0.4
1784894978266,bear,Talk,-0.30000000000000004
1784894978266,bear,http://localhost:3251@brice,-0.4
1784894978266,bear,http://localhost:3251@Bat,-0.4
1784894978266,bear,Play,-0.10000000000000003
1784894978266,bear,Dance,-0.1
1784894978428,Bee,Dance,-0.1
1784894978428,Bee,http://localhost:3251@Ant,-0.30000000000000004
1784894978428,Bee,Explore,0.9999999999999999
1784894978428,Bee,Fight,-0.4
1784894978428,Bee,http://localhost:3251@bear,-0.7999999999999999
1784894978428,Bee,Sing,-0.8999999999999999
1784894978428,Bee,http://localhost:3251@Bat,0.30000000000000004
1784894978428,Bee,http://localhost:3251@brice,0.10000000000000003
1784894978428,Bee,http://localhost:3251@alice,-0.9999999999999999
1784894978428,Bee,Talk,-0.2
1784894978428,Bee,Exercise,0.20000000000000004
1784894978428,Bee,Walk,-0.1
1784894978428,Bee,Play,-0.20000000000000004
1784894978429,brice,Sing,0.7999999999999999
1784894978429,brice,http://localhost:3251@Bat,1.3
1784894978429,brice,Fight,0.6
1784894978429,brice,http://localhost:3251@bear,-0.5
1784894978429,brice,http://localhost:3251@Ant,0.7
1784894978429,brice,Dance,0.19999999999999998
1784894978429,brice,Exercise,0.5
1784894978429,brice,http://localhost:3251@alice,0.6
1784894978429,brice,Explore,-0.30000000000000004
1784894978429,brice,Talk,0.7
1784894978429,brice,http://localhost:3251@Bee,0.5
1784894978429,brice,Walk,0.2
1784894978429,brice,Play,-0.4
1784894979195,Ant,Dance,0.6
1784894979195,Ant,http://localhost:3251@Bee,0.30000000000000004
1784894979195,Ant,Sing,-0.30000000000000004
1784894979195,Ant,http://localhost:3251@alice,-0.09999999999999998
1784894979195,Ant,Explore,-0.09999999999999998
1784894979195,Ant,Fight,0.5
1784894979195,Ant,http://localhost:3251@Bat,0.5
1784894979195,Ant,http://localhost:3251@brice,0.30000000000000004
1784894979195,Ant,Talk,-0.20000000000000004
1784894979195,Ant,Exercise,-0.1
1784894979195,Ant,http://localhost:3251@bear,-0.8999999999999999
1784894979195,Ant,Play,2.7755575615628914e-17
1784894979195,Ant,Walk,-0.4
1784894979195,Bat,Explore,-0.30000000000000004
1784894979195,Bat,Sing,-0.30000000000000004
1784894979195,Bat,http://localhost:3251@brice,-0.6
1784894979195,Bat,Walk,0.20000000000000004
1784894979195,Bat,http://localhost:3251@alice,0.30000000000000004
1784894979195,Bat,Fight,0.1
1784894979195,Bat,http://localhost:3251@Ant,-0.4
1784894979195,Bat,Dance,0.20000000000000004
1784894979195,Bat,Talk,-0.30000000000000004
1784894979195,Bat,http://localhost:3251@bear,0.9999999999999999
1784894979195,Bat,http://localhost:3251@Bee,-0.7
1784894979195,Bat,Exercise,-0.2
1784894979195,Bat,Play,-0.10000000000000003
1784894979361,alice,Explore,0.30000000000000004
1784894979361,alice,Sing,-0.30000000000000004
1784894979361,alice,http://localhost:3251@Ant,0.5
1784894979361,alice,Walk,0.7
1784894979361,alice,http://localhost:3251@Bat,0.7
1784894979361,alice,Fight,0.4
1784894979361,alice,http://localhost:3251@bear,-0.4
1784894979361,alice,Exercise,-0.5
1784894979361,alice,http://localhost:3251@brice,-0.6
1784894979361,alice,Talk,-0.4
1784894979361,alice,http://localhost:3251@Bee,0.30000000000000004
1784894979361,alice,Play,0.4
1784894979361,alice,Dance,0.20000000000000004
1784894979362,brice,Sing,0.7999999999999999
1784894979362,brice,http://localhost:3251@Bat,1.2
1784894979362,brice,Fight,0.6
1784894979362,brice,http://localhost:3251@bear,-0.5
1784894979362,brice,http://localhost:3251@Ant,0.7
1784894979362,brice,Dance,0.19999999999999998
1784894979362,brice,Exercise,0.5
1784894979362,brice,http://localhost:3251@alice,0.6
1784894979362,brice,Explore,-0.30000000000000004
1784894979362,brice,Talk,0.6
1784894979362,brice,http://localhost:3251@Bee,0.5
1784894979362,brice,Walk,0.2
1784894979362,brice,Play,-0.4
1784894979473,bear,Fight,2.7755575615628914e-17
1784894979473,bear,http://localhost:3251@Bee,0.5
1784894979473,bear,http://localhost:3251@alice,-0.20000000000000004
1784894979473,bear,Explore,0.10000000000000003
1784894979473,bear,Walk,0
1784894979473,bear,Exercise,-0.1
1784894979473,bear,http://localhost:3251@Ant,0.4
1784894979473,bear,Sing,0.5
1784894979473,bear,Talk,-0.30000000000000004
1784894979473,bear,http://localhost:3251@brice,-0.4
1784894979473,bear,http://localhost:3251@Bat,-0.4
1784894979473,bear,Play,-0.10000000000000003
1784894979473,bear,Dance,-0.1
1784894979473,Bee,Dance,-0.1
1784894979473,Bee,http://localhost:3251@Ant,-0.30000000000000004
1784894979473,Bee,Explore,0.9999999999999999
1784894979473,Bee,Fight,-0.4
1784894979473,Bee,http://localhost:3251@bear,-0.7
1784894979473,Bee,Sing,-0.7999999999999999
1784894979473,Bee,http://localhost:3251@Bat,0.30000000000000004
1784894979473,Bee,http://localhost:3251@brice,0.10000000000000003
1784894979473,Bee,http://localhost:3251@alice,-0.9999999999999999
1784894979473,Bee,Talk,-0.2
1784894979473,Bee,Exercise,0.20000000000000004
1784894979473,Bee,Walk,-0.1
1784894979473,Bee,Play,-0.20000000000000004
1784894980380,alice,Explore,0.30000000000000004
1784894980380,alice,Sing,-0.30000000000000004
1784894980380,alice,http://localhost:3251@Ant,0.5
1784894980380,alice,Walk,0.7
1784894980380,alice,http://localhost:3251@Bat,0.7
1784894980380,alice,Fight,0.30000000000000004
1784894980380,alice,http://localhost:3251@bear,-0.5
1784894980380,alice,Exercise,-0.5
1784894980380,alice,http://localhost:3251@brice,-0.6
1784894980380,alice,Talk,-0.4
1784894980380,alice,http://localhost:3251@Bee,0.30000000000000004
1784894980380,alice,Play,0.4
1784894980380,alice,Dance,0.20000000000000004
1784894980380,bear,Fight,0.10000000000000003
1784894980380,bear,http://localhost:3251@Bee,0.5
1784894980380,bear,http://localhost:3251@alice,-0.10000000000000003
1784894980380,bear,Explore,0.10000000000000003
1784894980380,bear,Walk,0
1784894980380,bear,Exercise,-0.1
1784894980380,bear,http://localhost:3251@Ant,0.4
1784894980380,bear,Sing,0.5
1784894980380,bear,Talk,-0.30000000000000004
1784894980380,bear,http://localhost:3251@brice,-0.4
1784894980380,bear,http://localhost:3251@Bat,-0.4
1784894980380,bear,Play,-0.10000000000000003
1784894980380,bear,Dance,-0.1
1784894980789,Bat,Explore,-0.4
1784894980789,Bat,Sing,-0.30000000000000004
1784894980789,Bat,http://localhost:3251@brice,-0.6
1784894980789,Bat,Walk,0.20000000000000004
1784894980789,Bat,http://localhost:3251@alice,0.30000000000000004
1784894980789,Bat,Fight,0.1
1784894980789,Bat,http://localhost:3251@Ant,-0.4
1784894980789,Bat,Dance,0.20000000000000004
1784894980789,Bat,Talk,-0.30000000000000004
1784894980789,Bat,http://localhost:3251@bear,0.9999999999999999
1784894980789,Bat,http://localhost:3251@Bee,-0.7
1784894980789,Bat,Exercise,-0.2
1784894980789,Bat,Play,-0.10000000000000003
1784894980847,Ant,Dance,0.6
1784894980847,Ant,http://localhost:3251@Bee,0.30000000000000004
1784894980847,Ant,Sing,-0.30000000000000004
1784894980847,Ant,http://localhost:3251@alice,-0.09999999999999998
1784894980847,Ant,Explore,-0.09999999999999998
1784894980847,Ant,Fight,0.4
1784894980847,Ant,http://localhost:3251@Bat,0.4
1784894980847,Ant,http://localhost:3251@brice,0.30000000000000004
1784894980847,Ant,Talk,-0.20000000000000004
1784894980847,Ant,Exercise,-0.1
1784894980847,Ant,http://localhost:3251@bear,-0.8999999999999999
1784894980847,Ant,Play,2.7755575615628914e-17
1784894980847,Ant,Walk,-0.4
1784894980848,brice,Sing,0.7999999999999999
1784894980848,brice,http://localhost:3251@Bat,1.2
1784894980848,brice,Fight,0.7
1784894980848,brice,http://localhost:3251@bear,-0.5
1784894980848,brice,http://localhost:3251@Ant,0.7999999999999999
1784894980848,brice,Dance,0.19999999999999998
1784894980848,brice,Exercise,0.5
1784894980848,brice,http://localhost:3251@alice,0.6
1784894980848,brice,Explore,-0.30000000000000004
1784894980848,brice,Talk,0.6
1784894980848,brice,http://localhost:3251@Bee,0.5
1784894980848,brice,Walk,0.2
1784894980848,brice,Play,-0.4
1784894981507,alice,Explore,0.30000000000000004
1784894981507,alice,Sing,-0.30000000000000004
1784894981507,alice,http://localhost:3251@Ant,0.5
1784894981507,alice,Walk,0.7
1784894981507,alice,http://localhost:3251@Bat,0.7
1784894981507,alice,Fight,0.30000000000000004
1784894981507,alice,http://localhost:3251@bear,-0.5
1784894981507,alice,Exercise,-0.5
1784894981507,alice,http://localhost:3251@brice,-0.6
1784894981507,alice,Talk,-0.4
1784894981507,alice,http://localhost:3251@Bee,0.20000000000000004
1784894981507,alice,Play,0.30000000000000004
1784894981507,alice,Dance,0.20000000000000004
1784894981510,Bee,Dance,-0.1
1784894981510,Bee,http://localhost:3251@Ant,-0.20000000000000004
1784894981510,Bee,Explore,0.9999999999999999
1784894981510,Bee,Fight,-0.4
1784894981510,Bee,http://localhost:3251@bear,-0.7
1784894981510,Bee,Sing,-0.7999999999999999
1784894981510,Bee,http://localhost:3251@Bat,0.30000000000000004
1784894981510,Bee,http://localhost:3251@brice,0.10000000000000003
1784894981510,Bee,http://localhost:3251@alice,-0.9999999999999999
1784894981510,Bee,Talk,-0.2
1784894981510,Bee,Exercise,0.20000000000000004
1784894981510,Bee,Walk,-0.1
1784894981510,Bee,Play,-0.10000000000000003
1784894982186,alice,Explore,0.30000000000000004
1784894982186,alice,Sing,-0.30000000000000004
1784894982186,alice,http://localhost:3251@Ant,0.5
1784894982186,alice,Walk,0.7
1784894982186,alice,http://localhost:3251@Bat,0.7
1784894982186,alice,Fight,0.30000000000000004
1784894982186,alice,http://localhost:3251@bear,-0.5
1784894982186,alice,Exercise,-0.5
1784894982186,alice,http://localhost:3251@brice,-0.7
1784894982186,alice,Talk,-0.4
1784894982186,alice,http://localhost:3251@Bee,0.20000000000000004
1784894982186,alice,Play,0.20000000000000004
1784894982186,alice,Dance,0.20000000000000004
1784894982187,brice,Sing,0.7999999999999999
1784894982187,brice,http://localhost:3251@Bat,1.2
1784894982187,brice,Fight,0.7
1784894982187,brice,http://localhost:3251@bear,-0.6
1784894982187,brice,http://localhost:3251@Ant,0.7999999999999999
1784894982187,brice,Dance,0.19999999999999998
1784894982187,brice,Exercise,0.5
1784894982187,brice,http://localhost:3251@alice,0.6
1784894982187,brice,Explore,-0.30000000000000004
1784894982187,brice,Talk,0.6
1784894982187,brice,http://localhost:3251@Bee,0.5
1784894982187,brice,Walk,0.2
1784894982187,brice,Play,-0.5
1784894982417,Bat,Explore,-0.30000000000000004
1784894982417,Bat,Sing,-0.30000000000000004
1784894982417,Bat,http://localhost:3251@brice,-0.6
1784894982417,Bat,Walk,0.20000000000000004
1784894982417,Bat,http://localhost:3251@alice,0.30000000000000004
1784894982417,Bat,Fight,0.1
1784894982417,Bat,http://localhost:3251@Ant,-0.4
1784894982417,Bat,Dance,0.20000000000000004
1784894982417,Bat,Talk,-0.30000000000000004
1784894982417,Bat,http://localhost:3251@bear,0.9999999999999999
1784894982417,Bat,http://localhost:3251@Bee,-0.7
1784894982417,Bat,Exercise,-0.2
1784894982417,Bat,Play,-0.10000000000000003
1784894983046,Ant,Dance,0.6
1784894983046,Ant,http://localhost:3251@Bee,0.30000000000000004
1784894983046,Ant,Sing,-0.20000000000000004
1784894983046,Ant,http://localhost:3251@alice,-0.09999999999999998
1784894983046,Ant,Explore,-0.09999999999999998
1784894983046,Ant,Fight,0.4
1784894983046,Ant,http://localhost:3251@Bat,0.4
1784894983046,Ant,http://localhost:3251@brice,0.30000000000000004
1784894983046,Ant,Talk,-0.20000000000000004
1784894983046,Ant,Exercise,-0.1
1784894983046,Ant,http://localhost:3251@bear,-0.7999999999999999
1784894983046,Ant,Play,2.7755575615628914e-17
1784894983046,Ant,Walk,-0.4
1784894983046,bear,Fight,0.10000000000000003
1784894983046,bear,http://localhost:3251@Bee,0.5
1784894983046,bear,http://localhost:3251@alice,-0.10000000000000003
1784894983046,bear,Explore,0.10000000000000003
1784894983046,bear,Walk,0
1784894983046,bear,Exercise,-0.1
1784894983046,bear,http://localhost:3251@Ant,0.30000000000000004
1784894983046,bear,Sing,0.4
1784894983046,bear,Talk,-0.30000000000000004
1784894983046,bear,http://localhost:3251@brice,-0.4
1784894983046,bear,http://localhost:3251@Bat,-0.4
1784894983046,bear,Play,-0.10000000000000003
1784894983046,bear,Dance,-0.1
1784894983108,Bee,Dance,-0.1
1784894983108,Bee,http://localhost:3251@Ant,-0.20000000000000004
1784894983108,Bee,Explore,0.8999999999999999
1784894983108,Bee,Fight,-0.4
1784894983108,Bee,http://localhost:3251@bear,-0.7
1784894983108,Bee,Sing,-0.7999999999999999
1784894983108,Bee,http://localhost:3251@Bat,0.30000000000000004
1784894983108,Bee,http://localhost:3251@brice,0.10000000000000003
1784894983108,Bee,http://localhost:3251@alice,-0.9999999999999999
1784894983108,Bee,Talk,-0.2
1784894983108,Bee,Exercise,0.20000000000000004
1784894983108,Bee,Walk,-0.1
1784894983108,Bee,Play,-0.10000000000000003
1784894983451,Ant,Dance,0.6
1784894983451,Ant,http://localhost:3251@Bee,0.30000000000000004
1784894983451,Ant,Sing,-0.20000000000000004
1784894983451,Ant,http://localhost:3251@alice,-0.09999999999999998
1784894983451,Ant,Explore,-0.09999999999999998
1784894983451,Ant,Fight,0.4
1784894983451,Ant,http://localhost:3251@Bat,0.30000000000000004
1784894983451,Ant,http://localhost:3251@brice,0.30000000000000004
1784894983451,Ant,Talk,-0.30000000000000004
1784894983451,Ant,Exercise,-0.1
1784894983451,Ant,http://localhost:3251@bear,-0.7999999999999999
1784894983451,Ant,Play,2.7755575615628914e-17
1784894983451,Ant,Walk,-0.4
1784894983452,Bat,Explore,-0.30000000000000004
1784894983452,Bat,Sing,-0.30000000000000004
1784894983452,Bat,http://localhost:3251@brice,-0.5
1784894983452,Bat,Walk,0.20000000000000004
1784894983452,Bat,http://localhost:3251@alice,0.30000000000000004
1784894983452,Bat,Fight,0.1
1784894983452,Bat,http://localhost:3251@Ant,-0.4
1784894983452,Bat,Dance,0.20000000000000004
1784894983452,Bat,Talk,-0.20000000000000004
1784894983452,Bat,http://localhost:3251@bear,0.9999999999999999
1784894983452,Bat,http://localhost:3251@Bee,-0.7
1784894983452,Bat,Exercise,-0.2
1784894983452,Bat,Play,-0.10000000000000003
1784894983827,alice,Explore,0.20000000000000004
1784894983827,alice,Sing,-0.30000000000000004
1784894983827,alice,http://localhost:3251@Ant,0.5
1784894983827,alice,Walk,0.7
1784894983827,alice,http://localhost:3251@Bat,0.7
1784894983827,alice,Fight,0.30000000000000004
1784894983827,alice,http://localhost:3251@bear,-0.5
1784894983827,alice,Exercise,-0.5
1784894983827,alice,http://localhost:3251@brice,-0.7
1784894983827,alice,Talk,-0.4
1784894983827,alice,http://localhost:3251@Bee,0.20000000000000004
1784894983827,alice,Play,0.20000000000000004
1784894983827,alice,Dance,0.20000000000000004
1784894984683,bear,Fight,0.10000000000000003
1784894984683,bear,http://localhost:3251@Bee,0.5
1784894984683,bear,http://localhost:3251@alice,-0.10000000000000003
1784894984683,bear,Explore,0.20000000000000004
1784894984683,bear,Walk,0
1784894984683,bear,Exercise,-0.1
1784894984683,bear,http://localhost:3251@Ant,0.30000000000000004
1784894984683,bear,Sing,0.4
1784894984683,bear,Talk,-0.30000000000000004
1784894984683,bear,http://localhost:3251@brice,-0.4
1784894984683,bear,http://localhost:3251@Bat,-0.4
1784894984683,bear,Play,-0.10000000000000003
1784894984683,bear,Dance,-0.1
1784894984746,Bee,Dance,-0.1
1784894984746,Bee,http://localhost:3251@Ant,-0.20000000000000004
1784894984746,Bee,Explore,0.7999999999999999
1784894984746,Bee,Fight,-0.4
1784894984746,Bee,http://localhost:3251@bear,-0.7
1784894984746,Bee,Sing,-0.7999999999999999
1784894984746,Bee,http://localhost:3251@Bat,0.30000000000000004
1784894984746,Bee,http://localhost:3251@brice,0.10000000000000003
1784894984746,Bee,http://localhost:3251@alice,-0.9999999999999999
1784894984746,Bee,Talk,-0.2
1784894984746,Bee,Exercise,0.20000000000000004
1784894984746,Bee,Walk,-0.1
1784894984746,Bee,Play,-0.10000000000000003
1784894985115,Bat,Explore,-0.4
1784894985115,Bat,Sing,-0.30000000000000004
1784894985115,Bat,http://localhost:3251@brice,-0.5
1784894985115,Bat,Walk,0.20000000000000004
1784894985115,Bat,http://localhost:3251@alice,0.30000000000000004
1784894985115,Bat,Fight,0.1
1784894985115,Bat,http://localhost:3251@Ant,-0.4
1784894985115,Bat,Dance,0.20000000000000004
1784894985115,Bat,Talk,-0.20000000000000004
1784894985115,Bat,http://localhost:3251@bear,0.9999999999999999
1784894985115,Bat,http://localhost:3251@Bee,-0.7
1784894985115,Bat,Exercise,-0.2
1784894985115,Bat,Play,-0.10000000000000003
1784894985168,Ant,Dance,0.6
1784894985168,Ant,http://localhost:3251@Bee,0.30000000000000004
1784894985168,Ant,Sing,-0.20000000000000004
1784894985168,Ant,http://localhost:3251@alice,-0.09999999999999998
1784894985168,Ant,Explore,2.7755575615628914e-17
1784894985168,Ant,Fight,0.4
1784894985168,Ant,http://localhost:3251@Bat,0.30000000000000004
1784894985168,Ant,http://localhost:3251@brice,0.30000000000000004
1784894985168,Ant,Talk,-0.30000000000000004
1784894985168,Ant,Exercise,-0.1
1784894985168,Ant,http://localhost:3251@bear,-0.7999999999999999
1784894985168,Ant,Play,2.7755575615628914e-17
1784894985168,Ant,Walk,-0.4
1784894985289,brice,Sing,0.7999999999999999
1784894985289,brice,http://localhost:3251@Bat,1.2
1784894985289,brice,Fight,0.7
1784894985289,brice,http://localhost:3251@bear,-0.6
1784894985289,brice,http://localhost:3251@Ant,0.7999999999999999
1784894985289,brice,Dance,0.19999999999999998
1784894985289,brice,Exercise,0.5
1784894985289,brice,http://localhost:3251@alice,0.6
1784894985289,brice,Explore,-0.4
1784894985289,brice,Talk,0.6
1784894985289,brice,http://localhost:3251@Bee,0.5
1784894985289,brice,Walk,0.2
1784894985289,brice,Play,-0.5
1784894985777,Ant,Dance,0.6
1784894985777,Ant,http://localhost:3251@Bee,0.30000000000000004
1784894985777,Ant,Sing,-0.20000000000000004
1784894985777,Ant,http://localhost:3251@alice,-0.09999999999999998
1784894985777,Ant,Explore,2.7755575615628914e-17
1784894985777,Ant,Fight,0.4
1784894985777,Ant,http://localhost:3251@Bat,0.30000000000000004
1784894985777,Ant,http://localhost:3251@brice,0.30000000000000004
1784894985777,Ant,Talk,-0.20000000000000004
1784894985777,Ant,Exercise,-0.1
1784894985777,Ant,http://localhost:3251@bear,-0.7
1784894985777,Ant,Play,2.7755575615628914e-17
1784894985777,Ant,Walk,-0.4
1784894985778,bear,Fight,0.10000000000000003
1784894985778,bear,http://localhost:3251@Bee,0.5
1784894985778,bear,http://localhost:3251@alice,-0.10000000000000003
1784894985778,bear,Explore,0.20000000000000004
1784894985778,bear,Walk,0
1784894985778,bear,Exercise,-0.1
1784894985778,bear,http://localhost:3251@Ant,0.30000000000000004
1784894985778,bear,Sing,0.4
1784894985778,bear,Talk,-0.20000000000000004
1784894985778,bear,http://localhost:3251@brice,-0.4
1784894985778,bear,http://localhost:3251@Bat,-0.30000000000000004
1784894985778,bear,Play,-0.10000000000000003
1784894985778,bear,Dance,-0.1
1784894986151,Bat,Explore,-0.4
1784894986151,Bat,Sing,-0.20000000000000004
1784894986151,Bat,http://localhost:3251@brice,-0.5
1784894986151,Bat,Walk,0.20000000000000004
1784894986151,Bat,http://localhost:3251@alice,0.30000000000000004
1784894986151,Bat,Fight,0.1
1784894986151,Bat,http://localhost:3251@Ant,-0.4
1784894986151,Bat,Dance,0.20000000000000004
1784894986151,Bat,Talk,-0.20000000000000004
1784894986151,Bat,http://localhost:3251@bear,0.9999999999999999
1784894986151,Bat,http://localhost:3251@Bee,-0.6
1784894986151,Bat,Exercise,-0.2
1784894986151,Bat,Play,-0.10000000000000003
1784894986151,Bee,Dance,-0.1
1784894986151,Bee,http://localhost:3251@Ant,-0.20000000000000004
1784894986151,Bee,Explore,0.7999999999999999
1784894986151,Bee,Fight,-0.4
1784894986151,Bee,http://localhost:3251@bear,-0.7
1784894986151,Bee,Sing,-0.8999999999999999
1784894986151,Bee,http://localhost:3251@Bat,0.30000000000000004
1784894986151,Bee,http://localhost:3251@brice,0.10000000000000003
1784894986151,Bee,http://localhost:3251@alice,-1.0999999999999999
1784894986151,Bee,Talk,-0.2
1784894986151,Bee,Exercise,0.20000000000000004
1784894986151,Bee,Walk,-0.1
1784894986151,Bee,Play,-0.10000000000000003
1784894986847,Ant,Dance,0.6
1784894986847,Ant,http://localhost:3251@Bee,0.30000000000000004
1784894986847,Ant,Sing,-0.20000000000000004
1784894986847,Ant,http://localhost:3251@alice,-0.19999999999999998
1784894986847,Ant,Explore,2.7755575615628914e-17
1784894986847,Ant,Fight,0.4
1784894986847,Ant,http://localhost:3251@Bat,0.30000000000000004
1784894986847,Ant,http://localhost:3251@brice,0.30000000000000004
1784894986847,Ant,Talk,-0.30000000000000004
1784894986847,Ant,Exercise,-0.1
1784894986847,Ant,http://localhost:3251@bear,-0.7
1784894986847,Ant,Play,2.7755575615628914e-17
1784894986847,Ant,Walk,-0.4
1784894986849,brice,Sing,0.7999999999999999
1784894986849,brice,http://localhost:3251@Bat,1.2
1784894986849,brice,Fight,0.7
1784894986849,brice,http://localhost:3251@bear,-0.6
1784894986849,brice,http://localhost:3251@Ant,0.7
1784894986849,brice,Dance,0.19999999999999998
1784894986849,brice,Exercise,0.5
1784894986849,brice,http://localhost:3251@alice,0.6
1784894986849,brice,Explore,-0.4
1784894986849,brice,Talk,0.5
1784894986849,brice,http://localhost:3251@Bee,0.5
1784894986849,brice,Walk,0.2
1784894986849,brice,Play,-0.5
1784894987435,bear,Fight,0.10000000000000003
1784894987435,bear,http://localhost:3251@Bee,0.5
1784894987435,bear,http://localhost:3251@alice,-0.10000000000000003
1784894987435,bear,Explore,0.30000000000000004
1784894987435,bear,Walk,0
1784894987435,bear,Exercise,-0.1
1784894987435,bear,http://localhost:3251@Ant,0.30000000000000004
1784894987435,bear,Sing,0.4
1784894987435,bear,Talk,-0.20000000000000004
1784894987435,bear,http://localhost:3251@brice,-0.4
1784894987435,bear,http://localhost:3251@Bat,-0.30000000000000004
1784894987435,bear,Play,-0.10000000000000003
1784894987435,bear,Dance,-0.1
1784894987507,Ant,Dance,0.7
1784894987507,Ant,http://localhost:3251@Bee,0.30000000000000004
1784894987507,Ant,Sing,-0.20000000000000004
1784894987507,Ant,http://localhost:3251@alice,-0.19999999999999998
1784894987507,Ant,Explore,2.7755575615628914e-17
1784894987507,Ant,Fight,0.4
1784894987507,Ant,http://localhost:3251@Bat,0.4
1784894987507,Ant,http://localhost:3251@brice,0.30000000000000004
1784894987507,Ant,Talk,-0.30000000000000004
1784894987507,Ant,Exercise,-0.1
1784894987507,Ant,http://localhost:3251@bear,-0.7
1784894987507,Ant,Play,2.7755575615628914e-17
1784894987507,Ant,Walk,-0.4
1784894987509,Bat,Explore,-0.4
1784894987509,Bat,Sing,-0.20000000000000004
1784894987509,Bat,http://localhost:3251@brice,-0.5
1784894987509,Bat,Walk,0.20000000000000004
1784894987509,Bat,http://localhost:3251@alice,0.30000000000000004
1784894987509,Bat,Fight,0.1
1784894987509,Bat,http://localhost:3251@Ant,-0.4
1784894987509,Bat,Dance,0.30000000000000004
1784894987509,Bat,Talk,-0.20000000000000004
1784894987509,Bat,http://localhost:3251@bear,1.0999999999999999
1784894987509,Bat,http://localhost:3251@Bee,-0.6
1784894987509,Bat,Exercise,-0.2
1784894987509,Bat,Play,-0.10000000000000003
1784894988195,alice,Explore,0.20000000000000004
1784894988195,alice,Sing,-0.30000000000000004
1784894988195,alice,http://localhost:3251@Ant,0.5
1784894988195,alice,Walk,0.7999999999999999
1784894988195,alice,http://localhost:3251@Bat,0.7
1784894988195,alice,Fight,0.30000000000000004
1784894988195,alice,http://localhost:3251@bear,-0.5
1784894988195,alice,Exercise,-0.5
1784894988195,alice,http://localhost:3251@brice,-0.7
1784894988195,alice,Talk,-0.4
1784894988195,alice,http://localhost:3251@Bee,0.30000000000000004
1784894988195,alice,Play,0.20000000000000004
1784894988195,alice,Dance,0.20000000000000004
1784894988195,Ant,Dance,0.7
1784894988195,Ant,http://localhost:3251@Bee,0.30000000000000004
1784894988195,Ant,Sing,-0.20000000000000004
1784894988195,Ant,http://localhost:3251@alice,-0.19999999999999998
1784894988195,Ant,Explore,2.7755575615628914e-17
1784894988195,Ant,Fight,0.4
1784894988195,Ant,http://localhost:3251@Bat,0.4
1784894988195,Ant,http://localhost:3251@brice,0.4
1784894988195,Ant,Talk,-0.30000000000000004
1784894988195,Ant,Exercise,-0.1
1784894988195,Ant,http://localhost:3251@bear,-0.7
1784894988195,Ant,Play,2.7755575615628914e-17
1784894988195,Ant,Walk,-0.30000000000000004
1784894988196,Bee,Dance,-0.1
1784894988196,Bee,http://localhost:3251@Ant,-0.20000000000000004
1784894988196,Bee,Explore,0.7999999999999999
1784894988196,Bee,Fight,-0.4
1784894988196,Bee,http://localhost:3251@bear,-0.7
1784894988196,Bee,Sing,-0.8999999999999999
1784894988196,Bee,http://localhost:3251@Bat,0.4
1784894988196,Bee,http://localhost:3251@brice,0.10000000000000003
1784894988196,Bee,http://localhost:3251@alice,-1.0999999999999999
1784894988196,Bee,Talk,-0.2
1784894988196,Bee,Exercise,0.20000000000000004
1784894988196,Bee,Walk,0
1784894988196,Bee,Play,-0.10000000000000003
1784894988196,brice,Sing,0.7999999999999999
1784894988196,brice,http://localhost:3251@Bat,1.3
1784894988196,brice,Fight,0.7
1784894988196,brice,http://localhost:3251@bear,-0.6
1784894988196,brice,http://localhost:3251@Ant,0.7
1784894988196,brice,Dance,0.19999999999999998
1784894988196,brice,Exercise,0.5
1784894988196,brice,http://localhost:3251@alice,0.6
1784894988196,brice,Explore,-0.4
1784894988196,brice,Talk,0.5
1784894988196,brice,http://localhost:3251@Bee,0.5
1784894988196,brice,Walk,0.30000000000000004
1784894988196,brice,Play,-0.5
1784894988826,Bat,Explore,-0.4
1784894988826,Bat,Sing,-0.20000000000000004
1784894988826,Bat,http://localhost:3251@brice,-0.5
1784894988826,Bat,Walk,0.20000000000000004
1784894988826,Bat,http://localhost:3251@alice,0.30000000000000004
1784894988826,Bat,Fight,0.1
1784894988826,Bat,http://localhost:3251@Ant,-0.4
1784894988826,Bat,Dance,0.4
1784894988826,Bat,Talk,-0.20000000000000004
1784894988826,Bat,http://localhost:3251@bear,1.2
1784894988826,Bat,http://localhost:3251@Bee,-0.6
1784894988826,Bat,Exercise,-0.2
1784894988826,Bat,Play,-0.10000000000000003
1784894988827,bear,Fight,0.10000000000000003
1784894988827,bear,http://localhost:3251@Bee,0.5
1784894988827,bear,http://localhost:3251@alice,-0.10000000000000003
1784894988827,bear,Explore,0.30000000000000004
1784894988827,bear,Walk,0
1784894988827,bear,Exercise,-0.1
1784894988827,bear,http://localhost:3251@Ant,0.4
1784894988827,bear,Sing,0.4
1784894988827,bear,Talk,-0.20000000000000004
1784894988827,bear,http://localhost:3251@brice,-0.4
1784894988827,bear,http://localhost:3251@Bat,-0.30000000000000004
1784894988827,bear,Play,-0.10000000000000003
1784894988827,bear,Dance,0
1784894989237,Ant,Dance,0.7
1784894989237,Ant,http://localhost:3251@Bee,0.30000000000000004
1784894989237,Ant,Sing,-0.20000000000000004
1784894989237,Ant,http://localhost:3251@alice,-0.09999999999999998
1784894989237,Ant,Explore,2.7755575615628914e-17
1784894989237,Ant,Fight,0.4
1784894989237,Ant,http://localhost:3251@Bat,0.4
1784894989237,Ant,http://localhost:3251@brice,0.4
1784894989237,Ant,Talk,-0.20000000000000004
1784894989237,Ant,Exercise,-0.1
1784894989237,Ant,http://localhost:3251@bear,-0.7
1784894989237,Ant,Play,2.7755575615628914e-17
1784894989237,Ant,Walk,-0.30000000000000004
1784894989238,Bat,Explore,-0.4
1784894989238,Bat,Sing,-0.20000000000000004
1784894989238,Bat,http://localhost:3251@brice,-0.5
1784894989238,Bat,Walk,0.20000000000000004
1784894989238,Bat,http://localhost:3251@alice,0.30000000000000004
1784894989238,Bat,Fight,0.1
1784894989238,Bat,http://localhost:3251@Ant,-0.5
1784894989238,Bat,Dance,0.4
1784894989238,Bat,Talk,-0.30000000000000004
1784894989238,Bat,http://localhost:3251@bear,1.2
1784894989238,Bat,http://localhost:3251@Bee,-0.6
1784894989238,Bat,Exercise,-0.2
1784894989238,Bat,Play,-0.10000000000000003
1784894990270,bear,Fight,0.10000000000000003
1784894990270,bear,http://localhost:3251@Bee,0.6
1784894990270,bear,http://localhost:3251@alice,-0.10000000000000003
1784894990270,bear,Explore,0.30000000000000004
1784894990270,bear,Walk,0
1784894990270,bear,Exercise,-0.1
1784894990270,bear,http://localhost:3251@Ant,0.4
1784894990270,bear,Sing,0.5
1784894990270,bear,Talk,-0.20000000000000004
1784894990270,bear,http://localhost:3251@brice,-0.4
1784894990270,bear,http://localhost:3251@Bat,-0.30000000000000004
1784894990270,bear,Play,-0.10000000000000003
1784894990270,bear,Dance,0
1784894990271,Bee,Dance,-0.1
1784894990271,Bee,http://localhost:3251@Ant,-0.20000000000000004
1784894990271,Bee,Explore,0.7999999999999999
1784894990271,Bee,Fight,-0.4
1784894990271,Bee,http://localhost:3251@bear,-0.7
1784894990271,Bee,Sing,-0.9999999999999999
1784894990271,Bee,http://localhost:3251@Bat,0.4
1784894990271,Bee,http://localhost:3251@brice,0.10000000000000003
1784894990271,Bee,http://localhost:3251@alice,-1.2
1784894990271,Bee,Talk,-0.2
1784894990271,Bee,Exercise,0.20000000000000004
1784894990271,Bee,Walk,0
1784894990271,Bee,Play,-0.10000000000000003
1784894990580,alice,Explore,0.10000000000000003
1784894990580,alice,Sing,-0.30000000000000004
1784894990580,alice,http://localhost:3251@Ant,0.5
1784894990580,alice,Walk,0.7999999999999999
1784894990580,alice,http://localhost:3251@Bat,0.7
1784894990580,alice,Fight,0.30000000000000004
1784894990580,alice,http://localhost:3251@bear,-0.5
1784894990580,alice,Exercise,-0.5
1784894990580,alice,http://localhost:3251@brice,-0.7
1784894990580,alice,Talk,-0.4
1784894990580,alice,http://localhost:3251@Bee,0.30000000000000004
1784894990580,alice,Play,0.20000000000000004
1784894990580,alice,Dance,0.20000000000000004
1784894990951,Ant,Dance,0.7
1784894990951,Ant,http://localhost:3251@Bee,0.30000000000000004
1784894990951,Ant,Sing,-0.20000000000000004
1784894990951,Ant,http://localhost:3251@alice,-0.09999999999999998
1784894990951,Ant,Explore,0.10000000000000003
1784894990951,Ant,Fight,0.4
1784894990951,Ant,http://localhost:3251@Bat,0.4
1784894990951,Ant,http://localhost:3251@brice,0.4
1784894990951,Ant,Talk,-0.20000000000000004
1784894990951,Ant,Exercise,-0.1
1784894990951,Ant,http://localhost:3251@bear,-0.7
1784894990951,Ant,Play,2.7755575615628914e-17
1784894990951,Ant,Walk,-0.30000000000000004
1784894991704,alice,Explore,0.10000000000000003
1784894991704,alice,Sing,-0.30000000000000004
1784894991704,alice,http://localhost:3251@Ant,0.5
1784894991704,alice,Walk,0.8999999999999999
1784894991704,alice,http://localhost:3251@Bat,0.7
1784894991704,alice,Fight,0.30000000000000004
1784894991704,alice,http://localhost:3251@bear,-0.4
1784894991704,alice,Exercise,-0.5
1784894991704,alice,http://localhost:3251@brice,-0.7
1784894991704,alice,Talk,-0.4
1784894991704,alice,http://localhost:3251@Bee,0.30000000000000004
1784894991704,alice,Play,0.20000000000000004
1784894991704,alice,Dance,0.20000000000000004
1784894991705,bear,Fight,0.10000000000000003
1784894991705,bear,http://localhost:3251@Bee,0.6
1784894991705,bear,http://localhost:3251@alice,-0.20000000000000004
1784894991705,bear,Explore,0.30000000000000004
1784894991705,bear,Walk,-0.1
1784894991705,bear,Exercise,-0.1
1784894991705,bear,http://localhost:3251@Ant,0.4
1784894991705,bear,Sing,0.5
1784894991705,bear,Talk,-0.20000000000000004
1784894991705,bear,http://localhost:3251@brice,-0.4
1784894991705,bear,http://localhost:3251@Bat,-0.30000000000000004
1784894991705,bear,Play,-0.10000000000000003
1784894991705,bear,Dance,0
1784894991952,Bat,Explore,-0.4
1784894991952,Bat,Sing,-0.20000000000000004
1784894991952,Bat,http://localhost:3251@brice,-0.4
1784894991952,Bat,Walk,0.20000000000000004
1784894991952,Bat,http://localhost:3251@alice,0.30000000000000004
1784894991952,Bat,Fight,0.1
1784894991952,Bat,http://localhost:3251@Ant,-0.5
1784894991952,Bat,Dance,0.4
1784894991952,Bat,Talk,-0.30000000000000004
1784894991952,Bat,http://localhost:3251@bear,1.2
1784894991952,Bat,http://localhost:3251@Bee,-0.6
1784894991952,Bat,Exercise,-0.1
1784894991952,Bat,Play,-0.10000000000000003
1784894991953,brice,Sing,0.7999999999999999
1784894991953,brice,http://localhost:3251@Bat,1.2
1784894991953,brice,Fight,0.7
1784894991953,brice,http://localhost:3251@bear,-0.6
1784894991953,brice,http://localhost:3251@Ant,0.7
1784894991953,brice,Dance,0.19999999999999998
1784894991953,brice,Exercise,0.4
1784894991953,brice,http://localhost:3251@alice,0.6
1784894991953,brice,Explore,-0.4
1784894991953,brice,Talk,0.5
1784894991953,brice,http://localhost:3251@Bee,0.5
1784894991953,brice,Walk,0.30000000000000004
1784894991953,brice,Play,-0.5
1784894992704,bear,Fight,0.20000000000000004
1784894992704,bear,http://localhost:3251@Bee,0.7
1784894992704,bear,http://localhost:3251@alice,-0.20000000000000004
1784894992704,bear,Explore,0.30000000000000004
1784894992704,bear,Walk,-0.1
1784894992704,bear,Exercise,-0.1
1784894992704,bear,http://localhost:3251@Ant,0.4
1784894992704,bear,Sing,0.5
1784894992704,bear,Talk,-0.20000000000000004
1784894992704,bear,http://localhost:3251@brice,-0.4
1784894992704,bear,http://localhost:3251@Bat,-0.30000000000000004
1784894992704,bear,Play,-0.10000000000000003
1784894992704,bear,Dance,0
1784894992704,Bee,Dance,-0.1
1784894992704,Bee,http://localhost:3251@Ant,-0.20000000000000004
1784894992704,Bee,Explore,0.7999999999999999
1784894992704,Bee,Fight,-0.5
1784894992704,Bee,http://localhost:3251@bear,-0.7
1784894992704,Bee,Sing,-0.9999999999999999
1784894992704,Bee,http://localhost:3251@Bat,0.4
1784894992704,Bee,http://localhost:3251@brice,0.10000000000000003
1784894992704,Bee,http://localhost:3251@alice,-1.3
1784894992704,Bee,Talk,-0.2
1784894992704,Bee,Exercise,0.20000000000000004
1784894992704,Bee,Walk,0
1784894992704,Bee,Play,-0.10000000000000003
1784894993040,alice,Explore,0.10000000000000003
1784894993040,alice,Sing,-0.30000000000000004
1784894993040,alice,http://localhost:3251@Ant,0.4
1784894993040,alice,Walk,0.8999999999999999
1784894993040,alice,http://localhost:3251@Bat,0.7
1784894993040,alice,Fight,0.30000000000000004
1784894993040,alice,http://localhost:3251@bear,-0.4
1784894993040,alice,Exercise,-0.5
1784894993040,alice,http://localhost:3251@brice,-0.7
1784894993040,alice,Talk,-0.4
1784894993040,alice,http://localhost:3251@Bee,0.30000000000000004
1784894993040,alice,Play,0.10000000000000003
1784894993040,alice,Dance,0.20000000000000004
1784894993041,brice,Sing,0.7999999999999999
1784894993041,brice,http://localhost:3251@Bat,1.2
1784894993041,brice,Fight,0.7
1784894993041,brice,http://localhost:3251@bear,-0.6
1784894993041,brice,http://localhost:3251@Ant,0.7
1784894993041,brice,Dance,0.19999999999999998
1784894993041,brice,Exercise,0.4
1784894993041,brice,http://localhost:3251@alice,0.7
1784894993041,brice,Explore,-0.4
1784894993041,brice,Talk,0.5
1784894993041,brice,http://localhost:3251@Bee,0.5
1784894993041,brice,Walk,0.30000000000000004
1784894993041,brice,Play,-0.4
1784894993341,Ant,Dance,0.7
1784894993341,Ant,http://localhost:3251@Bee,0.30000000000000004
1784894993341,Ant,Sing,-0.20000000000000004
1784894993341,Ant,http://localhost:3251@alice,-0.09999999999999998
1784894993341,Ant,Explore,0.10000000000000003
1784894993341,Ant,Fight,0.4
1784894993341,Ant,http://localhost:3251@Bat,0.5
1784894993341,Ant,http://localhost:3251@brice,0.4
1784894993341,Ant,Talk,-0.20000000000000004
1784894993341,Ant,Exercise,-0.1
1784894993341,Ant,http://localhost:3251@bear,-0.7
1784894993341,Ant,Play,0.10000000000000003
1784894993341,Ant,Walk,-0.30000000000000004
1784894993342,Bat,Explore,-0.4
1784894993342,Bat,Sing,-0.20000000000000004
1784894993342,Bat,http://localhost:3251@brice,-0.4
1784894993342,Bat,Walk,0.20000000000000004
1784894993342,Bat,http://localhost:3251@alice,0.20000000000000004
1784894993342,Bat,Fight,0.1
1784894993342,Bat,http://localhost:3251@Ant,-0.5
1784894993342,Bat,Dance,0.4
1784894993342,Bat,Talk,-0.30000000000000004
1784894993342,Bat,http://localhost:3251@bear,1.2
1784894993342,Bat,http://localhost:3251@Bee,-0.6
1784894993342,Bat,Exercise,-0.1
1784894993342,Bat,Play,-0.20000000000000004
1784894993796,Bat,Explore,-0.4
1784894993796,Bat,Sing,-0.20000000000000004
1784894993796,Bat,http://localhost:3251@brice,-0.4
1784894993796,Bat,Walk,0.20000000000000004
1784894993796,Bat,http://localhost:3251@alice,0.20000000000000004
1784894993796,Bat,Fight,0.1
1784894993796,Bat,http://localhost:3251@Ant,-0.5
1784894993796,Bat,Dance,0.4
1784894993796,Bat,Talk,-0.20000000000000004
1784894993796,Bat,http://localhost:3251@bear,1.2
1784894993796,Bat,http://localhost:3251@Bee,-0.5
1784894993796,Bat,Exercise,-0.1
1784894993796,Bat,Play,-0.20000000000000004
1784894993797,Bee,Dance,-0.1
1784894993797,Bee,http://localhost:3251@Ant,-0.20000000000000004
1784894993797,Bee,Explore,0.7999999999999999
1784894993797,Bee,Fight,-0.5
1784894993797,Bee,http://localhost:3251@bear,-0.6
1784894993797,Bee,Sing,-0.9999999999999999
1784894993797,Bee,http://localhost:3251@Bat,0.4
1784894993797,Bee,http://localhost:3251@brice,0.10000000000000003
1784894993797,Bee,http://localhost:3251@alice,-1.3
1784894993797,Bee,Talk,-0.1
1784894993797,Bee,Exercise,0.20000000000000004
1784894993797,Bee,Walk,0
1784894993797,Bee,Play,-0.10000000000000003
1784894993873,Ant,Dance,0.7
1784894993873,Ant,http://localhost:3251@Bee,0.30000000000000004
1784894993873,Ant,Sing,-0.20000000000000004
1784894993873,Ant,http://localhost:3251@alice,-0.09999999999999998
1784894993873,Ant,Explore,0.10000000000000003
1784894993873,Ant,Fight,0.4
1784894993873,Ant,http://localhost:3251@Bat,0.5
1784894993873,Ant,http://localhost:3251@brice,0.4
1784894993873,Ant,Talk,-0.20000000000000004
1784894993873,Ant,Exercise,0
1784894993873,Ant,http://localhost:3251@bear,-0.6
1784894993873,Ant,Play,0.10000000000000003
1784894993873,Ant,Walk,-0.30000000000000004
1784894993874,bear,Fight,0.20000000000000004
1784894993874,bear,http://localhost:3251@Bee,0.7
1784894993874,bear,http://localhost:3251@alice,-0.20000000000000004
1784894993874,bear,Explore,0.30000000000000004
1784894993874,bear,Walk,-0.1
1784894993874,bear,Exercise,-0.2
1784894993874,bear,http://localhost:3251@Ant,0.4
1784894993874,bear,Sing,0.5
1784894993874,bear,Talk,-0.20000000000000004
1784894993874,bear,http://localhost:3251@brice,-0.5
1784894993874,bear,http://localhost:3251@Bat,-0.30000000000000004
1784894993874,bear,Play,-0.10000000000000003
1784894993874,bear,Dance,0
1784894995060,Bat,Explore,-0.4
1784894995060,Bat,Sing,-0.20000000000000004
1784894995060,Bat,http://localhost:3251@brice,-0.4
1784894995060,Bat,Walk,0.20000000000000004
1784894995060,Bat,http://localhost:3251@alice,0.20000000000000004
1784894995060,Bat,Fight,0.1
1784894995060,Bat,http://localhost:3251@Ant,-0.5
1784894995060,Bat,Dance,0.4
1784894995060,Bat,Talk,-0.20000000000000004
1784894995060,Bat,http://localhost:3251@bear,1.0999999999999999
1784894995060,Bat,http://localhost:3251@Bee,-0.5
1784894995060,Bat,Exercise,-0.2
1784894995060,Bat,Play,-0.20000000000000004
1784894995061,bear,Fight,0.20000000000000004
1784894995061,bear,http://localhost:3251@Bee,0.7
1784894995061,bear,http://localhost:3251@alice,-0.20000000000000004
1784894995061,bear,Explore,0.30000000000000004
1784894995061,bear,Walk,-0.1
1784894995061,bear,Exercise,-0.30000000000000004
1784894995061,bear,http://localhost:3251@Ant,0.4
1784894995061,bear,Sing,0.5
1784894995061,bear,Talk,-0.20000000000000004
1784894995061,bear,http://localhost:3251@brice,-0.6
1784894995061,bear,http://localhost:3251@Bat,-0.30000000000000004
1784894995061,bear,Play,-0.10000000000000003
1784894995061,bear,Dance,0
1784894995284,brice,Sing,0.7999999999999999
1784894995284,brice,http://localhost:3251@Bat,1.2
1784894995284,brice,Fight,0.7
1784894995284,brice,http://localhost:3251@bear,-0.6
1784894995284,brice,http://localhost:3251@Ant,0.7
1784894995284,brice,Dance,0.19999999999999998
1784894995284,brice,Exercise,0.4
1784894995284,brice,http://localhost:3251@alice,0.7
1784894995284,brice,Explore,-0.5
1784894995284,brice,Talk,0.5
1784894995284,brice,http://localhost:3251@Bee,0.5
1784894995284,brice,Walk,0.30000000000000004
1784894995284,brice,Play,-0.4
1784894995400,Bee,Dance,-0.1
1784894995400,Bee,http://localhost:3251@Ant,-0.20000000000000004
1784894995400,Bee,Explore,0.8999999999999999
1784894995400,Bee,Fight,-0.5
1784894995400,Bee,http://localhost:3251@bear,-0.6
1784894995400,Bee,Sing,-0.9999999999999999
1784894995400,Bee,http://localhost:3251@Bat,0.4
1784894995400,Bee,http://localhost:3251@brice,0.10000000000000003
1784894995400,Bee,http://localhost:3251@alice,-1.3
1784894995400,Bee,Talk,-0.1
1784894995400,Bee,Exercise,0.20000000000000004
1784894995400,Bee,Walk,0
1784894995400,Bee,Play,-0.10000000000000003
1784894995753,alice,Explore,0.10000000000000003
1784894995753,alice,Sing,-0.30000000000000004
1784894995753,alice,http://localhost:3251@Ant,0.5
1784894995753,alice,Walk,0.8999999999999999
1784894995753,alice,http://localhost:3251@Bat,0.7
1784894995753,alice,Fight,0.30000000000000004
1784894995753,alice,http://localhost:3251@bear,-0.4
1784894995753,alice,Exercise,-0.5
1784894995753,alice,http://localhost:3251@brice,-0.7
1784894995753,alice,Talk,-0.4
1784894995753,alice,http://localhost:3251@Bee,0.30000000000000004
1784894995753,alice,Play,0.20000000000000004
1784894995753,alice,Dance,0.20000000000000004
1784894995754,Bat,Explore,-0.4
1784894995754,Bat,Sing,-0.20000000000000004
1784894995754,Bat,http://localhost:3251@brice,-0.4
1784894995754,Bat,Walk,0.20000000000000004
1784894995754,Bat,http://localhost:3251@alice,0.10000000000000003
1784894995754,Bat,Fight,0.1
1784894995754,Bat,http://localhost:3251@Ant,-0.5
1784894995754,Bat,Dance,0.4
1784894995754,Bat,Talk,-0.20000000000000004
1784894995754,Bat,http://localhost:3251@bear,1.0999999999999999
1784894995754,Bat,http://localhost:3251@Bee,-0.5
1784894995754,Bat,Exercise,-0.2
1784894995754,Bat,Play,-0.30000000000000004
1784894996532,Bat,Explore,-0.4
1784894996532,Bat,Sing,-0.30000000000000004
1784894996532,Bat,http://localhost:3251@brice,-0.5
1784894996532,Bat,Walk,0.20000000000000004
1784894996532,Bat,http://localhost:3251@alice,0.10000000000000003
1784894996532,Bat,Fight,0.1
1784894996532,Bat,http://localhost:3251@Ant,-0.5
1784894996532,Bat,Dance,0.4
1784894996532,Bat,Talk,-0.20000000000000004
1784894996532,Bat,http://localhost:3251@bear,1.0999999999999999
1784894996532,Bat,http://localhost:3251@Bee,-0.5
1784894996532,Bat,Exercise,-0.2
1784894996532,Bat,Play,-0.30000000000000004
1784894996534,brice,Sing,0.7
1784894996534,brice,http://localhost:3251@Bat,1.2
1784894996534,brice,Fight,0.7
1784894996534,brice,http://localhost:3251@bear,-0.6
1784894996534,brice,http://localhost:3251@Ant,0.6
1784894996534,brice,Dance,0.19999999999999998
1784894996534,brice,Exercise,0.4
1784894996534,brice,http://localhost:3251@alice,0.7
1784894996534,brice,Explore,-0.5
1784894996534,brice,Talk,0.5
1784894996534,brice,http://localhost:3251@Bee,0.5
1784894996534,brice,Walk,0.30000000000000004
1784894996534,brice,Play,-0.4
1784894996721,Ant,Dance,0.7
1784894996721,Ant,http://localhost:3251@Bee,0.30000000000000004
1784894996721,Ant,Sing,-0.20000000000000004
1784894996721,Ant,http://localhost:3251@alice,-0.09999999999999998
1784894996721,Ant,Explore,0.20000000000000004
1784894996721,Ant,Fight,0.4
1784894996721,Ant,http://localhost:3251@Bat,0.5
1784894996721,Ant,http://localhost:3251@brice,0.4
1784894996721,Ant,Talk,-0.20000000000000004
1784894996721,Ant,Exercise,0
1784894996721,Ant,http://localhost:3251@bear,-0.6
1784894996721,Ant,Play,0.10000000000000003
1784894996721,Ant,Walk,-0.30000000000000004
1784894997391,Bat,Explore,-0.4
1784894997391,Bat,Sing,-0.30000000000000004
1784894997391,Bat,http://localhost:3251@brice,-0.5
1784894997391,Bat,Walk,0.10000000000000003
1784894997391,Bat,http://localhost:3251@alice,0.10000000000000003
1784894997391,Bat,Fight,0.1
1784894997391,Bat,http://localhost:3251@Ant,-0.5
1784894997391,Bat,Dance,0.4
1784894997391,Bat,Talk,-0.20000000000000004
1784894997391,Bat,http://localhost:3251@bear,1.0999999999999999
1784894997391,Bat,http://localhost:3251@Bee,-0.6
1784894997391,Bat,Exercise,-0.2
1784894997391,Bat,Play,-0.30000000000000004
1784894997392,Bee,Dance,-0.1
1784894997392,Bee,http://localhost:3251@Ant,-0.20000000000000004
1784894997392,Bee,Explore,0.8999999999999999
1784894997392,Bee,Fight,-0.5
1784894997392,Bee,http://localhost:3251@bear,-0.6
1784894997392,Bee,Sing,-0.9999999999999999
1784894997392,Bee,http://localhost:3251@Bat,0.30000000000000004
1784894997392,Bee,http://localhost:3251@brice,0.10000000000000003
1784894997392,Bee,http://localhost:3251@alice,-1.3
1784894997392,Bee,Talk,-0.1
1784894997392,Bee,Exercise,0.20000000000000004
1784894997392,Bee,Walk,-0.1
1784894997392,Bee,Play,-0.10000000000000003
1784894997557,alice,Explore,0.10000000000000003
1784894997557,alice,Sing,-0.30000000000000004
1784894997557,alice,http://localhost:3251@Ant,0.5
1784894997557,alice,Walk,0.8999999999999999
1784894997557,alice,http://localhost:3251@Bat,0.7
1784894997557,alice,Fight,0.4
1784894997557,alice,http://localhost:3251@bear,-0.4
1784894997557,alice,Exercise,-0.5
1784894997557,alice,http://localhost:3251@brice,-0.6
1784894997557,alice,Talk,-0.4
1784894997557,alice,http://localhost:3251@Bee,0.30000000000000004
1784894997557,alice,Play,0.20000000000000004
1784894997557,alice,Dance,0.20000000000000004
1784894997558,brice,Sing,0.7
1784894997558,brice,http://localhost:3251@Bat,1.3
1784894997558,brice,Fight,0.7999999999999999
1784894997558,brice,http://localhost:3251@bear,-0.6
1784894997558,brice,http://localhost:3251@Ant,0.6
1784894997558,brice,Dance,0.19999999999999998
1784894997558,brice,Exercise,0.4
1784894997558,brice,http://localhost:3251@alice,0.7
1784894997558,brice,Explore,-0.5
1784894997558,brice,Talk,0.5
1784894997558,brice,http://localhost:3251@Bee,0.5
1784894997558,brice,Walk,0.30000000000000004
1784894997558,brice,Play,-0.4
1784894998023,Ant,Dance,0.7
1784894998023,Ant,http://localhost:3251@Bee,0.30000000000000004
1784894998023,Ant,Sing,-0.20000000000000004
1784894998023,Ant,http://localhost:3251@alice,-0.09999999999999998
1784894998023,Ant,Explore,0.20000000000000004
1784894998023,Ant,Fight,0.4
1784894998023,Ant,http://localhost:3251@Bat,0.5
1784894998023,Ant,http://localhost:3251@brice,0.30000000000000004
1784894998023,Ant,Talk,-0.20000000000000004
1784894998023,Ant,Exercise,0
1784894998023,Ant,http://localhost:3251@bear,-0.6
1784894998023,Ant,Play,0.10000000000000003
1784894998023,Ant,Walk,-0.4
1784894998024,Bee,Dance,-0.1
1784894998024,Bee,http://localhost:3251@Ant,-0.10000000000000003
1784894998024,Bee,Explore,0.8999999999999999
1784894998024,Bee,Fight,-0.5
1784894998024,Bee,http://localhost:3251@bear,-0.6
1784894998024,Bee,Sing,-0.9999999999999999
1784894998024,Bee,http://localhost:3251@Bat,0.30000000000000004
1784894998024,Bee,http://localhost:3251@brice,0.10000000000000003
1784894998024,Bee,http://localhost:3251@alice,-1.3
1784894998024,Bee,Talk,-0.1
1784894998024,Bee,Exercise,0.20000000000000004
1784894998024,Bee,Walk,0
1784894998024,Bee,Play,-0.10000000000000003
1784894999320,bear,Fight,0.20000000000000004
1784894999320,bear,http://localhost:3251@Bee,0.7
1784894999320,bear,http://localhost:3251@alice,-0.20000000000000004
1784894999320,bear,Explore,0.4
1784894999320,bear,Walk,-0.1
1784894999320,bear,Exercise,-0.30000000000000004
1784894999320,bear,http://localhost:3251@Ant,0.4
1784894999320,bear,Sing,0.5
1784894999320,bear,Talk,-0.20000000000000004
1784894999320,bear,http://localhost:3251@brice,-0.6
1784894999320,bear,http://localhost:3251@Bat,-0.30000000000000004
1784894999320,bear,Play,-0.10000000000000003
1784894999320,bear,Dance,0
1784894999384,Ant,Dance,0.7
1784894999384,Ant,http://localhost:3251@Bee,0.30000000000000004
1784894999384,Ant,Sing,-0.20000000000000004
1784894999384,Ant,http://localhost:3251@alice,-0.09999999999999998
1784894999384,Ant,Explore,0.20000000000000004
1784894999384,Ant,Fight,0.4
1784894999384,Ant,http://localhost:3251@Bat,0.5
1784894999384,Ant,http://localhost:3251@brice,0.4
1784894999384,Ant,Talk,-0.20000000000000004
1784894999384,Ant,Exercise,0
1784894999384,Ant,http://localhost:3251@bear,-0.6
1784894999384,Ant,Play,0.10000000000000003
1784894999384,Ant,Walk,-0.30000000000000004
1784894999385,brice,Sing,0.7
1784894999385,brice,http://localhost:3251@Bat,1.3
1784894999385,brice,Fight,0.7999999999999999
1784894999385,brice,http://localhost:3251@bear,-0.6
1784894999385,brice,http://localhost:3251@Ant,0.5
1784894999385,brice,Dance,0.19999999999999998
1784894999385,brice,Exercise,0.4
1784894999385,brice,http://localhost:3251@alice,0.7
1784894999385,brice,Explore,-0.5
1784894999385,brice,Talk,0.5
1784894999385,brice,http://localhost:3251@Bee,0.5
1784894999385,brice,Walk,0.20000000000000004
1784894999385,brice,Play,-0.4
1784895000016,alice,Explore,0.20000000000000004
1784895000016,alice,Sing,-0.30000000000000004
1784895000016,alice,http://localhost:3251@Ant,0.5
1784895000016,alice,Walk,0.8999999999999999
1784895000016,alice,http://localhost:3251@Bat,0.7
1784895000016,alice,Fight,0.4
1784895000016,alice,http://localhost:3251@bear,-0.4
1784895000016,alice,Exercise,-0.5
1784895000016,alice,http://localhost:3251@brice,-0.6
1784895000016,alice,Talk,-0.4
1784895000016,alice,http://localhost:3251@Bee,0.30000000000000004
1784895000016,alice,Play,0.20000000000000004
1784895000016,alice,Dance,0.20000000000000004
1784895000406,Bat,Explore,-0.30000000000000004
1784895000406,Bat,Sing,-0.30000000000000004
1784895000406,Bat,http://localhost:3251@brice,-0.5
1784895000406,Bat,Walk,0.10000000000000003
1784895000406,Bat,http://localhost:3251@alice,0.10000000000000003
1784895000406,Bat,Fight,0.1
1784895000406,Bat,http://localhost:3251@Ant,-0.5
1784895000406,Bat,Dance,0.4
1784895000406,Bat,Talk,-0.20000000000000004
1784895000406,Bat,http://localhost:3251@bear,1.0999999999999999
1784895000406,Bat,http://localhost:3251@Bee,-0.6
1784895000406,Bat,Exercise,-0.2
1784895000406,Bat,Play,-0.30000000000000004
1784895000984,Ant,Dance,0.7
1784895000984,Ant,http://localhost:3251@Bee,0.30000000000000004
1784895000984,Ant,Sing,-0.20000000000000004
1784895000984,Ant,http://localhost:3251@alice,-0.09999999999999998
1784895000984,Ant,Explore,0.10000000000000003
1784895000984,Ant,Fight,0.4
1784895000984,Ant,http://localhost:3251@Bat,0.5
1784895000984,Ant,http://localhost:3251@brice,0.4
1784895000984,Ant,Talk,-0.20000000000000004
1784895000984,Ant,Exercise,0
1784895000984,Ant,http://localhost:3251@bear,-0.6
1784895000984,Ant,Play,0.10000000000000003
1784895000984,Ant,Walk,-0.30000000000000004
1784895001812,Bat,Explore,-0.30000000000000004
1784895001812,Bat,Sing,-0.30000000000000004
1784895001812,Bat,http://localhost:3251@brice,-0.5
1784895001812,Bat,Walk,0.10000000000000003
1784895001812,Bat,http://localhost:3251@alice,0.10000000000000003
1784895001812,Bat,Fight,0.1
1784895001812,Bat,http://localhost:3251@Ant,-0.5
1784895001812,Bat,Dance,0.4
1784895001812,Bat,Talk,-0.20000000000000004
1784895001812,Bat,http://localhost:3251@bear,1.2
1784895001812,Bat,http://localhost:3251@Bee,-0.6
1784895001812,Bat,Exercise,-0.1
1784895001812,Bat,Play,-0.30000000000000004
1784895001813,bear,Fight,0.20000000000000004
1784895001813,bear,http://localhost:3251@Bee,0.7
1784895001813,bear,http://localhost:3251@alice,-0.20000000000000004
1784895001813,bear,Explore,0.4
1784895001813,bear,Walk,-0.1
1784895001813,bear,Exercise,-0.4
1784895001813,bear,http://localhost:3251@Ant,0.4
1784895001813,bear,Sing,0.5
1784895001813,bear,Talk,-0.20000000000000004
1784895001813,bear,http://localhost:3251@brice,-0.7
1784895001813,bear,http://localhost:3251@Bat,-0.30000000000000004
1784895001813,bear,Play,-0.10000000000000003
1784895001813,bear,Dance,0
1784895002215,Ant,Dance,0.7
1784895002215,Ant,http://localhost:3251@Bee,0.30000000000000004
1784895002215,Ant,Sing,-0.20000000000000004
1784895002215,Ant,http://localhost:3251@alice,-0.09999999999999998
1784895002215,Ant,Explore,0.10000000000000003
1784895002215,Ant,Fight,0.4
1784895002215,Ant,http://localhost:3251@Bat,0.5
1784895002215,Ant,http://localhost:3251@brice,0.4
1784895002215,Ant,Talk,-0.20000000000000004
1784895002215,Ant,Exercise,0
1784895002215,Ant,http://localhost:3251@bear,-0.7
1784895002215,Ant,Play,2.7755575615628914e-17
1784895002215,Ant,Walk,-0.30000000000000004
1784895002215,brice,Sing,0.7
1784895002215,brice,http://localhost:3251@Bat,1.3
1784895002215,brice,Fight,0.7999999999999999
1784895002215,brice,http://localhost:3251@bear,-0.6
1784895002215,brice,http://localhost:3251@Ant,0.4
1784895002215,brice,Dance,0.19999999999999998
1784895002215,brice,Exercise,0.4
1784895002215,brice,http://localhost:3251@alice,0.7
1784895002215,brice,Explore,-0.5
1784895002215,brice,Talk,0.5
1784895002215,brice,http://localhost:3251@Bee,0.5
1784895002215,brice,Walk,0.20000000000000004
1784895002215,brice,Play,-0.5
1784895002329,Bat,Explore,-0.30000000000000004
1784895002329,Bat,Sing,-0.30000000000000004
1784895002329,Bat,http://localhost:3251@brice,-0.5
1784895002329,Bat,Walk,0.10000000000000003
1784895002329,Bat,http://localhost:3251@alice,0.10000000000000003
1784895002329,Bat,Fight,0
1784895002329,Bat,http://localhost:3251@Ant,-0.5
1784895002329,Bat,Dance,0.4
1784895002329,Bat,Talk,-0.20000000000000004
1784895002329,Bat,http://localhost:3251@bear,1.2
1784895002329,Bat,http://localhost:3251@Bee,-0.7
1784895002329,Bat,Exercise,-0.1
1784895002329,Bat,Play,-0.30000000000000004
1784895002330,Bee,Dance,-0.1
1784895002330,Bee,http://localhost:3251@Ant,-0.10000000000000003
1784895002330,Bee,Explore,0.8999999999999999
1784895002330,Bee,Fight,-0.4
1784895002330,Bee,http://localhost:3251@bear,-0.6
1784895002330,Bee,Sing,-0.9999999999999999
1784895002330,Bee,http://localhost:3251@Bat,0.30000000000000004
1784895002330,Bee,http://localhost:3251@brice,0.10000000000000003
1784895002330,Bee,http://localhost:3251@alice,-1.2
1784895002330,Bee,Talk,-0.1
1784895002330,Bee,Exercise,0.20000000000000004
1784895002330,Bee,Walk,0
1784895002330,Bee,Play,-0.10000000000000003
1784895003241,alice,Explore,0.20000000000000004
1784895003241,alice,Sing,-0.20000000000000004
1784895003241,alice,http://localhost:3251@Ant,0.5
1784895003241,alice,Walk,0.8999999999999999
1784895003241,alice,http://localhost:3251@Bat,0.7
1784895003241,alice,Fight,0.4
1784895003241,alice,http://localhost:3251@bear,-0.30000000000000004
1784895003241,alice,Exercise,-0.5
1784895003241,alice,http://localhost:3251@brice,-0.6
1784895003241,alice,Talk,-0.4
1784895003241,alice,http://localhost:3251@Bee,0.30000000000000004
1784895003241,alice,Play,0.20000000000000004
1784895003241,alice,Dance,0.20000000000000004
1784895003241,Bat,Explore,-0.30000000000000004
1784895003241,Bat,Sing,-0.20000000000000004
1784895003241,Bat,http://localhost:3251@brice,-0.5
1784895003241,Bat,Walk,0.10000000000000003
1784895003241,Bat,http://localhost:3251@alice,0.20000000000000004
1784895003241,Bat,Fight,0
1784895003241,Bat,http://localhost:3251@Ant,-0.5
1784895003241,Bat,Dance,0.4
1784895003241,Bat,Talk,-0.20000000000000004
1784895003241,Bat,http://localhost:3251@bear,1.2
1784895003241,Bat,http://localhost:3251@Bee,-0.7
1784895003241,Bat,Exercise,-0.1
1784895003241,Bat,Play,-0.30000000000000004
1784895003411,bear,Fight,0.20000000000000004
1784895003411,bear,http://localhost:3251@Bee,0.7
1784895003411,bear,http://localhost:3251@alice,-0.20000000000000004
1784895003411,bear,Explore,0.30000000000000004
1784895003411,bear,Walk,-0.1
1784895003411,bear,Exercise,-0.4
1784895003411,bear,http://localhost:3251@Ant,0.4
1784895003411,bear,Sing,0.5
1784895003411,bear,Talk,-0.20000000000000004
1784895003411,bear,http://localhost:3251@brice,-0.7
1784895003411,bear,http://localhost:3251@Bat,-0.30000000000000004
1784895003411,bear,Play,-0.10000000000000003
1784895003411,bear,Dance,0
1784895003473,Bee,Dance,-0.1
1784895003473,Bee,http://localhost:3251@Ant,-0.10000000000000003
1784895003473,Bee,Explore,0.8999999999999999
1784895003473,Bee,Fight,-0.4
1784895003473,Bee,http://localhost:3251@bear,-0.6
1784895003473,Bee,Sing,-0.9999999999999999
1784895003473,Bee,http://localhost:3251@Bat,0.30000000000000004
1784895003473,Bee,http://localhost:3251@brice,2.7755575615628914e-17
1784895003473,Bee,http://localhost:3251@alice,-1.2
1784895003473,Bee,Talk,-0.1
1784895003473,Bee,Exercise,0.10000000000000003
1784895003473,Bee,Walk,0
1784895003473,Bee,Play,-0.10000000000000003
1784895003474,brice,Sing,0.7
1784895003474,brice,http://localhost:3251@Bat,1.4000000000000001
1784895003474,brice,Fight,0.7999999999999999
1784895003474,brice,http://localhost:3251@bear,-0.6
1784895003474,brice,http://localhost:3251@Ant,0.4
1784895003474,brice,Dance,0.19999999999999998
1784895003474,brice,Exercise,0.5
1784895003474,brice,http://localhost:3251@alice,0.7
1784895003474,brice,Explore,-0.5
1784895003474,brice,Talk,0.5
1784895003474,brice,http://localhost:3251@Bee,0.5
1784895003474,brice,Walk,0.20000000000000004
1784895003474,brice,Play,-0.5
1784895004182,Ant,Dance,0.7
1784895004182,Ant,http://localhost:3251@Bee,0.30000000000000004
1784895004182,Ant,Sing,-0.10000000000000003
1784895004182,Ant,http://localhost:3251@alice,2.7755575615628914e-17
1784895004182,Ant,Explore,0.10000000000000003
1784895004182,Ant,Fight,0.4
1784895004182,Ant,http://localhost:3251@Bat,0.5
1784895004182,Ant,http://localhost:3251@brice,0.4
1784895004182,Ant,Talk,-0.20000000000000004
1784895004182,Ant,Exercise,0
1784895004182,Ant,http://localhost:3251@bear,-0.7
1784895004182,Ant,Play,2.7755575615628914e-17
1784895004182,Ant,Walk,-0.30000000000000004
1784895004183,bear,Fight,0.20000000000000004
1784895004183,bear,http://localhost:3251@Bee,0.7
1784895004183,bear,http://localhost:3251@alice,-0.20000000000000004
1784895004183,bear,Explore,0.30000000000000004
1784895004183,bear,Walk,-0.1
1784895004183,bear,Exercise,-0.4
1784895004183,bear,http://localhost:3251@Ant,0.5
1784895004183,bear,Sing,0.6
1784895004183,bear,Talk,-0.20000000000000004
1784895004183,bear,http://localhost:3251@brice,-0.7
1784895004183,bear,http://localhost:3251@Bat,-0.30000000000000004
1784895004183,bear,Play,-0.10000000000000003
1784895004183,bear,Dance,0
1784895004405,Bat,Explore,-0.30000000000000004
1784895004405,Bat,Sing,-0.20000000000000004
1784895004405,Bat,http://localhost:3251@brice,-0.4
1784895004405,Bat,Walk,0.10000000000000003
1784895004405,Bat,http://localhost:3251@alice,0.20000000000000004
1784895004405,Bat,Fight,0
1784895004405,Bat,http://localhost:3251@Ant,-0.5
1784895004405,Bat,Dance,0.4
1784895004405,Bat,Talk,-0.20000000000000004
1784895004405,Bat,http://localhost:3251@bear,1.2
1784895004405,Bat,http://localhost:3251@Bee,-0.7
1784895004405,Bat,Exercise,0
1784895004405,Bat,Play,-0.30000000000000004
1784895004406,Bee,Dance,-0.1
1784895004406,Bee,http://localhost:3251@Ant,-0.10000000000000003
1784895004406,Bee,Explore,0.8999999999999999
1784895004406,Bee,Fight,-0.4
1784895004406,Bee,http://localhost:3251@bear,-0.6
1784895004406,Bee,Sing,-0.9999999999999999
1784895004406,Bee,http://localhost:3251@Bat,0.4
1784895004406,Bee,http://localhost:3251@brice,2.7755575615628914e-17
1784895004406,Bee,http://localhost:3251@alice,-1.2
1784895004406,Bee,Talk,-0.1
1784895004406,Bee,Exercise,0.20000000000000004
1784895004406,Bee,Walk,0
1784895004406,Bee,Play,-0.10000000000000003
1784895005164,alice,Explore,0.20000000000000004
1784895005164,alice,Sing,-0.20000000000000004
1784895005164,alice,http://localhost:3251@Ant,0.6
1784895005164,alice,Walk,0.8999999999999999
1784895005164,alice,http://localhost:3251@Bat,0.7
1784895005164,alice,Fight,0.4
1784895005164,alice,http://localhost:3251@bear,-0.30000000000000004
1784895005164,alice,Exercise,-0.5
1784895005164,alice,http://localhost:3251@brice,-0.6
1784895005164,alice,Talk,-0.4
1784895005164,alice,http://localhost:3251@Bee,0.30000000000000004
1784895005164,alice,Play,0.30000000000000004
1784895005164,alice,Dance,0.20000000000000004
1784895005164,Bee,Dance,-0.1
1784895005164,Bee,http://localhost:3251@Ant,-0.10000000000000003
1784895005164,Bee,Explore,0.8999999999999999
1784895005164,Bee,Fight,-0.4
1784895005164,Bee,http://localhost:3251@bear,-0.6
1784895005164,Bee,Sing,-0.9999999999999999
1784895005164,Bee,http://localhost:3251@Bat,0.4
1784895005164,Bee,http://localhost:3251@brice,2.7755575615628914e-17
1784895005164,Bee,http://localhost:3251@alice,-1.0999999999999999
1784895005164,Bee,Talk,-0.1
1784895005164,Bee,Exercise,0.20000000000000004
1784895005164,Bee,Walk,0
1784895005164,Bee,Play,-2.7755575615628914e-17
1784895005434,Ant,Dance,0.7
1784895005434,Ant,http://localhost:3251@Bee,0.30000000000000004
1784895005434,Ant,Sing,-2.7755575615628914e-17
1784895005434,Ant,http://localhost:3251@alice,2.7755575615628914e-17
1784895005434,Ant,Explore,0.10000000000000003
1784895005434,Ant,Fight,0.4
1784895005434,Ant,http://localhost:3251@Bat,0.5
1784895005434,Ant,http://localhost:3251@brice,0.5
1784895005434,Ant,Talk,-0.20000000000000004
1784895005434,Ant,Exercise,0
1784895005434,Ant,http://localhost:3251@bear,-0.7
1784895005434,Ant,Play,2.7755575615628914e-17
1784895005434,Ant,Walk,-0.30000000000000004
1784895005435,brice,Sing,0.7999999999999999
1784895005435,brice,http://localhost:3251@Bat,1.4000000000000001
1784895005435,brice,Fight,0.7999999999999999
1784895005435,brice,http://localhost:3251@bear,-0.6
1784895005435,brice,http://localhost:3251@Ant,0.5
1784895005435,brice,Dance,0.19999999999999998
1784895005435,brice,Exercise,0.5
1784895005435,brice,http://localhost:3251@alice,0.7
1784895005435,brice,Explore,-0.5
1784895005435,brice,Talk,0.5
1784895005435,brice,http://localhost:3251@Bee,0.5
1784895005435,brice,Walk,0.20000000000000004
1784895005435,brice,Play,-0.5
1784895006059,Bat,Explore,-0.30000000000000004
1784895006059,Bat,Sing,-0.20000000000000004
1784895006059,Bat,http://localhost:3251@brice,-0.4
1784895006059,Bat,Walk,0.10000000000000003
1784895006059,Bat,http://localhost:3251@alice,0.20000000000000004
1784895006059,Bat,Fight,0.1
1784895006059,Bat,http://localhost:3251@Ant,-0.5
1784895006059,Bat,Dance,0.4
1784895006059,Bat,Talk,-0.20000000000000004
1784895006059,Bat,http://localhost:3251@bear,1.3
1784895006059,Bat,http://localhost:3251@Bee,-0.7
1784895006059,Bat,Exercise,0
1784895006059,Bat,Play,-0.30000000000000004
1784895006060,brice,Sing,0.7999999999999999
1784895006060,brice,http://localhost:3251@Bat,1.5000000000000002
1784895006060,brice,Fight,0.8999999999999999
1784895006060,brice,http://localhost:3251@bear,-0.6
1784895006060,brice,http://localhost:3251@Ant,0.5
1784895006060,brice,Dance,0.19999999999999998
1784895006060,brice,Exercise,0.5
1784895006060,brice,http://localhost:3251@alice,0.7
1784895006060,brice,Explore,-0.5
1784895006060,brice,Talk,0.5
1784895006060,brice,http://localhost:3251@Bee,0.5
1784895006060,brice,Walk,0.20000000000000004
1784895006060,brice,Play,-0.5
1784895006478,alice,Explore,0.20000000000000004
1784895006478,alice,Sing,-0.30000000000000004
1784895006478,alice,http://localhost:3251@Ant,0.6
1784895006478,alice,Walk,0.8999999999999999
1784895006478,alice,http://localhost:3251@Bat,0.7
1784895006478,alice,Fight,0.4
1784895006478,alice,http://localhost:3251@bear,-0.4
1784895006478,alice,Exercise,-0.5
1784895006478,alice,http://localhost:3251@brice,-0.6
1784895006478,alice,Talk,-0.4
1784895006478,alice,http://localhost:3251@Bee,0.30000000000000004
1784895006478,alice,Play,0.30000000000000004
1784895006478,alice,Dance,0.20000000000000004
1784895006480,Ant,Dance,0.7
1784895006480,Ant,http://localhost:3251@Bee,0.30000000000000004
1784895006480,Ant,Sing,-2.7755575615628914e-17
1784895006480,Ant,http://localhost:3251@alice,-0.09999999999999998
1784895006480,Ant,Explore,0.10000000000000003
1784895006480,Ant,Fight,0.4
1784895006480,Ant,http://localhost:3251@Bat,0.5
1784895006480,Ant,http://localhost:3251@brice,0.5
1784895006480,Ant,Talk,-0.30000000000000004
1784895006480,Ant,Exercise,0
1784895006480,Ant,http://localhost:3251@bear,-0.7
1784895006480,Ant,Play,2.7755575615628914e-17
1784895006480,Ant,Walk,-0.30000000000000004
1784895006480,Bat,Explore,-0.30000000000000004
1784895006480,Bat,Sing,-0.20000000000000004
1784895006480,Bat,http://localhost:3251@brice,-0.4
1784895006480,Bat,Walk,0.10000000000000003
1784895006480,Bat,http://localhost:3251@alice,0.20000000000000004
1784895006480,Bat,Fight,0.1
1784895006480,Bat,http://localhost:3251@Ant,-0.6
1784895006480,Bat,Dance,0.4
1784895006480,Bat,Talk,-0.30000000000000004
1784895006480,Bat,http://localhost:3251@bear,1.3
1784895006480,Bat,http://localhost:3251@Bee,-0.7
1784895006480,Bat,Exercise,0
1784895006480,Bat,Play,-0.30000000000000004
1784895006481,bear,Fight,0.20000000000000004
1784895006481,bear,http://localhost:3251@Bee,0.7
1784895006481,bear,http://localhost:3251@alice,-0.30000000000000004
1784895006481,bear,Explore,0.30000000000000004
1784895006481,bear,Walk,-0.1
1784895006481,bear,Exercise,-0.4
1784895006481,bear,http://localhost:3251@Ant,0.5
1784895006481,bear,Sing,0.5
1784895006481,bear,Talk,-0.20000000000000004
1784895006481,bear,http://localhost:3251@brice,-0.7
1784895006481,bear,http://localhost:3251@Bat,-0.30000000000000004
1784895006481,bear,Play,-0.10000000000000003
1784895006481,bear,Dance,0
1784895006836,bear,Fight,0.20000000000000004
1784895006836,bear,http://localhost:3251@Bee,0.7999999999999999
1784895006836,bear,http://localhost:3251@alice,-0.30000000000000004
1784895006836,bear,Explore,0.30000000000000004
1784895006836,bear,Walk,-0.1
1784895006836,bear,Exercise,-0.4
1784895006836,bear,http://localhost:3251@Ant,0.5
1784895006836,bear,Sing,0.5
1784895006836,bear,Talk,-0.10000000000000003
1784895006836,bear,http://localhost:3251@brice,-0.7
1784895006836,bear,http://localhost:3251@Bat,-0.30000000000000004
1784895006836,bear,Play,-0.10000000000000003
1784895006836,bear,Dance,0
1784895006837,Bee,Dance,-0.1
1784895006837,Bee,http://localhost:3251@Ant,-0.10000000000000003
1784895006837,Bee,Explore,0.8999999999999999
1784895006837,Bee,Fight,-0.4
1784895006837,Bee,http://localhost:3251@bear,-0.5
1784895006837,Bee,Sing,-0.9999999999999999
1784895006837,Bee,http://localhost:3251@Bat,0.4
1784895006837,Bee,http://localhost:3251@brice,2.7755575615628914e-17
1784895006837,Bee,http://localhost:3251@alice,-1.0999999999999999
1784895006837,Bee,Talk,0
1784895006837,Bee,Exercise,0.20000000000000004
1784895006837,Bee,Walk,0
1784895006837,Bee,Play,-2.7755575615628914e-17
1784895007372,Bat,Explore,-0.30000000000000004
1784895007372,Bat,Sing,-0.20000000000000004
1784895007372,Bat,http://localhost:3251@brice,-0.30000000000000004
1784895007372,Bat,Walk,0.20000000000000004
1784895007372,Bat,http://localhost:3251@alice,0.20000000000000004
1784895007372,Bat,Fight,0.1
1784895007372,Bat,http://localhost:3251@Ant,-0.6
1784895007372,Bat,Dance,0.4
1784895007372,Bat,Talk,-0.30000000000000004
1784895007372,Bat,http://localhost:3251@bear,1.3
1784895007372,Bat,http://localhost:3251@Bee,-0.7
1784895007372,Bat,Exercise,0
1784895007372,Bat,Play,-0.30000000000000004
1784895007372,brice,Sing,0.7999999999999999
1784895007372,brice,http://localhost:3251@Bat,1.4000000000000001
1784895007372,brice,Fight,0.8999999999999999
1784895007372,brice,http://localhost:3251@bear,-0.6
1784895007372,brice,http://localhost:3251@Ant,0.5
1784895007372,brice,Dance,0.19999999999999998
1784895007372,brice,Exercise,0.5
1784895007372,brice,http://localhost:3251@alice,0.7
1784895007372,brice,Explore,-0.5
1784895007372,brice,Talk,0.5
1784895007372,brice,http://localhost:3251@Bee,0.5
1784895007372,brice,Walk,0.10000000000000003
1784895007372,brice,Play,-0.5
1784895008056,Ant,Dance,0.7
1784895008056,Ant,http://localhost:3251@Bee,0.30000000000000004
1784895008056,Ant,Sing,-2.7755575615628914e-17
1784895008056,Ant,http://localhost:3251@alice,-0.09999999999999998
1784895008056,Ant,Explore,0.20000000000000004
1784895008056,Ant,Fight,0.4
1784895008056,Ant,http://localhost:3251@Bat,0.5
1784895008056,Ant,http://localhost:3251@brice,0.5
1784895008056,Ant,Talk,-0.30000000000000004
1784895008056,Ant,Exercise,0
1784895008056,Ant,http://localhost:3251@bear,-0.7
1784895008056,Ant,Play,2.7755575615628914e-17
1784895008056,Ant,Walk,-0.30000000000000004
1784895008109,Bat,Explore,-0.30000000000000004
1784895008109,Bat,Sing,-0.20000000000000004
1784895008109,Bat,http://localhost:3251@brice,-0.30000000000000004
1784895008109,Bat,Walk,0.20000000000000004
1784895008109,Bat,http://localhost:3251@alice,0.20000000000000004
1784895008109,Bat,Fight,0.1
1784895008109,Bat,http://localhost:3251@Ant,-0.6
1784895008109,Bat,Dance,0.4
1784895008109,Bat,Talk,-0.30000000000000004
1784895008109,Bat,http://localhost:3251@bear,1.3
1784895008109,Bat,http://localhost:3251@Bee,-0.7999999999999999
1784895008109,Bat,Exercise,0
1784895008109,Bat,Play,-0.4
1784895008109,Bee,Dance,-0.1
1784895008109,Bee,http://localhost:3251@Ant,-2.7755575615628914e-17
1784895008109,Bee,Explore,0.8999999999999999
1784895008109,Bee,Fight,-0.4
1784895008109,Bee,http://localhost:3251@bear,-0.5
1784895008109,Bee,Sing,-0.9999999999999999
1784895008109,Bee,http://localhost:3251@Bat,0.4
1784895008109,Bee,http://localhost:3251@brice,2.7755575615628914e-17
1784895008109,Bee,http://localhost:3251@alice,-1.0999999999999999
1784895008109,Bee,Talk,0
1784895008109,Bee,Exercise,0.20000000000000004
1784895008109,Bee,Walk,0
1784895008109,Bee,Play,0.09999999999999998
1784895008334,bear,Fight,0.30000000000000004
1784895008334,bear,http://localhost:3251@Bee,0.7999999999999999
1784895008334,bear,http://localhost:3251@alice,-0.30000000000000004
1784895008334,bear,Explore,0.30000000000000004
1784895008334,bear,Walk,-0.1
1784895008334,bear,Exercise,-0.4
1784895008334,bear,http://localhost:3251@Ant,0.5
1784895008334,bear,Sing,0.5
1784895008334,bear,Talk,-0.10000000000000003
1784895008334,bear,http://localhost:3251@brice,-0.6
1784895008334,bear,http://localhost:3251@Bat,-0.30000000000000004
1784895008334,bear,Play,-0.10000000000000003
1784895008334,bear,Dance,0
1784895008335,brice,Sing,0.7999999999999999
1784895008335,brice,http://localhost:3251@Bat,1.5000000000000002
1784895008335,brice,Fight,0.9999999999999999
1784895008335,brice,http://localhost:3251@bear,-0.6
1784895008335,brice,http://localhost:3251@Ant,0.5
1784895008335,brice,Dance,0.19999999999999998
1784895008335,brice,Exercise,0.5
1784895008335,brice,http://localhost:3251@alice,0.7
1784895008335,brice,Explore,-0.5
1784895008335,brice,Talk,0.5
1784895008335,brice,http://localhost:3251@Bee,0.5
1784895008335,brice,Walk,0.10000000000000003
1784895008335,brice,Play,-0.5
1784895008790,alice,Explore,0.20000000000000004
1784895008790,alice,Sing,-0.30000000000000004
1784895008790,alice,http://localhost:3251@Ant,0.6
1784895008790,alice,Walk,0.8999999999999999
1784895008790,alice,http://localhost:3251@Bat,0.7
1784895008790,alice,Fight,0.5
1784895008790,alice,http://localhost:3251@bear,-0.30000000000000004
1784895008790,alice,Exercise,-0.5
1784895008790,alice,http://localhost:3251@brice,-0.6
1784895008790,alice,Talk,-0.4
1784895008790,alice,http://localhost:3251@Bee,0.30000000000000004
1784895008790,alice,Play,0.30000000000000004
1784895008790,alice,Dance,0.20000000000000004
1784895008790,Bat,Explore,-0.30000000000000004
1784895008790,Bat,Sing,-0.20000000000000004
1784895008790,Bat,http://localhost:3251@brice,-0.30000000000000004
1784895008790,Bat,Walk,0.20000000000000004
1784895008790,Bat,http://localhost:3251@alice,0.10000000000000003
1784895008790,Bat,Fight,0
1784895008790,Bat,http://localhost:3251@Ant,-0.6
1784895008790,Bat,Dance,0.4
1784895008790,Bat,Talk,-0.30000000000000004
1784895008790,Bat,http://localhost:3251@bear,1.3
1784895008790,Bat,http://localhost:3251@Bee,-0.7999999999999999
1784895008790,Bat,Exercise,0
1784895008790,Bat,Play,-0.4
1784895009333,Ant,Dance,0.7999999999999999
1784895009333,Ant,http://localhost:3251@Bee,0.4
1784895009333,Ant,Sing,-2.7755575615628914e-17
1784895009333,Ant,http://localhost:3251@alice,-0.09999999999999998
1784895009333,Ant,Explore,0.20000000000000004
1784895009333,Ant,Fight,0.4
1784895009333,Ant,http://localhost:3251@Bat,0.5
1784895009333,Ant,http://localhost:3251@brice,0.5
1784895009333,Ant,Talk,-0.30000000000000004
1784895009333,Ant,Exercise,0
1784895009333,Ant,http://localhost:3251@bear,-0.7
1784895009333,Ant,Play,2.7755575615628914e-17
1784895009333,Ant,Walk,-0.30000000000000004
1784895009334,bear,Fight,0.30000000000000004
1784895009334,bear,http://localhost:3251@Bee,0.7999999999999999
1784895009334,bear,http://localhost:3251@alice,-0.30000000000000004
1784895009334,bear,Explore,0.30000000000000004
1784895009334,bear,Walk,-0.1
1784895009334,bear,Exercise,-0.4
1784895009334,bear,http://localhost:3251@Ant,0.4
1784895009334,bear,Sing,0.5
1784895009334,bear,Talk,-0.10000000000000003
1784895009334,bear,http://localhost:3251@brice,-0.6
1784895009334,bear,http://localhost:3251@Bat,-0.30000000000000004
1784895009334,bear,Play,-0.10000000000000003
1784895009334,bear,Dance,-0.1
1784895010047,Bee,Dance,-0.1
1784895010047,Bee,http://localhost:3251@Ant,-2.7755575615628914e-17
1784895010047,Bee,Explore,0.8999999999999999
1784895010047,Bee,Fight,-0.30000000000000004
1784895010047,Bee,http://localhost:3251@bear,-0.5
1784895010047,Bee,Sing,-0.9999999999999999
1784895010047,Bee,http://localhost:3251@Bat,0.4
1784895010047,Bee,http://localhost:3251@brice,0.10000000000000003
1784895010047,Bee,http://localhost:3251@alice,-1.0999999999999999
1784895010047,Bee,Talk,0
1784895010047,Bee,Exercise,0.20000000000000004
1784895010047,Bee,Walk,0
1784895010047,Bee,Play,0.09999999999999998
1784895010047,brice,Sing,0.7999999999999999
1784895010047,brice,http://localhost:3251@Bat,1.6000000000000003
1784895010047,brice,Fight,1.0999999999999999
1784895010047,brice,http://localhost:3251@bear,-0.6
1784895010047,brice,http://localhost:3251@Ant,0.5
1784895010047,brice,Dance,0.19999999999999998
1784895010047,brice,Exercise,0.5
1784895010047,brice,http://localhost:3251@alice,0.7
1784895010047,brice,Explore,-0.5
1784895010047,brice,Talk,0.5
1784895010047,brice,http://localhost:3251@Bee,0.5
1784895010047,brice,Walk,0.10000000000000003
1784895010047,brice,Play,-0.5
1784895010321,alice,Explore,0.10000000000000003
1784895010321,alice,Sing,-0.30000000000000004
1784895010321,alice,http://localhost:3251@Ant,0.6
1784895010321,alice,Walk,0.8999999999999999
1784895010321,alice,http://localhost:3251@Bat,0.7
1784895010321,alice,Fight,0.5
1784895010321,alice,http://localhost:3251@bear,-0.30000000000000004
1784895010321,alice,Exercise,-0.5
1784895010321,alice,http://localhost:3251@brice,-0.6
1784895010321,alice,Talk,-0.4
1784895010321,alice,http://localhost:3251@Bee,0.30000000000000004
1784895010321,alice,Play,0.30000000000000004
1784895010321,alice,Dance,0.20000000000000004
1784895010944,Bat,Explore,-0.20000000000000004
1784895010944,Bat,Sing,-0.20000000000000004
1784895010944,Bat,http://localhost:3251@brice,-0.30000000000000004
1784895010944,Bat,Walk,0.20000000000000004
1784895010944,Bat,http://localhost:3251@alice,0.10000000000000003
1784895010944,Bat,Fight,0
1784895010944,Bat,http://localhost:3251@Ant,-0.6
1784895010944,Bat,Dance,0.4
1784895010944,Bat,Talk,-0.30000000000000004
1784895010944,Bat,http://localhost:3251@bear,1.3
1784895010944,Bat,http://localhost:3251@Bee,-0.7999999999999999
1784895010944,Bat,Exercise,0
1784895010944,Bat,Play,-0.4
1784895011560,alice,Explore,0.10000000000000003
1784895011560,alice,Sing,-0.20000000000000004
1784895011560,alice,http://localhost:3251@Ant,0.6
1784895011560,alice,Walk,0.8999999999999999
1784895011560,alice,http://localhost:3251@Bat,0.7
1784895011560,alice,Fight,0.5
1784895011560,alice,http://localhost:3251@bear,-0.20000000000000004
1784895011560,alice,Exercise,-0.5
1784895011560,alice,http://localhost:3251@brice,-0.6
1784895011560,alice,Talk,-0.4
1784895011560,alice,http://localhost:3251@Bee,0.30000000000000004
1784895011560,alice,Play,0.30000000000000004
1784895011560,alice,Dance,0.20000000000000004
1784895011560,Bat,Explore,-0.20000000000000004
1784895011560,Bat,Sing,-0.30000000000000004
1784895011560,Bat,http://localhost:3251@brice,-0.30000000000000004
1784895011560,Bat,Walk,0.20000000000000004
1784895011560,Bat,http://localhost:3251@alice,2.7755575615628914e-17
1784895011560,Bat,Fight,0
1784895011560,Bat,http://localhost:3251@Ant,-0.6
1784895011560,Bat,Dance,0.4
1784895011560,Bat,Talk,-0.30000000000000004
1784895011560,Bat,http://localhost:3251@bear,1.3
1784895011560,Bat,http://localhost:3251@Bee,-0.7999999999999999
1784895011560,Bat,Exercise,0
1784895011560,Bat,Play,-0.4
1784895012555,alice,Explore,0.10000000000000003
1784895012555,alice,Sing,-0.20000000000000004
1784895012555,alice,http://localhost:3251@Ant,0.7
1784895012555,alice,Walk,0.8999999999999999
1784895012555,alice,http://localhost:3251@Bat,0.7
1784895012555,alice,Fight,0.5
1784895012555,alice,http://localhost:3251@bear,-0.20000000000000004
1784895012555,alice,Exercise,-0.5
1784895012555,alice,http://localhost:3251@brice,-0.6
1784895012555,alice,Talk,-0.4
1784895012555,alice,http://localhost:3251@Bee,0.30000000000000004
1784895012555,alice,Play,0.4
1784895012555,alice,Dance,0.20000000000000004
1784895012556,Ant,Dance,0.7999999999999999
1784895012556,Ant,http://localhost:3251@Bee,0.4
1784895012556,Ant,Sing,-2.7755575615628914e-17
1784895012556,Ant,http://localhost:3251@alice,-0.09999999999999998
1784895012556,Ant,Explore,0.20000000000000004
1784895012556,Ant,Fight,0.4
1784895012556,Ant,http://localhost:3251@Bat,0.5
1784895012556,Ant,http://localhost:3251@brice,0.5
1784895012556,Ant,Talk,-0.30000000000000004
1784895012556,Ant,Exercise,0
1784895012556,Ant,http://localhost:3251@bear,-0.7999999999999999
1784895012556,Ant,Play,-0.09999999999999998
1784895012556,Ant,Walk,-0.30000000000000004
1784895012831,Bat,Explore,-0.20000000000000004
1784895012831,Bat,Sing,-0.30000000000000004
1784895012831,Bat,http://localhost:3251@brice,-0.30000000000000004
1784895012831,Bat,Walk,0.10000000000000003
1784895012831,Bat,http://localhost:3251@alice,-0.09999999999999998
1784895012831,Bat,Fight,0
1784895012831,Bat,http://localhost:3251@Ant,-0.6
1784895012831,Bat,Dance,0.4
1784895012831,Bat,Talk,-0.30000000000000004
1784895012831,Bat,http://localhost:3251@bear,1.3
1784895012831,Bat,http://localhost:3251@Bee,-0.7999999999999999
1784895012831,Bat,Exercise,0
1784895012831,Bat,Play,-0.4
1784895012832,brice,Sing,0.7999999999999999
1784895012832,brice,http://localhost:3251@Bat,1.5000000000000002
1784895012832,brice,Fight,1.0999999999999999
1784895012832,brice,http://localhost:3251@bear,-0.6
1784895012832,brice,http://localhost:3251@Ant,0.5
1784895012832,brice,Dance,0.19999999999999998
1784895012832,brice,Exercise,0.5
1784895012832,brice,http://localhost:3251@alice,0.7
1784895012832,brice,Explore,-0.5
1784895012832,brice,Talk,0.5
1784895012832,brice,http://localhost:3251@Bee,0.5
1784895012832,brice,Walk,2.7755575615628914e-17
1784895012832,brice,Play,-0.5
1784895013651,alice,Explore,0.10000000000000003
1784895013651,alice,Sing,-0.20000000000000004
1784895013651,alice,http://localhost:3251@Ant,0.7
1784895013651,alice,Walk,0.9999999999999999
1784895013651,alice,http://localhost:3251@Bat,0.7
1784895013651,alice,Fight,0.5
1784895013651,alice,http://localhost:3251@bear,-0.10000000000000003
1784895013651,alice,Exercise,-0.5
1784895013651,alice,http://localhost:3251@brice,-0.6
1784895013651,alice,Talk,-0.4
1784895013651,alice,http://localhost:3251@Bee,0.30000000000000004
1784895013651,alice,Play,0.4
1784895013651,alice,Dance,0.20000000000000004
1784895013651,bear,Fight,0.30000000000000004
1784895013651,bear,http://localhost:3251@Bee,0.7999999999999999
1784895013651,bear,http://localhost:3251@alice,-0.20000000000000004
1784895013651,bear,Explore,0.30000000000000004
1784895013651,bear,Walk,0
1784895013651,bear,Exercise,-0.4
1784895013651,bear,http://localhost:3251@Ant,0.4
1784895013651,bear,Sing,0.5
1784895013651,bear,Talk,-0.10000000000000003
1784895013651,bear,http://localhost:3251@brice,-0.6
1784895013651,bear,http://localhost:3251@Bat,-0.30000000000000004
1784895013651,bear,Play,-0.10000000000000003
1784895013651,bear,Dance,-0.1
1784895013966,Bat,Explore,-0.20000000000000004
1784895013966,Bat,Sing,-0.30000000000000004
1784895013966,Bat,http://localhost:3251@brice,-0.4
1784895013966,Bat,Walk,0.10000000000000003
1784895013966,Bat,http://localhost:3251@alice,-0.09999999999999998
1784895013966,Bat,Fight,0
1784895013966,Bat,http://localhost:3251@Ant,-0.6
1784895013966,Bat,Dance,0.4
1784895013966,Bat,Talk,-0.30000000000000004
1784895013966,Bat,http://localhost:3251@bear,1.3
1784895013966,Bat,http://localhost:3251@Bee,-0.7999999999999999
1784895013966,Bat,Exercise,-0.1
1784895013966,Bat,Play,-0.4
1784895013968,Bee,Dance,-0.1
1784895013968,Bee,http://localhost:3251@Ant,-2.7755575615628914e-17
1784895013968,Bee,Explore,0.8999999999999999
1784895013968,Bee,Fight,-0.30000000000000004
1784895013968,Bee,http://localhost:3251@bear,-0.5
1784895013968,Bee,Sing,-0.9999999999999999
1784895013968,Bee,http://localhost:3251@Bat,0.5
1784895013968,Bee,http://localhost:3251@brice,0.10000000000000003
1784895013968,Bee,http://localhost:3251@alice,-1.0999999999999999
1784895013968,Bee,Talk,0
1784895013968,Bee,Exercise,0.30000000000000004
1784895013968,Bee,Walk,0
1784895013968,Bee,Play,0.09999999999999998
1784895014760,Ant,Dance,0.7999999999999999
1784895014760,Ant,http://localhost:3251@Bee,0.4
1784895014760,Ant,Sing,-2.7755575615628914e-17
1784895014760,Ant,http://localhost:3251@alice,-0.09999999999999998
1784895014760,Ant,Explore,0.30000000000000004
1784895014760,Ant,Fight,0.4
1784895014760,Ant,http://localhost:3251@Bat,0.5
1784895014760,Ant,http://localhost:3251@brice,0.5
1784895014760,Ant,Talk,-0.30000000000000004
1784895014760,Ant,Exercise,0
1784895014760,Ant,http://localhost:3251@bear,-0.7999999999999999
1784895014760,Ant,Play,-0.09999999999999998
1784895014760,Ant,Walk,-0.30000000000000004
1784895014761,Bee,Dance,-0.1
1784895014761,Bee,http://localhost:3251@Ant,-2.7755575615628914e-17
1784895014761,Bee,Explore,0.8999999999999999
1784895014761,Bee,Fight,-0.30000000000000004
1784895014761,Bee,http://localhost:3251@bear,-0.5
1784895014761,Bee,Sing,-1.0999999999999999
1784895014761,Bee,http://localhost:3251@Bat,0.5
1784895014761,Bee,http://localhost:3251@brice,2.7755575615628914e-17
1784895014761,Bee,http://localhost:3251@alice,-1.0999999999999999
1784895014761,Bee,Talk,0
1784895014761,Bee,Exercise,0.30000000000000004
1784895014761,Bee,Walk,0
1784895014761,Bee,Play,0.09999999999999998
1784895014762,brice,Sing,0.7
1784895014762,brice,http://localhost:3251@Bat,1.5000000000000002
1784895014762,brice,Fight,1.0999999999999999
1784895014762,brice,http://localhost:3251@bear,-0.6
1784895014762,brice,http://localhost:3251@Ant,0.4
1784895014762,brice,Dance,0.19999999999999998
1784895014762,brice,Exercise,0.5
1784895014762,brice,http://localhost:3251@alice,0.7
1784895014762,brice,Explore,-0.5
1784895014762,brice,Talk,0.5
1784895014762,brice,http://localhost:3251@Bee,0.5
1784895014762,brice,Walk,2.7755575615628914e-17
1784895014762,brice,Play,-0.5
1784895015338,bear,Fight,0.30000000000000004
1784895015338,bear,http://localhost:3251@Bee,0.7999999999999999
1784895015338,bear,http://localhost:3251@alice,-0.20000000000000004
1784895015338,bear,Explore,0.4
1784895015338,bear,Walk,0
1784895015338,bear,Exercise,-0.4
1784895015338,bear,http://localhost:3251@Ant,0.4
1784895015338,bear,Sing,0.5
1784895015338,bear,Talk,-0.10000000000000003
1784895015338,bear,http://localhost:3251@brice,-0.6
1784895015338,bear,http://localhost:3251@Bat,-0.30000000000000004
1784895015338,bear,Play,-0.10000000000000003
1784895015338,bear,Dance,-0.1
1784895016062,alice,Explore,2.7755575615628914e-17
1784895016062,alice,Sing,-0.20000000000000004
1784895016062,alice,http://localhost:3251@Ant,0.7
1784895016062,alice,Walk,0.9999999999999999
1784895016062,alice,http://localhost:3251@Bat,0.7
1784895016062,alice,Fight,0.5
1784895016062,alice,http://localhost:3251@bear,-0.10000000000000003
1784895016062,alice,Exercise,-0.5
1784895016062,alice,http://localhost:3251@brice,-0.6
1784895016062,alice,Talk,-0.4
1784895016062,alice,http://localhost:3251@Bee,0.30000000000000004
1784895016062,alice,Play,0.4
1784895016062,alice,Dance,0.20000000000000004
1784895016121,Bat,Explore,-0.20000000000000004
1784895016121,Bat,Sing,-0.30000000000000004
1784895016121,Bat,http://localhost:3251@brice,-0.4
1784895016121,Bat,Walk,0.10000000000000003
1784895016121,Bat,http://localhost:3251@alice,-0.09999999999999998
1784895016121,Bat,Fight,0
1784895016121,Bat,http://localhost:3251@Ant,-0.6
1784895016121,Bat,Dance,0.30000000000000004
1784895016121,Bat,Talk,-0.30000000000000004
1784895016121,Bat,http://localhost:3251@bear,1.3
1784895016121,Bat,http://localhost:3251@Bee,-0.8999999999999999
1784895016121,Bat,Exercise,-0.1
1784895016121,Bat,Play,-0.4
1784895016121,Bee,Dance,-0.2
1784895016121,Bee,http://localhost:3251@Ant,-2.7755575615628914e-17
1784895016121,Bee,Explore,0.8999999999999999
1784895016121,Bee,Fight,-0.30000000000000004
1784895016121,Bee,http://localhost:3251@bear,-0.5
1784895016121,Bee,Sing,-1.0999999999999999
1784895016121,Bee,http://localhost:3251@Bat,0.5
1784895016121,Bee,http://localhost:3251@brice,-0.09999999999999998
1784895016121,Bee,http://localhost:3251@alice,-1.0999999999999999
1784895016121,Bee,Talk,0
1784895016121,Bee,Exercise,0.30000000000000004
1784895016121,Bee,Walk,0
1784895016121,Bee,Play,0.09999999999999998
1784895017108,Ant,Dance,0.7999999999999999
1784895017108,Ant,http://localhost:3251@Bee,0.4
1784895017108,Ant,Sing,-2.7755575615628914e-17
1784895017108,Ant,http://localhost:3251@alice,-0.09999999999999998
1784895017108,Ant,Explore,0.4
1784895017108,Ant,Fight,0.4
1784895017108,Ant,http://localhost:3251@Bat,0.5
1784895017108,Ant,http://localhost:3251@brice,0.5
1784895017108,Ant,Talk,-0.30000000000000004
1784895017108,Ant,Exercise,0
1784895017108,Ant,http://localhost:3251@bear,-0.7999999999999999
1784895017108,Ant,Play,-0.09999999999999998
1784895017108,Ant,Walk,-0.30000000000000004
1784895017462,Bat,Explore,-0.20000000000000004
1784895017462,Bat,Sing,-0.30000000000000004
1784895017462,Bat,http://localhost:3251@brice,-0.4
1784895017462,Bat,Walk,0.20000000000000004
1784895017462,Bat,http://localhost:3251@alice,2.7755575615628914e-17
1784895017462,Bat,Fight,0
1784895017462,Bat,http://localhost:3251@Ant,-0.6
1784895017462,Bat,Dance,0.30000000000000004
1784895017462,Bat,Talk,-0.30000000000000004
1784895017462,Bat,http://localhost:3251@bear,1.3
1784895017462,Bat,http://localhost:3251@Bee,-0.8999999999999999
1784895017462,Bat,Exercise,-0.1
1784895017462,Bat,Play,-0.4
1784895017463,brice,Sing,0.7
1784895017463,brice,http://localhost:3251@Bat,1.6000000000000003
1784895017463,brice,Fight,1.0999999999999999
1784895017463,brice,http://localhost:3251@bear,-0.6
1784895017463,brice,http://localhost:3251@Ant,0.4
1784895017463,brice,Dance,0.19999999999999998
1784895017463,brice,Exercise,0.5
1784895017463,brice,http://localhost:3251@alice,0.7
1784895017463,brice,Explore,-0.5
1784895017463,brice,Talk,0.5
1784895017463,brice,http://localhost:3251@Bee,0.5
1784895017463,brice,Walk,0.10000000000000003
1784895017463,brice,Play,-0.5
1784895017624,bear,Fight,0.30000000000000004
1784895017624,bear,http://localhost:3251@Bee,0.7999999999999999
1784895017624,bear,http://localhost:3251@alice,-0.20000000000000004
1784895017624,bear,Explore,0.5
1784895017624,bear,Walk,0
1784895017624,bear,Exercise,-0.4
1784895017624,bear,http://localhost:3251@Ant,0.4
1784895017624,bear,Sing,0.5
1784895017624,bear,Talk,-0.10000000000000003
1784895017624,bear,http://localhost:3251@brice,-0.6
1784895017624,bear,http://localhost:3251@Bat,-0.30000000000000004
1784895017624,bear,Play,-0.10000000000000003
1784895017624,bear,Dance,-0.1
1784895018013,alice,Explore,2.7755575615628914e-17
1784895018013,alice,Sing,-0.20000000000000004
1784895018013,alice,http://localhost:3251@Ant,0.7
1784895018013,alice,Walk,0.9999999999999999
1784895018013,alice,http://localhost:3251@Bat,0.7
1784895018013,alice,Fight,0.5
1784895018013,alice,http://localhost:3251@bear,-0.10000000000000003
1784895018013,alice,Exercise,-0.5
1784895018013,alice,http://localhost:3251@brice,-0.6
1784895018013,alice,Talk,-0.4
1784895018013,alice,http://localhost:3251@Bee,0.20000000000000004
1784895018013,alice,Play,0.4
1784895018013,alice,Dance,0.10000000000000003
1784895018014,Ant,Dance,0.8999999999999999
1784895018014,Ant,http://localhost:3251@Bee,0.4
1784895018014,Ant,Sing,-2.7755575615628914e-17
1784895018014,Ant,http://localhost:3251@alice,2.7755575615628914e-17
1784895018014,Ant,Explore,0.4
1784895018014,Ant,Fight,0.4
1784895018014,Ant,http://localhost:3251@Bat,0.5
1784895018014,Ant,http://localhost:3251@brice,0.5
1784895018014,Ant,Talk,-0.30000000000000004
1784895018014,Ant,Exercise,0
1784895018014,Ant,http://localhost:3251@bear,-0.7999999999999999
1784895018014,Ant,Play,-0.09999999999999998
1784895018014,Ant,Walk,-0.30000000000000004
1784895018620,bear,Fight,0.30000000000000004
1784895018620,bear,http://localhost:3251@Bee,0.7999999999999999
1784895018620,bear,http://localhost:3251@alice,-0.20000000000000004
1784895018620,bear,Explore,0.5
1784895018620,bear,Walk,0
1784895018620,bear,Exercise,-0.4
1784895018620,bear,http://localhost:3251@Ant,0.4
1784895018620,bear,Sing,0.5
1784895018620,bear,Talk,-2.7755575615628914e-17
1784895018620,bear,http://localhost:3251@brice,-0.6
1784895018620,bear,http://localhost:3251@Bat,-0.20000000000000004
1784895018620,bear,Play,-0.10000000000000003
1784895018620,bear,Dance,-0.1
1784895018621,Bee,Dance,-0.2
1784895018621,Bee,http://localhost:3251@Ant,-2.7755575615628914e-17
1784895018621,Bee,Explore,0.8999999999999999
1784895018621,Bee,Fight,-0.30000000000000004
1784895018621,Bee,http://localhost:3251@bear,-0.6
1784895018621,Bee,Sing,-1.0999999999999999
1784895018621,Bee,http://localhost:3251@Bat,0.5
1784895018621,Bee,http://localhost:3251@brice,-0.09999999999999998
1784895018621,Bee,http://localhost:3251@alice,-1.0999999999999999
1784895018621,Bee,Talk,-0.1
1784895018621,Bee,Exercise,0.30000000000000004
1784895018621,Bee,Walk,0
1784895018621,Bee,Play,0.09999999999999998
1784895019061,Ant,Dance,0.8999999999999999
1784895019061,Ant,http://localhost:3251@Bee,0.4
1784895019061,Ant,Sing,-2.7755575615628914e-17
1784895019061,Ant,http://localhost:3251@alice,2.7755575615628914e-17
1784895019061,Ant,Explore,0.4
1784895019061,Ant,Fight,0.30000000000000004
1784895019061,Ant,http://localhost:3251@Bat,0.4
1784895019061,Ant,http://localhost:3251@brice,0.5
1784895019061,Ant,Talk,-0.30000000000000004
1784895019061,Ant,Exercise,0
1784895019061,Ant,http://localhost:3251@bear,-0.7999999999999999
1784895019061,Ant,Play,-0.09999999999999998
1784895019061,Ant,Walk,-0.30000000000000004
1784895019062,Bat,Explore,-0.20000000000000004
1784895019062,Bat,Sing,-0.30000000000000004
1784895019062,Bat,http://localhost:3251@brice,-0.4
1784895019062,Bat,Walk,0.20000000000000004
1784895019062,Bat,http://localhost:3251@alice,2.7755575615628914e-17
1784895019062,Bat,Fight,0.1
1784895019062,Bat,http://localhost:3251@Ant,-0.5
1784895019062,Bat,Dance,0.30000000000000004
1784895019062,Bat,Talk,-0.30000000000000004
1784895019062,Bat,http://localhost:3251@bear,1.3
1784895019062,Bat,http://localhost:3251@Bee,-0.8999999999999999
1784895019062,Bat,Exercise,-0.1
1784895019062,Bat,Play,-0.4
1784895020155,Ant,Dance,0.8999999999999999
1784895020155,Ant,http://localhost:3251@Bee,0.4
1784895020155,Ant,Sing,-2.7755575615628914e-17
1784895020155,Ant,http://localhost:3251@alice,2.7755575615628914e-17
1784895020155,Ant,Explore,0.4
1784895020155,Ant,Fight,0.30000000000000004
1784895020155,Ant,http://localhost:3251@Bat,0.4
1784895020155,Ant,http://localhost:3251@brice,0.4
1784895020155,Ant,Talk,-0.30000000000000004
1784895020155,Ant,Exercise,0
1784895020155,Ant,http://localhost:3251@bear,-0.7999999999999999
1784895020155,Ant,Play,-0.19999999999999998
1784895020155,Ant,Walk,-0.30000000000000004
1784895020156,brice,Sing,0.7
1784895020156,brice,http://localhost:3251@Bat,1.6000000000000003
1784895020156,brice,Fight,1.0999999999999999
1784895020156,brice,http://localhost:3251@bear,-0.7
1784895020156,brice,http://localhost:3251@Ant,0.4
1784895020156,brice,Dance,0.19999999999999998
1784895020156,brice,Exercise,0.5
1784895020156,brice,http://localhost:3251@alice,0.7
1784895020156,brice,Explore,-0.5
1784895020156,brice,Talk,0.5
1784895020156,brice,http://localhost:3251@Bee,0.5
1784895020156,brice,Walk,0.10000000000000003
1784895020156,brice,Play,-0.6
1784895020335,Bee,Dance,-0.2
1784895020335,Bee,http://localhost:3251@Ant,-2.7755575615628914e-17
1784895020335,Bee,Explore,0.9999999999999999
1784895020335,Bee,Fight,-0.30000000000000004
1784895020335,Bee,http://localhost:3251@bear,-0.6
1784895020335,Bee,Sing,-1.0999999999999999
1784895020335,Bee,http://localhost:3251@Bat,0.5
1784895020335,Bee,http://localhost:3251@brice,-0.09999999999999998
1784895020335,Bee,http://localhost:3251@alice,-1.0999999999999999
1784895020335,Bee,Talk,-0.1
1784895020335,Bee,Exercise,0.30000000000000004
1784895020335,Bee,Walk,0
1784895020335,Bee,Play,0.09999999999999998
1784895020461,alice,Explore,-0.09999999999999998
1784895020461,alice,Sing,-0.20000000000000004
1784895020461,alice,http://localhost:3251@Ant,0.7
1784895020461,alice,Walk,0.9999999999999999
1784895020461,alice,http://localhost:3251@Bat,0.7
1784895020461,alice,Fight,0.5
1784895020461,alice,http://localhost:3251@bear,-0.10000000000000003
1784895020461,alice,Exercise,-0.5
1784895020461,alice,http://localhost:3251@brice,-0.6
1784895020461,alice,Talk,-0.4
1784895020461,alice,http://localhost:3251@Bee,0.20000000000000004
1784895020461,alice,Play,0.4
1784895020461,alice,Dance,0.10000000000000003
1784895020937,bear,Fight,0.30000000000000004
1784895020937,bear,http://localhost:3251@Bee,0.7999999999999999
1784895020937,bear,http://localhost:3251@alice,-0.20000000000000004
1784895020937,bear,Explore,0.4
1784895020937,bear,Walk,0
1784895020937,bear,Exercise,-0.4
1784895020937,bear,http://localhost:3251@Ant,0.4
1784895020937,bear,Sing,0.5
1784895020937,bear,Talk,-2.7755575615628914e-17
1784895020937,bear,http://localhost:3251@brice,-0.6
1784895020937,bear,http://localhost:3251@Bat,-0.20000000000000004
1784895020937,bear,Play,-0.10000000000000003
1784895020937,bear,Dance,-0.1
1784895021474,alice,Explore,-0.09999999999999998
1784895021474,alice,Sing,-0.20000000000000004
1784895021474,alice,http://localhost:3251@Ant,0.7
1784895021474,alice,Walk,0.9999999999999999
1784895021474,alice,http://localhost:3251@Bat,0.7
1784895021474,alice,Fight,0.5
1784895021474,alice,http://localhost:3251@bear,-0.10000000000000003
1784895021474,alice,Exercise,-0.5
1784895021474,alice,http://localhost:3251@brice,-0.5
1784895021474,alice,Talk,-0.4
1784895021474,alice,http://localhost:3251@Bee,0.20000000000000004
1784895021474,alice,Play,0.5
1784895021474,alice,Dance,0.10000000000000003
1784895021476,brice,Sing,0.7
1784895021476,brice,http://localhost:3251@Bat,1.6000000000000003
1784895021476,brice,Fight,1.0999999999999999
1784895021476,brice,http://localhost:3251@bear,-0.7999999999999999
1784895021476,brice,http://localhost:3251@Ant,0.4
1784895021476,brice,Dance,0.19999999999999998
1784895021476,brice,Exercise,0.5
1784895021476,brice,http://localhost:3251@alice,0.7
1784895021476,brice,Explore,-0.5
1784895021476,brice,Talk,0.5
1784895021476,brice,http://localhost:3251@Bee,0.5
1784895021476,brice,Walk,0.10000000000000003
1784895021476,brice,Play,-0.7
1784895022220,alice,Explore,-0.09999999999999998
1784895022220,alice,Sing,-0.20000000000000004
1784895022220,alice,http://localhost:3251@Ant,0.7
1784895022220,alice,Walk,0.9999999999999999
1784895022220,alice,http://localhost:3251@Bat,0.7
1784895022220,alice,Fight,0.5
1784895022220,alice,http://localhost:3251@bear,-0.10000000000000003
1784895022220,alice,Exercise,-0.4
1784895022220,alice,http://localhost:3251@brice,-0.5
1784895022220,alice,Talk,-0.4
1784895022220,alice,http://localhost:3251@Bee,0.30000000000000004
1784895022220,alice,Play,0.5
1784895022220,alice,Dance,0.10000000000000003
1784895022221,Bee,Dance,-0.2
1784895022221,Bee,http://localhost:3251@Ant,-2.7755575615628914e-17
1784895022221,Bee,Explore,0.9999999999999999
1784895022221,Bee,Fight,-0.30000000000000004
1784895022221,Bee,http://localhost:3251@bear,-0.6
1784895022221,Bee,Sing,-1.0999999999999999
1784895022221,Bee,http://localhost:3251@Bat,0.5
1784895022221,Bee,http://localhost:3251@brice,2.7755575615628914e-17
1784895022221,Bee,http://localhost:3251@alice,-1.0999999999999999
1784895022221,Bee,Talk,-0.1
1784895022221,Bee,Exercise,0.4
1784895022221,Bee,Walk,0
1784895022221,Bee,Play,0.09999999999999998
1784895022786,bear,Fight,0.30000000000000004
1784895022786,bear,http://localhost:3251@Bee,0.7999999999999999
1784895022786,bear,http://localhost:3251@alice,-0.20000000000000004
1784895022786,bear,Explore,0.4
1784895022786,bear,Walk,0
1784895022786,bear,Exercise,-0.5
1784895022786,bear,http://localhost:3251@Ant,0.4
1784895022786,bear,Sing,0.5
1784895022786,bear,Talk,-2.7755575615628914e-17
1784895022786,bear,http://localhost:3251@brice,-0.7
1784895022786,bear,http://localhost:3251@Bat,-0.20000000000000004
1784895022786,bear,Play,-0.10000000000000003
1784895022786,bear,Dance,-0.1
1784895022787,brice,Sing,0.7
1784895022787,brice,http://localhost:3251@Bat,1.7000000000000004
1784895022787,brice,Fight,1.0999999999999999
1784895022787,brice,http://localhost:3251@bear,-0.7999999999999999
1784895022787,brice,http://localhost:3251@Ant,0.4
1784895022787,brice,Dance,0.19999999999999998
1784895022787,brice,Exercise,0.6
1784895022787,brice,http://localhost:3251@alice,0.7
1784895022787,brice,Explore,-0.5
1784895022787,brice,Talk,0.5
1784895022787,brice,http://localhost:3251@Bee,0.5
1784895022787,brice,Walk,0.10000000000000003
1784895022787,brice,Play,-0.7
1784895023589,alice,Explore,-0.09999999999999998
1784895023589,alice,Sing,-0.10000000000000003
1784895023589,alice,http://localhost:3251@Ant,0.7
1784895023589,alice,Walk,0.9999999999999999
1784895023589,alice,http://localhost:3251@Bat,0.7
1784895023589,alice,Fight,0.5
1784895023589,alice,http://localhost:3251@bear,-2.7755575615628914e-17
1784895023589,alice,Exercise,-0.4
1784895023589,alice,http://localhost:3251@brice,-0.5
1784895023589,alice,Talk,-0.4
1784895023589,alice,http://localhost:3251@Bee,0.30000000000000004
1784895023589,alice,Play,0.5
1784895023589,alice,Dance,0.10000000000000003
1784895023590,Bat,Explore,-0.20000000000000004
1784895023590,Bat,Sing,-0.20000000000000004
1784895023590,Bat,http://localhost:3251@brice,-0.4
1784895023590,Bat,Walk,0.20000000000000004
1784895023590,Bat,http://localhost:3251@alice,0.10000000000000003
1784895023590,Bat,Fight,0.1
1784895023590,Bat,http://localhost:3251@Ant,-0.5
1784895023590,Bat,Dance,0.30000000000000004
1784895023590,Bat,Talk,-0.30000000000000004
1784895023590,Bat,http://localhost:3251@bear,1.3
1784895023590,Bat,http://localhost:3251@Bee,-0.8999999999999999
1784895023590,Bat,Exercise,-0.1
1784895023590,Bat,Play,-0.4
1784895023904,Bee,Dance,-0.2
1784895023904,Bee,http://localhost:3251@Ant,-2.7755575615628914e-17
1784895023904,Bee,Explore,1.0999999999999999
1784895023904,Bee,Fight,-0.30000000000000004
1784895023904,Bee,http://localhost:3251@bear,-0.6
1784895023904,Bee,Sing,-1.0999999999999999
1784895023904,Bee,http://localhost:3251@Bat,0.5
1784895023904,Bee,http://localhost:3251@brice,2.7755575615628914e-17
1784895023904,Bee,http://localhost:3251@alice,-1.0999999999999999
1784895023904,Bee,Talk,-0.1
1784895023904,Bee,Exercise,0.4
1784895023904,Bee,Walk,0
1784895023904,Bee,Play,0.09999999999999998
1784895024583,Ant,Dance,0.8999999999999999
1784895024583,Ant,http://localhost:3251@Bee,0.4
1784895024583,Ant,Sing,-2.7755575615628914e-17
1784895024583,Ant,http://localhost:3251@alice,2.7755575615628914e-17
1784895024583,Ant,Explore,0.30000000000000004
1784895024583,Ant,Fight,0.30000000000000004
1784895024583,Ant,http://localhost:3251@Bat,0.4
1784895024583,Ant,http://localhost:3251@brice,0.4
1784895024583,Ant,Talk,-0.30000000000000004
1784895024583,Ant,Exercise,0
1784895024583,Ant,http://localhost:3251@bear,-0.7999999999999999
1784895024583,Ant,Play,-0.19999999999999998
1784895024583,Ant,Walk,-0.30000000000000004
1784895024834,alice,Explore,-0.09999999999999998
1784895024834,alice,Sing,-0.10000000000000003
1784895024834,alice,http://localhost:3251@Ant,0.7
1784895024834,alice,Walk,0.9999999999999999
1784895024834,alice,http://localhost:3251@Bat,0.7
1784895024834,alice,Fight,0.5
1784895024834,alice,http://localhost:3251@bear,0.09999999999999998
1784895024834,alice,Exercise,-0.4
1784895024834,alice,http://localhost:3251@brice,-0.5
1784895024834,alice,Talk,-0.4
1784895024834,alice,http://localhost:3251@Bee,0.30000000000000004
1784895024834,alice,Play,0.5
1784895024834,alice,Dance,0.20000000000000004
1784895024834,bear,Fight,0.30000000000000004
1784895024834,bear,http://localhost:3251@Bee,0.7999999999999999
1784895024834,bear,http://localhost:3251@alice,-0.20000000000000004
1784895024834,bear,Explore,0.4
1784895024834,bear,Walk,0
1784895024834,bear,Exercise,-0.5
1784895024834,bear,http://localhost:3251@Ant,0.30000000000000004
1784895024834,bear,Sing,0.5
1784895024834,bear,Talk,-2.7755575615628914e-17
1784895024834,bear,http://localhost:3251@brice,-0.7
1784895024834,bear,http://localhost:3251@Bat,-0.20000000000000004
1784895024834,bear,Play,-0.10000000000000003
1784895024834,bear,Dance,-0.2
1784895025568,Bee,Dance,-0.2
1784895025568,Bee,http://localhost:3251@Ant,-2.7755575615628914e-17
1784895025568,Bee,Explore,1.2
1784895025568,Bee,Fight,-0.30000000000000004
1784895025568,Bee,http://localhost:3251@bear,-0.6
1784895025568,Bee,Sing,-1.0999999999999999
1784895025568,Bee,http://localhost:3251@Bat,0.5
1784895025568,Bee,http://localhost:3251@brice,2.7755575615628914e-17
1784895025568,Bee,http://localhost:3251@alice,-1.0999999999999999
1784895025568,Bee,Talk,-0.1
1784895025568,Bee,Exercise,0.4
1784895025568,Bee,Walk,0
1784895025568,Bee,Play,0.09999999999999998
1784895026190,alice,Explore,-0.09999999999999998
1784895026190,alice,Sing,-0.10000000000000003
1784895026190,alice,http://localhost:3251@Ant,0.7
1784895026190,alice,Walk,0.8999999999999999
1784895026190,alice,http://localhost:3251@Bat,0.6
1784895026190,alice,Fight,0.5
1784895026190,alice,http://localhost:3251@bear,0.09999999999999998
1784895026190,alice,Exercise,-0.4
1784895026190,alice,http://localhost:3251@brice,-0.5
1784895026190,alice,Talk,-0.4
1784895026190,alice,http://localhost:3251@Bee,0.30000000000000004
1784895026190,alice,Play,0.5
1784895026190,alice,Dance,0.20000000000000004
1784895026190,Ant,Dance,0.8999999999999999
1784895026190,Ant,http://localhost:3251@Bee,0.4
1784895026190,Ant,Sing,-2.7755575615628914e-17
1784895026190,Ant,http://localhost:3251@alice,0.10000000000000003
1784895026190,Ant,Explore,0.30000000000000004
1784895026190,Ant,Fight,0.30000000000000004
1784895026190,Ant,http://localhost:3251@Bat,0.4
1784895026190,Ant,http://localhost:3251@brice,0.4
1784895026190,Ant,Talk,-0.30000000000000004
1784895026190,Ant,Exercise,0
1784895026190,Ant,http://localhost:3251@bear,-0.7999999999999999
1784895026190,Ant,Play,-0.19999999999999998
1784895026190,Ant,Walk,-0.20000000000000004
1784895026504,bear,Fight,0.30000000000000004
1784895026504,bear,http://localhost:3251@Bee,0.7999999999999999
1784895026504,bear,http://localhost:3251@alice,-0.20000000000000004
1784895026504,bear,Explore,0.5
1784895026504,bear,Walk,0
1784895026504,bear,Exercise,-0.5
1784895026504,bear,http://localhost:3251@Ant,0.30000000000000004
1784895026504,bear,Sing,0.5
1784895026504,bear,Talk,-2.7755575615628914e-17
1784895026504,bear,http://localhost:3251@brice,-0.7
1784895026504,bear,http://localhost:3251@Bat,-0.20000000000000004
1784895026504,bear,Play,-0.10000000000000003
1784895026504,bear,Dance,-0.2
1784895027008,Ant,Dance,0.8999999999999999
1784895027008,Ant,http://localhost:3251@Bee,0.5
1784895027008,Ant,Sing,0.09999999999999998
1784895027008,Ant,http://localhost:3251@alice,0.10000000000000003
1784895027008,Ant,Explore,0.30000000000000004
1784895027008,Ant,Fight,0.30000000000000004
1784895027008,Ant,http://localhost:3251@Bat,0.4
1784895027008,Ant,http://localhost:3251@brice,0.4
1784895027008,Ant,Talk,-0.30000000000000004
1784895027008,Ant,Exercise,0
1784895027008,Ant,http://localhost:3251@bear,-0.7999999999999999
1784895027008,Ant,Play,-0.19999999999999998
1784895027008,Ant,Walk,-0.20000000000000004
1784895027009,Bee,Dance,-0.2
1784895027009,Bee,http://localhost:3251@Ant,-2.7755575615628914e-17
1784895027009,Bee,Explore,1.2
1784895027009,Bee,Fight,-0.30000000000000004
1784895027009,Bee,http://localhost:3251@bear,-0.6
1784895027009,Bee,Sing,-1.2
1784895027009,Bee,http://localhost:3251@Bat,0.5
1784895027009,Bee,http://localhost:3251@brice,2.7755575615628914e-17
1784895027009,Bee,http://localhost:3251@alice,-1.2
1784895027009,Bee,Talk,-0.1
1784895027009,Bee,Exercise,0.4
1784895027009,Bee,Walk,0
1784895027009,Bee,Play,0.09999999999999998
1784895027486,alice,Explore,-0.09999999999999998
1784895027486,alice,Sing,-0.10000000000000003
1784895027486,alice,http://localhost:3251@Ant,0.7
1784895027486,alice,Walk,0.8999999999999999
1784895027486,alice,http://localhost:3251@Bat,0.6
1784895027486,alice,Fight,0.5
1784895027486,alice,http://localhost:3251@bear,0.09999999999999998
1784895027486,alice,Exercise,-0.5
1784895027486,alice,http://localhost:3251@brice,-0.6
1784895027486,alice,Talk,-0.4
1784895027486,alice,http://localhost:3251@Bee,0.30000000000000004
1784895027486,alice,Play,0.5
1784895027486,alice,Dance,0.20000000000000004
1784895027486,bear,Fight,0.30000000000000004
1784895027486,bear,http://localhost:3251@Bee,0.7999999999999999
1784895027486,bear,http://localhost:3251@alice,-0.10000000000000003
1784895027486,bear,Explore,0.5
1784895027486,bear,Walk,0
1784895027486,bear,Exercise,-0.4
1784895027486,bear,http://localhost:3251@Ant,0.30000000000000004
1784895027486,bear,Sing,0.5
1784895027486,bear,Talk,-2.7755575615628914e-17
1784895027486,bear,http://localhost:3251@brice,-0.7
1784895027486,bear,http://localhost:3251@Bat,-0.20000000000000004
1784895027486,bear,Play,-0.10000000000000003
1784895027486,bear,Dance,-0.2
1784895028034,alice,Explore,-0.09999999999999998
1784895028034,alice,Sing,-0.10000000000000003
1784895028034,alice,http://localhost:3251@Ant,0.7
1784895028034,alice,Walk,0.8999999999999999
1784895028034,alice,http://localhost:3251@Bat,0.6
1784895028034,alice,Fight,0.5
1784895028034,alice,http://localhost:3251@bear,0.09999999999999998
1784895028034,alice,Exercise,-0.6
1784895028034,alice,http://localhost:3251@brice,-0.7
1784895028034,alice,Talk,-0.4
1784895028034,alice,http://localhost:3251@Bee,0.30000000000000004
1784895028034,alice,Play,0.5
1784895028034,alice,Dance,0.20000000000000004
1784895028035,brice,Sing,0.7
1784895028035,brice,http://localhost:3251@Bat,1.6000000000000003
1784895028035,brice,Fight,1.0999999999999999
1784895028035,brice,http://localhost:3251@bear,-0.7999999999999999
1784895028035,brice,http://localhost:3251@Ant,0.4
1784895028035,brice,Dance,0.19999999999999998
1784895028035,brice,Exercise,0.5
1784895028035,brice,http://localhost:3251@alice,0.7
1784895028035,brice,Explore,-0.5
1784895028035,brice,Talk,0.5
1784895028035,brice,http://localhost:3251@Bee,0.5
1784895028035,brice,Walk,0.10000000000000003
1784895028035,brice,Play,-0.7
1784895028531,Bat,Explore,-0.30000000000000004
1784895028531,Bat,Sing,-0.20000000000000004
1784895028531,Bat,http://localhost:3251@brice,-0.4
1784895028531,Bat,Walk,0.20000000000000004
1784895028531,Bat,http://localhost:3251@alice,0.10000000000000003
1784895028531,Bat,Fight,0.1
1784895028531,Bat,http://localhost:3251@Ant,-0.5
1784895028531,Bat,Dance,0.30000000000000004
1784895028531,Bat,Talk,-0.30000000000000004
1784895028531,Bat,http://localhost:3251@bear,1.3
1784895028531,Bat,http://localhost:3251@Bee,-0.8999999999999999
1784895028531,Bat,Exercise,-0.1
1784895028531,Bat,Play,-0.4
1784895028646,Ant,Dance,0.8999999999999999
1784895028646,Ant,http://localhost:3251@Bee,0.5
1784895028646,Ant,Sing,0.09999999999999998
1784895028646,Ant,http://localhost:3251@alice,0.10000000000000003
1784895028646,Ant,Explore,0.4
1784895028646,Ant,Fight,0.30000000000000004
1784895028646,Ant,http://localhost:3251@Bat,0.4
1784895028646,Ant,http://localhost:3251@brice,0.4
1784895028646,Ant,Talk,-0.30000000000000004
1784895028646,Ant,Exercise,0
1784895028646,Ant,http://localhost:3251@bear,-0.7999999999999999
1784895028646,Ant,Play,-0.19999999999999998
1784895028646,Ant,Walk,-0.20000000000000004
1784895029524,Bat,Explore,-0.30000000000000004
1784895029524,Bat,Sing,-0.20000000000000004
1784895029524,Bat,http://localhost:3251@brice,-0.4
1784895029524,Bat,Walk,0.20000000000000004
1784895029524,Bat,http://localhost:3251@alice,0.10000000000000003
1784895029524,Bat,Fight,0.1
1784895029524,Bat,http://localhost:3251@Ant,-0.5
1784895029524,Bat,Dance,0.30000000000000004
1784895029524,Bat,Talk,-0.30000000000000004
1784895029524,Bat,http://localhost:3251@bear,1.3
1784895029524,Bat,http://localhost:3251@Bee,-0.7999999999999999
1784895029524,Bat,Exercise,-0.1
1784895029524,Bat,Play,-0.30000000000000004
1784895029526,Bee,Dance,-0.2
1784895029526,Bee,http://localhost:3251@Ant,0.09999999999999998
1784895029526,Bee,Explore,1.2
1784895029526,Bee,Fight,-0.30000000000000004
1784895029526,Bee,http://localhost:3251@bear,-0.6
1784895029526,Bee,Sing,-1.2
1784895029526,Bee,http://localhost:3251@Bat,0.5
1784895029526,Bee,http://localhost:3251@brice,2.7755575615628914e-17
1784895029526,Bee,http://localhost:3251@alice,-1.2
1784895029526,Bee,Talk,-0.1
1784895029526,Bee,Exercise,0.4
1784895029526,Bee,Walk,0
1784895029526,Bee,Play,0.19999999999999998
1784895029587,alice,Explore,2.7755575615628914e-17
1784895029587,alice,Sing,-0.10000000000000003
1784895029587,alice,http://localhost:3251@Ant,0.7
1784895029587,alice,Walk,0.8999999999999999
1784895029587,alice,http://localhost:3251@Bat,0.6
1784895029587,alice,Fight,0.5
1784895029587,alice,http://localhost:3251@bear,0.09999999999999998
1784895029587,alice,Exercise,-0.6
1784895029587,alice,http://localhost:3251@brice,-0.7
1784895029587,alice,Talk,-0.4
1784895029587,alice,http://localhost:3251@Bee,0.30000000000000004
1784895029587,alice,Play,0.5
1784895029587,alice,Dance,0.20000000000000004
1784895029879,bear,Fight,0.4
1784895029879,bear,http://localhost:3251@Bee,0.8999999999999999
1784895029879,bear,http://localhost:3251@alice,-0.10000000000000003
1784895029879,bear,Explore,0.5
1784895029879,bear,Walk,0
1784895029879,bear,Exercise,-0.4
1784895029879,bear,http://localhost:3251@Ant,0.30000000000000004
1784895029879,bear,Sing,0.5
1784895029879,bear,Talk,-2.7755575615628914e-17
1784895029879,bear,http://localhost:3251@brice,-0.7
1784895029879,bear,http://localhost:3251@Bat,-0.20000000000000004
1784895029879,bear,Play,-0.10000000000000003
1784895029879,bear,Dance,-0.2
1784895029880,brice,Sing,0.7
1784895029880,brice,http://localhost:3251@Bat,1.6000000000000003
1784895029880,brice,Fight,1.2
1784895029880,brice,http://localhost:3251@bear,-0.7
1784895029880,brice,http://localhost:3251@Ant,0.4
1784895029880,brice,Dance,0.19999999999999998
1784895029880,brice,Exercise,0.5
1784895029880,brice,http://localhost:3251@alice,0.7
1784895029880,brice,Explore,-0.5
1784895029880,brice,Talk,0.5
1784895029880,brice,http://localhost:3251@Bee,0.5
1784895029880,brice,Walk,0.10000000000000003
1784895029880,brice,Play,-0.7
1784895030806,alice,Explore,2.7755575615628914e-17
1784895030806,alice,Sing,-0.10000000000000003
1784895030806,alice,http://localhost:3251@Ant,0.7
1784895030806,alice,Walk,0.9999999999999999
1784895030806,alice,http://localhost:3251@Bat,0.6
1784895030806,alice,Fight,0.5
1784895030806,alice,http://localhost:3251@bear,0.09999999999999998
1784895030806,alice,Exercise,-0.6
1784895030806,alice,http://localhost:3251@brice,-0.7
1784895030806,alice,Talk,-0.4
1784895030806,alice,http://localhost:3251@Bee,0.4
1784895030806,alice,Play,0.5
1784895030806,alice,Dance,0.20000000000000004
1784895030807,Bat,Explore,-0.30000000000000004
1784895030807,Bat,Sing,-0.20000000000000004
1784895030807,Bat,http://localhost:3251@brice,-0.4
1784895030807,Bat,Walk,0.20000000000000004
1784895030807,Bat,http://localhost:3251@alice,0.10000000000000003
1784895030807,Bat,Fight,0.1
1784895030807,Bat,http://localhost:3251@Ant,-0.5
1784895030807,Bat,Dance,0.4
1784895030807,Bat,Talk,-0.30000000000000004
1784895030807,Bat,http://localhost:3251@bear,1.4000000000000001
1784895030807,Bat,http://localhost:3251@Bee,-0.7999999999999999
1784895030807,Bat,Exercise,-0.1
1784895030807,Bat,Play,-0.30000000000000004
1784895030807,Bee,Dance,-0.2
1784895030807,Bee,http://localhost:3251@Ant,0.09999999999999998
1784895030807,Bee,Explore,1.2
1784895030807,Bee,Fight,-0.30000000000000004
1784895030807,Bee,http://localhost:3251@bear,-0.6
1784895030807,Bee,Sing,-1.2
1784895030807,Bee,http://localhost:3251@Bat,0.6
1784895030807,Bee,http://localhost:3251@brice,2.7755575615628914e-17
1784895030807,Bee,http://localhost:3251@alice,-1.2
1784895030807,Bee,Talk,-0.1
1784895030807,Bee,Exercise,0.4
1784895030807,Bee,Walk,0.1
1784895030807,Bee,Play,0.19999999999999998
1784895030807,brice,Sing,0.7
1784895030807,brice,http://localhost:3251@Bat,1.7000000000000004
1784895030807,brice,Fight,1.2
1784895030807,brice,http://localhost:3251@bear,-0.7
1784895030807,brice,http://localhost:3251@Ant,0.4
1784895030807,brice,Dance,0.3
1784895030807,brice,Exercise,0.5
1784895030807,brice,http://localhost:3251@alice,0.7
1784895030807,brice,Explore,-0.5
1784895030807,brice,Talk,0.5
1784895030807,brice,http://localhost:3251@Bee,0.5
1784895030807,brice,Walk,0.10000000000000003
1784895030807,brice,Play,-0.7
1784895030868,Ant,Dance,0.8999999999999999
1784895030868,Ant,http://localhost:3251@Bee,0.5
1784895030868,Ant,Sing,0.09999999999999998
1784895030868,Ant,http://localhost:3251@alice,0.10000000000000003
1784895030868,Ant,Explore,0.30000000000000004
1784895030868,Ant,Fight,0.30000000000000004
1784895030868,Ant,http://localhost:3251@Bat,0.4
1784895030868,Ant,http://localhost:3251@brice,0.4
1784895030868,Ant,Talk,-0.30000000000000004
1784895030868,Ant,Exercise,0
1784895030868,Ant,http://localhost:3251@bear,-0.7999999999999999
1784895030868,Ant,Play,-0.19999999999999998
1784895030868,Ant,Walk,-0.20000000000000004
1784895032050,alice,Explore,2.7755575615628914e-17
1784895032050,alice,Sing,-0.10000000000000003
1784895032050,alice,http://localhost:3251@Ant,0.7999999999999999
1784895032050,alice,Walk,0.9999999999999999
1784895032050,alice,http://localhost:3251@Bat,0.6
1784895032050,alice,Fight,0.5
1784895032050,alice,http://localhost:3251@bear,0.09999999999999998
1784895032050,alice,Exercise,-0.5
1784895032050,alice,http://localhost:3251@brice,-0.7
1784895032050,alice,Talk,-0.4
1784895032050,alice,http://localhost:3251@Bee,0.4
1784895032050,alice,Play,0.5
1784895032050,alice,Dance,0.20000000000000004
1784895032051,Ant,Dance,0.8999999999999999
1784895032051,Ant,http://localhost:3251@Bee,0.5
1784895032051,Ant,Sing,0.09999999999999998
1784895032051,Ant,http://localhost:3251@alice,0.10000000000000003
1784895032051,Ant,Explore,0.30000000000000004
1784895032051,Ant,Fight,0.30000000000000004
1784895032051,Ant,http://localhost:3251@Bat,0.4
1784895032051,Ant,http://localhost:3251@brice,0.4
1784895032051,Ant,Talk,-0.30000000000000004
1784895032051,Ant,Exercise,0.1
1784895032051,Ant,http://localhost:3251@bear,-0.7
1784895032051,Ant,Play,-0.19999999999999998
1784895032051,Ant,Walk,-0.20000000000000004
1784895032157,Bat,Explore,-0.30000000000000004
1784895032157,Bat,Sing,-0.20000000000000004
1784895032157,Bat,http://localhost:3251@brice,-0.4
1784895032157,Bat,Walk,0.20000000000000004
1784895032157,Bat,http://localhost:3251@alice,0.10000000000000003
1784895032157,Bat,Fight,0.1
1784895032157,Bat,http://localhost:3251@Ant,-0.5
1784895032157,Bat,Dance,0.30000000000000004
1784895032157,Bat,Talk,-0.30000000000000004
1784895032157,Bat,http://localhost:3251@bear,1.3
1784895032157,Bat,http://localhost:3251@Bee,-0.7999999999999999
1784895032157,Bat,Exercise,-0.1
1784895032157,Bat,Play,-0.30000000000000004
1784895032157,bear,Fight,0.4
1784895032157,bear,http://localhost:3251@Bee,0.8999999999999999
1784895032157,bear,http://localhost:3251@alice,-0.10000000000000003
1784895032157,bear,Explore,0.5
1784895032157,bear,Walk,0
1784895032157,bear,Exercise,-0.4
1784895032157,bear,http://localhost:3251@Ant,0.30000000000000004
1784895032157,bear,Sing,0.5
1784895032157,bear,Talk,-2.7755575615628914e-17
1784895032157,bear,http://localhost:3251@brice,-0.7
1784895032157,bear,http://localhost:3251@Bat,-0.30000000000000004
1784895032157,bear,Play,-0.10000000000000003
1784895032157,bear,Dance,-0.30000000000000004
1784895032399,Bee,Dance,-0.2
1784895032399,Bee,http://localhost:3251@Ant,0.09999999999999998
1784895032399,Bee,Explore,1.3
1784895032399,Bee,Fight,-0.30000000000000004
1784895032399,Bee,http://localhost:3251@bear,-0.6
1784895032399,Bee,Sing,-1.2
1784895032399,Bee,http://localhost:3251@Bat,0.6
1784895032399,Bee,http://localhost:3251@brice,2.7755575615628914e-17
1784895032399,Bee,http://localhost:3251@alice,-1.2
1784895032399,Bee,Talk,-0.1
1784895032399,Bee,Exercise,0.4
1784895032399,Bee,Walk,0.1
1784895032399,Bee,Play,0.19999999999999998
1784895033708,Bat,Explore,-0.4
1784895033708,Bat,Sing,-0.20000000000000004
1784895033708,Bat,http://localhost:3251@brice,-0.4
1784895033708,Bat,Walk,0.20000000000000004
1784895033708,Bat,http://localhost:3251@alice,0.10000000000000003
1784895033708,Bat,Fight,0.1
1784895033708,Bat,http://localhost:3251@Ant,-0.5
1784895033708,Bat,Dance,0.30000000000000004
1784895033708,Bat,Talk,-0.30000000000000004
1784895033708,Bat,http://localhost:3251@bear,1.3
1784895033708,Bat,http://localhost:3251@Bee,-0.7999999999999999
1784895033708,Bat,Exercise,-0.1
1784895033708,Bat,Play,-0.30000000000000004
1784895034052,bear,Fight,0.4
1784895034052,bear,http://localhost:3251@Bee,0.8999999999999999
1784895034052,bear,http://localhost:3251@alice,-0.10000000000000003
1784895034052,bear,Explore,0.5
1784895034052,bear,Walk,0
1784895034052,bear,Exercise,-0.4
1784895034052,bear,http://localhost:3251@Ant,0.4
1784895034052,bear,Sing,0.6
1784895034052,bear,Talk,-2.7755575615628914e-17
1784895034052,bear,http://localhost:3251@brice,-0.7
1784895034052,bear,http://localhost:3251@Bat,-0.30000000000000004
1784895034052,bear,Play,-0.10000000000000003
1784895034052,bear,Dance,-0.30000000000000004
1784895034053,Bee,Dance,-0.2
1784895034053,Bee,http://localhost:3251@Ant,0.09999999999999998
1784895034053,Bee,Explore,1.3
1784895034053,Bee,Fight,-0.30000000000000004
1784895034053,Bee,http://localhost:3251@bear,-0.5
1784895034053,Bee,Sing,-1.0999999999999999
1784895034053,Bee,http://localhost:3251@Bat,0.6
1784895034053,Bee,http://localhost:3251@brice,2.7755575615628914e-17
1784895034053,Bee,http://localhost:3251@alice,-1.2
1784895034053,Bee,Talk,-0.1
1784895034053,Bee,Exercise,0.4
1784895034053,Bee,Walk,0.1
1784895034053,Bee,Play,0.19999999999999998
1784895034218,alice,Explore,0.10000000000000003
1784895034218,alice,Sing,-0.10000000000000003
1784895034218,alice,http://localhost:3251@Ant,0.7999999999999999
1784895034218,alice,Walk,0.9999999999999999
1784895034218,alice,http://localhost:3251@Bat,0.6
1784895034218,alice,Fight,0.5
1784895034218,alice,http://localhost:3251@bear,0.09999999999999998
1784895034218,alice,Exercise,-0.5
1784895034218,alice,http://localhost:3251@brice,-0.7
1784895034218,alice,Talk,-0.4
1784895034218,alice,http://localhost:3251@Bee,0.4
1784895034218,alice,Play,0.5
1784895034218,alice,Dance,0.20000000000000004
1784895034996,Bat,Explore,-0.4
1784895034996,Bat,Sing,-0.20000000000000004
1784895034996,Bat,http://localhost:3251@brice,-0.4
1784895034996,Bat,Walk,0.20000000000000004
1784895034996,Bat,http://localhost:3251@alice,0.10000000000000003
1784895034996,Bat,Fight,0.2
1784895034996,Bat,http://localhost:3251@Ant,-0.5
1784895034996,Bat,Dance,0.30000000000000004
1784895034996,Bat,Talk,-0.30000000000000004
1784895034996,Bat,http://localhost:3251@bear,1.4000000000000001
1784895034996,Bat,http://localhost:3251@Bee,-0.7999999999999999
1784895034996,Bat,Exercise,-0.1
1784895034996,Bat,Play,-0.30000000000000004
1784895034996,bear,Fight,0.5
1784895034996,bear,http://localhost:3251@Bee,0.9999999999999999
1784895034996,bear,http://localhost:3251@alice,-0.10000000000000003
1784895034996,bear,Explore,0.5
1784895034996,bear,Walk,0
1784895034996,bear,Exercise,-0.4
1784895034996,bear,http://localhost:3251@Ant,0.4
1784895034996,bear,Sing,0.6
1784895034996,bear,Talk,-2.7755575615628914e-17
1784895034996,bear,http://localhost:3251@brice,-0.7
1784895034996,bear,http://localhost:3251@Bat,-0.30000000000000004
1784895034996,bear,Play,-0.10000000000000003
1784895034996,bear,Dance,-0.30000000000000004
1784895035174,brice,Sing,0.7
1784895035174,brice,http://localhost:3251@Bat,1.7000000000000004
1784895035174,brice,Fight,1.2
1784895035174,brice,http://localhost:3251@bear,-0.7
1784895035174,brice,http://localhost:3251@Ant,0.4
1784895035174,brice,Dance,0.3
1784895035174,brice,Exercise,0.5
1784895035174,brice,http://localhost:3251@alice,0.7
1784895035174,brice,Explore,-0.6
1784895035174,brice,Talk,0.5
1784895035174,brice,http://localhost:3251@Bee,0.5
1784895035174,brice,Walk,0.10000000000000003
1784895035174,brice,Play,-0.7
1784895035467,alice,Explore,0.10000000000000003
1784895035467,alice,Sing,-0.10000000000000003
1784895035467,alice,http://localhost:3251@Ant,0.7999999999999999
1784895035467,alice,Walk,1.0999999999999999
1784895035467,alice,http://localhost:3251@Bat,0.7
1784895035467,alice,Fight,0.5
1784895035467,alice,http://localhost:3251@bear,0.09999999999999998
1784895035467,alice,Exercise,-0.5
1784895035467,alice,http://localhost:3251@brice,-0.7
1784895035467,alice,Talk,-0.4
1784895035467,alice,http://localhost:3251@Bee,0.4
1784895035467,alice,Play,0.5
1784895035467,alice,Dance,0.20000000000000004
1784895035468,Bee,Dance,-0.2
1784895035468,Bee,http://localhost:3251@Ant,0.09999999999999998
1784895035468,Bee,Explore,1.3
1784895035468,Bee,Fight,-0.30000000000000004
1784895035468,Bee,http://localhost:3251@bear,-0.5
1784895035468,Bee,Sing,-1.0999999999999999
1784895035468,Bee,http://localhost:3251@Bat,0.6
1784895035468,Bee,http://localhost:3251@brice,2.7755575615628914e-17
1784895035468,Bee,http://localhost:3251@alice,-1.0999999999999999
1784895035468,Bee,Talk,-0.1
1784895035468,Bee,Exercise,0.4
1784895035468,Bee,Walk,0.2
1784895035468,Bee,Play,0.19999999999999998
1784895035704,Ant,Dance,0.8999999999999999
1784895035704,Ant,http://localhost:3251@Bee,0.5
1784895035704,Ant,Sing,0.09999999999999998
1784895035704,Ant,http://localhost:3251@alice,0.10000000000000003
1784895035704,Ant,Explore,0.30000000000000004
1784895035704,Ant,Fight,0.30000000000000004
1784895035704,Ant,http://localhost:3251@Bat,0.4
1784895035704,Ant,http://localhost:3251@brice,0.4
1784895035704,Ant,Talk,-0.30000000000000004
1784895035704,Ant,Exercise,0.2
1784895035704,Ant,http://localhost:3251@bear,-0.6
1784895035704,Ant,Play,-0.19999999999999998
1784895035704,Ant,Walk,-0.20000000000000004
1784895035705,Bat,Explore,-0.4
1784895035705,Bat,Sing,-0.20000000000000004
1784895035705,Bat,http://localhost:3251@brice,-0.4
1784895035705,Bat,Walk,0.20000000000000004
1784895035705,Bat,http://localhost:3251@alice,0.10000000000000003
1784895035705,Bat,Fight,0.2
1784895035705,Bat,http://localhost:3251@Ant,-0.6
1784895035705,Bat,Dance,0.30000000000000004
1784895035705,Bat,Talk,-0.30000000000000004
1784895035705,Bat,http://localhost:3251@bear,1.4000000000000001
1784895035705,Bat,http://localhost:3251@Bee,-0.7999999999999999
1784895035705,Bat,Exercise,-0.2
1784895035705,Bat,Play,-0.30000000000000004
1784895036161,Bat,Explore,-0.4
1784895036161,Bat,Sing,-0.20000000000000004
1784895036161,Bat,http://localhost:3251@brice,-0.5
1784895036161,Bat,Walk,0.20000000000000004
1784895036161,Bat,http://localhost:3251@alice,0.10000000000000003
1784895036161,Bat,Fight,0.1
1784895036161,Bat,http://localhost:3251@Ant,-0.6
1784895036161,Bat,Dance,0.30000000000000004
1784895036161,Bat,Talk,-0.30000000000000004
1784895036161,Bat,http://localhost:3251@bear,1.4000000000000001
1784895036161,Bat,http://localhost:3251@Bee,-0.7999999999999999
1784895036161,Bat,Exercise,-0.2
1784895036161,Bat,Play,-0.30000000000000004
1784895036162,brice,Sing,0.7
1784895036162,brice,http://localhost:3251@Bat,1.8000000000000005
1784895036162,brice,Fight,1.3
1784895036162,brice,http://localhost:3251@bear,-0.7
1784895036162,brice,http://localhost:3251@Ant,0.4
1784895036162,brice,Dance,0.3
1784895036162,brice,Exercise,0.5
1784895036162,brice,http://localhost:3251@alice,0.7
1784895036162,brice,Explore,-0.6
1784895036162,brice,Talk,0.5
1784895036162,brice,http://localhost:3251@Bee,0.5
1784895036162,brice,Walk,0.10000000000000003
1784895036162,brice,Play,-0.7
1784895036570,bear,Fight,0.5
1784895036570,bear,http://localhost:3251@Bee,0.9999999999999999
1784895036570,bear,http://localhost:3251@alice,-0.10000000000000003
1784895036570,bear,Explore,0.6
1784895036570,bear,Walk,0
1784895036570,bear,Exercise,-0.4
1784895036570,bear,http://localhost:3251@Ant,0.4
1784895036570,bear,Sing,0.6
1784895036570,bear,Talk,-2.7755575615628914e-17
1784895036570,bear,http://localhost:3251@brice,-0.7
1784895036570,bear,http://localhost:3251@Bat,-0.30000000000000004
1784895036570,bear,Play,-0.10000000000000003
1784895036570,bear,Dance,-0.30000000000000004
1784895037318,Ant,Dance,0.8999999999999999
1784895037318,Ant,http://localhost:3251@Bee,0.5
1784895037318,Ant,Sing,0.09999999999999998
1784895037318,Ant,http://localhost:3251@alice,0.10000000000000003
1784895037318,Ant,Explore,0.30000000000000004
1784895037318,Ant,Fight,0.30000000000000004
1784895037318,Ant,http://localhost:3251@Bat,0.30000000000000004
1784895037318,Ant,http://localhost:3251@brice,0.4
1784895037318,Ant,Talk,-0.30000000000000004
1784895037318,Ant,Exercise,0.1
1784895037318,Ant,http://localhost:3251@bear,-0.6
1784895037318,Ant,Play,-0.19999999999999998
1784895037318,Ant,Walk,-0.20000000000000004
1784895037318,Bat,Explore,-0.4
1784895037318,Bat,Sing,-0.20000000000000004
1784895037318,Bat,http://localhost:3251@brice,-0.6
1784895037318,Bat,Walk,0.20000000000000004
1784895037318,Bat,http://localhost:3251@alice,0.10000000000000003
1784895037318,Bat,Fight,0.1
1784895037318,Bat,http://localhost:3251@Ant,-0.6
1784895037318,Bat,Dance,0.30000000000000004
1784895037318,Bat,Talk,-0.30000000000000004
1784895037318,Bat,http://localhost:3251@bear,1.4000000000000001
1784895037318,Bat,http://localhost:3251@Bee,-0.7999999999999999
1784895037318,Bat,Exercise,-0.30000000000000004
1784895037318,Bat,Play,-0.30000000000000004
1784895037658,Bee,Dance,-0.2
1784895037658,Bee,http://localhost:3251@Ant,0.09999999999999998
1784895037658,Bee,Explore,1.2
1784895037658,Bee,Fight,-0.30000000000000004
1784895037658,Bee,http://localhost:3251@bear,-0.5
1784895037658,Bee,Sing,-1.0999999999999999
1784895037658,Bee,http://localhost:3251@Bat,0.6
1784895037658,Bee,http://localhost:3251@brice,2.7755575615628914e-17
1784895037658,Bee,http://localhost:3251@alice,-1.0999999999999999
1784895037658,Bee,Talk,-0.1
1784895037658,Bee,Exercise,0.4
1784895037658,Bee,Walk,0.2
1784895037658,Bee,Play,0.19999999999999998
1784895037952,bear,Fight,0.5
1784895037952,bear,http://localhost:3251@Bee,0.9999999999999999
1784895037952,bear,http://localhost:3251@alice,-0.10000000000000003
1784895037952,bear,Explore,0.6
1784895037952,bear,Walk,0
1784895037952,bear,Exercise,-0.30000000000000004
1784895037952,bear,http://localhost:3251@Ant,0.4
1784895037952,bear,Sing,0.6
1784895037952,bear,Talk,-2.7755575615628914e-17
1784895037952,bear,http://localhost:3251@brice,-0.6
1784895037952,bear,http://localhost:3251@Bat,-0.30000000000000004
1784895037952,bear,Play,-0.10000000000000003
1784895037952,bear,Dance,-0.30000000000000004
1784895037953,brice,Sing,0.7
1784895037953,brice,http://localhost:3251@Bat,1.9000000000000006
1784895037953,brice,Fight,1.3
1784895037953,brice,http://localhost:3251@bear,-0.7
1784895037953,brice,http://localhost:3251@Ant,0.4
1784895037953,brice,Dance,0.3
1784895037953,brice,Exercise,0.6
1784895037953,brice,http://localhost:3251@alice,0.7
1784895037953,brice,Explore,-0.6
1784895037953,brice,Talk,0.5
1784895037953,brice,http://localhost:3251@Bee,0.5
1784895037953,brice,Walk,0.10000000000000003
1784895037953,brice,Play,-0.7
1784895038736,bear,Fight,0.5
1784895038736,bear,http://localhost:3251@Bee,1.0999999999999999
1784895038736,bear,http://localhost:3251@alice,-0.10000000000000003
1784895038736,bear,Explore,0.6
1784895038736,bear,Walk,0
1784895038736,bear,Exercise,-0.30000000000000004
1784895038736,bear,http://localhost:3251@Ant,0.4
1784895038736,bear,Sing,0.6
1784895038736,bear,Talk,0.09999999999999998
1784895038736,bear,http://localhost:3251@brice,-0.6
1784895038736,bear,http://localhost:3251@Bat,-0.30000000000000004
1784895038736,bear,Play,-0.10000000000000003
1784895038736,bear,Dance,-0.30000000000000004
1784895038736,Bee,Dance,-0.2
1784895038736,Bee,http://localhost:3251@Ant,0.09999999999999998
1784895038736,Bee,Explore,1.2
1784895038736,Bee,Fight,-0.30000000000000004
1784895038736,Bee,http://localhost:3251@bear,-0.6
1784895038736,Bee,Sing,-1.0999999999999999
1784895038736,Bee,http://localhost:3251@Bat,0.6
1784895038736,Bee,http://localhost:3251@brice,2.7755575615628914e-17
1784895038736,Bee,http://localhost:3251@alice,-1.0999999999999999
1784895038736,Bee,Talk,-0.2
1784895038736,Bee,Exercise,0.4
1784895038736,Bee,Walk,0.2
1784895038736,Bee,Play,0.19999999999999998
1784895039125,Bat,Explore,-0.4
1784895039125,Bat,Sing,-0.20000000000000004
1784895039125,Bat,http://localhost:3251@brice,-0.5
1784895039125,Bat,Walk,0.20000000000000004
1784895039125,Bat,http://localhost:3251@alice,0.10000000000000003
1784895039125,Bat,Fight,0.1
1784895039125,Bat,http://localhost:3251@Ant,-0.6
1784895039125,Bat,Dance,0.30000000000000004
1784895039125,Bat,Talk,-0.30000000000000004
1784895039125,Bat,http://localhost:3251@bear,1.4000000000000001
1784895039125,Bat,http://localhost:3251@Bee,-0.7999999999999999
1784895039125,Bat,Exercise,-0.20000000000000004
1784895039125,Bat,Play,-0.30000000000000004
1784895039126,brice,Sing,0.7
1784895039126,brice,http://localhost:3251@Bat,2.0000000000000004
1784895039126,brice,Fight,1.3
1784895039126,brice,http://localhost:3251@bear,-0.7
1784895039126,brice,http://localhost:3251@Ant,0.4
1784895039126,brice,Dance,0.3
1784895039126,brice,Exercise,0.7
1784895039126,brice,http://localhost:3251@alice,0.7
1784895039126,brice,Explore,-0.6
1784895039126,brice,Talk,0.5
1784895039126,brice,http://localhost:3251@Bee,0.5
1784895039126,brice,Walk,0.10000000000000003
1784895039126,brice,Play,-0.7
1784895039457,Ant,Dance,0.8999999999999999
1784895039457,Ant,http://localhost:3251@Bee,0.5
1784895039457,Ant,Sing,0.09999999999999998
1784895039457,Ant,http://localhost:3251@alice,0.10000000000000003
1784895039457,Ant,Explore,0.4
1784895039457,Ant,Fight,0.30000000000000004
1784895039457,Ant,http://localhost:3251@Bat,0.30000000000000004
1784895039457,Ant,http://localhost:3251@brice,0.4
1784895039457,Ant,Talk,-0.30000000000000004
1784895039457,Ant,Exercise,0.1
1784895039457,Ant,http://localhost:3251@bear,-0.6
1784895039457,Ant,Play,-0.19999999999999998
1784895039457,Ant,Walk,-0.20000000000000004
1784895040293,bear,Fight,0.5
1784895040293,bear,http://localhost:3251@Bee,1.0999999999999999
1784895040293,bear,http://localhost:3251@alice,-0.10000000000000003
1784895040293,bear,Explore,0.5
1784895040293,bear,Walk,0
1784895040293,bear,Exercise,-0.30000000000000004
1784895040293,bear,http://localhost:3251@Ant,0.4
1784895040293,bear,Sing,0.6
1784895040293,bear,Talk,0.09999999999999998
1784895040293,bear,http://localhost:3251@brice,-0.6
1784895040293,bear,http://localhost:3251@Bat,-0.30000000000000004
1784895040293,bear,Play,-0.10000000000000003
1784895040293,bear,Dance,-0.30000000000000004
1784895040294,Bee,Dance,-0.2
1784895040294,Bee,http://localhost:3251@Ant,0.09999999999999998
1784895040294,Bee,Explore,1.0999999999999999
1784895040294,Bee,Fight,-0.30000000000000004
1784895040294,Bee,http://localhost:3251@bear,-0.6
1784895040294,Bee,Sing,-1.0999999999999999
1784895040294,Bee,http://localhost:3251@Bat,0.6
1784895040294,Bee,http://localhost:3251@brice,2.7755575615628914e-17
1784895040294,Bee,http://localhost:3251@alice,-1.0999999999999999
1784895040294,Bee,Talk,-0.2
1784895040294,Bee,Exercise,0.4
1784895040294,Bee,Walk,0.2
1784895040294,Bee,Play,0.19999999999999998
1784895041615,Ant,Dance,0.8999999999999999
1784895041615,Ant,http://localhost:3251@Bee,0.6
1784895041615,Ant,Sing,0.19999999999999998
1784895041615,Ant,http://localhost:3251@alice,0.10000000000000003
1784895041615,Ant,Explore,0.4
1784895041615,Ant,Fight,0.30000000000000004
1784895041615,Ant,http://localhost:3251@Bat,0.30000000000000004
1784895041615,Ant,http://localhost:3251@brice,0.4
1784895041615,Ant,Talk,-0.30000000000000004
1784895041615,Ant,Exercise,0.1
1784895041615,Ant,http://localhost:3251@bear,-0.6
1784895041615,Ant,Play,-0.19999999999999998
1784895041615,Ant,Walk,-0.20000000000000004
1784895041616,Bat,Explore,-0.4
1784895041616,Bat,Sing,-0.20000000000000004
1784895041616,Bat,http://localhost:3251@brice,-0.5
1784895041616,Bat,Walk,0.20000000000000004
1784895041616,Bat,http://localhost:3251@alice,0.10000000000000003
1784895041616,Bat,Fight,0.1
1784895041616,Bat,http://localhost:3251@Ant,-0.6
1784895041616,Bat,Dance,0.4
1784895041616,Bat,Talk,-0.30000000000000004
1784895041616,Bat,http://localhost:3251@bear,1.5000000000000002
1784895041616,Bat,http://localhost:3251@Bee,-0.7999999999999999
1784895041616,Bat,Exercise,-0.20000000000000004
1784895041616,Bat,Play,-0.30000000000000004
1784895041616,bear,Fight,0.5
1784895041616,bear,http://localhost:3251@Bee,1.0999999999999999
1784895041616,bear,http://localhost:3251@alice,-0.10000000000000003
1784895041616,bear,Explore,0.5
1784895041616,bear,Walk,0
1784895041616,bear,Exercise,-0.30000000000000004
1784895041616,bear,http://localhost:3251@Ant,0.5
1784895041616,bear,Sing,0.6
1784895041616,bear,Talk,0.09999999999999998
1784895041616,bear,http://localhost:3251@brice,-0.6
1784895041616,bear,http://localhost:3251@Bat,-0.30000000000000004
1784895041616,bear,Play,-0.10000000000000003
1784895041616,bear,Dance,-0.20000000000000004
1784895041616,Bee,Dance,-0.2
1784895041616,Bee,http://localhost:3251@Ant,0.09999999999999998
1784895041616,Bee,Explore,1.0999999999999999
1784895041616,Bee,Fight,-0.30000000000000004
1784895041616,Bee,http://localhost:3251@bear,-0.6
1784895041616,Bee,Sing,-1.2
1784895041616,Bee,http://localhost:3251@Bat,0.6
1784895041616,Bee,http://localhost:3251@brice,2.7755575615628914e-17
1784895041616,Bee,http://localhost:3251@alice,-1.2
1784895041616,Bee,Talk,-0.2
1784895041616,Bee,Exercise,0.4
1784895041616,Bee,Walk,0.2
1784895041616,Bee,Play,0.19999999999999998
1784895041666,alice,Explore,2.7755575615628914e-17
1784895041666,alice,Sing,-0.10000000000000003
1784895041666,alice,http://localhost:3251@Ant,0.7999999999999999
1784895041666,alice,Walk,1.0999999999999999
1784895041666,alice,http://localhost:3251@Bat,0.7
1784895041666,alice,Fight,0.5
1784895041666,alice,http://localhost:3251@bear,0.09999999999999998
1784895041666,alice,Exercise,-0.5
1784895041666,alice,http://localhost:3251@brice,-0.7
1784895041666,alice,Talk,-0.4
1784895041666,alice,http://localhost:3251@Bee,0.4
1784895041666,alice,Play,0.5
1784895041666,alice,Dance,0.20000000000000004
1784895042083,brice,Sing,0.7
1784895042083,brice,http://localhost:3251@Bat,2.0000000000000004
1784895042083,brice,Fight,1.3
1784895042083,brice,http://localhost:3251@bear,-0.7
1784895042083,brice,http://localhost:3251@Ant,0.4
1784895042083,brice,Dance,0.3
1784895042083,brice,Exercise,0.7
1784895042083,brice,http://localhost:3251@alice,0.7
1784895042083,brice,Explore,-0.7
1784895042083,brice,Talk,0.5
1784895042083,brice,http://localhost:3251@Bee,0.5
1784895042083,brice,Walk,0.10000000000000003
1784895042083,brice,Play,-0.7
1784895042917,alice,Explore,2.7755575615628914e-17
1784895042917,alice,Sing,-0.10000000000000003
1784895042917,alice,http://localhost:3251@Ant,0.7999999999999999
1784895042917,alice,Walk,1.0999999999999999
1784895042917,alice,http://localhost:3251@Bat,0.7
1784895042917,alice,Fight,0.5
1784895042917,alice,http://localhost:3251@bear,0.09999999999999998
1784895042917,alice,Exercise,-0.5
1784895042917,alice,http://localhost:3251@brice,-0.7
1784895042917,alice,Talk,-0.4
1784895042917,alice,http://localhost:3251@Bee,0.5
1784895042917,alice,Play,0.5
1784895042917,alice,Dance,0.30000000000000004
1784895042917,Bee,Dance,-0.30000000000000004
1784895042917,Bee,http://localhost:3251@Ant,0.09999999999999998
1784895042917,Bee,Explore,1.0999999999999999
1784895042917,Bee,Fight,-0.30000000000000004
1784895042917,Bee,http://localhost:3251@bear,-0.6
1784895042917,Bee,Sing,-1.2
1784895042917,Bee,http://localhost:3251@Bat,0.6
1784895042917,Bee,http://localhost:3251@brice,2.7755575615628914e-17
1784895042917,Bee,http://localhost:3251@alice,-1.3
1784895042917,Bee,Talk,-0.2
1784895042917,Bee,Exercise,0.4
1784895042917,Bee,Walk,0.2
1784895042917,Bee,Play,0.19999999999999998
1784895043494,Ant,Dance,0.9999999999999999
1784895043494,Ant,http://localhost:3251@Bee,0.6
1784895043494,Ant,Sing,0.19999999999999998
1784895043494,Ant,http://localhost:3251@alice,0.10000000000000003
1784895043494,Ant,Explore,0.4
1784895043494,Ant,Fight,0.30000000000000004
1784895043494,Ant,http://localhost:3251@Bat,0.4
1784895043494,Ant,http://localhost:3251@brice,0.4
1784895043494,Ant,Talk,-0.30000000000000004
1784895043494,Ant,Exercise,0.1
1784895043494,Ant,http://localhost:3251@bear,-0.6
1784895043494,Ant,Play,-0.19999999999999998
1784895043494,Ant,Walk,-0.20000000000000004
1784895043495,Bat,Explore,-0.4
1784895043495,Bat,Sing,-0.20000000000000004
1784895043495,Bat,http://localhost:3251@brice,-0.5
1784895043495,Bat,Walk,0.20000000000000004
1784895043495,Bat,http://localhost:3251@alice,0.10000000000000003
1784895043495,Bat,Fight,0.1
1784895043495,Bat,http://localhost:3251@Ant,-0.6
1784895043495,Bat,Dance,0.30000000000000004
1784895043495,Bat,Talk,-0.30000000000000004
1784895043495,Bat,http://localhost:3251@bear,1.4000000000000001
1784895043495,Bat,http://localhost:3251@Bee,-0.7999999999999999
1784895043495,Bat,Exercise,-0.20000000000000004
1784895043495,Bat,Play,-0.30000000000000004
1784895044221,Bat,Explore,-0.4
1784895044221,Bat,Sing,-0.20000000000000004
1784895044221,Bat,http://localhost:3251@brice,-0.5
1784895044221,Bat,Walk,0.20000000000000004
1784895044221,Bat,http://localhost:3251@alice,0.10000000000000003
1784895044221,Bat,Fight,0.1
1784895044221,Bat,http://localhost:3251@Ant,-0.6
1784895044221,Bat,Dance,0.30000000000000004
1784895044221,Bat,Talk,-0.30000000000000004
1784895044221,Bat,http://localhost:3251@bear,1.4000000000000001
1784895044221,Bat,http://localhost:3251@Bee,-0.8999999999999999
1784895044221,Bat,Exercise,-0.20000000000000004
1784895044221,Bat,Play,-0.4
1784895044222,Bee,Dance,-0.30000000000000004
1784895044222,Bee,http://localhost:3251@Ant,-2.7755575615628914e-17
1784895044222,Bee,Explore,1.0999999999999999
1784895044222,Bee,Fight,-0.30000000000000004
1784895044222,Bee,http://localhost:3251@bear,-0.6
1784895044222,Bee,Sing,-1.2
1784895044222,Bee,http://localhost:3251@Bat,0.6
1784895044222,Bee,http://localhost:3251@brice,2.7755575615628914e-17
1784895044222,Bee,http://localhost:3251@alice,-1.3
1784895044222,Bee,Talk,-0.2
1784895044222,Bee,Exercise,0.4
1784895044222,Bee,Walk,0.2
1784895044222,Bee,Play,0.09999999999999998
1784895044473,bear,Fight,0.5
1784895044473,bear,http://localhost:3251@Bee,1.0999999999999999
1784895044473,bear,http://localhost:3251@alice,-0.10000000000000003
1784895044473,bear,Explore,0.6
1784895044473,bear,Walk,0
1784895044473,bear,Exercise,-0.30000000000000004
1784895044473,bear,http://localhost:3251@Ant,0.5
1784895044473,bear,Sing,0.6
1784895044473,bear,Talk,0.09999999999999998
1784895044473,bear,http://localhost:3251@brice,-0.6
1784895044473,bear,http://localhost:3251@Bat,-0.30000000000000004
1784895044473,bear,Play,-0.10000000000000003
1784895044473,bear,Dance,-0.20000000000000004
1784895045205,Ant,Dance,0.9999999999999999
1784895045205,Ant,http://localhost:3251@Bee,0.6
1784895045205,Ant,Sing,0.19999999999999998
1784895045205,Ant,http://localhost:3251@alice,0.10000000000000003
1784895045205,Ant,Explore,0.30000000000000004
1784895045205,Ant,Fight,0.30000000000000004
1784895045205,Ant,http://localhost:3251@Bat,0.4
1784895045205,Ant,http://localhost:3251@brice,0.4
1784895045205,Ant,Talk,-0.30000000000000004
1784895045205,Ant,Exercise,0.1
1784895045205,Ant,http://localhost:3251@bear,-0.6
1784895045205,Ant,Play,-0.19999999999999998
1784895045205,Ant,Walk,-0.20000000000000004
1784895045268,alice,Explore,0.10000000000000003
1784895045268,alice,Sing,-0.10000000000000003
1784895045268,alice,http://localhost:3251@Ant,0.7999999999999999
1784895045268,alice,Walk,1.0999999999999999
1784895045268,alice,http://localhost:3251@Bat,0.7
1784895045268,alice,Fight,0.5
1784895045268,alice,http://localhost:3251@bear,0.09999999999999998
1784895045268,alice,Exercise,-0.5
1784895045268,alice,http://localhost:3251@brice,-0.7
1784895045268,alice,Talk,-0.4
1784895045268,alice,http://localhost:3251@Bee,0.5
1784895045268,alice,Play,0.5
1784895045268,alice,Dance,0.30000000000000004
1784895045855,Bee,Dance,-0.30000000000000004
1784895045855,Bee,http://localhost:3251@Ant,-2.7755575615628914e-17
1784895045855,Bee,Explore,1.2
1784895045855,Bee,Fight,-0.30000000000000004
1784895045855,Bee,http://localhost:3251@bear,-0.6
1784895045855,Bee,Sing,-1.2
1784895045855,Bee,http://localhost:3251@Bat,0.6
1784895045855,Bee,http://localhost:3251@brice,2.7755575615628914e-17
1784895045855,Bee,http://localhost:3251@alice,-1.3
1784895045855,Bee,Talk,-0.2
1784895045855,Bee,Exercise,0.4
1784895045855,Bee,Walk,0.2
1784895045855,Bee,Play,0.09999999999999998
1784895046107,bear,Fight,0.5
1784895046107,bear,http://localhost:3251@Bee,1.0999999999999999
1784895046107,bear,http://localhost:3251@alice,-0.10000000000000003
1784895046107,bear,Explore,0.5
1784895046107,bear,Walk,0
1784895046107,bear,Exercise,-0.30000000000000004
1784895046107,bear,http://localhost:3251@Ant,0.5
1784895046107,bear,Sing,0.6
1784895046107,bear,Talk,0.09999999999999998
1784895046107,bear,http://localhost:3251@brice,-0.6
1784895046107,bear,http://localhost:3251@Bat,-0.30000000000000004
1784895046107,bear,Play,-0.10000000000000003
1784895046107,bear,Dance,-0.20000000000000004
1784895046911,alice,Explore,0.20000000000000004
1784895046911,alice,Sing,-0.10000000000000003
1784895046911,alice,http://localhost:3251@Ant,0.7999999999999999
1784895046911,alice,Walk,1.0999999999999999
1784895046911,alice,http://localhost:3251@Bat,0.7
1784895046911,alice,Fight,0.5
1784895046911,alice,http://localhost:3251@bear,0.09999999999999998
1784895046911,alice,Exercise,-0.5
1784895046911,alice,http://localhost:3251@brice,-0.7
1784895046911,alice,Talk,-0.4
1784895046911,alice,http://localhost:3251@Bee,0.5
1784895046911,alice,Play,0.5
1784895046911,alice,Dance,0.30000000000000004
1784895047462,Bat,Explore,-0.4
1784895047462,Bat,Sing,-0.20000000000000004
1784895047462,Bat,http://localhost:3251@brice,-0.4
1784895047462,Bat,Walk,0.20000000000000004
1784895047462,Bat,http://localhost:3251@alice,0.10000000000000003
1784895047462,Bat,Fight,0.1
1784895047462,Bat,http://localhost:3251@Ant,-0.6
1784895047462,Bat,Dance,0.30000000000000004
1784895047462,Bat,Talk,-0.30000000000000004
1784895047462,Bat,http://localhost:3251@bear,1.4000000000000001
1784895047462,Bat,http://localhost:3251@Bee,-0.8999999999999999
1784895047462,Bat,Exercise,-0.10000000000000003
1784895047462,Bat,Play,-0.4
1784895047463,bear,Fight,0.5
1784895047463,bear,http://localhost:3251@Bee,1.0999999999999999
1784895047463,bear,http://localhost:3251@alice,-0.10000000000000003
1784895047463,bear,Explore,0.5
1784895047463,bear,Walk,0
1784895047463,bear,Exercise,-0.30000000000000004
1784895047463,bear,http://localhost:3251@Ant,0.5
1784895047463,bear,Sing,0.6
1784895047463,bear,Talk,0.09999999999999998
1784895047463,bear,http://localhost:3251@brice,-0.7
1784895047463,bear,http://localhost:3251@Bat,-0.30000000000000004
1784895047463,bear,Play,-0.20000000000000004
1784895047463,bear,Dance,-0.20000000000000004
1784895047464,Bee,Dance,-0.30000000000000004
1784895047464,Bee,http://localhost:3251@Ant,-2.7755575615628914e-17
1784895047464,Bee,Explore,1.2
1784895047464,Bee,Fight,-0.30000000000000004
1784895047464,Bee,http://localhost:3251@bear,-0.7
1784895047464,Bee,Sing,-1.2
1784895047464,Bee,http://localhost:3251@Bat,0.6
1784895047464,Bee,http://localhost:3251@brice,2.7755575615628914e-17
1784895047464,Bee,http://localhost:3251@alice,-1.3
1784895047464,Bee,Talk,-0.2
1784895047464,Bee,Exercise,0.4
1784895047464,Bee,Walk,0.2
1784895047464,Bee,Play,-2.7755575615628914e-17
1784895047464,brice,Sing,0.7
1784895047464,brice,http://localhost:3251@Bat,1.9000000000000004
1784895047464,brice,Fight,1.3
1784895047464,brice,http://localhost:3251@bear,-0.7
1784895047464,brice,http://localhost:3251@Ant,0.4
1784895047464,brice,Dance,0.3
1784895047464,brice,Exercise,0.6
1784895047464,brice,http://localhost:3251@alice,0.7
1784895047464,brice,Explore,-0.7
1784895047464,brice,Talk,0.5
1784895047464,brice,http://localhost:3251@Bee,0.5
1784895047464,brice,Walk,0.10000000000000003
1784895047464,brice,Play,-0.7
1784895047524,Ant,Dance,0.9999999999999999
1784895047524,Ant,http://localhost:3251@Bee,0.6
1784895047524,Ant,Sing,0.19999999999999998
1784895047524,Ant,http://localhost:3251@alice,0.10000000000000003
1784895047524,Ant,Explore,0.20000000000000004
1784895047524,Ant,Fight,0.30000000000000004
1784895047524,Ant,http://localhost:3251@Bat,0.4
1784895047524,Ant,http://localhost:3251@brice,0.4
1784895047524,Ant,Talk,-0.30000000000000004
1784895047524,Ant,Exercise,0.1
1784895047524,Ant,http://localhost:3251@bear,-0.6
1784895047524,Ant,Play,-0.19999999999999998
1784895047524,Ant,Walk,-0.20000000000000004
1784895047963,alice,Explore,0.20000000000000004
1784895047963,alice,Sing,-0.10000000000000003
1784895047963,alice,http://localhost:3251@Ant,0.7999999999999999
1784895047963,alice,Walk,1.0999999999999999
1784895047963,alice,http://localhost:3251@Bat,0.7
1784895047963,alice,Fight,0.4
1784895047963,alice,http://localhost:3251@bear,-2.7755575615628914e-17
1784895047963,alice,Exercise,-0.5
1784895047963,alice,http://localhost:3251@brice,-0.7
1784895047963,alice,Talk,-0.4
1784895047963,alice,http://localhost:3251@Bee,0.5
1784895047963,alice,Play,0.5
1784895047963,alice,Dance,0.30000000000000004
1784895047963,Ant,Dance,0.9999999999999999
1784895047963,Ant,http://localhost:3251@Bee,0.6
1784895047963,Ant,Sing,0.19999999999999998
1784895047963,Ant,http://localhost:3251@alice,2.7755575615628914e-17
1784895047963,Ant,Explore,0.20000000000000004
1784895047963,Ant,Fight,0.20000000000000004
1784895047963,Ant,http://localhost:3251@Bat,0.4
1784895047963,Ant,http://localhost:3251@brice,0.4
1784895047963,Ant,Talk,-0.30000000000000004
1784895047963,Ant,Exercise,0.1
1784895047963,Ant,http://localhost:3251@bear,-0.6
1784895047963,Ant,Play,-0.19999999999999998
1784895047963,Ant,Walk,-0.20000000000000004
1784895048834,alice,Explore,0.20000000000000004
1784895048834,alice,Sing,-0.10000000000000003
1784895048834,alice,http://localhost:3251@Ant,0.7999999999999999
1784895048834,alice,Walk,1.0999999999999999
1784895048834,alice,http://localhost:3251@Bat,0.6
1784895048834,alice,Fight,0.4
1784895048834,alice,http://localhost:3251@bear,-2.7755575615628914e-17
1784895048834,alice,Exercise,-0.5
1784895048834,alice,http://localhost:3251@brice,-0.7
1784895048834,alice,Talk,-0.4
1784895048834,alice,http://localhost:3251@Bee,0.5
1784895048834,alice,Play,0.5
1784895048834,alice,Dance,0.20000000000000004
1784895048834,Bat,Explore,-0.4
1784895048834,Bat,Sing,-0.20000000000000004
1784895048834,Bat,http://localhost:3251@brice,-0.4
1784895048834,Bat,Walk,0.20000000000000004
1784895048834,Bat,http://localhost:3251@alice,0.10000000000000003
1784895048834,Bat,Fight,0.1
1784895048834,Bat,http://localhost:3251@Ant,-0.6
1784895048834,Bat,Dance,0.4
1784895048834,Bat,Talk,-0.30000000000000004
1784895048834,Bat,http://localhost:3251@bear,1.5000000000000002
1784895048834,Bat,http://localhost:3251@Bee,-0.8999999999999999
1784895048834,Bat,Exercise,-0.10000000000000003
1784895048834,Bat,Play,-0.4
1784895048896,Ant,Dance,1.0999999999999999
1784895048896,Ant,http://localhost:3251@Bee,0.6
1784895048896,Ant,Sing,0.19999999999999998
1784895048896,Ant,http://localhost:3251@alice,2.7755575615628914e-17
1784895048896,Ant,Explore,0.20000000000000004
1784895048896,Ant,Fight,0.20000000000000004
1784895048896,Ant,http://localhost:3251@Bat,0.4
1784895048896,Ant,http://localhost:3251@brice,0.5
1784895048896,Ant,Talk,-0.30000000000000004
1784895048896,Ant,Exercise,0.1
1784895048896,Ant,http://localhost:3251@bear,-0.6
1784895048896,Ant,Play,-0.19999999999999998
1784895048896,Ant,Walk,-0.20000000000000004
1784895048897,brice,Sing,0.7
1784895048897,brice,http://localhost:3251@Bat,2.0000000000000004
1784895048897,brice,Fight,1.3
1784895048897,brice,http://localhost:3251@bear,-0.7
1784895048897,brice,http://localhost:3251@Ant,0.4
1784895048897,brice,Dance,0.4
1784895048897,brice,Exercise,0.6
1784895048897,brice,http://localhost:3251@alice,0.7
1784895048897,brice,Explore,-0.7
1784895048897,brice,Talk,0.5
1784895048897,brice,http://localhost:3251@Bee,0.5
1784895048897,brice,Walk,0.10000000000000003
1784895048897,brice,Play,-0.7
1784895049145,Bee,Dance,-0.30000000000000004
1784895049145,Bee,http://localhost:3251@Ant,-2.7755575615628914e-17
1784895049145,Bee,Explore,1.0999999999999999
1784895049145,Bee,Fight,-0.30000000000000004
1784895049145,Bee,http://localhost:3251@bear,-0.7
1784895049145,Bee,Sing,-1.2
1784895049145,Bee,http://localhost:3251@Bat,0.6
1784895049145,Bee,http://localhost:3251@brice,2.7755575615628914e-17
1784895049145,Bee,http://localhost:3251@alice,-1.3
1784895049145,Bee,Talk,-0.2
1784895049145,Bee,Exercise,0.4
1784895049145,Bee,Walk,0.2
1784895049145,Bee,Play,-2.7755575615628914e-17
1784895050562,Bat,Explore,-0.30000000000000004
1784895050562,Bat,Sing,-0.20000000000000004
1784895050562,Bat,http://localhost:3251@brice,-0.4
1784895050562,Bat,Walk,0.20000000000000004
1784895050562,Bat,http://localhost:3251@alice,0.10000000000000003
1784895050562,Bat,Fight,0.1
1784895050562,Bat,http://localhost:3251@Ant,-0.6
1784895050562,Bat,Dance,0.4
1784895050562,Bat,Talk,-0.30000000000000004
1784895050562,Bat,http://localhost:3251@bear,1.5000000000000002
1784895050562,Bat,http://localhost:3251@Bee,-0.8999999999999999
1784895050562,Bat,Exercise,-0.10000000000000003
1784895050562,Bat,Play,-0.4
1784895050562,bear,Fight,0.5
1784895050562,bear,http://localhost:3251@Bee,1.0999999999999999
1784895050562,bear,http://localhost:3251@alice,-0.10000000000000003
1784895050562,bear,Explore,0.6
1784895050562,bear,Walk,0
1784895050562,bear,Exercise,-0.30000000000000004
1784895050562,bear,http://localhost:3251@Ant,0.5
1784895050562,bear,Sing,0.6
1784895050562,bear,Talk,0.09999999999999998
1784895050562,bear,http://localhost:3251@brice,-0.7
1784895050562,bear,http://localhost:3251@Bat,-0.30000000000000004
1784895050562,bear,Play,-0.20000000000000004
1784895050562,bear,Dance,-0.20000000000000004
1784895050612,alice,Explore,0.20000000000000004
1784895050612,alice,Sing,-0.10000000000000003
1784895050612,alice,http://localhost:3251@Ant,0.7999999999999999
1784895050612,alice,Walk,1.0999999999999999
1784895050612,alice,http://localhost:3251@Bat,0.6
1784895050612,alice,Fight,0.30000000000000004
1784895050612,alice,http://localhost:3251@bear,-0.10000000000000003
1784895050612,alice,Exercise,-0.5
1784895050612,alice,http://localhost:3251@brice,-0.7
1784895050612,alice,Talk,-0.4
1784895050612,alice,http://localhost:3251@Bee,0.5
1784895050612,alice,Play,0.5
1784895050612,alice,Dance,0.20000000000000004
1784895050612,Bee,Dance,-0.30000000000000004
1784895050612,Bee,http://localhost:3251@Ant,-2.7755575615628914e-17
1784895050612,Bee,Explore,1.0999999999999999
1784895050612,Bee,Fight,-0.20000000000000004
1784895050612,Bee,http://localhost:3251@bear,-0.7
1784895050612,Bee,Sing,-1.2
1784895050612,Bee,http://localhost:3251@Bat,0.6
1784895050612,Bee,http://localhost:3251@brice,2.7755575615628914e-17
1784895050612,Bee,http://localhost:3251@alice,-1.2
1784895050612,Bee,Talk,-0.2
1784895050612,Bee,Exercise,0.4
1784895050612,Bee,Walk,0.2
1784895050612,Bee,Play,-2.7755575615628914e-17
1784895051193,Ant,Dance,1.0999999999999999
1784895051193,Ant,http://localhost:3251@Bee,0.6
1784895051193,Ant,Sing,0.19999999999999998
1784895051193,Ant,http://localhost:3251@alice,2.7755575615628914e-17
1784895051193,Ant,Explore,0.10000000000000003
1784895051193,Ant,Fight,0.20000000000000004
1784895051193,Ant,http://localhost:3251@Bat,0.4
1784895051193,Ant,http://localhost:3251@brice,0.5
1784895051193,Ant,Talk,-0.30000000000000004
1784895051193,Ant,Exercise,0.1
1784895051193,Ant,http://localhost:3251@bear,-0.6
1784895051193,Ant,Play,-0.19999999999999998
1784895051193,Ant,Walk,-0.20000000000000004
1784895051886,Bat,Explore,-0.30000000000000004
1784895051886,Bat,Sing,-0.20000000000000004
1784895051886,Bat,http://localhost:3251@brice,-0.4
1784895051886,Bat,Walk,0.30000000000000004
1784895051886,Bat,http://localhost:3251@alice,0.20000000000000004
1784895051886,Bat,Fight,0.1
1784895051886,Bat,http://localhost:3251@Ant,-0.6
1784895051886,Bat,Dance,0.4
1784895051886,Bat,Talk,-0.30000000000000004
1784895051886,Bat,http://localhost:3251@bear,1.5000000000000002
1784895051886,Bat,http://localhost:3251@Bee,-0.8999999999999999
1784895051886,Bat,Exercise,-0.10000000000000003
1784895051886,Bat,Play,-0.4
1784895051887,Bee,Dance,-0.30000000000000004
1784895051887,Bee,http://localhost:3251@Ant,-2.7755575615628914e-17
1784895051887,Bee,Explore,1.0999999999999999
1784895051887,Bee,Fight,-0.20000000000000004
1784895051887,Bee,http://localhost:3251@bear,-0.7
1784895051887,Bee,Sing,-1.2
1784895051887,Bee,http://localhost:3251@Bat,0.7
1784895051887,Bee,http://localhost:3251@brice,2.7755575615628914e-17
1784895051887,Bee,http://localhost:3251@alice,-1.2
1784895051887,Bee,Talk,-0.2
1784895051887,Bee,Exercise,0.4
1784895051887,Bee,Walk,0.30000000000000004
1784895051887,Bee,Play,-2.7755575615628914e-17
1784895052367,bear,Fight,0.5
1784895052367,bear,http://localhost:3251@Bee,1.0999999999999999
1784895052367,bear,http://localhost:3251@alice,-0.10000000000000003
1784895052367,bear,Explore,0.6
1784895052367,bear,Walk,0
1784895052367,bear,Exercise,-0.30000000000000004
1784895052367,bear,http://localhost:3251@Ant,0.5
1784895052367,bear,Sing,0.6
1784895052367,bear,Talk,0.09999999999999998
1784895052367,bear,http://localhost:3251@brice,-0.6
1784895052367,bear,http://localhost:3251@Bat,-0.30000000000000004
1784895052367,bear,Play,-0.10000000000000003
1784895052367,bear,Dance,-0.20000000000000004
1784895052368,brice,Sing,0.7
1784895052368,brice,http://localhost:3251@Bat,2.0000000000000004
1784895052368,brice,Fight,1.3
1784895052368,brice,http://localhost:3251@bear,-0.6
1784895052368,brice,http://localhost:3251@Ant,0.4
1784895052368,brice,Dance,0.4
1784895052368,brice,Exercise,0.6
1784895052368,brice,http://localhost:3251@alice,0.7
1784895052368,brice,Explore,-0.7
1784895052368,brice,Talk,0.5
1784895052368,brice,http://localhost:3251@Bee,0.5
1784895052368,brice,Walk,0.10000000000000003
1784895052368,brice,Play,-0.6
1784895052935,alice,Explore,0.30000000000000004
1784895052935,alice,Sing,-0.10000000000000003
1784895052935,alice,http://localhost:3251@Ant,0.7999999999999999
1784895052935,alice,Walk,1.0999999999999999
1784895052935,alice,http://localhost:3251@Bat,0.6
1784895052935,alice,Fight,0.30000000000000004
1784895052935,alice,http://localhost:3251@bear,-0.10000000000000003
1784895052935,alice,Exercise,-0.5
1784895052935,alice,http://localhost:3251@brice,-0.7
1784895052935,alice,Talk,-0.4
1784895052935,alice,http://localhost:3251@Bee,0.5
1784895052935,alice,Play,0.5
1784895052935,alice,Dance,0.20000000000000004
1784895052935,Bat,Explore,-0.30000000000000004
1784895052935,Bat,Sing,-0.20000000000000004
1784895052935,Bat,http://localhost:3251@brice,-0.30000000000000004
1784895052935,Bat,Walk,0.30000000000000004
1784895052935,Bat,http://localhost:3251@alice,0.20000000000000004
1784895052935,Bat,Fight,0.1
1784895052935,Bat,http://localhost:3251@Ant,-0.6
1784895052935,Bat,Dance,0.4
1784895052935,Bat,Talk,-0.20000000000000004
1784895052935,Bat,http://localhost:3251@bear,1.5000000000000002
1784895052935,Bat,http://localhost:3251@Bee,-0.8999999999999999
1784895052935,Bat,Exercise,-0.10000000000000003
1784895052935,Bat,Play,-0.4
1784895052936,bear,Fight,0.5
1784895052936,bear,http://localhost:3251@Bee,1.0999999999999999
1784895052936,bear,http://localhost:3251@alice,-0.10000000000000003
1784895052936,bear,Explore,0.6
1784895052936,bear,Walk,0
1784895052936,bear,Exercise,-0.30000000000000004
1784895052936,bear,http://localhost:3251@Ant,0.5
1784895052936,bear,Sing,0.6
1784895052936,bear,Talk,-2.7755575615628914e-17
1784895052936,bear,http://localhost:3251@brice,-0.6
1784895052936,bear,http://localhost:3251@Bat,-0.4
1784895052936,bear,Play,-0.10000000000000003
1784895052936,bear,Dance,-0.20000000000000004
1784895053557,Bee,Dance,-0.30000000000000004
1784895053557,Bee,http://localhost:3251@Ant,-2.7755575615628914e-17
1784895053557,Bee,Explore,1.2
1784895053557,Bee,Fight,-0.20000000000000004
1784895053557,Bee,http://localhost:3251@bear,-0.7
1784895053557,Bee,Sing,-1.2
1784895053557,Bee,http://localhost:3251@Bat,0.7
1784895053557,Bee,http://localhost:3251@brice,2.7755575615628914e-17
1784895053557,Bee,http://localhost:3251@alice,-1.2
1784895053557,Bee,Talk,-0.2
1784895053557,Bee,Exercise,0.4
1784895053557,Bee,Walk,0.30000000000000004
1784895053557,Bee,Play,-2.7755575615628914e-17
1784895054635,brice,Sing,0.7
1784895054635,brice,http://localhost:3251@Bat,2.0000000000000004
1784895054635,brice,Fight,1.3
1784895054635,brice,http://localhost:3251@bear,-0.6
1784895054635,brice,http://localhost:3251@Ant,0.4
1784895054635,brice,Dance,0.4
1784895054635,brice,Exercise,0.6
1784895054635,brice,http://localhost:3251@alice,0.7
1784895054635,brice,Explore,-0.6
1784895054635,brice,Talk,0.5
1784895054635,brice,http://localhost:3251@Bee,0.5
1784895054635,brice,Walk,0.10000000000000003
1784895054635,brice,Play,-0.6
1784895054886,Ant,Dance,0.9999999999999999
1784895054886,Ant,http://localhost:3251@Bee,0.5
1784895054886,Ant,Sing,0.19999999999999998
1784895054886,Ant,http://localhost:3251@alice,2.7755575615628914e-17
1784895054886,Ant,Explore,0.10000000000000003
1784895054886,Ant,Fight,0.20000000000000004
1784895054886,Ant,http://localhost:3251@Bat,0.4
1784895054886,Ant,http://localhost:3251@brice,0.5
1784895054886,Ant,Talk,-0.30000000000000004
1784895054886,Ant,Exercise,0.1
1784895054886,Ant,http://localhost:3251@bear,-0.6
1784895054886,Ant,Play,-0.19999999999999998
1784895054886,Ant,Walk,-0.20000000000000004
1784895054887,Bee,Dance,-0.4
1784895054887,Bee,http://localhost:3251@Ant,-2.7755575615628914e-17
1784895054887,Bee,Explore,1.2
1784895054887,Bee,Fight,-0.20000000000000004
1784895054887,Bee,http://localhost:3251@bear,-0.7
1784895054887,Bee,Sing,-1.2
1784895054887,Bee,http://localhost:3251@Bat,0.7
1784895054887,Bee,http://localhost:3251@brice,-0.09999999999999998
1784895054887,Bee,http://localhost:3251@alice,-1.2
1784895054887,Bee,Talk,-0.2
1784895054887,Bee,Exercise,0.4
1784895054887,Bee,Walk,0.30000000000000004
1784895054887,Bee,Play,-2.7755575615628914e-17
1784895055158,Bat,Explore,-0.4
1784895055158,Bat,Sing,-0.20000000000000004
1784895055158,Bat,http://localhost:3251@brice,-0.30000000000000004
1784895055158,Bat,Walk,0.30000000000000004
1784895055158,Bat,http://localhost:3251@alice,0.20000000000000004
1784895055158,Bat,Fight,0.1
1784895055158,Bat,http://localhost:3251@Ant,-0.6
1784895055158,Bat,Dance,0.4
1784895055158,Bat,Talk,-0.20000000000000004
1784895055158,Bat,http://localhost:3251@bear,1.5000000000000002
1784895055158,Bat,http://localhost:3251@Bee,-0.8999999999999999
1784895055158,Bat,Exercise,-0.10000000000000003
1784895055158,Bat,Play,-0.4
1784895055159,bear,Fight,0.5
1784895055159,bear,http://localhost:3251@Bee,1.0999999999999999
1784895055159,bear,http://localhost:3251@alice,-0.10000000000000003
1784895055159,bear,Explore,0.5
1784895055159,bear,Walk,0
1784895055159,bear,Exercise,-0.30000000000000004
1784895055159,bear,http://localhost:3251@Ant,0.5
1784895055159,bear,Sing,0.6
1784895055159,bear,Talk,-2.7755575615628914e-17
1784895055159,bear,http://localhost:3251@brice,-0.6
1784895055159,bear,http://localhost:3251@Bat,-0.4
1784895055159,bear,Play,-0.10000000000000003
1784895055159,bear,Dance,-0.20000000000000004
1784895055323,alice,Explore,0.30000000000000004
1784895055323,alice,Sing,-0.10000000000000003
1784895055323,alice,http://localhost:3251@Ant,0.7999999999999999
1784895055323,alice,Walk,1.0999999999999999
1784895055323,alice,http://localhost:3251@Bat,0.6
1784895055323,alice,Fight,0.30000000000000004
1784895055323,alice,http://localhost:3251@bear,-2.7755575615628914e-17
1784895055323,alice,Exercise,-0.5
1784895055323,alice,http://localhost:3251@brice,-0.7
1784895055323,alice,Talk,-0.30000000000000004
1784895055323,alice,http://localhost:3251@Bee,0.5
1784895055323,alice,Play,0.5
1784895055323,alice,Dance,0.20000000000000004
1784895055324,brice,Sing,0.7
1784895055324,brice,http://localhost:3251@Bat,2.0000000000000004
1784895055324,brice,Fight,1.3
1784895055324,brice,http://localhost:3251@bear,-0.6
1784895055324,brice,http://localhost:3251@Ant,0.4
1784895055324,brice,Dance,0.4
1784895055324,brice,Exercise,0.6
1784895055324,brice,http://localhost:3251@alice,0.7999999999999999
1784895055324,brice,Explore,-0.6
1784895055324,brice,Talk,0.6
1784895055324,brice,http://localhost:3251@Bee,0.5
1784895055324,brice,Walk,0.10000000000000003
1784895055324,brice,Play,-0.6
1784895056661,Bat,Explore,-0.5
1784895056661,Bat,Sing,-0.20000000000000004
1784895056661,Bat,http://localhost:3251@brice,-0.30000000000000004
1784895056661,Bat,Walk,0.30000000000000004
1784895056661,Bat,http://localhost:3251@alice,0.20000000000000004
1784895056661,Bat,Fight,0.1
1784895056661,Bat,http://localhost:3251@Ant,-0.6
1784895056661,Bat,Dance,0.4
1784895056661,Bat,Talk,-0.20000000000000004
1784895056661,Bat,http://localhost:3251@bear,1.5000000000000002
1784895056661,Bat,http://localhost:3251@Bee,-0.8999999999999999
1784895056661,Bat,Exercise,-0.10000000000000003
1784895056661,Bat,Play,-0.4
1784895056662,bear,Fight,0.5
1784895056662,bear,http://localhost:3251@Bee,1.0999999999999999
1784895056662,bear,http://localhost:3251@alice,-0.10000000000000003
1784895056662,bear,Explore,0.4
1784895056662,bear,Walk,0
1784895056662,bear,Exercise,-0.30000000000000004
1784895056662,bear,http://localhost:3251@Ant,0.5
1784895056662,bear,Sing,0.6
1784895056662,bear,Talk,-2.7755575615628914e-17
1784895056662,bear,http://localhost:3251@brice,-0.6
1784895056662,bear,http://localhost:3251@Bat,-0.4
1784895056662,bear,Play,-0.10000000000000003
1784895056662,bear,Dance,-0.20000000000000004
1784895057038,Ant,Dance,0.9999999999999999
1784895057038,Ant,http://localhost:3251@Bee,0.5
1784895057038,Ant,Sing,0.19999999999999998
1784895057038,Ant,http://localhost:3251@alice,2.7755575615628914e-17
1784895057038,Ant,Explore,0.20000000000000004
1784895057038,Ant,Fight,0.20000000000000004
1784895057038,Ant,http://localhost:3251@Bat,0.4
1784895057038,Ant,http://localhost:3251@brice,0.5
1784895057038,Ant,Talk,-0.30000000000000004
1784895057038,Ant,Exercise,0.1
1784895057038,Ant,http://localhost:3251@bear,-0.6
1784895057038,Ant,Play,-0.19999999999999998
1784895057038,Ant,Walk,-0.20000000000000004
1784895057705,Bee,Dance,-0.4
1784895057705,Bee,http://localhost:3251@Ant,-2.7755575615628914e-17
1784895057705,Bee,Explore,1.0999999999999999
1784895057705,Bee,Fight,-0.20000000000000004
1784895057705,Bee,http://localhost:3251@bear,-0.7
1784895057705,Bee,Sing,-1.2
1784895057705,Bee,http://localhost:3251@Bat,0.7
1784895057705,Bee,http://localhost:3251@brice,-0.09999999999999998
1784895057705,Bee,http://localhost:3251@alice,-1.2
1784895057705,Bee,Talk,-0.2
1784895057705,Bee,Exercise,0.4
1784895057705,Bee,Walk,0.30000000000000004
1784895057705,Bee,Play,-2.7755575615628914e-17
1784895058081,Ant,Dance,0.9999999999999999
1784895058081,Ant,http://localhost:3251@Bee,0.5
1784895058081,Ant,Sing,0.19999999999999998
1784895058081,Ant,http://localhost:3251@alice,2.7755575615628914e-17
1784895058081,Ant,Explore,0.20000000000000004
1784895058081,Ant,Fight,0.30000000000000004
1784895058081,Ant,http://localhost:3251@Bat,0.5
1784895058081,Ant,http://localhost:3251@brice,0.5
1784895058081,Ant,Talk,-0.30000000000000004
1784895058081,Ant,Exercise,0.1
1784895058081,Ant,http://localhost:3251@bear,-0.6
1784895058081,Ant,Play,-0.19999999999999998
1784895058081,Ant,Walk,-0.20000000000000004
1784895058082,bear,Fight,0.6
1784895058082,bear,http://localhost:3251@Bee,1.0999999999999999
1784895058082,bear,http://localhost:3251@alice,-0.10000000000000003
1784895058082,bear,Explore,0.4
1784895058082,bear,Walk,0
1784895058082,bear,Exercise,-0.30000000000000004
1784895058082,bear,http://localhost:3251@Ant,0.6
1784895058082,bear,Sing,0.6
1784895058082,bear,Talk,-2.7755575615628914e-17
1784895058082,bear,http://localhost:3251@brice,-0.6
1784895058082,bear,http://localhost:3251@Bat,-0.4
1784895058082,bear,Play,-0.10000000000000003
1784895058082,bear,Dance,-0.20000000000000004
1784895058134,alice,Explore,0.4
1784895058134,alice,Sing,-0.10000000000000003
1784895058134,alice,http://localhost:3251@Ant,0.7999999999999999
1784895058134,alice,Walk,1.0999999999999999
1784895058134,alice,http://localhost:3251@Bat,0.6
1784895058134,alice,Fight,0.30000000000000004
1784895058134,alice,http://localhost:3251@bear,-2.7755575615628914e-17
1784895058134,alice,Exercise,-0.5
1784895058134,alice,http://localhost:3251@brice,-0.7
1784895058134,alice,Talk,-0.30000000000000004
1784895058134,alice,http://localhost:3251@Bee,0.5
1784895058134,alice,Play,0.5
1784895058134,alice,Dance,0.20000000000000004
1784895058964,bear,Fight,0.6
1784895058964,bear,http://localhost:3251@Bee,1.0999999999999999
1784895058964,bear,http://localhost:3251@alice,-0.10000000000000003
1784895058964,bear,Explore,0.4
1784895058964,bear,Walk,0
1784895058964,bear,Exercise,-0.30000000000000004
1784895058964,bear,http://localhost:3251@Ant,0.6
1784895058964,bear,Sing,0.6
1784895058964,bear,Talk,0.09999999999999998
1784895058964,bear,http://localhost:3251@brice,-0.5
1784895058964,bear,http://localhost:3251@Bat,-0.4
1784895058964,bear,Play,-0.10000000000000003
1784895058964,bear,Dance,-0.20000000000000004
1784895058965,brice,Sing,0.7
1784895058965,brice,http://localhost:3251@Bat,2.1000000000000005
1784895058965,brice,Fight,1.3
1784895058965,brice,http://localhost:3251@bear,-0.6
1784895058965,brice,http://localhost:3251@Ant,0.4
1784895058965,brice,Dance,0.4
1784895058965,brice,Exercise,0.6
1784895058965,brice,http://localhost:3251@alice,0.7999999999999999
1784895058965,brice,Explore,-0.6
1784895058965,brice,Talk,0.7
1784895058965,brice,http://localhost:3251@Bee,0.5
1784895058965,brice,Walk,0.10000000000000003
1784895058965,brice,Play,-0.6
1784895059016,alice,Explore,0.4
1784895059016,alice,Sing,-0.10000000000000003
1784895059016,alice,http://localhost:3251@Ant,0.7999999999999999
1784895059016,alice,Walk,0.9999999999999999
1784895059016,alice,http://localhost:3251@Bat,0.6
1784895059016,alice,Fight,0.30000000000000004
1784895059016,alice,http://localhost:3251@bear,-2.7755575615628914e-17
1784895059016,alice,Exercise,-0.5
1784895059016,alice,http://localhost:3251@brice,-0.7
1784895059016,alice,Talk,-0.30000000000000004
1784895059016,alice,http://localhost:3251@Bee,0.4
1784895059016,alice,Play,0.5
1784895059016,alice,Dance,0.20000000000000004
1784895059016,Bee,Dance,-0.4
1784895059016,Bee,http://localhost:3251@Ant,-2.7755575615628914e-17
1784895059016,Bee,Explore,1.0999999999999999
1784895059016,Bee,Fight,-0.20000000000000004
1784895059016,Bee,http://localhost:3251@bear,-0.7
1784895059016,Bee,Sing,-1.2
1784895059016,Bee,http://localhost:3251@Bat,0.7999999999999999
1784895059016,Bee,http://localhost:3251@brice,-0.09999999999999998
1784895059016,Bee,http://localhost:3251@alice,-1.2
1784895059016,Bee,Talk,-0.2
1784895059016,Bee,Exercise,0.4
1784895059016,Bee,Walk,0.4
1784895059016,Bee,Play,-2.7755575615628914e-17
1784895059604,Bat,Explore,-0.4
1784895059604,Bat,Sing,-0.20000000000000004
1784895059604,Bat,http://localhost:3251@brice,-0.30000000000000004
1784895059604,Bat,Walk,0.30000000000000004
1784895059604,Bat,http://localhost:3251@alice,0.20000000000000004
1784895059604,Bat,Fight,0.1
1784895059604,Bat,http://localhost:3251@Ant,-0.6
1784895059604,Bat,Dance,0.4
1784895059604,Bat,Talk,-0.20000000000000004
1784895059604,Bat,http://localhost:3251@bear,1.5000000000000002
1784895059604,Bat,http://localhost:3251@Bee,-0.8999999999999999
1784895059604,Bat,Exercise,-0.10000000000000003
1784895059604,Bat,Play,-0.4
1784895060333,bear,Fight,0.6
1784895060333,bear,http://localhost:3251@Bee,0.9999999999999999
1784895060333,bear,http://localhost:3251@alice,-0.10000000000000003
1784895060333,bear,Explore,0.4
1784895060333,bear,Walk,0
1784895060333,bear,Exercise,-0.30000000000000004
1784895060333,bear,http://localhost:3251@Ant,0.6
1784895060333,bear,Sing,0.6
1784895060333,bear,Talk,0.09999999999999998
1784895060333,bear,http://localhost:3251@brice,-0.5
1784895060333,bear,http://localhost:3251@Bat,-0.4
1784895060333,bear,Play,-0.20000000000000004
1784895060333,bear,Dance,-0.20000000000000004
1784895060334,Bee,Dance,-0.4
1784895060334,Bee,http://localhost:3251@Ant,-0.10000000000000003
1784895060334,Bee,Explore,1.0999999999999999
1784895060334,Bee,Fight,-0.20000000000000004
1784895060334,Bee,http://localhost:3251@bear,-0.7
1784895060334,Bee,Sing,-1.2
1784895060334,Bee,http://localhost:3251@Bat,0.7999999999999999
1784895060334,Bee,http://localhost:3251@brice,-0.09999999999999998
1784895060334,Bee,http://localhost:3251@alice,-1.2
1784895060334,Bee,Talk,-0.2
1784895060334,Bee,Exercise,0.4
1784895060334,Bee,Walk,0.4
1784895060334,Bee,Play,-0.10000000000000003
1784895060696,Ant,Dance,1.0999999999999999
1784895060696,Ant,http://localhost:3251@Bee,0.6
1784895060696,Ant,Sing,0.19999999999999998
1784895060696,Ant,http://localhost:3251@alice,2.7755575615628914e-17
1784895060696,Ant,Explore,0.20000000000000004
1784895060696,Ant,Fight,0.30000000000000004
1784895060696,Ant,http://localhost:3251@Bat,0.5
1784895060696,Ant,http://localhost:3251@brice,0.5
1784895060696,Ant,Talk,-0.30000000000000004
1784895060696,Ant,Exercise,0.1
1784895060696,Ant,http://localhost:3251@bear,-0.6
1784895060696,Ant,Play,-0.19999999999999998
1784895060696,Ant,Walk,-0.20000000000000004
1784895060697,brice,Sing,0.7
1784895060697,brice,http://localhost:3251@Bat,2.1000000000000005
1784895060697,brice,Fight,1.3
1784895060697,brice,http://localhost:3251@bear,-0.6
1784895060697,brice,http://localhost:3251@Ant,0.30000000000000004
1784895060697,brice,Dance,0.30000000000000004
1784895060697,brice,Exercise,0.6
1784895060697,brice,http://localhost:3251@alice,0.7999999999999999
1784895060697,brice,Explore,-0.6
1784895060697,brice,Talk,0.7
1784895060697,brice,http://localhost:3251@Bee,0.5
1784895060697,brice,Walk,0.10000000000000003
1784895060697,brice,Play,-0.6
1784895061123,alice,Explore,0.4
1784895061123,alice,Sing,-0.10000000000000003
1784895061123,alice,http://localhost:3251@Ant,0.7999999999999999
1784895061123,alice,Walk,0.9999999999999999
1784895061123,alice,http://localhost:3251@Bat,0.6
1784895061123,alice,Fight,0.30000000000000004
1784895061123,alice,http://localhost:3251@bear,-2.7755575615628914e-17
1784895061123,alice,Exercise,-0.5
1784895061123,alice,http://localhost:3251@brice,-0.7
1784895061123,alice,Talk,-0.30000000000000004
1784895061123,alice,http://localhost:3251@Bee,0.5
1784895061123,alice,Play,0.5
1784895061123,alice,Dance,0.30000000000000004
1784895061124,bear,Fight,0.6
1784895061124,bear,http://localhost:3251@Bee,0.9999999999999999
1784895061124,bear,http://localhost:3251@alice,-2.7755575615628914e-17
1784895061124,bear,Explore,0.4
1784895061124,bear,Walk,0
1784895061124,bear,Exercise,-0.30000000000000004
1784895061124,bear,http://localhost:3251@Ant,0.6
1784895061124,bear,Sing,0.6
1784895061124,bear,Talk,0.09999999999999998
1784895061124,bear,http://localhost:3251@brice,-0.5
1784895061124,bear,http://localhost:3251@Bat,-0.4
1784895061124,bear,Play,-0.20000000000000004
1784895061124,bear,Dance,-0.10000000000000003
1784895061670,Bee,Dance,-0.4
1784895061670,Bee,http://localhost:3251@Ant,-0.10000000000000003
1784895061670,Bee,Explore,1.0999999999999999
1784895061670,Bee,Fight,-0.20000000000000004
1784895061670,Bee,http://localhost:3251@bear,-0.7
1784895061670,Bee,Sing,-1.3
1784895061670,Bee,http://localhost:3251@Bat,0.7999999999999999
1784895061670,Bee,http://localhost:3251@brice,-0.09999999999999998
1784895061670,Bee,http://localhost:3251@alice,-1.3
1784895061670,Bee,Talk,-0.2
1784895061670,Bee,Exercise,0.4
1784895061670,Bee,Walk,0.4
1784895061670,Bee,Play,-0.10000000000000003
1784895061671,brice,Sing,0.7999999999999999
1784895061671,brice,http://localhost:3251@Bat,2.1000000000000005
1784895061671,brice,Fight,1.3
1784895061671,brice,http://localhost:3251@bear,-0.6
1784895061671,brice,http://localhost:3251@Ant,0.30000000000000004
1784895061671,brice,Dance,0.30000000000000004
1784895061671,brice,Exercise,0.6
1784895061671,brice,http://localhost:3251@alice,0.7999999999999999
1784895061671,brice,Explore,-0.6
1784895061671,brice,Talk,0.7
1784895061671,brice,http://localhost:3251@Bee,0.6
1784895061671,brice,Walk,0.10000000000000003
1784895061671,brice,Play,-0.6
