1784904331955,Ant,Explore,null,true,1,null
1784904332107,alice,Exercise,http://localhost:3251@Bee,true,1,1
1784904332108,Bee,Exercise,http://localhost:3251@alice,true,1,1
1784904332670,Bat,Exercise,http://localhost:3251@brice,false,-1,-1
1784904332670,brice,Exercise,http://localhost:3251@Bat,true,1,1
1784904332729,bear,Dance,http://localhost:3251@Bee,true,1,1
1784904332730,Bee,Dance,http://localhost:3251@bear,false,-1,-1
1784904333643,alice,Talk,http://localhost:3251@Bat,true,1,1
1784904333645,Bat,Talk,http://localhost:3251@alice,false,-1,-1
1784904333707,Ant,Exercise,http://localhost:3251@bear,true,1,1
1784904333711,bear,Exercise,http://localhost:3251@Ant,true,1,1
1784904334276,Bee,Explore,null,false,-1,null
1784904334936,brice,Explore,null,false,-1,null
1784904335381,Ant,Exercise,http://localhost:3251@Bee,true,2,1
1784904335382,Bee,Exercise,http://localhost:3251@Ant,true,2,1
1784904335599,bear,Play,http://localhost:3251@brice,false,-1,-1
1784904335600,brice,Play,http://localhost:3251@bear,false,-1,-1
1784904335884,alice,Fight,http://localhost:3251@Bee,true,1,2
1784904335884,Bee,Fight,http://localhost:3251@alice,true,1,2
1784904336551,Bat,Explore,null,true,1,null
1784904336728,Ant,Play,http://localhost:3251@bear,true,1,2
1784904336728,bear,Play,http://localhost:3251@Ant,true,null,2
1784904337204,brice,Explore,null,true,null,null
1784904337323,alice,Walk,http://localhost:3251@Bee,true,1,3
1784904337324,Bee,Walk,http://localhost:3251@alice,true,1,3
1784904337605,Ant,Fight,http://localhost:3251@Bat,true,1,1
1784904337606,Bat,Fight,http://localhost:3251@Ant,true,1,1
1784904338333,Ant,Talk,http://localhost:3251@bear,false,-1,1
1784904338334,bear,Talk,http://localhost:3251@Ant,false,-1,1
1784904338444,Bat,Exercise,http://localhost:3251@Bee,true,null,1
1784904338445,Bee,Exercise,http://localhost:3251@Ant,true,3,2
1784904339206,alice,Play,http://localhost:3251@Bee,true,1,4
1784904339207,Bee,Play,http://localhost:3251@alice,true,1,4
1784904339332,brice,Explore,null,false,-1,null
1784904340223,alice,Sing,http://localhost:3251@bear,true,1,1
1784904340224,bear,Sing,http://localhost:3251@alice,true,1,1
1784904340514,Ant,Explore,null,false,null,null
1784904340515,Bat,Exercise,http://localhost:3251@Bee,false,-1,null
1784904340515,Bee,Exercise,http://localhost:3251@Ant,true,4,3
1784904341450,alice,Sing,http://localhost:3251@Bat,false,null,null
1784904341451,Ant,Dance,http://localhost:3251@bear,false,-1,null
1784904341451,Bat,Sing,http://localhost:3251@alice,false,-1,-2
1784904341452,bear,Dance,http://localhost:3251@Bee,false,null,null
1784904342037,Bee,Explore,null,false,-2,null
1784904342224,Bat,Fight,http://localhost:3251@brice,false,null,-2
1784904342225,brice,Fight,http://localhost:3251@Bat,false,-1,null
1784904343017,bear,Explore,null,true,1,null
1784904343190,Bee,Exercise,http://localhost:3251@Ant,true,5,4
1784904343191,brice,Exercise,http://localhost:3251@Bee,false,null,-1
1784904343984,Ant,Play,http://localhost:3251@bear,false,null,-1
1784904343985,bear,Play,http://localhost:3251@Ant,false,-1,null
1784904344374,Bat,Explore,null,true,2,null
1784904344433,alice,Play,http://localhost:3251@Bee,false,null,3
1784904344433,Bee,Play,http://localhost:3251@alice,true,2,5
1784904345688,alice,Exercise,http://localhost:3251@Bee,false,null,2
1784904345690,Bat,Exercise,http://localhost:3251@alice,false,-2,-3
1784904346257,Ant,Explore,null,true,1,null
1784904346646,Bee,Explore,null,false,-3,null
1784904346712,brice,Explore,null,false,-2,null
1784904346934,alice,Dance,http://localhost:3251@Ant,true,1,1
1784904346935,Ant,Dance,http://localhost:3251@alice,true,null,1
1784904347224,Bat,Explore,null,false,1,null
1784904347462,bear,Explore,null,true,2,null
1784904347977,Bat,Sing,http://localhost:3251@Bee,true,null,1
1784904347979,Bee,Sing,http://localhost:3251@Bat,true,1,1
1784904348266,Ant,Play,http://localhost:3251@bear,false,-1,-2
1784904348266,brice,Play,http://localhost:3251@Ant,true,null,1
1784904348622,alice,Fight,http://localhost:3251@Bee,true,2,3
1784904348625,Bee,Fight,http://localhost:3251@alice,true,2,5
1784904349302,Ant,Play,http://localhost:3251@Bat,true,null,2
1784904349303,Bat,Play,http://localhost:3251@Ant,true,1,2
1784904349427,bear,Sing,http://localhost:3251@alice,true,2,2
1784904349429,Bee,Sing,http://localhost:3251@bear,false,null,-2
1784904349934,brice,Explore,null,true,-1,null
1784904351235,Ant,Walk,http://localhost:3251@Bee,true,1,2
1784904351236,Bee,Walk,http://localhost:3251@Ant,true,2,5
1784904351472,alice,Dance,http://localhost:3251@bear,true,2,2
1784904351473,bear,Dance,http://localhost:3251@Bee,false,-1,-1
1784904352491,alice,Walk,http://localhost:3251@Bee,true,2,4
1784904352492,Ant,Play,http://localhost:3251@bear,false,-1,-3
1784904352493,bear,Play,http://localhost:3251@Ant,false,-2,-1
1784904352493,Bee,Walk,http://localhost:3251@alice,false,1,4
1784904352880,bear,Talk,http://localhost:3251@brice,false,-2,-2
1784904352881,brice,Talk,http://localhost:3251@bear,false,-1,-2
1784904353101,alice,Dance,http://localhost:3251@Bat,false,1,-1
1784904353102,Bat,Dance,http://localhost:3251@alice,false,-1,-4
1784904353724,alice,Walk,http://localhost:3251@Bee,false,1,3
1784904353725,Ant,Walk,http://localhost:3251@Bee,false,null,1
1784904353725,Bee,Walk,http://localhost:3251@alice,true,2,5
1784904353726,brice,Walk,http://localhost:3251@Ant,true,1,2
1784904354361,Bat,Walk,http://localhost:3251@brice,false,-1,-3
1784904354362,brice,Walk,http://localhost:3251@Bat,true,2,1
1784904355002,alice,Play,http://localhost:3251@Bee,true,1,4
1784904355004,bear,Play,http://localhost:3251@alice,true,-1,3
1784904355337,Ant,Explore,null,true,2,null
1784904355391,alice,Talk,http://localhost:3251@Bat,false,null,-2
1784904355393,Bat,Talk,http://localhost:3251@alice,false,-2,-5
1784904355501,Bee,Explore,null,true,-2,null
1784904356590,Bee,Talk,http://localhost:3251@brice,true,1,1
1784904356591,brice,Talk,http://localhost:3251@bear,true,null,-1
1784904356646,Ant,Play,http://localhost:3251@bear,false,-2,-4
1784904356647,bear,Play,http://localhost:3251@Ant,false,-2,-2
1784904357092,Bat,Explore,null,true,2,null
1784904357662,alice,Fight,http://localhost:3251@Bee,true,3,5
1784904357663,brice,Fight,http://localhost:3251@alice,true,null,1
1784904358133,Bee,Explore,null,false,-3,null
1784904358186,Ant,Explore,null,true,3,null
1784904358240,alice,Fight,http://localhost:3251@Bat,true,4,-1
1784904358240,Bat,Fight,http://localhost:3251@Ant,true,1,3
1784904359202,Ant,Talk,http://localhost:3251@Bee,true,null,2
1784904359203,Bee,Talk,http://localhost:3251@Ant,true,2,5
1784904359492,alice,Walk,http://localhost:3251@Bee,true,2,5
1784904359494,bear,Walk,http://localhost:3251@alice,true,1,4
1784904360097,Bat,Walk,http://localhost:3251@brice,true,null,-2
1784904360098,brice,Walk,http://localhost:3251@Bat,true,3,2
1784904360735,Ant,Explore,null,true,4,null
1784904361013,bear,Explore,null,false,1,null
1784904361349,alice,Sing,http://localhost:3251@Bat,true,1,null
1784904361350,Ant,Sing,http://localhost:3251@alice,false,-1,null
1784904361412,bear,Talk,http://localhost:3251@Bee,false,-3,-2
1784904361412,Bee,Talk,http://localhost:3251@Ant,true,3,5
1784904361650,Bat,Explore,null,true,3,null
1784904362090,Ant,Walk,http://localhost:3251@brice,false,-1,-1
1784904362091,brice,Walk,http://localhost:3251@Ant,true,4,3
1784904362923,Ant,Play,http://localhost:3251@Bat,false,-3,1
1784904362924,Bat,Play,http://localhost:3251@Ant,true,2,4
1784904362981,Bee,Explore,null,false,-4,null
1784904363424,alice,Play,http://localhost:3251@Bee,true,2,5
1784904363424,bear,Play,http://localhost:3251@alice,true,-1,5
1784904363912,Ant,Fight,http://localhost:3251@bear,false,null,-5
1784904363913,bear,Fight,http://localhost:3251@Ant,true,1,-1
1784904364522,Bat,Explore,null,true,4,null
1784904364774,alice,Dance,http://localhost:3251@Ant,true,2,2
1784904364776,Bee,Dance,http://localhost:3251@alice,true,null,5
1784904365027,brice,Explore,null,true,null,null
1784904365264,Ant,Sing,http://localhost:3251@Bat,true,null,2
1784904365264,Bat,Sing,http://localhost:3251@Ant,true,1,5
1784904365933,alice,Walk,http://localhost:3251@bear,true,3,3
1784904365934,bear,Walk,http://localhost:3251@alice,true,2,5
1784904366248,Bat,Exercise,http://localhost:3251@brice,true,-1,-1
1784904366249,brice,Exercise,http://localhost:3251@Bat,false,-1,1
1784904366628,Ant,Walk,http://localhost:3251@Bee,false,-2,1
1784904366630,Bee,Walk,http://localhost:3251@Ant,true,3,5
1784904367312,alice,Exercise,http://localhost:3251@Bee,false,-1,4
1784904367312,Ant,Exercise,http://localhost:3251@alice,true,3,1
1784904367860,Bat,Exercise,http://localhost:3251@Bee,true,null,2
1784904367860,Bee,Exercise,http://localhost:3251@Ant,true,5,5
1784904367968,alice,Walk,http://localhost:3251@bear,true,4,4
1784904367969,bear,Walk,http://localhost:3251@alice,true,3,5
1784904368954,Ant,Explore,null,true,5,null
1784904369140,alice,Walk,http://localhost:3251@Bee,true,5,5
1784904369141,Bee,Walk,http://localhost:3251@alice,true,4,5
1784904369373,brice,Explore,null,true,1,null
1784904369894,alice,Dance,http://localhost:3251@Bat,false,1,-1
1784904369896,Bat,Dance,http://localhost:3251@alice,false,-2,-5
1784904370143,Ant,Exercise,http://localhost:3251@bear,false,2,-5
1784904370145,Bee,Exercise,http://localhost:3251@Ant,true,5,5
1784904370545,alice,Sing,http://localhost:3251@bear,true,2,5
1784904370546,bear,Sing,http://localhost:3251@alice,true,3,5
1784904371102,alice,Talk,http://localhost:3251@Ant,false,-1,1
1784904371103,Ant,Talk,http://localhost:3251@alice,true,1,2
1784904371212,Bat,Play,http://localhost:3251@Ant,false,1,4
1784904371212,Bee,Play,http://localhost:3251@Bat,true,3,2
1784904371768,Bee,Exercise,http://localhost:3251@brice,false,4,null
1784904371769,brice,Exercise,http://localhost:3251@Bat,true,null,2
1784904372065,bear,Explore,null,false,null,null
1784904372678,alice,Fight,http://localhost:3251@Bee,true,5,5
1784904372679,brice,Fight,http://localhost:3251@alice,true,1,2
1784904373012,Bat,Walk,http://localhost:3251@Bee,true,1,3
1784904373012,Bee,Walk,http://localhost:3251@alice,true,5,5
1784904373620,Bat,Fight,http://localhost:3251@brice,true,2,null
1784904373621,brice,Fight,http://localhost:3251@Bat,true,2,3
1784904373957,Ant,Explore,null,true,5,null
1784904374263,alice,Play,http://localhost:3251@Bee,true,3,5
1784904374264,Bee,Play,http://localhost:3251@alice,true,4,5
1784904374886,Ant,Dance,http://localhost:3251@brice,false,-1,-2
1784904374886,brice,Dance,http://localhost:3251@Ant,false,-1,2
1784904375468,bear,Explore,null,true,1,null
1784904375525,Bee,Walk,http://localhost:3251@alice,true,5,5
1784904375526,brice,Walk,http://localhost:3251@Bee,false,3,-2
1784904375829,Bat,Explore,null,true,5,null
1784904376706,alice,Walk,http://localhost:3251@bear,true,5,5
1784904376707,bear,Walk,http://localhost:3251@alice,true,4,5
1784904377312,Bat,Explore,null,true,5,null
1784904377369,alice,Dance,http://localhost:3251@brice,false,null,-1
1784904377371,brice,Dance,http://localhost:3251@Ant,true,null,3
1784904377645,Ant,Explore,null,true,5,null
1784904378014,Bat,Walk,http://localhost:3251@Bee,true,2,4
1784904378014,Bee,Walk,http://localhost:3251@alice,true,5,5
1784904378694,alice,Sing,http://localhost:3251@Bat,false,1,-2
1784904378695,Ant,Fight,http://localhost:3251@bear,true,1,-4
1784904378696,Bee,Sing,http://localhost:3251@alice,true,1,5
1784904378696,brice,Fight,http://localhost:3251@Ant,false,1,2
1784904379028,Bat,Fight,http://localhost:3251@Ant,true,3,5
1784904379029,Bee,Fight,http://localhost:3251@Bat,true,3,3
1784904379527,bear,Explore,null,false,null,null
1784904379914,Bat,Dance,http://localhost:3251@brice,false,-3,-1
1784904379914,brice,Dance,http://localhost:3251@Ant,false,-1,1
1784904380144,Ant,Exercise,http://localhost:3251@Bee,true,3,2
1784904380145,Bee,Exercise,http://localhost:3251@Ant,false,3,4
1784904381001,Ant,Exercise,http://localhost:3251@Bat,true,4,3
1784904381002,Bat,Exercise,http://localhost:3251@brice,true,1,null
1784904381056,bear,Explore,null,true,1,null
1784904381878,Bat,Exercise,http://localhost:3251@Bee,true,2,5
1784904381880,Bee,Exercise,http://localhost:3251@Ant,true,4,5
1784904382051,brice,Explore,null,false,null,null
1784904382428,alice,Play,http://localhost:3251@bear,true,4,5
1784904382430,bear,Play,http://localhost:3251@brice,true,null,-1
1784904382668,Ant,Explore,null,true,5,null
1784904382890,alice,Fight,http://localhost:3251@Bee,true,5,5
1784904382891,Bee,Fight,http://localhost:3251@alice,false,2,4
1784904383345,bear,Dance,http://localhost:3251@brice,true,null,null
1784904383346,brice,Dance,http://localhost:3251@Ant,true,null,2
1784904383623,Ant,Fight,http://localhost:3251@bear,false,null,-5
1784904383624,Bat,Fight,http://localhost:3251@Ant,true,4,5
1784904384134,alice,Play,http://localhost:3251@Bee,true,5,5
1784904384134,brice,Play,http://localhost:3251@alice,false,-1,1
1784904384534,Ant,Talk,http://localhost:3251@Bee,true,2,3
1784904384536,Bee,Talk,http://localhost:3251@Ant,false,2,4
1784904385216,Ant,Talk,http://localhost:3251@Bat,true,3,4
1784904385217,Bat,Talk,http://localhost:3251@alice,false,-3,-5
1784904386034,alice,Walk,http://localhost:3251@Bee,true,5,5
1784904386034,Bee,Walk,http://localhost:3251@alice,true,5,5
1784904386450,bear,Walk,http://localhost:3251@alice,true,5,5
1784904386450,brice,Walk,http://localhost:3251@bear,true,4,null
1784904386748,Ant,Explore,null,false,4,null
1784904386799,Bat,Fight,http://localhost:3251@Ant,true,5,5
1784904386799,bear,Fight,http://localhost:3251@Bat,true,2,1
1784904387700,Ant,Dance,http://localhost:3251@brice,true,null,-1
1784904387700,brice,Dance,http://localhost:3251@Ant,true,1,3
1784904387939,alice,Dance,http://localhost:3251@Ant,false,-1,null
1784904387939,bear,Dance,http://localhost:3251@alice,false,-1,4
1784904388557,bear,Play,http://localhost:3251@Bee,false,-1,-3
1784904388558,Bee,Play,http://localhost:3251@alice,true,5,5
1784904388954,Bat,Explore,null,true,5,null
1784904389285,Ant,Fight,http://localhost:3251@bear,false,-1,-5
1784904389285,Bat,Fight,http://localhost:3251@Ant,true,5,5
1784904389461,alice,Explore,null,false,-1,null
1784904389913,Ant,Walk,http://localhost:3251@Bee,false,-3,2
1784904389913,Bee,Walk,http://localhost:3251@alice,true,5,5
1784904390743,bear,Talk,http://localhost:3251@brice,true,-2,1
1784904390744,brice,Talk,http://localhost:3251@bear,true,1,1
1784904390800,Bat,Explore,null,false,4,null
1784904391445,alice,Sing,http://localhost:3251@Bat,false,null,-3
1784904391446,brice,Sing,http://localhost:3251@alice,false,-1,null
1784904391656,Ant,Exercise,http://localhost:3251@Bee,true,5,3
1784904391657,Bee,Exercise,http://localhost:3251@Ant,true,5,5
1784904392446,alice,Fight,http://localhost:3251@Bee,true,5,5
1784904392448,Bee,Fight,http://localhost:3251@alice,true,3,5
1784904393578,Ant,Dance,http://localhost:3251@Bee,true,1,4
1784904393579,Bee,Dance,http://localhost:3251@Ant,true,1,5
1784904394032,alice,Explore,null,true,null,null
1784904394845,Bat,Explore,null,true,5,null
1784904394954,brice,Explore,null,false,-1,null
1784904395055,Ant,Explore,null,true,5,null
1784904395389,bear,Explore,null,false,null,null
1784904395712,alice,Exercise,http://localhost:3251@Bee,true,null,5
1784904395712,Bee,Exercise,http://localhost:3251@alice,true,5,5
1784904396311,Bat,Explore,null,true,5,null
1784904396427,brice,Explore,null,false,-2,null
1784904396904,Ant,Dance,http://localhost:3251@Bee,true,2,5
1784904396906,Bee,Dance,http://localhost:3251@Ant,true,2,5
1784904396970,bear,Explore,null,true,1,null
1784904397579,alice,Play,http://localhost:3251@Bee,true,5,5
1784904397582,Ant,Play,http://localhost:3251@alice,false,-4,1
1784904397582,Bat,Play,http://localhost:3251@Ant,false,null,4
1784904397583,Bee,Play,http://localhost:3251@Bat,true,5,4
1784904398202,alice,Walk,http://localhost:3251@bear,true,5,5
1784904398203,bear,Walk,http://localhost:3251@alice,true,5,5
1784904398867,alice,Dance,http://localhost:3251@Bee,true,null,5
1784904398868,Bee,Dance,http://localhost:3251@alice,true,3,5
1784904399200,Bat,Fight,http://localhost:3251@Ant,true,5,5
1784904399201,brice,Fight,http://localhost:3251@Bat,true,2,4
1784904399512,alice,Dance,http://localhost:3251@Ant,false,-1,-1
1784904399512,Ant,Dance,http://localhost:3251@Bee,true,3,5
1784904400123,alice,Sing,http://localhost:3251@bear,true,1,5
1784904400124,Ant,Play,http://localhost:3251@Bee,true,-3,5
1784904400124,bear,Sing,http://localhost:3251@alice,true,4,5
1784904400124,Bee,Play,http://localhost:3251@alice,true,5,5
1784904401095,Ant,Walk,http://localhost:3251@Bat,true,-2,5
1784904401096,Bat,Walk,http://localhost:3251@brice,true,3,1
1784904401377,brice,Explore,null,false,-3,null
1784904402061,Ant,Talk,http://localhost:3251@alice,true,4,2
1784904402062,bear,Talk,http://localhost:3251@Ant,false,-3,-2
1784904402576,bear,Exercise,http://localhost:3251@Bee,true,2,-2
1784904402577,Bee,Exercise,http://localhost:3251@Ant,true,5,5
1784904402990,alice,Explore,null,false,-1,null
1784904403339,Ant,Play,http://localhost:3251@bear,false,-4,-5
1784904403340,Bat,Play,http://localhost:3251@Ant,true,1,5
1784904403779,bear,Exercise,http://localhost:3251@brice,true,3,2
1784904403780,brice,Exercise,http://localhost:3251@Bat,true,1,5
1784904404344,Bee,Exercise,http://localhost:3251@Ant,true,5,5
1784904404344,brice,Exercise,http://localhost:3251@Bee,false,null,-3
1784904405211,alice,Dance,http://localhost:3251@Ant,true,null,null
1784904405213,Ant,Dance,http://localhost:3251@Bee,true,4,5
1784904405502,Bat,Explore,null,false,4,null
1784904406303,Bat,Walk,http://localhost:3251@bear,true,4,1
1784904406304,bear,Walk,http://localhost:3251@alice,true,5,5
1784904406357,alice,Sing,http://localhost:3251@Bee,false,null,4
1784904406358,Bee,Sing,http://localhost:3251@Bat,false,null,3
1784904406719,Bee,Fight,http://localhost:3251@brice,false,2,-1
1784904406719,brice,Fight,http://localhost:3251@Bat,true,3,5
1784904406783,Ant,Explore,null,false,4,null
1784904407597,Bat,Walk,http://localhost:3251@brice,true,5,2
1784904407598,brice,Walk,http://localhost:3251@Bat,true,5,5
1784904408010,alice,Play,http://localhost:3251@Bee,true,5,5
1784904408011,Bee,Play,http://localhost:3251@alice,true,5,5
1784904408439,Ant,Fight,http://localhost:3251@bear,true,null,-4
1784904408440,brice,Fight,http://localhost:3251@Ant,true,4,4
1784904408615,bear,Explore,null,false,null,null
1784904409013,alice,Talk,http://localhost:3251@brice,false,-2,-2
1784904409014,Bat,Fight,http://localhost:3251@Bee,true,5,5
1784904409014,Bee,Fight,http://localhost:3251@alice,true,3,5
1784904409015,brice,Talk,http://localhost:3251@alice,false,null,-1
1784904409589,alice,Fight,http://localhost:3251@bear,true,5,5
1784904409589,bear,Fight,http://localhost:3251@alice,true,3,5
1784904409700,Ant,Dance,http://localhost:3251@Bee,true,5,5
1784904409701,brice,Dance,http://localhost:3251@Ant,true,2,5
1784904409978,bear,Talk,http://localhost:3251@Bee,false,-4,-3
1784904409979,Bee,Talk,http://localhost:3251@Ant,true,3,5
1784904410914,Bat,Walk,http://localhost:3251@brice,true,5,3
1784904410915,Bee,Walk,http://localhost:3251@Bat,true,5,4
1784904411145,alice,Explore,null,true,null,null
1784904411251,Ant,Explore,null,true,5,null
1784904411934,alice,Sing,http://localhost:3251@bear,true,1,5
1784904411935,bear,Sing,http://localhost:3251@alice,true,5,5
1784904412161,Ant,Play,http://localhost:3251@Bat,true,-3,5
1784904412162,Bat,Play,http://localhost:3251@Ant,true,2,5
1784904412832,bear,Sing,http://localhost:3251@Bee,false,4,-4
1784904412834,Bee,Sing,http://localhost:3251@Bat,true,1,5
1784904413178,Bat,Fight,http://localhost:3251@brice,true,5,4
1784904413179,brice,Fight,http://localhost:3251@Bat,true,5,5
1784904413471,alice,Explore,null,false,-1,null
1784904413943,Ant,Exercise,http://localhost:3251@bear,true,5,-3
1784904413944,Bat,Exercise,http://localhost:3251@Ant,false,1,4
1784904414010,Bee,Exercise,http://localhost:3251@Ant,true,5,5
1784904414011,brice,Exercise,http://localhost:3251@Bee,false,-1,-4
1784904414778,alice,Sing,http://localhost:3251@Bat,true,2,-2
1784904414779,bear,Sing,http://localhost:3251@alice,true,5,5
1784904415124,Bat,Exercise,http://localhost:3251@brice,true,2,5
1784904415124,brice,Exercise,http://localhost:3251@Bat,false,-2,4
1784904415805,Bat,Exercise,http://localhost:3251@Bee,true,3,5
1784904415806,Bee,Exercise,http://localhost:3251@Ant,true,5,5
1784904416048,Ant,Walk,http://localhost:3251@bear,false,-3,-4
1784904416048,bear,Walk,http://localhost:3251@alice,true,5,5
1784904416668,alice,Walk,http://localhost:3251@Bee,true,5,5
1784904416669,Bat,Walk,http://localhost:3251@alice,true,5,-4
1784904416945,Ant,Exercise,http://localhost:3251@Bee,true,5,5
1784904416946,Bee,Exercise,http://localhost:3251@Ant,true,5,5
1784904417978,alice,Play,http://localhost:3251@Bee,true,5,5
1784904417979,Bee,Play,http://localhost:3251@alice,true,5,5
1784904418041,bear,Walk,http://localhost:3251@alice,true,5,5
1784904418042,brice,Walk,http://localhost:3251@bear,false,4,null
1784904418490,Bat,Exercise,http://localhost:3251@brice,true,4,5
1784904418490,Bee,Exercise,http://localhost:3251@Bat,true,5,5
1784904418553,Ant,Explore,null,true,5,null
1784904419139,alice,Exercise,http://localhost:3251@Bee,false,-1,4
1784904419140,Bat,Exercise,http://localhost:3251@alice,true,5,-3
1784904419309,Ant,Walk,http://localhost:3251@brice,false,-4,-2
1784904419310,brice,Walk,http://localhost:3251@Ant,false,3,4
1784904419641,alice,Exercise,http://localhost:3251@Bee,false,-2,3
1784904419642,Bee,Exercise,http://localhost:3251@Ant,true,5,5
1784904419979,Bat,Sing,http://localhost:3251@bear,true,2,2
1784904419980,bear,Sing,http://localhost:3251@alice,true,5,5
1784904420611,Ant,Dance,http://localhost:3251@Bee,true,5,5
1784904420612,Bee,Dance,http://localhost:3251@Ant,true,4,5
1784904421165,Ant,Exercise,http://localhost:3251@Bat,true,5,5
1784904421166,Bat,Exercise,http://localhost:3251@brice,true,5,5
1784904421166,bear,Exercise,http://localhost:3251@brice,false,2,1
1784904421166,brice,Exercise,http://localhost:3251@bear,false,-3,-1
1784904421821,alice,Sing,http://localhost:3251@Bee,true,3,4
1784904421822,Bee,Sing,http://localhost:3251@Bat,false,null,4
1784904422745,Ant,Explore,null,false,4,null
1784904422747,brice,Explore,null,false,-4,null
1784904423333,Bat,Explore,null,true,5,null
1784904423385,Bee,Explore,null,false,-5,null
1784904423923,Ant,Exercise,http://localhost:3251@bear,true,5,-3
1784904423924,Bat,Exercise,http://localhost:3251@Ant,true,5,5
1784904424385,brice,Explore,null,false,-5,null
1784904424700,alice,Explore,null,false,-2,null
1784904424701,Ant,Play,http://localhost:3251@Bee,true,-2,5
1784904424701,Bee,Play,http://localhost:3251@alice,true,5,5
1784904425412,alice,Fight,http://localhost:3251@brice,false,4,-3
1784904425413,bear,Explore,null,true,1,null
1784904425413,brice,Fight,http://localhost:3251@Bat,true,5,5
1784904426026,Ant,Sing,http://localhost:3251@Bat,true,1,5
1784904426027,Bat,Sing,http://localhost:3251@Ant,false,1,4
1784904426789,Bat,Sing,http://localhost:3251@brice,true,2,5
1784904426790,brice,Sing,http://localhost:3251@Bat,false,-2,4
1784904427011,bear,Explore,null,true,2,null
1784904427353,alice,Walk,http://localhost:3251@Bee,true,5,5
1784904427353,Bee,Walk,http://localhost:3251@alice,true,5,5
1784904427736,alice,Fight,http://localhost:3251@Ant,true,5,1
1784904427736,Ant,Fight,http://localhost:3251@bear,false,-1,-4
1784904428072,Bat,Walk,http://localhost:3251@brice,true,5,5
1784904428072,bear,Walk,http://localhost:3251@Bat,true,5,2
1784904428824,alice,Sing,http://localhost:3251@brice,false,2,-4
1784904428824,brice,Sing,http://localhost:3251@Bat,false,-3,3
1784904428941,Bee,Explore,null,false,-5,null
1784904428996,Ant,Dance,http://localhost:3251@Bee,true,5,5
1784904428996,Bat,Dance,http://localhost:3251@Ant,false,-4,3
1784904430005,Bat,Sing,http://localhost:3251@bear,false,1,1
1784904430005,bear,Sing,http://localhost:3251@alice,true,5,5
1784904430412,alice,Explore,null,true,-1,null
1784904430464,Bat,Fight,http://localhost:3251@brice,true,5,5
1784904430464,brice,Fight,http://localhost:3251@Bat,true,5,4
1784904430579,Ant,Explore,null,true,5,null
1784904430880,bear,Dance,http://localhost:3251@Bee,false,-2,-5
1784904430881,Bee,Dance,http://localhost:3251@alice,true,5,5
1784904431719,alice,Walk,http://localhost:3251@Bee,true,5,5
1784904431720,bear,Walk,http://localhost:3251@alice,true,5,5
1784904431782,Bat,Dance,http://localhost:3251@alice,false,-5,-4
1784904431783,Bee,Dance,http://localhost:3251@Bat,true,5,5
1784904432600,alice,Dance,http://localhost:3251@Ant,true,1,2
1784904432602,Ant,Dance,http://localhost:3251@Bee,true,5,5
1784904433164,Bat,Sing,http://localhost:3251@brice,true,2,5
1784904433166,brice,Sing,http://localhost:3251@Bat,false,-4,3
1784904433801,Ant,Exercise,http://localhost:3251@bear,false,4,-5
1784904433804,brice,Exercise,http://localhost:3251@Ant,true,-2,5
1784904433926,alice,Dance,http://localhost:3251@Ant,true,2,3
1784904433927,Bee,Dance,http://localhost:3251@alice,true,5,5
1784904434167,Bat,Fight,http://localhost:3251@Ant,true,5,4
1784904434168,bear,Fight,http://localhost:3251@Bat,false,2,1
1784904434804,Bee,Fight,http://localhost:3251@brice,true,4,null
1784904434805,brice,Fight,http://localhost:3251@Bat,true,5,4
1784904435190,alice,Dance,http://localhost:3251@Ant,false,1,2
1784904435190,Ant,Dance,http://localhost:3251@alice,true,5,3
1784904435191,Bat,Fight,http://localhost:3251@Ant,true,5,5
1784904435191,Bee,Fight,http://localhost:3251@Bat,false,3,4
1784904435757,Bat,Talk,http://localhost:3251@brice,false,-4,4
1784904435757,brice,Talk,http://localhost:3251@bear,false,-1,-2
1784904435931,alice,Exercise,http://localhost:3251@bear,true,-1,5
1784904435931,bear,Exercise,http://localhost:3251@brice,true,3,2
1784904436468,Bat,Sing,http://localhost:3251@Bee,true,3,5
1784904436468,Bee,Sing,http://localhost:3251@Bat,true,1,5
1784904437054,bear,Walk,http://localhost:3251@brice,true,5,3
1784904437054,brice,Walk,http://localhost:3251@Ant,true,4,5
1784904437399,Ant,Explore,null,true,5,null
1784904437568,alice,Talk,http://localhost:3251@brice,false,-3,-5
1784904437568,Bee,Talk,http://localhost:3251@alice,true,4,5
1784904437747,Bat,Play,http://localhost:3251@Ant,true,3,5
1784904437748,brice,Play,http://localhost:3251@Bat,true,null,5
1784904438333,alice,Walk,http://localhost:3251@bear,true,5,5
1784904438334,bear,Walk,http://localhost:3251@alice,true,5,5
1784904439224,Ant,Talk,http://localhost:3251@Bee,true,5,5
1784904439225,Bee,Talk,http://localhost:3251@Ant,true,5,5
1784904439278,Bat,Explore,null,false,4,null
1784904439279,brice,Explore,null,true,-4,null
1784904439903,alice,Explore,null,true,null,null
1784904439905,bear,Explore,null,true,3,null
1784904440601,alice,Dance,http://localhost:3251@brice,false,null,-5
1784904440602,Bat,Play,http://localhost:3251@Ant,true,4,5
1784904440603,Bee,Play,http://localhost:3251@Bat,true,5,5
1784904440603,brice,Dance,http://localhost:3251@Ant,true,3,5
1784904441299,alice,Play,http://localhost:3251@bear,true,5,5
1784904441300,bear,Play,http://localhost:3251@brice,true,null,4
1784904441678,bear,Fight,http://localhost:3251@brice,true,3,5
1784904441679,brice,Fight,http://localhost:3251@Bat,true,5,5
1784904442309,Bat,Explore,null,true,5,null
1784904442751,Bee,Fight,http://localhost:3251@brice,true,4,1
1784904442752,brice,Fight,http://localhost:3251@Bat,true,5,5
1784904443692,Bat,Sing,http://localhost:3251@bear,false,2,null
1784904443693,bear,Sing,http://localhost:3251@Bat,true,5,2
1784904444069,Ant,Sing,http://localhost:3251@Bat,true,2,5
1784904444069,Bee,Sing,http://localhost:3251@Ant,true,2,5
1784904445075,alice,Sing,http://localhost:3251@bear,true,3,5
1784904445076,Ant,Walk,http://localhost:3251@Bat,false,-5,4
1784904445077,Bat,Walk,http://localhost:3251@brice,true,5,5
1784904445078,bear,Sing,http://localhost:3251@alice,true,5,5
1784904446019,bear,Exercise,http://localhost:3251@Bee,false,2,-5
1784904446019,Bee,Exercise,http://localhost:3251@Ant,true,5,5
1784904446524,brice,Explore,null,false,-5,null
1784904446840,Bat,Explore,null,false,4,null
1784904447282,Ant,Dance,http://localhost:3251@Bee,true,5,5
1784904447283,Bee,Dance,http://localhost:3251@Ant,true,5,5
1784904447409,bear,Walk,http://localhost:3251@alice,true,5,5
1784904447409,brice,Walk,http://localhost:3251@bear,true,5,-1
1784904447848,alice,Sing,http://localhost:3251@Bat,false,2,-3
1784904447849,Bat,Sing,http://localhost:3251@alice,false,1,-5
1784904448544,alice,Fight,http://localhost:3251@brice,true,5,-4
1784904448544,brice,Fight,http://localhost:3251@Bat,true,5,5
1784904448669,Ant,Play,http://localhost:3251@bear,false,-3,-5
1784904448670,Bat,Play,http://localhost:3251@Ant,true,5,5
1784904449109,bear,Explore,null,false,2,null
1784904449361,Ant,Dance,http://localhost:3251@Bee,true,5,5
1784904449362,Bee,Dance,http://localhost:3251@alice,true,5,5
1784904449926,Bat,Play,http://localhost:3251@brice,true,5,5
1784904449927,brice,Play,http://localhost:3251@Bat,true,1,5
1784904450177,alice,Talk,http://localhost:3251@bear,true,-2,5
1784904450179,bear,Talk,http://localhost:3251@Ant,false,-5,-3
1784904450806,Ant,Play,http://localhost:3251@Bee,true,-2,5
1784904450807,Bee,Play,http://localhost:3251@alice,true,5,5
1784904451562,alice,Walk,http://localhost:3251@Bee,true,5,5
1784904451563,Ant,Walk,http://localhost:3251@alice,false,-5,2
1784904451625,Bat,Explore,null,false,3,null
1784904452223,bear,Walk,http://localhost:3251@alice,true,5,5
1784904452223,brice,Walk,http://localhost:3251@bear,true,5,null
1784904452566,Ant,Talk,http://localhost:3251@alice,true,5,3
1784904452567,Bee,Talk,http://localhost:3251@Ant,true,5,5
1784904452881,alice,Play,http://localhost:3251@Bee,true,5,5
1784904452882,bear,Play,http://localhost:3251@alice,false,-1,4
1784904453551,Bat,Play,http://localhost:3251@brice,true,5,5
1784904453552,brice,Play,http://localhost:3251@Bat,true,2,5
1784904453678,Ant,Fight,http://localhost:3251@bear,false,-2,-5
1784904453679,Bee,Fight,http://localhost:3251@Ant,true,5,5
1784904454557,alice,Fight,http://localhost:3251@Bee,true,5,5
1784904454558,Bee,Fight,http://localhost:3251@alice,true,5,5
1784904454742,Ant,Exercise,http://localhost:3251@Bat,true,5,5
1784904454743,Bat,Exercise,http://localhost:3251@brice,true,5,5
1784904455523,bear,Exercise,http://localhost:3251@brice,true,3,5
1784904455524,brice,Exercise,http://localhost:3251@bear,false,-3,-1
1784904455856,alice,Dance,http://localhost:3251@Ant,true,1,3
1784904455857,Ant,Dance,http://localhost:3251@alice,true,5,4
1784904456229,Bee,Fight,http://localhost:3251@alice,true,5,5
1784904456230,brice,Fight,http://localhost:3251@Bee,false,4,-5
1784904456711,Bat,Walk,http://localhost:3251@brice,true,5,5
1784904456712,bear,Walk,http://localhost:3251@Bat,false,4,1
1784904457166,Ant,Walk,http://localhost:3251@Bee,false,-5,4
1784904457167,Bee,Walk,http://localhost:3251@Ant,true,5,5
1784904457811,alice,Walk,http://localhost:3251@Bee,true,5,5
1784904457812,bear,Walk,http://localhost:3251@alice,true,5,5
1784904458435,Ant,Dance,http://localhost:3251@Bee,true,5,5
1784904458436,brice,Dance,http://localhost:3251@Ant,true,4,5
1784904458607,Bat,Walk,http://localhost:3251@brice,true,5,5
1784904458608,bear,Walk,http://localhost:3251@Bat,true,5,2
1784904459083,Ant,Dance,http://localhost:3251@Bee,true,5,5
1784904459084,Bee,Dance,http://localhost:3251@alice,true,5,5
1784904459516,Bat,Fight,http://localhost:3251@brice,true,5,5
1784904459517,brice,Fight,http://localhost:3251@Bat,true,5,5
1784904459733,alice,Walk,http://localhost:3251@Bee,true,5,5
1784904459735,Bee,Walk,http://localhost:3251@alice,true,5,5
1784904460169,alice,Talk,http://localhost:3251@Ant,false,-3,2
1784904460169,Ant,Talk,http://localhost:3251@alice,true,5,5
1784904460531,bear,Exercise,http://localhost:3251@brice,true,4,5
1784904460532,Bee,Exercise,http://localhost:3251@bear,true,5,-1
1784904460889,Ant,Sing,http://localhost:3251@brice,false,1,-3
1784904460890,brice,Sing,http://localhost:3251@Bat,true,-3,5
1784904461578,Ant,Talk,http://localhost:3251@Bee,true,5,5
1784904461579,Bee,Talk,http://localhost:3251@Ant,true,5,5
1784904461698,Bat,Exercise,http://localhost:3251@bear,true,5,1
1784904461698,bear,Exercise,http://localhost:3251@brice,true,5,5
1784904463055,alice,Explore,null,false,-1,null
1784904463294,Bat,Explore,null,false,2,null
1784904463295,bear,Explore,null,false,1,null
1784904463526,Ant,Play,http://localhost:3251@bear,false,-3,-5
1784904463528,brice,Play,http://localhost:3251@Ant,true,3,5
1784904464207,alice,Sing,http://localhost:3251@Bee,true,3,5
1784904464208,Bee,Sing,http://localhost:3251@Bat,true,3,5
1784904464953,Bat,Explore,null,false,1,null
1784904465320,Ant,Sing,http://localhost:3251@bear,false,null,-5
1784904465321,bear,Sing,http://localhost:3251@alice,true,5,5
1784904465863,alice,Explore,null,true,null,null
1784904466348,Ant,Talk,http://localhost:3251@alice,true,5,5
1784904466349,Bee,Talk,http://localhost:3251@Ant,true,5,5
1784904466602,Bat,Explore,null,true,2,null
1784904466912,alice,Talk,http://localhost:3251@brice,false,-4,-5
1784904466913,Ant,Talk,http://localhost:3251@alice,true,5,5
1784904466964,bear,Explore,null,false,null,null
1784904467439,Bat,Fight,http://localhost:3251@brice,true,5,5
1784904467440,brice,Fight,http://localhost:3251@Bat,true,5,5
1784904467666,Ant,Dance,http://localhost:3251@Bee,true,5,5
1784904467667,Bee,Dance,http://localhost:3251@alice,true,5,5
1784904468216,Ant,Exercise,http://localhost:3251@bear,false,4,-5
1784904468217,bear,Exercise,http://localhost:3251@brice,true,5,5
1784904468849,alice,Sing,http://localhost:3251@Bat,true,4,-2
1784904468850,bear,Sing,http://localhost:3251@alice,true,5,5
1784904468967,Bee,Dance,http://localhost:3251@alice,true,5,5
1784904468968,brice,Dance,http://localhost:3251@Bee,true,5,-4
1784904469030,Bat,Explore,null,true,3,null
1784904469427,alice,Exercise,http://localhost:3251@Ant,true,null,3
1784904469428,Ant,Exercise,http://localhost:3251@bear,false,3,-5
1784904469994,Bat,Fight,http://localhost:3251@brice,true,5,5
1784904469995,brice,Fight,http://localhost:3251@Bat,true,5,5
1784904470176,bear,Sing,http://localhost:3251@alice,true,5,5
1784904470176,Bee,Sing,http://localhost:3251@bear,true,4,null
1784904470525,Ant,Talk,http://localhost:3251@alice,true,5,5
1784904470526,Bat,Talk,http://localhost:3251@Ant,false,-5,4
1784904470589,alice,Fight,http://localhost:3251@Bee,true,5,5
1784904470590,bear,Fight,http://localhost:3251@alice,true,4,5
1784904471016,alice,Fight,http://localhost:3251@brice,false,4,-5
1784904471018,brice,Fight,http://localhost:3251@Bat,true,5,5
1784904471570,Bat,Fight,http://localhost:3251@Ant,false,4,3
1784904471571,bear,Fight,http://localhost:3251@Bat,true,5,3
1784904471885,Ant,Dance,http://localhost:3251@Bee,true,5,5
1784904471886,brice,Dance,http://localhost:3251@Ant,true,5,5
1784904473111,alice,Sing,http://localhost:3251@Bat,false,3,-3
1784904473112,Ant,Sing,http://localhost:3251@alice,true,1,5
1784904473543,Bat,Play,http://localhost:3251@Bee,true,5,5
1784904473544,Bee,Play,http://localhost:3251@alice,true,5,5
1784904473900,alice,Play,http://localhost:3251@brice,false,4,-5
1784904473900,brice,Play,http://localhost:3251@Bat,true,4,5
1784904473958,bear,Explore,null,false,-1,null
1784904474299,Ant,Exercise,http://localhost:3251@bear,false,2,-5
1784904474300,Bee,Exercise,http://localhost:3251@Ant,true,5,5
1784904474523,Bat,Fight,http://localhost:3251@Ant,true,5,4
1784904474524,bear,Fight,http://localhost:3251@Bat,true,5,4
1784904475208,alice,Walk,http://localhost:3251@Bee,true,5,5
1784904475209,bear,Walk,http://localhost:3251@alice,true,5,5
1784904475515,brice,Explore,null,false,-5,null
1784904476172,Bat,Exercise,http://localhost:3251@Bee,true,5,5
1784904476174,Bee,Exercise,http://localhost:3251@Ant,true,5,5
1784904476537,bear,Walk,http://localhost:3251@alice,true,5,5
1784904476538,brice,Walk,http://localhost:3251@bear,true,5,null
1784904476945,alice,Sing,http://localhost:3251@Ant,true,4,4
1784904476946,Ant,Sing,http://localhost:3251@Bat,true,2,5
1784904477735,Bat,Exercise,http://localhost:3251@brice,true,5,5
1784904477736,brice,Exercise,http://localhost:3251@Bat,true,-2,5
1784904478156,Ant,Sing,http://localhost:3251@Bee,false,1,4
1784904478156,bear,Explore,null,true,null,null
1784904478156,Bee,Sing,http://localhost:3251@Bat,true,5,5
1784904478934,alice,Play,http://localhost:3251@Bee,true,5,5
1784904478935,Ant,Play,http://localhost:3251@alice,false,-4,4
1784904478935,Bat,Exercise,http://localhost:3251@brice,true,5,5
1784904478935,Bee,Exercise,http://localhost:3251@Bat,true,5,5
1784904479788,alice,Walk,http://localhost:3251@brice,false,4,-5
1784904479789,bear,Explore,null,false,-1,null
1784904479789,brice,Walk,http://localhost:3251@Ant,true,5,5
1784904480338,Ant,Dance,http://localhost:3251@Bat,true,5,5
1784904480339,Bat,Dance,http://localhost:3251@alice,false,-5,-5
1784904481124,Bat,Play,http://localhost:3251@bear,true,5,2
1784904481125,bear,Play,http://localhost:3251@brice,false,-2,4
1784904481425,alice,Explore,null,false,-1,null
1784904481426,brice,Explore,null,false,-5,null
1784904481955,alice,Fight,http://localhost:3251@Bee,true,5,5
1784904481956,Bee,Fight,http://localhost:3251@alice,true,5,5
1784904482428,bear,Walk,http://localhost:3251@alice,true,5,5
1784904482429,brice,Walk,http://localhost:3251@bear,true,5,1
1784904483266,Bat,Play,http://localhost:3251@Bee,true,5,5
1784904483267,Bee,Play,http://localhost:3251@alice,true,5,5
1784904483953,Ant,Explore,null,true,5,null
1784904484006,alice,Walk,http://localhost:3251@Bee,true,5,5
1784904484006,brice,Walk,http://localhost:3251@alice,true,5,null
1784904484745,bear,Explore,null,true,null,null
1784904484933,Bee,Explore,null,false,-5,null
1784904485417,alice,Dance,http://localhost:3251@Ant,true,2,5
1784904485418,bear,Dance,http://localhost:3251@alice,false,-3,4
1784904485663,Ant,Fight,http://localhost:3251@bear,false,-3,-5
1784904485665,Bat,Explore,null,false,2,null
1784904485665,Bee,Fight,http://localhost:3251@Ant,true,5,5
1784904486382,Bee,Fight,http://localhost:3251@brice,true,5,2
1784904486384,brice,Fight,http://localhost:3251@Bat,true,5,5
1784904486755,Bat,Sing,http://localhost:3251@bear,true,2,3
1784904486756,bear,Sing,http://localhost:3251@alice,true,5,5
1784904487415,alice,Dance,http://localhost:3251@Ant,true,3,5
1784904487416,bear,Dance,http://localhost:3251@alice,false,-4,4
1784904487542,Ant,Exercise,http://localhost:3251@bear,true,3,-4
1784904487542,Bat,Exercise,http://localhost:3251@Ant,true,5,5
1784904488232,bear,Exercise,http://localhost:3251@brice,true,5,5
1784904488233,brice,Exercise,http://localhost:3251@Bat,true,-1,5
1784904488358,Bat,Walk,http://localhost:3251@Bee,true,5,5
1784904488359,Bee,Walk,http://localhost:3251@alice,false,4,4
1784904489127,Ant,Explore,null,true,5,null
1784904489550,alice,Dance,http://localhost:3251@brice,false,2,-5
1784904489551,brice,Dance,http://localhost:3251@Ant,true,5,5
1784904489857,bear,Explore,null,false,-1,null
1784904489964,Bat,Explore,null,false,1,null
1784904490300,alice,Play,http://localhost:3251@Bee,true,5,5
1784904490301,Bee,Play,http://localhost:3251@alice,true,5,5
1784904490739,Ant,Explore,null,true,5,null
1784904491447,bear,Explore,null,true,null,null
1784904491635,Bat,Play,http://localhost:3251@Bee,true,5,5
1784904491635,Bee,Play,http://localhost:3251@alice,true,5,5
1784904492111,Ant,Exercise,http://localhost:3251@brice,false,2,-4
1784904492112,brice,Exercise,http://localhost:3251@Bat,false,-2,4
1784904492237,alice,Exercise,http://localhost:3251@Bee,true,1,5
1784904492237,bear,Exercise,http://localhost:3251@alice,true,5,5
1784904493456,alice,Exercise,http://localhost:3251@Bee,true,2,5
1784904493459,Bee,Exercise,http://localhost:3251@alice,true,5,5
1784904493877,bear,Explore,null,false,-1,null
1784904494368,alice,Play,http://localhost:3251@Bat,true,5,-2
1784904494369,Bat,Play,http://localhost:3251@Ant,true,5,5
1784904495235,bear,Sing,http://localhost:3251@alice,true,5,5
1784904495238,brice,Sing,http://localhost:3251@bear,false,-4,null
1784904495422,Bat,Exercise,http://localhost:3251@Bee,true,5,5
1784904495423,Bee,Exercise,http://localhost:3251@Ant,true,5,5
1784904495486,alice,Play,http://localhost:3251@Ant,true,5,5
1784904495486,Ant,Play,http://localhost:3251@bear,false,-5,-5
1784904496602,alice,Walk,http://localhost:3251@bear,true,5,5
1784904496603,bear,Walk,http://localhost:3251@alice,true,5,5
1784904496728,Bat,Exercise,http://localhost:3251@brice,true,5,5
1784904496729,Bee,Exercise,http://localhost:3251@Bat,true,5,5
1784904497271,bear,Sing,http://localhost:3251@brice,true,5,5
1784904497272,brice,Sing,http://localhost:3251@Bat,true,-3,5
1784904497375,alice,Exercise,http://localhost:3251@Ant,true,3,5
1784904497378,Ant,Exercise,http://localhost:3251@bear,true,3,-4
1784904498597,alice,Play,http://localhost:3251@bear,true,5,5
1784904498598,bear,Play,http://localhost:3251@brice,true,-1,5
1784904499059,Bat,Fight,http://localhost:3251@Ant,true,5,5
1784904499061,bear,Fight,http://localhost:3251@Bat,true,5,5
1784904499736,Ant,Explore,null,false,4,null
1784904499913,alice,Sing,http://localhost:3251@Bat,true,5,-1
1784904499914,bear,Sing,http://localhost:3251@alice,true,5,5
1784904499914,Bee,Play,http://localhost:3251@brice,true,5,3
1784904499914,brice,Play,http://localhost:3251@Bat,true,5,5
1784904500748,Bat,Fight,http://localhost:3251@Ant,true,5,5
1784904500748,brice,Fight,http://localhost:3251@Bat,true,5,5
1784904501358,Ant,Explore,null,true,5,null
1784904501968,alice,Sing,http://localhost:3251@Bat,false,4,-2
1784904501968,Bat,Sing,http://localhost:3251@alice,false,1,-5
1784904502327,Bee,Explore,null,false,-5,null
1784904503351,Bat,Fight,http://localhost:3251@Bee,true,5,5
1784904503352,Bee,Fight,http://localhost:3251@alice,true,5,5
1784904503589,alice,Explore,null,false,-2,null
1784904503697,Ant,Talk,http://localhost:3251@alice,true,5,5
1784904503697,Bee,Talk,http://localhost:3251@Ant,true,5,5
1784904503697,brice,Explore,null,false,-5,null
1784904504560,bear,Play,http://localhost:3251@brice,true,null,5
1784904504561,Bee,Play,http://localhost:3251@bear,false,4,-1
1784904504916,alice,Exercise,http://localhost:3251@Ant,true,4,5
1784904504916,Ant,Exercise,http://localhost:3251@bear,false,2,-5
1784904505029,Bat,Sing,http://localhost:3251@brice,true,2,5
1784904505031,brice,Sing,http://localhost:3251@Bat,false,-4,4
1784904505729,bear,Exercise,http://localhost:3251@brice,true,5,5
1784904505729,brice,Exercise,http://localhost:3251@bear,true,-1,1
1784904505843,Bat,Dance,http://localhost:3251@Bee,false,-5,4
1784904505844,Bee,Dance,http://localhost:3251@alice,true,5,5
1784904506765,alice,Talk,http://localhost:3251@bear,true,-3,5
1784904506766,bear,Talk,http://localhost:3251@Ant,false,-5,-4
1784904507076,Bee,Play,http://localhost:3251@brice,true,5,4
1784904507078,brice,Play,http://localhost:3251@Bat,true,5,5
1784904507259,Ant,Explore,null,true,5,null
1784904507864,Bat,Walk,http://localhost:3251@brice,true,5,5
1784904507864,Bee,Walk,http://localhost:3251@Bat,true,5,5
1784904508592,Ant,Sing,http://localhost:3251@Bat,true,2,5
1784904508593,Bee,Sing,http://localhost:3251@Ant,true,5,5
1784904508707,brice,Explore,null,true,-4,null
1784904509432,alice,Walk,http://localhost:3251@Bee,true,5,5
1784904509433,Ant,Walk,http://localhost:3251@alice,false,-5,4
1784904509541,Bat,Fight,http://localhost:3251@Ant,true,5,5
1784904509542,Bee,Fight,http://localhost:3251@Bat,true,5,5
1784904509965,alice,Exercise,http://localhost:3251@bear,false,3,4
1784904509966,bear,Exercise,http://localhost:3251@brice,true,5,5
1784904510455,alice,Fight,http://localhost:3251@brice,false,4,-5
1784904510456,brice,Fight,http://localhost:3251@Bat,true,5,5
1784904510634,Ant,Exercise,http://localhost:3251@bear,false,1,-5
1784904510635,Bat,Exercise,http://localhost:3251@Ant,true,5,5
1784904511409,Bat,Exercise,http://localhost:3251@Bee,true,5,5
1784904511410,Bee,Exercise,http://localhost:3251@Ant,true,5,5
1784904511586,bear,Explore,null,false,-2,null
1784904511769,alice,Play,http://localhost:3251@Bee,true,5,5
1784904511770,Ant,Play,http://localhost:3251@alice,true,-4,5
1784904512699,alice,Exercise,http://localhost:3251@Bee,false,2,4
1784904512701,Bee,Exercise,http://localhost:3251@Ant,true,5,5
1784904512758,Bat,Walk,http://localhost:3251@brice,true,5,5
1784904512759,bear,Walk,http://localhost:3251@Bat,true,5,5
1784904513449,Ant,Explore,null,false,4,null
1784904513876,alice,Play,http://localhost:3251@brice,false,4,-5
1784904513876,brice,Play,http://localhost:3251@Bat,true,5,5
1784904514680,Bat,Exercise,http://localhost:3251@brice,true,5,5
1784904514681,brice,Exercise,http://localhost:3251@Bat,false,-2,4
1784904515089,Bee,Explore,null,false,-5,null
1784904515434,Ant,Walk,http://localhost:3251@Bee,false,-5,3
1784904515435,brice,Walk,http://localhost:3251@Ant,true,5,5
1784904515911,alice,Play,http://localhost:3251@Bee,true,5,5
1784904515912,bear,Play,http://localhost:3251@alice,true,1,5
1784904516542,Ant,Exercise,http://localhost:3251@Bat,true,2,5
1784904516542,Bat,Exercise,http://localhost:3251@brice,true,5,5
1784904516794,bear,Dance,http://localhost:3251@brice,true,-3,5
1784904516795,brice,Dance,http://localhost:3251@Ant,true,5,5
1784904517356,Bee,Explore,null,true,-4,null
1784904517522,Bat,Talk,http://localhost:3251@alice,false,-5,-5
1784904517522,brice,Talk,http://localhost:3251@Bat,false,-2,3
1784904517855,alice,Exercise,http://localhost:3251@Bee,true,3,5
1784904517856,Bee,Exercise,http://localhost:3251@alice,true,5,5
1784904518437,Ant,Sing,http://localhost:3251@Bat,true,3,5
1784904518437,Bat,Sing,http://localhost:3251@Ant,true,3,5
1784904518809,alice,Sing,http://localhost:3251@brice,false,3,-5
1784904518810,brice,Sing,http://localhost:3251@Bat,true,-3,4
1784904519253,Bat,Walk,http://localhost:3251@Bee,true,5,5
1784904519253,Bee,Walk,http://localhost:3251@alice,true,5,5
1784904519800,alice,Dance,http://localhost:3251@Ant,true,3,5
1784904519802,Ant,Dance,http://localhost:3251@Bee,true,5,4
1784904520248,Ant,Talk,http://localhost:3251@Bat,true,5,5
1784904520250,Bat,Talk,http://localhost:3251@alice,false,-5,-5
1784904520536,alice,Walk,http://localhost:3251@Bee,true,5,5
1784904520537,Bee,Walk,http://localhost:3251@alice,true,5,5
1784904521119,Bat,Fight,http://localhost:3251@bear,false,4,2
1784904521120,bear,Fight,http://localhost:3251@alice,true,5,5
1784904522010,Ant,Exercise,http://localhost:3251@bear,false,1,-5
1784904522011,brice,Exercise,http://localhost:3251@Ant,true,-1,5
1784904522426,alice,Sing,http://localhost:3251@Bat,false,2,-3
1784904522427,Bat,Sing,http://localhost:3251@alice,false,2,-5
1784904522977,Ant,Talk,http://localhost:3251@alice,true,5,5
1784904522978,Bat,Talk,http://localhost:3251@Ant,true,-4,5
1784904523255,alice,Play,http://localhost:3251@Bee,true,5,5
1784904523256,Bee,Play,http://localhost:3251@alice,true,5,5
1784904523925,Bee,Dance,http://localhost:3251@brice,true,5,5
1784904523926,brice,Dance,http://localhost:3251@Ant,true,5,5
1784904524566,alice,Sing,http://localhost:3251@Bat,false,1,-4
1784904524566,Ant,Sing,http://localhost:3251@alice,true,4,5
1784904524566,bear,Explore,null,false,-3,null
1784904525222,alice,Play,http://localhost:3251@Bee,true,5,5
1784904525224,Bee,Play,http://localhost:3251@alice,true,5,5
1784904525287,Ant,Talk,http://localhost:3251@Bat,true,5,5
1784904525287,Bat,Talk,http://localhost:3251@alice,false,-5,-5
1784904526405,alice,Exercise,http://localhost:3251@Bee,true,4,5
1784904526406,Bat,Exercise,http://localhost:3251@alice,false,4,-5
1784904526869,Ant,Talk,http://localhost:3251@Bee,true,5,5
1784904526870,Bee,Talk,http://localhost:3251@Ant,true,5,5
1784904527698,alice,Walk,http://localhost:3251@Bee,true,5,5
1784904527698,Bat,Walk,http://localhost:3251@brice,true,5,5
1784904527699,Bee,Walk,http://localhost:3251@alice,true,5,5
1784904527699,brice,Walk,http://localhost:3251@Bat,true,5,5
1784904528457,alice,Sing,http://localhost:3251@bear,true,2,5
1784904528457,bear,Sing,http://localhost:3251@alice,true,5,5
1784904528695,Ant,Exercise,http://localhost:3251@bear,true,2,-4
1784904528696,brice,Exercise,http://localhost:3251@Ant,true,null,5
1784904529642,Ant,Walk,http://localhost:3251@Bee,false,-5,4
1784904529644,Bee,Walk,http://localhost:3251@alice,true,5,5
1784904530033,bear,Explore,null,true,-2,null
1784904530262,brice,Explore,null,false,-5,null
1784904530554,Bat,Explore,null,false,null,null
1784904531014,alice,Sing,http://localhost:3251@Bat,false,1,-5
1784904531015,Ant,Sing,http://localhost:3251@alice,true,5,5
1784904531292,Bat,Fight,http://localhost:3251@brice,true,5,5
1784904531292,brice,Fight,http://localhost:3251@Bat,true,5,5
1784904531418,bear,Exercise,http://localhost:3251@Bee,true,5,-4
1784904531419,Bee,Exercise,http://localhost:3251@Ant,true,5,5
1784904532351,alice,Play,http://localhost:3251@Bee,true,5,5
1784904532352,bear,Play,http://localhost:3251@alice,true,2,5
1784904532988,Ant,Play,http://localhost:3251@bear,false,-5,-5
1784904532990,Bee,Play,http://localhost:3251@Ant,true,5,5
1784904533277,alice,Walk,http://localhost:3251@brice,true,5,-4
1784904533278,brice,Walk,http://localhost:3251@Ant,true,5,5
1784904533619,Ant,Talk,http://localhost:3251@Bat,true,5,5
1784904533620,Bat,Talk,http://localhost:3251@alice,false,-5,-5
1784904534267,Bee,Dance,http://localhost:3251@alice,true,5,5
1784904534267,brice,Dance,http://localhost:3251@Bee,true,5,-3
1784904534443,alice,Exercise,http://localhost:3251@Bee,true,5,5
1784904534444,bear,Exercise,http://localhost:3251@alice,true,5,5
1784904535655,Bat,Sing,http://localhost:3251@bear,true,3,3
1784904535656,bear,Sing,http://localhost:3251@alice,true,5,5
1784904536199,alice,Dance,http://localhost:3251@brice,true,4,-3
1784904536200,brice,Dance,http://localhost:3251@Ant,true,5,5
1784904536423,Ant,Explore,null,true,5,null
1784904536424,Bee,Explore,null,false,-5,null
1784904536671,alice,Fight,http://localhost:3251@Bat,false,3,-5
1784904536673,Bat,Fight,http://localhost:3251@Ant,true,5,5
1784904537230,Bat,Talk,http://localhost:3251@brice,true,-4,5
1784904537231,brice,Talk,http://localhost:3251@bear,true,-1,2
1784904537877,Ant,Dance,http://localhost:3251@Bee,true,5,5
1784904537878,Bat,Dance,http://localhost:3251@Ant,true,-4,5
1784904537999,alice,Talk,http://localhost:3251@bear,false,-4,4
1784904538000,bear,Talk,http://localhost:3251@Ant,false,-5,-5
1784904538417,Ant,Exercise,http://localhost:3251@brice,true,3,-3
1784904538418,brice,Exercise,http://localhost:3251@Bat,false,-1,4
1784904539095,Ant,Walk,http://localhost:3251@Bee,false,-5,4
1784904539096,Bee,Walk,http://localhost:3251@alice,true,5,5
1784904539348,bear,Play,http://localhost:3251@brice,true,3,5
1784904539349,brice,Play,http://localhost:3251@bear,true,5,3
1784904540308,alice,Explore,null,true,-1,null
1784904540365,bear,Sing,http://localhost:3251@Bee,true,5,-3
1784904540366,Bee,Sing,http://localhost:3251@Bat,true,5,5
1784904540657,Ant,Explore,null,true,5,null
1784904541388,Bat,Explore,null,true,1,null
1784904541554,alice,Dance,http://localhost:3251@Ant,true,5,5
1784904541555,Ant,Dance,http://localhost:3251@alice,true,5,5
1784904541904,Bee,Explore,null,false,-5,null
1784904542243,Bat,Walk,http://localhost:3251@bear,true,5,4
1784904542244,bear,Walk,http://localhost:3251@alice,true,5,5
1784904542549,alice,Play,http://localhost:3251@brice,true,5,-2
1784904542549,brice,Play,http://localhost:3251@Bat,true,5,5
1784904543154,Ant,Talk,http://localhost:3251@alice,true,5,5
1784904543155,Bat,Talk,http://localhost:3251@Ant,true,-3,5
1784904543503,bear,Walk,http://localhost:3251@alice,true,5,5
1784904543504,brice,Walk,http://localhost:3251@bear,true,5,4
1784904543798,alice,Dance,http://localhost:3251@Ant,true,5,5
1784904543799,Bee,Dance,http://localhost:3251@alice,true,5,5
1784904544188,alice,Fight,http://localhost:3251@Ant,true,4,5
1784904544188,Ant,Fight,http://localhost:3251@bear,false,-4,-5
1784904544953,alice,Exercise,http://localhost:3251@Bee,true,5,5
1784904544953,Bee,Exercise,http://localhost:3251@Ant,true,5,5
1784904545355,Bat,Explore,null,false,null,null
1784904546042,alice,Sing,http://localhost:3251@bear,true,2,5
1784904546043,bear,Sing,http://localhost:3251@alice,true,5,5
1784904546210,Bat,Walk,http://localhost:3251@Bee,true,5,5
1784904546211,Bee,Walk,http://localhost:3251@alice,true,5,5
1784904547032,Ant,Explore,null,true,5,null
1784904547397,Bat,Sing,http://localhost:3251@bear,true,4,5
1784904547398,bear,Sing,http://localhost:3251@alice,true,5,5
1784904547525,alice,Walk,http://localhost:3251@Bee,true,5,5
1784904547526,Bee,Walk,http://localhost:3251@alice,true,5,5
1784904548243,Ant,Exercise,http://localhost:3251@bear,false,2,-5
1784904548244,bear,Exercise,http://localhost:3251@Ant,true,5,-4
1784904548690,alice,Exercise,http://localhost:3251@Bee,true,5,5
1784904548691,Bat,Walk,http://localhost:3251@brice,true,5,5
1784904548692,Bee,Walk,http://localhost:3251@Bat,true,5,5
1784904548692,brice,Exercise,http://localhost:3251@alice,false,-2,-1
1784904549353,alice,Exercise,http://localhost:3251@bear,true,5,5
1784904549354,bear,Exercise,http://localhost:3251@brice,true,5,5
1784904549766,Ant,Explore,null,true,5,null
1784904550279,Ant,Talk,http://localhost:3251@brice,false,4,-4
1784904550279,brice,Talk,http://localhost:3251@bear,true,null,5
1784904550554,Bat,Sing,http://localhost:3251@bear,true,5,5
1784904550554,bear,Sing,http://localhost:3251@Bat,true,5,5
1784904550837,Bee,Explore,null,false,-5,null
1784904551256,alice,Dance,http://localhost:3251@Ant,true,5,5
1784904551257,Ant,Dance,http://localhost:3251@alice,true,5,5
1784904551806,brice,Explore,null,false,-5,null
1784904552097,Bat,Explore,null,false,-1,null
1784904552097,bear,Sing,http://localhost:3251@Bee,false,4,-4
1784904552098,Bee,Sing,http://localhost:3251@Bat,true,5,5
1784904553060,alice,Exercise,http://localhost:3251@Bee,true,5,5
1784904553064,bear,Exercise,http://localhost:3251@alice,true,5,5
1784904553123,Bee,Play,http://localhost:3251@brice,true,5,5
1784904553124,brice,Play,http://localhost:3251@Bat,true,5,5
1784904553481,Ant,Explore,null,false,4,null
1784904553967,Bat,Exercise,http://localhost:3251@brice,true,5,5
1784904553967,bear,Exercise,http://localhost:3251@Bat,true,5,5
1784904554565,Ant,Dance,http://localhost:3251@brice,true,5,-3
1784904554567,brice,Dance,http://localhost:3251@Ant,true,5,5
1784904554684,alice,Explore,null,false,-2,null
1784904555711,Bat,Sing,http://localhost:3251@Bee,true,5,5
1784904555712,Bee,Sing,http://localhost:3251@Bat,true,5,5
1784904555837,bear,Play,http://localhost:3251@brice,true,4,5
1784904555838,brice,Play,http://localhost:3251@Bat,true,5,5
1784904556188,Ant,Talk,http://localhost:3251@alice,true,5,5
1784904556188,Bat,Talk,http://localhost:3251@Ant,false,-4,4
1784904556482,alice,Exercise,http://localhost:3251@Bee,true,5,5
1784904556483,bear,Exercise,http://localhost:3251@alice,true,5,5
1784904556714,Bat,Fight,http://localhost:3251@Bee,true,5,5
1784904556715,Bee,Fight,http://localhost:3251@alice,true,5,5
1784904557156,bear,Sing,http://localhost:3251@brice,true,5,5
1784904557157,brice,Sing,http://localhost:3251@Bat,true,-2,5
1784904557740,alice,Sing,http://localhost:3251@Bat,false,1,-5
1784904557741,Ant,Explore,null,true,5,null
1784904557741,Bee,Sing,http://localhost:3251@alice,true,5,5
1784904558462,Ant,Dance,http://localhost:3251@brice,true,5,-2
1784904558462,brice,Dance,http://localhost:3251@Ant,true,5,5
1784904559009,alice,Exercise,http://localhost:3251@Bee,true,5,5
1784904559010,Ant,Exercise,http://localhost:3251@alice,true,3,5
1784904559067,bear,Walk,http://localhost:3251@Bee,false,4,-5
1784904559067,Bee,Walk,http://localhost:3251@alice,true,5,5
1784904559413,Bat,Dance,http://localhost:3251@alice,false,-5,-5
1784904559414,brice,Dance,http://localhost:3251@Bat,true,5,5
1784904560079,Ant,Fight,http://localhost:3251@bear,true,-3,-4
1784904560080,brice,Fight,http://localhost:3251@Ant,true,5,5
1784904560376,alice,Dance,http://localhost:3251@bear,true,5,5
1784904560377,bear,Dance,http://localhost:3251@Bee,true,-2,-4
1784904560733,Bat,Sing,http://localhost:3251@bear,true,5,5
1784904560733,Bee,Sing,http://localhost:3251@Bat,true,5,5
1784904561369,Ant,Dance,http://localhost:3251@Bee,true,5,5
1784904561370,bear,Talk,http://localhost:3251@Ant,false,-5,-5
1784904561371,Bee,Dance,http://localhost:3251@Ant,true,5,5
1784904561371,brice,Talk,http://localhost:3251@bear,true,1,5
1784904562013,Bat,Walk,http://localhost:3251@brice,true,5,5
1784904562014,brice,Walk,http://localhost:3251@Bat,true,5,5
1784904562322,alice,Walk,http://localhost:3251@Bee,true,5,5
1784904562322,bear,Walk,http://localhost:3251@alice,true,5,5
1784904562377,Ant,Talk,http://localhost:3251@alice,true,5,5
1784904562379,Bat,Talk,http://localhost:3251@Ant,false,-5,3
1784904563005,Ant,Talk,http://localhost:3251@brice,true,5,-1
1784904563005,Bat,Fight,http://localhost:3251@Bee,true,5,5
1784904563006,Bee,Fight,http://localhost:3251@alice,true,5,5
1784904563007,brice,Talk,http://localhost:3251@bear,true,2,5
1784904563375,alice,Fight,http://localhost:3251@Bee,true,5,5
1784904563377,Ant,Fight,http://localhost:3251@alice,false,-4,4
1784904564068,Ant,Fight,http://localhost:3251@Bee,true,-3,5
1784904564068,Bee,Fight,http://localhost:3251@alice,true,5,5
1784904564678,bear,Explore,null,false,-3,null
1784904564740,alice,Walk,http://localhost:3251@Bee,true,5,5
1784904564743,Bat,Explore,null,false,-2,null
1784904564744,Bee,Walk,http://localhost:3251@alice,true,5,5
1784904565408,alice,Sing,http://localhost:3251@Ant,true,2,5
1784904565409,Ant,Sing,http://localhost:3251@Bat,true,5,5
1784904565787,Ant,Talk,http://localhost:3251@Bee,true,5,5
1784904565788,Bat,Dance,http://localhost:3251@brice,false,-5,4
1784904565788,Bee,Talk,http://localhost:3251@Ant,true,5,5
1784904565789,brice,Dance,http://localhost:3251@Ant,true,5,5
1784904566843,alice,Fight,http://localhost:3251@Ant,true,5,5
1784904566844,Ant,Fight,http://localhost:3251@bear,true,-2,-3
1784904567137,Bat,Walk,http://localhost:3251@brice,true,5,5
1784904567138,bear,Walk,http://localhost:3251@Bat,true,5,5
1784904568022,alice,Exercise,http://localhost:3251@Bee,true,5,5
1784904568023,bear,Exercise,http://localhost:3251@alice,true,5,5
1784904568144,Bee,Explore,null,false,-5,null
1784904568654,Bat,Walk,http://localhost:3251@brice,true,5,5
1784904568655,brice,Walk,http://localhost:3251@Ant,true,5,5
1784904569292,alice,Dance,http://localhost:3251@Ant,true,5,5
1784904569294,Bee,Dance,http://localhost:3251@alice,true,5,5
1784904569765,Ant,Explore,null,false,4,null
1784904569943,Bat,Play,http://localhost:3251@Ant,true,5,4
1784904569944,Bee,Play,http://localhost:3251@Bat,true,5,5
1784904570284,bear,Explore,null,false,-4,null
1784904570584,alice,Dance,http://localhost:3251@Ant,true,5,5
1784904570585,Ant,Dance,http://localhost:3251@alice,true,5,5
1784904571287,bear,Sing,http://localhost:3251@Bee,false,4,-5
1784904571288,Bee,Sing,http://localhost:3251@Bat,true,5,5
1784904571518,Bat,Explore,null,true,-1,null
1784904572080,bear,Walk,http://localhost:3251@brice,true,5,5
1784904572081,brice,Walk,http://localhost:3251@Ant,true,5,5
1784904572206,alice,Fight,http://localhost:3251@Ant,true,5,5
1784904572206,Ant,Fight,http://localhost:3251@bear,false,-3,-4
1784904572483,Bat,Fight,http://localhost:3251@Ant,true,5,5
1784904572484,bear,Fight,http://localhost:3251@Bat,true,5,5
1784904572934,Bee,Talk,http://localhost:3251@Ant,true,5,5
1784904572935,brice,Talk,http://localhost:3251@Bee,false,1,-4
1784904573731,alice,Walk,http://localhost:3251@bear,true,5,5
1784904573732,bear,Walk,http://localhost:3251@alice,true,5,5
1784904573791,Ant,Explore,null,true,5,null
1784904574073,Bat,Fight,http://localhost:3251@Ant,true,5,5
1784904574073,bear,Fight,http://localhost:3251@Bat,true,5,5
1784904574835,bear,Walk,http://localhost:3251@brice,true,5,5
1784904574837,brice,Walk,http://localhost:3251@Ant,true,5,5
1784904575000,alice,Walk,http://localhost:3251@Bee,true,5,5
1784904575000,Ant,Walk,http://localhost:3251@alice,false,-5,4
1784904575180,Bat,Talk,http://localhost:3251@Bee,false,-5,4
1784904575181,Bee,Talk,http://localhost:3251@Ant,true,5,5
1784904576080,alice,Play,http://localhost:3251@bear,true,5,5
1784904576081,bear,Play,http://localhost:3251@brice,true,5,5
1784904576254,Ant,Sing,http://localhost:3251@Bat,true,5,5
1784904576254,Bee,Sing,http://localhost:3251@Ant,true,5,5
1784904576487,Bat,Play,http://localhost:3251@Ant,true,5,5
1784904576488,brice,Play,http://localhost:3251@Bat,true,5,5
1784904577730,Bat,Sing,http://localhost:3251@bear,true,5,5
1784904577730,bear,Sing,http://localhost:3251@Bat,true,5,5
1784904578030,alice,Exercise,http://localhost:3251@Bee,true,5,5
1784904578031,Bee,Exercise,http://localhost:3251@Ant,true,5,5
1784904578440,Ant,Explore,null,false,4,null
1784904578441,bear,Walk,http://localhost:3251@brice,true,5,5
1784904578441,brice,Walk,http://localhost:3251@Ant,true,5,5
1784904579343,alice,Sing,http://localhost:3251@Bat,true,3,-4
1784904579344,brice,Sing,http://localhost:3251@alice,true,-1,null
1784904579675,alice,Fight,http://localhost:3251@Bee,true,5,5
1784904579677,Ant,Sing,http://localhost:3251@Bat,true,5,5
1784904579677,Bat,Sing,http://localhost:3251@bear,true,5,5
1784904579677,Bee,Fight,http://localhost:3251@alice,true,5,5
1784904580352,Bat,Walk,http://localhost:3251@bear,true,5,5
1784904580352,bear,Walk,http://localhost:3251@alice,true,5,5
1784904581060,alice,Walk,http://localhost:3251@Ant,true,5,5
1784904581061,Ant,Walk,http://localhost:3251@Bee,false,-5,4
1784904581287,Bee,Explore,null,false,-5,null
1784904581588,Ant,Exercise,http://localhost:3251@Bat,true,4,5
1784904581589,Bat,Exercise,http://localhost:3251@brice,true,5,5
1784904581589,brice,Explore,null,false,-5,null
1784904582017,alice,Fight,http://localhost:3251@Bee,true,5,5
1784904582018,Bat,Fight,http://localhost:3251@alice,false,4,-5
1784904582308,bear,Walk,http://localhost:3251@alice,true,5,5
1784904582309,brice,Walk,http://localhost:3251@bear,true,5,5
1784904582705,Ant,Exercise,http://localhost:3251@bear,false,3,-5
1784904582705,Bee,Exercise,http://localhost:3251@Ant,true,5,5
1784904583293,Bat,Play,http://localhost:3251@Ant,true,5,5
1784904583293,bear,Play,http://localhost:3251@Bat,true,5,5
1784904583413,alice,Walk,http://localhost:3251@Bee,true,5,5
1784904583413,Bee,Walk,http://localhost:3251@alice,true,5,5
1784904584117,bear,Exercise,http://localhost:3251@brice,true,5,5
1784904584118,brice,Exercise,http://localhost:3251@Bat,true,-1,5
1784904584623,Ant,Dance,http://localhost:3251@Bee,false,4,3
1784904584624,Bee,Dance,http://localhost:3251@Ant,true,5,5
1784904584854,Bat,Explore,null,false,-2,null
1784904585587,alice,Explore,null,false,-3,null
1784904585963,Bee,Sing,http://localhost:3251@brice,true,5,5
1784904585963,brice,Sing,http://localhost:3251@Bat,true,null,5
1784904586075,Bat,Sing,http://localhost:3251@bear,true,5,5
1784904586076,bear,Sing,http://localhost:3251@Bat,true,5,5
1784904586818,alice,Sing,http://localhost:3251@Bat,false,2,-5
1784904586819,Ant,Sing,http://localhost:3251@alice,true,5,5
1784904587554,bear,Fight,http://localhost:3251@brice,true,5,5
1784904587554,Bee,Explore,null,true,-4,null
1784904587554,brice,Fight,http://localhost:3251@Bat,true,5,5
1784904587609,Bat,Explore,null,false,-3,null
1784904588376,Ant,Explore,null,true,5,null
1784904588438,alice,Fight,http://localhost:3251@Bee,true,5,5
1784904588439,Bat,Fight,http://localhost:3251@alice,false,3,-5
1784904588564,bear,Fight,http://localhost:3251@brice,true,5,5
1784904588565,brice,Fight,http://localhost:3251@Bat,true,5,5
1784904589630,Ant,Play,http://localhost:3251@bear,false,-5,-5
1784904589631,Bee,Play,http://localhost:3251@Ant,true,5,5
1784904589688,Bat,Sing,http://localhost:3251@bear,true,5,5
1784904589689,bear,Sing,http://localhost:3251@Bat,true,5,5
1784904590089,brice,Explore,null,false,-5,null
1784904590675,Ant,Fight,http://localhost:3251@Bat,true,-2,5
1784904590675,Bat,Fight,http://localhost:3251@Ant,true,4,5
1784904590965,bear,Walk,http://localhost:3251@alice,true,5,5
1784904590965,Bee,Walk,http://localhost:3251@bear,true,5,null
1784904591627,brice,Explore,null,false,-5,null
1784904591916,Ant,Talk,http://localhost:3251@Bee,true,5,4
1784904591917,Bee,Talk,http://localhost:3251@Ant,true,5,5
1784904592190,Bat,Explore,null,false,-4,null
1784904592825,bear,Walk,http://localhost:3251@alice,true,5,5
1784904592826,brice,Walk,http://localhost:3251@bear,true,5,5
1784904593478,alice,Play,http://localhost:3251@Bee,true,5,5
1784904593479,bear,Play,http://localhost:3251@alice,true,5,5
1784904593541,Ant,Talk,http://localhost:3251@alice,true,5,5
1784904593542,Bat,Talk,http://localhost:3251@Ant,true,-4,5
1784904594784,Bat,Play,http://localhost:3251@brice,true,5,5
1784904594785,brice,Play,http://localhost:3251@Bat,true,5,5
1784904594840,Bee,Explore,null,false,-5,null
1784904595056,bear,Explore,null,false,-5,null
1784904595774,Ant,Explore,null,true,5,null
1784904596148,Bat,Walk,http://localhost:3251@brice,true,5,5
1784904596149,bear,Walk,http://localhost:3251@Bat,true,5,5
1784904596720,Bee,Play,http://localhost:3251@brice,true,5,5
1784904596721,brice,Play,http://localhost:3251@Bat,true,5,5
1784904597108,Ant,Fight,http://localhost:3251@Bat,true,-1,5
1784904597110,Bat,Fight,http://localhost:3251@Ant,true,5,5
1784904597933,alice,Play,http://localhost:3251@brice,false,4,-3
1784904597934,brice,Play,http://localhost:3251@Bat,true,5,5
1784904598657,Bat,Walk,http://localhost:3251@Bee,true,5,5
1784904598658,bear,Walk,http://localhost:3251@alice,true,5,5
1784904598659,Bee,Walk,http://localhost:3251@alice,true,5,5
1784904598659,brice,Walk,http://localhost:3251@bear,true,5,5
1784904599744,Ant,Dance,http://localhost:3251@Bee,true,5,5
1784904599744,Bat,Dance,http://localhost:3251@Ant,false,-5,4
1784904599971,alice,Dance,http://localhost:3251@Ant,true,5,5
1784904599972,bear,Dance,http://localhost:3251@alice,true,-1,5
1784904600374,Ant,Talk,http://localhost:3251@Bee,true,5,5
1784904600375,Bee,Talk,http://localhost:3251@Ant,true,5,5
1784904600670,bear,Sing,http://localhost:3251@brice,true,5,5
1784904600670,brice,Sing,http://localhost:3251@Bat,true,1,5
1784904601643,alice,Dance,http://localhost:3251@Ant,true,5,5
1784904601643,Ant,Dance,http://localhost:3251@Bee,true,5,5
1784904601643,Bat,Sing,http://localhost:3251@bear,true,5,5
1784904601644,brice,Sing,http://localhost:3251@Bat,true,2,5
1784904602317,alice,Play,http://localhost:3251@Bee,true,5,5
1784904602317,Bee,Play,http://localhost:3251@alice,true,5,5
1784904602542,Bat,Walk,http://localhost:3251@bear,true,5,5
1784904602543,bear,Walk,http://localhost:3251@alice,true,5,5
1784904602909,Bee,Exercise,http://localhost:3251@brice,true,5,5
1784904602910,brice,Exercise,http://localhost:3251@Bat,false,-2,4
1784904603562,Ant,Dance,http://localhost:3251@Bee,true,5,5
1784904603563,brice,Dance,http://localhost:3251@Ant,true,5,5
1784904603626,alice,Dance,http://localhost:3251@Ant,true,5,5
1784904603626,bear,Dance,http://localhost:3251@alice,true,null,5
1784904603874,Bat,Play,http://localhost:3251@Ant,true,5,5
1784904603875,Bee,Play,http://localhost:3251@Bat,true,5,5
1784904604877,bear,Sing,http://localhost:3251@brice,true,5,5
1784904604878,brice,Sing,http://localhost:3251@Bat,true,3,5
1784904604930,alice,Play,http://localhost:3251@Bee,true,5,5
1784904604930,Bee,Play,http://localhost:3251@alice,true,5,5
1784904605505,Ant,Sing,http://localhost:3251@Bat,true,5,5
1784904605506,brice,Sing,http://localhost:3251@Ant,true,4,5
1784904605788,Bat,Play,http://localhost:3251@Ant,true,5,5
1784904605788,Bee,Play,http://localhost:3251@Bat,true,5,5
1784904606134,bear,Sing,http://localhost:3251@alice,true,5,5
1784904606134,brice,Sing,http://localhost:3251@bear,true,5,5
1784904606186,alice,Walk,http://localhost:3251@Bee,true,5,5
1784904606187,Ant,Walk,http://localhost:3251@alice,false,-5,4
1784904607080,Ant,Walk,http://localhost:3251@Bee,true,-4,5
1784904607081,Bee,Walk,http://localhost:3251@alice,true,5,5
1784904607698,bear,Explore,null,true,-4,null
1784904607699,brice,Explore,null,false,-5,null
1784904607974,Bat,Explore,null,true,-3,null
1784904608142,alice,Play,http://localhost:3251@Bee,true,5,5
1784904608142,Bee,Play,http://localhost:3251@alice,true,5,5
1784904608323,Ant,Play,http://localhost:3251@bear,false,-5,-5
1784904608323,brice,Play,http://localhost:3251@Ant,true,5,5
1784904608964,bear,Walk,http://localhost:3251@alice,true,5,5
1784904608965,brice,Walk,http://localhost:3251@bear,true,5,5
1784904609264,Bat,Play,http://localhost:3251@Ant,true,5,5
1784904609265,Bee,Play,http://localhost:3251@Bat,true,5,5
1784904609444,alice,Sing,http://localhost:3251@Bat,false,1,-5
1784904609444,Ant,Sing,http://localhost:3251@alice,true,5,5
1784904610410,Ant,Talk,http://localhost:3251@alice,true,5,5
1784904610412,Bee,Talk,http://localhost:3251@Ant,true,5,5
1784904610535,alice,Play,http://localhost:3251@Bat,false,4,-5
1784904610536,Bat,Play,http://localhost:3251@Ant,true,5,5
1784904610537,brice,Explore,null,false,-5,null
1784904611629,bear,Walk,http://localhost:3251@alice,true,5,5
1784904611629,Bee,Walk,http://localhost:3251@bear,false,4,-1
1784904611735,alice,Sing,http://localhost:3251@Ant,true,2,5
1784904611736,Ant,Sing,http://localhost:3251@Bat,true,5,5
1784904612130,Bat,Fight,http://localhost:3251@Ant,true,5,5
1784904612131,bear,Fight,http://localhost:3251@Bat,true,5,5
1784904612897,alice,Exercise,http://localhost:3251@Bee,true,5,5
1784904612898,bear,Exercise,http://localhost:3251@alice,true,5,5
1784904612898,Bee,Sing,http://localhost:3251@Bat,true,5,5
1784904612898,brice,Sing,http://localhost:3251@Bee,true,5,-3
1784904613684,alice,Walk,http://localhost:3251@Ant,true,5,5
1784904613685,Ant,Walk,http://localhost:3251@Bee,false,-5,4
1784904614709,Ant,Fight,http://localhost:3251@bear,true,null,-4
1784904614709,Bee,Fight,http://localhost:3251@Ant,true,5,5
1784904614899,alice,Dance,http://localhost:3251@bear,true,5,5
1784904614900,bear,Dance,http://localhost:3251@Bee,false,-1,-5
1784904615949,Ant,Exercise,http://localhost:3251@bear,false,2,-5
1784904615950,Bat,Exercise,http://localhost:3251@Ant,true,5,5
1784904616122,alice,Exercise,http://localhost:3251@Bee,true,5,5
1784904616123,Bee,Exercise,http://localhost:3251@alice,true,5,5
1784904616922,alice,Sing,http://localhost:3251@bear,true,3,5
1784904616923,bear,Sing,http://localhost:3251@alice,true,5,5
1784904616974,Bat,Sing,http://localhost:3251@brice,true,5,5
1784904616975,brice,Sing,http://localhost:3251@Bat,true,5,5
1784904617451,Ant,Walk,http://localhost:3251@Bee,true,-4,5
1784904617452,Bee,Walk,http://localhost:3251@alice,true,5,5
1784904617949,Bat,Fight,http://localhost:3251@bear,true,5,5
1784904617950,bear,Fight,http://localhost:3251@alice,true,5,5
1784904618236,alice,Dance,http://localhost:3251@Ant,true,5,5
1784904618236,Bee,Dance,http://localhost:3251@alice,true,5,5
1784904618934,Bat,Dance,http://localhost:3251@brice,true,-4,5
1784904618935,brice,Dance,http://localhost:3251@Ant,true,5,5
1784904619045,Ant,Explore,null,false,4,null
1784904619438,bear,Exercise,http://localhost:3251@Bee,false,4,-5
1784904619439,Bee,Exercise,http://localhost:3251@Ant,true,5,5
1784904620091,alice,Dance,http://localhost:3251@Ant,true,5,5
1784904620091,Ant,Dance,http://localhost:3251@alice,true,5,5
1784904620151,Bat,Play,http://localhost:3251@Ant,true,5,5
1784904620152,Bee,Play,http://localhost:3251@Bat,true,5,5
1784904620653,alice,Exercise,http://localhost:3251@brice,true,5,-2
1784904620654,brice,Exercise,http://localhost:3251@Bat,false,-3,4
1784904620930,bear,Explore,null,false,-5,null
1784904621044,Ant,Talk,http://localhost:3251@alice,true,5,5
1784904621045,Bat,Talk,http://localhost:3251@Ant,false,-5,4
1784904621264,alice,Exercise,http://localhost:3251@Bee,true,5,5
1784904621265,Bee,Exercise,http://localhost:3251@Ant,true,5,5
1784904622164,alice,Play,http://localhost:3251@bear,true,5,5
1784904622164,bear,Play,http://localhost:3251@brice,true,5,5
1784904622497,Bat,Dance,http://localhost:3251@Bee,true,-3,5
1784904622498,Bee,Dance,http://localhost:3251@alice,true,5,5
1784904622553,Ant,Explore,null,true,5,null
1784904623130,Bee,Walk,http://localhost:3251@brice,true,5,5
1784904623132,brice,Walk,http://localhost:3251@Ant,true,5,5
1784904623823,alice,Dance,http://localhost:3251@Ant,true,5,5
1784904623823,Ant,Dance,http://localhost:3251@Bee,true,5,5
1784904624056,bear,Sing,http://localhost:3251@alice,true,5,5
1784904624057,brice,Sing,http://localhost:3251@bear,true,5,5
1784904624828,Bat,Talk,http://localhost:3251@alice,false,-5,-5
1784904624829,bear,Talk,http://localhost:3251@Bat,true,-4,5
1784904624986,Bee,Play,http://localhost:3251@alice,true,5,5
1784904624987,brice,Play,http://localhost:3251@Bee,true,5,-2
1784904625376,Ant,Fight,http://localhost:3251@bear,false,-1,-5
1784904625376,brice,Fight,http://localhost:3251@Ant,true,5,5
1784904625764,alice,Fight,http://localhost:3251@bear,true,5,5
1784904625765,bear,Fight,http://localhost:3251@alice,true,5,5
1784904626678,Bat,Play,http://localhost:3251@Ant,true,5,5
1784904626679,brice,Play,http://localhost:3251@Bat,true,5,5
1784904626856,alice,Play,http://localhost:3251@Bee,true,5,5
1784904626856,Bee,Play,http://localhost:3251@alice,true,5,5
1784904627546,Ant,Explore,null,true,5,null
1784904627655,bear,Dance,http://localhost:3251@Bee,true,null,-4
1784904627656,brice,Dance,http://localhost:3251@bear,true,5,5
1784904627944,alice,Play,http://localhost:3251@Bat,false,4,-5
1784904627946,Bat,Play,http://localhost:3251@Ant,true,5,5
1784904628755,bear,Sing,http://localhost:3251@Bee,false,4,-5
1784904628756,Bee,Sing,http://localhost:3251@Bat,true,5,5
1784904628818,Ant,Sing,http://localhost:3251@Bat,true,5,5
1784904628820,Bat,Sing,http://localhost:3251@Ant,true,5,5
1784904630025,Bee,Walk,http://localhost:3251@alice,true,5,5
1784904630026,brice,Walk,http://localhost:3251@Bee,true,5,-1
1784904630086,Ant,Dance,http://localhost:3251@Bat,true,5,5
1784904630086,Bat,Dance,http://localhost:3251@alice,false,-4,-5
1784904630482,alice,Dance,http://localhost:3251@Ant,true,5,5
1784904630483,bear,Dance,http://localhost:3251@alice,true,1,5
1784904631269,Bat,Walk,http://localhost:3251@Bee,true,5,5
1784904631270,Bee,Walk,http://localhost:3251@alice,true,5,5
1784904631819,alice,Walk,http://localhost:3251@bear,true,5,5
1784904631820,bear,Walk,http://localhost:3251@alice,true,5,5
1784904631947,Ant,Dance,http://localhost:3251@Bee,true,5,5
1784904631948,Bee,Dance,http://localhost:3251@Ant,true,5,5
1784904632050,Bat,Sing,http://localhost:3251@brice,true,5,5
1784904632051,brice,Sing,http://localhost:3251@Bat,true,5,5
1784904632932,alice,Talk,http://localhost:3251@Bee,false,-5,4
1784904632933,Bee,Talk,http://localhost:3251@Ant,true,5,5
1784904633151,Bat,Dance,http://localhost:3251@bear,false,-5,4
1784904633151,bear,Dance,http://localhost:3251@Bee,false,null,-5
1784904633964,Bat,Dance,http://localhost:3251@brice,false,-5,4
1784904633965,brice,Dance,http://localhost:3251@Ant,true,5,5
1784904634145,Ant,Explore,null,true,5,null
1784904634494,alice,Explore,null,false,-4,null
1784904634957,Bat,Exercise,http://localhost:3251@bear,true,5,5
1784904634957,bear,Exercise,http://localhost:3251@brice,true,5,5
1784904635560,bear,Fight,http://localhost:3251@brice,true,5,5
1784904635560,brice,Fight,http://localhost:3251@Bat,true,5,5
1784904635675,Ant,Explore,null,true,5,null
1784904635729,alice,Play,http://localhost:3251@Bee,true,5,5
1784904635729,Bee,Play,http://localhost:3251@alice,true,5,5
1784904636866,alice,Sing,http://localhost:3251@brice,false,2,-3
1784904636868,brice,Sing,http://localhost:3251@Bat,true,5,5
1784904636983,Ant,Sing,http://localhost:3251@Bat,true,5,5
1784904636983,Bee,Sing,http://localhost:3251@Ant,true,5,5
1784904638131,alice,Play,http://localhost:3251@Bee,true,5,5
1784904638134,Bee,Play,http://localhost:3251@alice,true,5,5
1784904638753,alice,Dance,http://localhost:3251@bear,true,5,5
1784904638753,bear,Dance,http://localhost:3251@Bee,false,-1,-5
1784904638804,Bat,Play,http://localhost:3251@Ant,true,5,5
1784904638805,Bee,Play,http://localhost:3251@Bat,true,5,5
1784904639754,Ant,Explore,null,false,4,null
1784904639997,bear,Sing,http://localhost:3251@alice,true,5,5
1784904639998,brice,Sing,http://localhost:3251@bear,true,5,5
1784904640060,alice,Dance,http://localhost:3251@Bee,true,5,5
1784904640061,Bee,Dance,http://localhost:3251@alice,true,5,5
1784904640381,Bat,Fight,http://localhost:3251@Ant,true,5,5
1784904640382,Bee,Fight,http://localhost:3251@Bat,true,5,5
1784904640738,alice,Talk,http://localhost:3251@Ant,true,-4,5
1784904640738,Ant,Talk,http://localhost:3251@alice,true,5,5
1784904641646,Bat,Sing,http://localhost:3251@bear,true,5,5
1784904641646,bear,Sing,http://localhost:3251@Bat,true,5,5
1784904641647,Bee,Walk,http://localhost:3251@alice,true,5,5
1784904641647,brice,Walk,http://localhost:3251@Bee,false,4,-2
1784904642463,Ant,Exercise,http://localhost:3251@bear,false,1,-5
1784904642463,bear,Exercise,http://localhost:3251@Ant,true,5,-4
1784904642935,Bee,Sing,http://localhost:3251@Bat,true,5,5
1784904642936,brice,Sing,http://localhost:3251@Bee,false,4,-3
1784904643219,Bat,Explore,null,false,-4,null
1784904643508,bear,Fight,http://localhost:3251@alice,true,5,5
1784904643508,brice,Fight,http://localhost:3251@bear,true,5,5
1784904644326,Ant,Sing,http://localhost:3251@Bat,true,5,5
1784904644327,Bee,Sing,http://localhost:3251@Ant,true,5,5
1784904644430,alice,Dance,http://localhost:3251@Ant,true,5,5
1784904644431,bear,Dance,http://localhost:3251@alice,false,-2,4
1784904645319,Bat,Explore,null,false,-5,null
1784904645320,bear,Play,http://localhost:3251@brice,true,5,5
1784904645320,brice,Play,http://localhost:3251@Bat,true,5,5
1784904646209,alice,Exercise,http://localhost:3251@Bee,true,5,5
1784904646211,Ant,Exercise,http://localhost:3251@alice,false,null,4
1784904646575,Bee,Sing,http://localhost:3251@brice,true,5,5
1784904646576,brice,Sing,http://localhost:3251@Bat,false,3,4
1784904646917,bear,Explore,null,false,-5,null
1784904647462,Ant,Walk,http://localhost:3251@Bee,true,-3,5
1784904647463,Bee,Walk,http://localhost:3251@Ant,true,5,5
1784904647844,Bat,Walk,http://localhost:3251@brice,true,5,5
1784904647845,brice,Walk,http://localhost:3251@Ant,true,5,5
1784904648070,alice,Dance,http://localhost:3251@Ant,true,5,5
1784904648071,bear,Dance,http://localhost:3251@alice,true,-1,5
1784904649031,Bee,Explore,null,true,-4,null
1784904649086,alice,Fight,http://localhost:3251@Bee,true,5,5
1784904649087,Bat,Walk,http://localhost:3251@brice,true,5,5
1784904649087,bear,Walk,http://localhost:3251@Bat,true,5,5
1784904649087,brice,Fight,http://localhost:3251@alice,true,5,1
1784904649727,Ant,Talk,http://localhost:3251@alice,true,5,5
1784904649728,Bee,Talk,http://localhost:3251@Ant,true,5,5
1784904650330,alice,Dance,http://localhost:3251@Ant,true,5,5
1784904650331,Bee,Dance,http://localhost:3251@alice,true,5,5
1784904650445,Ant,Walk,http://localhost:3251@Bat,true,-2,5
1784904650446,Bat,Walk,http://localhost:3251@brice,true,5,5
1784904650675,alice,Fight,http://localhost:3251@bear,true,5,5
1784904650676,bear,Fight,http://localhost:3251@alice,true,5,5
1784904651342,Ant,Talk,http://localhost:3251@brice,true,5,null
1784904651343,brice,Talk,http://localhost:3251@bear,true,2,5
1784904651674,Bat,Sing,http://localhost:3251@bear,true,5,5
1784904651675,Bee,Sing,http://localhost:3251@Bat,true,5,5
1784904652553,alice,Play,http://localhost:3251@Bee,true,5,5
1784904652554,brice,Play,http://localhost:3251@alice,false,4,null
1784904652612,bear,Play,http://localhost:3251@brice,true,5,5
1784904652613,Bee,Play,http://localhost:3251@bear,true,5,null
1784904653221,alice,Sing,http://localhost:3251@Ant,true,3,5
1784904653222,Ant,Sing,http://localhost:3251@Bat,true,5,5
1784904653223,Bat,Explore,null,false,-5,null
1784904654165,Bee,Explore,null,true,-3,null
1784904654741,brice,Explore,null,true,-4,null
1784904654797,Ant,Explore,null,true,5,null
1784904655422,alice,Explore,null,true,-3,null
1784904655423,Ant,Sing,http://localhost:3251@Bee,true,5,5
1784904655423,Bee,Sing,http://localhost:3251@Bat,true,5,5
1784904656391,Bat,Dance,http://localhost:3251@alice,false,-5,-5
1784904656392,brice,Dance,http://localhost:3251@Bat,true,5,5
1784904656675,bear,Sing,http://localhost:3251@Bee,true,5,-4
1784904656676,Bee,Sing,http://localhost:3251@Bat,true,5,5
1784904656963,Ant,Explore,null,true,5,null
1784904657400,Bat,Fight,http://localhost:3251@Ant,true,5,5
1784904657401,Bee,Fight,http://localhost:3251@Bat,true,5,5
1784904657742,Ant,Walk,http://localhost:3251@brice,false,-3,-1
1784904657743,brice,Walk,http://localhost:3251@Ant,true,5,5
1784904658252,bear,Explore,null,false,-5,null
1784904658741,Bee,Dance,http://localhost:3251@alice,true,5,5
1784904658742,brice,Dance,http://localhost:3251@Bee,true,5,-2
1784904658909,alice,Explore,null,true,-2,null
1784904659320,Bat,Play,http://localhost:3251@Ant,true,5,5
1784904659320,bear,Play,http://localhost:3251@Bat,true,5,5
1784904659710,Ant,Play,http://localhost:3251@bear,false,-5,-5
1784904659711,brice,Play,http://localhost:3251@Ant,true,5,5
1784904659986,alice,Play,http://localhost:3251@Bee,true,5,5
1784904659986,Bee,Play,http://localhost:3251@alice,true,5,5
1784904660544,bear,Sing,http://localhost:3251@alice,true,5,5
1784904660545,brice,Sing,http://localhost:3251@bear,true,4,5
1784904660819,Bat,Explore,null,false,-5,null
1784904660935,alice,Dance,http://localhost:3251@Ant,true,5,5
1784904660935,Ant,Dance,http://localhost:3251@Bee,true,5,5
1784904661519,Bat,Talk,http://localhost:3251@brice,true,-4,5
1784904661519,brice,Talk,http://localhost:3251@bear,true,3,5
1784904661817,bear,Sing,http://localhost:3251@alice,true,5,5
1784904661817,Bee,Sing,http://localhost:3251@bear,true,5,1
1784904662283,Ant,Dance,http://localhost:3251@Bee,true,5,5
1784904662283,brice,Dance,http://localhost:3251@Ant,true,5,5
1784904662534,Bat,Talk,http://localhost:3251@alice,false,-5,-5
1784904662535,Bee,Talk,http://localhost:3251@Bat,true,5,5
1784904663547,alice,Sing,http://localhost:3251@Bat,false,2,-5
1784904663547,bear,Sing,http://localhost:3251@alice,true,5,5
1784904663861,Bee,Dance,http://localhost:3251@alice,true,5,5
1784904663861,brice,Dance,http://localhost:3251@Bee,false,4,-3
1784904664542,alice,Talk,http://localhost:3251@brice,false,-5,-4
1784904664543,Bee,Talk,http://localhost:3251@alice,true,5,5
1784904664832,bear,Sing,http://localhost:3251@alice,true,5,5
1784904664835,brice,Sing,http://localhost:3251@bear,true,5,5
1784904665402,Ant,Exercise,http://localhost:3251@bear,false,-1,-5
1784904665403,Bee,Exercise,http://localhost:3251@Ant,true,5,5
1784904665619,Bat,Fight,http://localhost:3251@Ant,true,5,5
1784904665619,bear,Fight,http://localhost:3251@Bat,true,5,5
1784904666167,alice,Talk,http://localhost:3251@brice,false,-5,-5
1784904666167,bear,Talk,http://localhost:3251@alice,true,-3,5
1784904666833,Bat,Exercise,http://localhost:3251@brice,true,5,5
1784904666834,brice,Exercise,http://localhost:3251@Bat,true,-2,5
1784904667085,Bee,Explore,null,false,-4,null
1784904667385,alice,Dance,http://localhost:3251@Ant,true,5,5
1784904667386,Ant,Dance,http://localhost:3251@Bee,true,5,5
1784904667845,Ant,Talk,http://localhost:3251@Bat,true,5,5
1784904667846,Bat,Talk,http://localhost:3251@alice,false,-5,-5
1784904668397,alice,Walk,http://localhost:3251@Bee,true,5,5
1784904668398,Bee,Walk,http://localhost:3251@alice,true,5,5
1784904668822,Bat,Walk,http://localhost:3251@brice,true,5,5
1784904668822,brice,Walk,http://localhost:3251@Ant,true,5,5
1784904669517,alice,Sing,http://localhost:3251@bear,true,3,5
1784904669518,bear,Sing,http://localhost:3251@alice,true,5,5
1784904669720,Ant,Play,http://localhost:3251@Bee,false,-5,4
1784904669721,Bee,Play,http://localhost:3251@alice,true,5,5
1784904670821,Bat,Play,http://localhost:3251@Ant,true,5,5
1784904670822,Bee,Play,http://localhost:3251@Bat,true,5,5
1784904670947,Ant,Walk,http://localhost:3251@brice,false,-4,-2
1784904670949,brice,Walk,http://localhost:3251@Ant,true,5,5
1784904671191,bear,Explore,null,false,-5,null
1784904671873,Ant,Talk,http://localhost:3251@Bee,false,4,3
1784904671873,Bee,Talk,http://localhost:3251@Ant,true,5,5
1784904671936,alice,Fight,http://localhost:3251@Bee,true,5,5
1784904671937,brice,Fight,http://localhost:3251@alice,true,5,1
1784904672102,Bat,Exercise,http://localhost:3251@brice,true,5,5
1784904672103,bear,Exercise,http://localhost:3251@Bat,true,5,5
1784904673564,Bee,Explore,null,true,-3,null
1784904673898,bear,Walk,http://localhost:3251@brice,true,5,5
1784904673900,brice,Walk,http://localhost:3251@Ant,true,5,5
1784904674176,Ant,Talk,http://localhost:3251@alice,true,5,5
1784904674177,Bat,Talk,http://localhost:3251@Ant,true,-4,5
1784904674731,Bat,Exercise,http://localhost:3251@Bee,true,5,5
1784904674731,Bee,Exercise,http://localhost:3251@Ant,true,5,5
1784904675396,alice,Explore,null,true,-1,null
1784904675508,brice,Explore,null,false,-5,null
1784904675675,Ant,Explore,null,true,5,null
1784904676064,alice,Dance,http://localhost:3251@Bee,true,5,5
1784904676064,Bee,Dance,http://localhost:3251@alice,true,5,5
1784904676397,Bat,Walk,http://localhost:3251@bear,true,5,5
1784904676398,bear,Walk,http://localhost:3251@alice,true,5,5
1784904676896,Ant,Play,http://localhost:3251@bear,false,-5,-5
1784904676897,brice,Play,http://localhost:3251@Ant,true,5,5
1784904677349,alice,Fight,http://localhost:3251@bear,true,5,5
1784904677349,bear,Fight,http://localhost:3251@alice,true,5,5
1784904677635,Bat,Walk,http://localhost:3251@brice,true,5,5
1784904677635,brice,Walk,http://localhost:3251@Bat,true,5,5
1784904678545,Bat,Exercise,http://localhost:3251@Bee,true,5,5
1784904678546,Bee,Exercise,http://localhost:3251@Ant,true,5,5
1784904678723,Ant,Sing,http://localhost:3251@bear,false,4,-5
1784904678724,bear,Sing,http://localhost:3251@alice,true,5,5
1784904678941,alice,Explore,null,false,-2,null
1784904679295,Bee,Fight,http://localhost:3251@brice,true,5,5
1784904679296,brice,Fight,http://localhost:3251@Bat,true,5,5
1784904679685,bear,Fight,http://localhost:3251@alice,true,5,5
1784904679686,brice,Fight,http://localhost:3251@bear,true,5,5
1784904679796,Ant,Play,http://localhost:3251@Bat,false,-5,4
1784904679797,Bat,Play,http://localhost:3251@Ant,true,5,5
1784904680185,alice,Play,http://localhost:3251@Bee,true,5,5
1784904680186,Bee,Play,http://localhost:3251@alice,true,5,5
1784904680930,alice,Sing,http://localhost:3251@bear,true,4,5
1784904680931,bear,Sing,http://localhost:3251@alice,true,5,5
1784904681052,Bat,Sing,http://localhost:3251@bear,true,5,5
1784904681053,brice,Sing,http://localhost:3251@Bat,true,5,5
1784904681330,Ant,Explore,null,true,5,null
1784904682106,Bat,Exercise,http://localhost:3251@bear,true,5,5
1784904682107,bear,Exercise,http://localhost:3251@brice,true,5,5
1784904682292,Bee,Walk,http://localhost:3251@alice,true,5,5
1784904682292,brice,Walk,http://localhost:3251@Bee,true,5,-2
1784904682875,alice,Walk,http://localhost:3251@Bee,true,5,5
1784904682876,bear,Walk,http://localhost:3251@alice,true,5,5
1784904683554,alice,Dance,http://localhost:3251@brice,true,5,-4
1784904683555,brice,Dance,http://localhost:3251@Ant,true,5,5
1784904683841,Bee,Explore,null,false,-4,null
1784904684203,Ant,Explore,null,true,5,null
1784904684785,bear,Walk,http://localhost:3251@alice,true,5,5
1784904684786,brice,Walk,http://localhost:3251@bear,true,5,5
1784904685453,Ant,Play,http://localhost:3251@bear,false,-5,-5
1784904685453,Bee,Play,http://localhost:3251@Ant,true,5,5
1784904685910,Bat,Walk,http://localhost:3251@brice,true,5,5
1784904685911,bear,Walk,http://localhost:3251@Bat,false,4,4
1784904687064,Ant,Talk,http://localhost:3251@alice,true,5,5
1784904687065,brice,Talk,http://localhost:3251@Ant,true,4,5
1784904687230,alice,Exercise,http://localhost:3251@Bee,true,5,5
1784904687230,Bee,Exercise,http://localhost:3251@alice,true,5,5
1784904687460,bear,Explore,null,true,-4,null
1784904688052,alice,Talk,http://localhost:3251@Ant,false,-5,4
1784904688053,Ant,Talk,http://localhost:3251@alice,true,5,5
1784904688331,Bat,Walk,http://localhost:3251@brice,true,5,5
1784904688331,brice,Walk,http://localhost:3251@Ant,true,5,5
1784904689374,Bat,Sing,http://localhost:3251@bear,true,5,5
1784904689374,bear,Sing,http://localhost:3251@alice,true,5,5
1784904689622,Ant,Explore,null,true,5,null
1784904690314,bear,Play,http://localhost:3251@brice,true,5,5
1784904690316,brice,Play,http://localhost:3251@Bat,true,5,5
1784904690377,alice,Exercise,http://localhost:3251@Bee,true,5,5
1784904690378,Bee,Exercise,http://localhost:3251@Ant,true,5,5
1784904691132,Bat,Fight,http://localhost:3251@Ant,true,5,5
1784904691133,Bee,Fight,http://localhost:3251@Bat,true,5,5
1784904691699,alice,Dance,http://localhost:3251@Ant,true,5,5
1784904691700,Ant,Dance,http://localhost:3251@Bee,true,5,4
1784904692204,Ant,Talk,http://localhost:3251@Bat,true,5,5
1784904692205,Bat,Talk,http://localhost:3251@alice,false,-5,-5
1784904692456,bear,Dance,http://localhost:3251@brice,true,null,5
1784904692457,brice,Dance,http://localhost:3251@Ant,true,5,5
1784904693088,alice,Exercise,http://localhost:3251@Bee,true,5,5
1784904693089,Bee,Exercise,http://localhost:3251@Ant,true,5,5
1784904693593,Bat,Play,http://localhost:3251@Ant,true,5,5
1784904693594,bear,Play,http://localhost:3251@Bat,true,5,5
1784904694225,bear,Fight,http://localhost:3251@brice,true,5,5
1784904694227,brice,Fight,http://localhost:3251@Bat,true,5,5
1784904694288,Ant,Walk,http://localhost:3251@Bee,true,-3,5
1784904694289,Bat,Walk,http://localhost:3251@Ant,true,5,5
1784904694855,Bee,Talk,http://localhost:3251@Ant,true,5,5
1784904694857,brice,Talk,http://localhost:3251@Bee,true,5,-1
1784904695609,alice,Play,http://localhost:3251@bear,true,5,5
1784904695611,bear,Play,http://localhost:3251@brice,true,5,5
1784904695988,Ant,Explore,null,false,4,null
1784904697059,Bat,Walk,http://localhost:3251@brice,true,5,5
1784904697061,bear,Walk,http://localhost:3251@Bat,true,5,5
1784904697312,brice,Explore,null,false,-5,null
1784904697375,Bee,Explore,null,false,-5,null
1784904698005,alice,Explore,null,false,-3,null
1784904698447,Bat,Walk,http://localhost:3251@brice,true,5,5
1784904698448,bear,Sing,http://localhost:3251@alice,true,5,5
1784904698448,Bee,Walk,http://localhost:3251@Bat,true,5,5
1784904698448,brice,Sing,http://localhost:3251@bear,true,5,5
1784904699078,alice,Fight,http://localhost:3251@Bee,true,5,5
1784904699079,Bee,Fight,http://localhost:3251@alice,true,5,5
1784904699456,Ant,Sing,http://localhost:3251@Bat,true,5,5
1784904699457,Bat,Sing,http://localhost:3251@Ant,true,5,5
1784904699646,Bee,Fight,http://localhost:3251@brice,true,5,5
1784904699653,brice,Fight,http://localhost:3251@Bat,true,5,5
1784904700340,alice,Exercise,http://localhost:3251@Bee,true,5,5
1784904700342,bear,Exercise,http://localhost:3251@alice,true,5,5
1784904700843,Ant,Sing,http://localhost:3251@Bat,true,5,5
1784904700843,Bee,Sing,http://localhost:3251@Ant,true,5,5
1784904700906,Bat,Walk,http://localhost:3251@brice,true,5,5
1784904700907,brice,Walk,http://localhost:3251@Bat,true,5,5
1784904701411,alice,Fight,http://localhost:3251@Bee,true,5,5
1784904701413,Bee,Fight,http://localhost:3251@alice,true,5,5
1784904702230,alice,Dance,http://localhost:3251@Ant,true,5,5
1784904702233,Ant,Dance,http://localhost:3251@Bee,true,5,5
1784904702611,brice,Explore,null,false,-5,null
1784904702799,alice,Fight,http://localhost:3251@bear,true,5,5
1784904702799,bear,Fight,http://localhost:3251@alice,true,5,5
1784904703114,Bee,Explore,null,false,-5,null
1784904703618,Ant,Play,http://localhost:3251@bear,false,-5,-5
1784904703620,Bat,Play,http://localhost:3251@Ant,true,5,5
1784904703997,alice,Dance,http://localhost:3251@brice,true,5,-3
1784904703997,brice,Dance,http://localhost:3251@Ant,true,5,5
1784904704502,Bat,Walk,http://localhost:3251@Bee,true,5,5
1784904704504,bear,Explore,null,false,-5,null
1784904704505,Bee,Walk,http://localhost:3251@alice,true,5,5
1784904705321,Ant,Explore,null,true,5,null
1784904705384,alice,Walk,http://localhost:3251@Bee,true,5,5
1784904705386,bear,Walk,http://localhost:3251@alice,true,5,5
1784904706390,Ant,Talk,http://localhost:3251@alice,true,5,5
1784904706391,Bee,Talk,http://localhost:3251@Ant,true,5,5
1784904706451,brice,Explore,null,false,-5,null
1784904707018,Bat,Fight,http://localhost:3251@Ant,true,5,5
1784904707019,bear,Fight,http://localhost:3251@Bat,true,5,5
1784904708086,alice,Exercise,http://localhost:3251@Bee,true,5,5
1784904708086,Ant,Explore,null,false,4,null
1784904708086,Bee,Exercise,http://localhost:3251@alice,true,5,5
1784904709093,alice,Sing,http://localhost:3251@bear,true,5,5
1784904709094,Bat,Dance,http://localhost:3251@alice,false,-5,-5
1784904709095,bear,Sing,http://localhost:3251@alice,true,5,5
1784904709095,Bee,Dance,http://localhost:3251@Bat,true,5,5
1784904709974,Bee,Sing,http://localhost:3251@brice,true,5,5
1784904709975,brice,Sing,http://localhost:3251@Bat,true,5,5
1784904710162,alice,Fight,http://localhost:3251@Bee,true,5,5
1784904710164,Ant,Fight,http://localhost:3251@alice,true,null,5
1784904711167,alice,Walk,http://localhost:3251@Bat,false,4,-5
1784904711168,Bat,Walk,http://localhost:3251@brice,true,5,5
1784904711860,Ant,Explore,null,true,5,null
1784904711922,bear,Sing,http://localhost:3251@alice,true,5,5
1784904711923,Bee,Sing,http://localhost:3251@bear,true,5,2
1784904712049,Bat,Sing,http://localhost:3251@brice,true,5,5
1784904712049,brice,Sing,http://localhost:3251@Bat,true,5,5
1784904712238,alice,Talk,http://localhost:3251@brice,false,-5,-4
1784904712238,Ant,Talk,http://localhost:3251@alice,true,5,5
1784904713314,Bat,Play,http://localhost:3251@bear,true,5,5
1784904713314,bear,Play,http://localhost:3251@brice,true,5,5
1784904713630,alice,Sing,http://localhost:3251@Bat,false,4,-5
1784904713631,Bee,Sing,http://localhost:3251@alice,true,5,5
1784904713819,Bat,Talk,http://localhost:3251@brice,true,-4,5
1784904713819,brice,Talk,http://localhost:3251@bear,true,5,5
1784904714319,alice,Walk,http://localhost:3251@Ant,true,5,5
1784904714320,Ant,Walk,http://localhost:3251@Bee,true,-2,5
1784904714382,bear,Fight,http://localhost:3251@alice,true,5,5
1784904714383,brice,Fight,http://localhost:3251@bear,true,5,5
1784904714842,alice,Exercise,http://localhost:3251@Bee,true,5,5
1784904714843,Bee,Exercise,http://localhost:3251@Ant,true,5,5
1784904715129,Ant,Dance,http://localhost:3251@Bat,true,5,5
1784904715130,Bat,Dance,http://localhost:3251@alice,false,-5,-5
1784904715406,Bee,Fight,http://localhost:3251@brice,true,5,5
1784904715407,brice,Fight,http://localhost:3251@Bat,true,5,5
1784904715985,alice,Exercise,http://localhost:3251@Bee,true,5,5
1784904715986,bear,Exercise,http://localhost:3251@alice,true,5,5
1784904716407,Ant,Sing,http://localhost:3251@Bat,true,5,5
1784904716407,Bat,Walk,http://localhost:3251@brice,true,5,5
1784904716408,Bee,Walk,http://localhost:3251@Bat,true,5,5
1784904716408,brice,Sing,http://localhost:3251@Ant,true,5,5
1784904717018,bear,Talk,http://localhost:3251@Ant,false,-4,-5
1784904717019,Bee,Talk,http://localhost:3251@bear,true,5,3
1784904717817,Ant,Dance,http://localhost:3251@Bee,true,5,5
1784904717819,Bat,Dance,http://localhost:3251@Ant,true,-4,5
1784904718005,alice,Dance,http://localhost:3251@Ant,true,5,5
1784904718007,Bee,Dance,http://localhost:3251@alice,true,5,5
1784904718448,bear,Dance,http://localhost:3251@brice,true,1,5
1784904718449,brice,Dance,http://localhost:3251@Ant,true,5,5
1784904719205,alice,Walk,http://localhost:3251@Ant,true,5,5
1784904719206,Ant,Walk,http://localhost:3251@Bee,true,-1,5
1784904719206,Bat,Sing,http://localhost:3251@bear,true,5,5
1784904719206,Bee,Sing,http://localhost:3251@Bat,true,5,5
1784904720152,brice,Explore,null,true,-4,null
1784904720215,bear,Fight,http://localhost:3251@alice,true,5,5
1784904720216,Bee,Fight,http://localhost:3251@bear,true,5,4
1784904720909,Ant,Explore,null,true,5,null
1784904721290,alice,Walk,http://localhost:3251@Bee,true,5,5
1784904721292,Bee,Walk,http://localhost:3251@alice,true,5,5
1784904721861,brice,Explore,null,false,-5,null
1784904722116,Ant,Play,http://localhost:3251@Bat,true,-4,5
1784904722116,Bat,Play,http://localhost:3251@Ant,true,5,5
1784904722747,alice,Dance,http://localhost:3251@Ant,true,5,5
1784904722748,Bee,Dance,http://localhost:3251@alice,true,5,5
1784904722874,Bat,Exercise,http://localhost:3251@bear,true,5,5
1784904722875,bear,Exercise,http://localhost:3251@brice,true,5,5
1784904723568,Ant,Walk,http://localhost:3251@Bee,false,-2,4
1784904723569,brice,Walk,http://localhost:3251@Ant,true,5,5
1784904724262,alice,Play,http://localhost:3251@Bat,false,4,-5
1784904724265,Bat,Play,http://localhost:3251@Ant,true,5,5
1784904724828,Bee,Dance,http://localhost:3251@alice,true,5,5
1784904724830,brice,Dance,http://localhost:3251@Bee,true,5,null
1784904725707,alice,Dance,http://localhost:3251@bear,true,5,5
1784904725708,bear,Dance,http://localhost:3251@Bee,false,null,-5
1784904726210,Ant,Sing,http://localhost:3251@Bee,true,5,5
1784904726211,Bat,Dance,http://localhost:3251@brice,false,-5,4
1784904726211,Bee,Sing,http://localhost:3251@Bat,true,5,5
1784904726212,brice,Dance,http://localhost:3251@Ant,true,5,5
1784904727280,alice,Fight,http://localhost:3251@Bee,true,5,5
1784904727281,Bat,Fight,http://localhost:3251@Ant,true,5,5
1784904727281,bear,Fight,http://localhost:3251@Bat,true,5,5
1784904727281,Bee,Fight,http://localhost:3251@alice,true,5,5
1784904727956,Ant,Explore,null,true,5,null
1784904728531,Bat,Walk,http://localhost:3251@brice,true,5,5
1784904728532,brice,Walk,http://localhost:3251@Bat,true,5,5
1784904728831,alice,Explore,null,false,-4,null
1784904729058,Ant,Fight,http://localhost:3251@bear,false,-1,-5
1784904729058,Bat,Fight,http://localhost:3251@Ant,true,5,5
1784904729524,alice,Talk,http://localhost:3251@bear,true,-4,5
1784904729524,bear,Talk,http://localhost:3251@Ant,false,-5,-5
1784904729815,Ant,Sing,http://localhost:3251@Bee,true,5,5
1784904729816,Bee,Sing,http://localhost:3251@Bat,true,5,5
1784904729878,Bat,Walk,http://localhost:3251@brice,true,5,5
1784904729879,brice,Walk,http://localhost:3251@Ant,true,5,5
1784904730630,alice,Exercise,http://localhost:3251@Bee,true,5,5
1784904730631,brice,Exercise,http://localhost:3251@alice,true,-1,2
1784904730753,Bat,Walk,http://localhost:3251@bear,true,5,5
1784904730753,bear,Walk,http://localhost:3251@alice,true,5,5
1784904731418,alice,Fight,http://localhost:3251@Bee,true,5,5
1784904731419,Bee,Fight,http://localhost:3251@alice,true,5,5
1784904731640,Ant,Sing,http://localhost:3251@Bat,true,5,5
1784904731641,Bat,Sing,http://localhost:3251@Ant,true,5,5
1784904732190,brice,Explore,null,false,-5,null
1784904732352,alice,Fight,http://localhost:3251@Bee,true,5,5
1784904732352,Ant,Fight,http://localhost:3251@alice,true,null,5
1784904732353,Bat,Fight,http://localhost:3251@bear,true,5,5
1784904732354,bear,Fight,http://localhost:3251@alice,true,5,5
1784904733144,alice,Exercise,http://localhost:3251@Bee,true,5,5
1784904733145,Bee,Exercise,http://localhost:3251@Ant,true,5,5
1784904733507,bear,Walk,http://localhost:3251@brice,true,5,5
1784904733507,brice,Walk,http://localhost:3251@Ant,true,5,5
1784904733897,Ant,Explore,null,true,5,null
1784904734397,alice,Dance,http://localhost:3251@Ant,true,5,5
1784904734399,bear,Dance,http://localhost:3251@alice,true,1,5
1784904734399,Bee,Sing,http://localhost:3251@Bat,true,5,5
1784904734399,brice,Sing,http://localhost:3251@Bee,true,5,1
1784904734848,alice,Talk,http://localhost:3251@Ant,true,-3,5
1784904734849,Ant,Talk,http://localhost:3251@alice,true,5,5
1784904735026,Bat,Sing,http://localhost:3251@bear,true,5,5
1784904735027,Bee,Sing,http://localhost:3251@Bat,true,5,5
1784904735726,Bat,Sing,http://localhost:3251@bear,true,5,5
1784904735727,bear,Sing,http://localhost:3251@alice,true,5,5
1784904735963,brice,Explore,null,false,-5,null
1784904736418,alice,Explore,null,false,-5,null
1784904736715,bear,Fight,http://localhost:3251@alice,true,5,5
1784904736716,brice,Fight,http://localhost:3251@bear,true,5,5
1784904736832,Ant,Sing,http://localhost:3251@Bat,true,5,5
1784904736833,Bee,Sing,http://localhost:3251@Ant,true,5,5
1784904737530,Ant,Exercise,http://localhost:3251@Bat,true,null,5
1784904737530,Bat,Exercise,http://localhost:3251@brice,true,5,5
1784904738016,bear,Play,http://localhost:3251@brice,true,5,5
1784904738017,Bee,Play,http://localhost:3251@bear,true,5,5
1784904738066,alice,Sing,http://localhost:3251@brice,false,3,-5
1784904738067,brice,Sing,http://localhost:3251@Bat,true,5,5
1784904738819,alice,Dance,http://localhost:3251@Ant,true,5,5
1784904738820,Ant,Dance,http://localhost:3251@Bee,true,5,5
1784904739273,Bat,Play,http://localhost:3251@bear,true,5,5
1784904739274,bear,Play,http://localhost:3251@brice,true,5,5
1784904739780,alice,Fight,http://localhost:3251@Bee,true,5,5
1784904739781,bear,Fight,http://localhost:3251@alice,true,5,5
1784904740196,Bee,Explore,null,true,-4,null
1784904740519,Ant,Sing,http://localhost:3251@Bat,true,5,5
1784904740520,Bat,Sing,http://localhost:3251@bear,false,4,4
1784904740922,alice,Exercise,http://localhost:3251@Bee,true,5,5
1784904740923,Bee,Exercise,http://localhost:3251@alice,true,5,5
1784904741040,bear,Play,http://localhost:3251@brice,true,5,5
1784904741041,brice,Play,http://localhost:3251@bear,true,5,5
1784904741487,Bat,Talk,http://localhost:3251@alice,false,-5,-5
1784904741488,brice,Talk,http://localhost:3251@Bat,true,5,5
1784904741782,Ant,Sing,http://localhost:3251@Bat,true,5,5
1784904741783,Bee,Sing,http://localhost:3251@Ant,true,5,5
1784904742163,alice,Sing,http://localhost:3251@Bat,false,2,-5
1784904742176,bear,Sing,http://localhost:3251@alice,true,5,5
1784904742465,Ant,Talk,http://localhost:3251@brice,false,4,-3
1784904742466,brice,Talk,http://localhost:3251@bear,true,5,5
1784904743075,Bat,Fight,http://localhost:3251@Ant,true,5,5
1784904743075,Bee,Fight,http://localhost:3251@Bat,true,5,5
1784904743712,Ant,Play,http://localhost:3251@bear,false,-5,-5
1784904743713,Bee,Play,http://localhost:3251@Ant,true,5,5
1784904744090,bear,Sing,http://localhost:3251@alice,true,5,5
1784904744090,brice,Sing,http://localhost:3251@bear,true,5,5
1784904744501,alice,Talk,http://localhost:3251@brice,false,-4,-5
1784904744502,bear,Talk,http://localhost:3251@alice,true,-4,5
1784904744722,Ant,Talk,http://localhost:3251@alice,true,5,5
1784904744722,brice,Talk,http://localhost:3251@Ant,true,5,5
1784904745662,Bat,Walk,http://localhost:3251@brice,true,5,5
1784904745662,bear,Fight,http://localhost:3251@brice,true,5,5
1784904745663,Bee,Walk,http://localhost:3251@Bat,true,5,5
1784904745663,brice,Fight,http://localhost:3251@Bat,true,5,5
1784904745954,alice,Walk,http://localhost:3251@Ant,true,5,5
1784904745955,Ant,Walk,http://localhost:3251@Bee,false,-3,4
1784904746672,Ant,Fight,http://localhost:3251@Bat,true,1,5
1784904746672,Bat,Fight,http://localhost:3251@Ant,true,5,5
1784904747078,bear,Dance,http://localhost:3251@Bee,false,null,-5
1784904747079,Bee,Dance,http://localhost:3251@alice,true,5,5
1784904747728,bear,Play,http://localhost:3251@brice,true,5,5
1784904747730,brice,Play,http://localhost:3251@Bat,true,5,5
1784904747974,alice,Sing,http://localhost:3251@Ant,true,3,5
1784904747974,Ant,Sing,http://localhost:3251@Bat,true,5,5
1784904748645,alice,Play,http://localhost:3251@Bat,true,5,-4
1784904748645,Bat,Play,http://localhost:3251@Ant,true,5,5
1784904749240,Ant,Exercise,http://localhost:3251@bear,false,-1,-5
1784904749241,Bat,Exercise,http://localhost:3251@Ant,true,5,5
1784904749416,alice,Talk,http://localhost:3251@brice,false,-5,-5
1784904749416,Bee,Explore,null,false,-5,null
1784904749417,brice,Talk,http://localhost:3251@bear,true,5,5
1784904749984,bear,Explore,null,false,-5,null
1784904750205,Bat,Fight,http://localhost:3251@Ant,true,5,5
1784904750206,brice,Fight,http://localhost:3251@Bat,true,5,5
1784904751103,Ant,Dance,http://localhost:3251@Bee,true,5,5
1784904751103,Bat,Dance,http://localhost:3251@Ant,false,-5,4
1784904751218,bear,Dance,http://localhost:3251@Bee,false,-1,-5
1784904751218,Bee,Dance,http://localhost:3251@bear,true,5,5
1784904751937,alice,Dance,http://localhost:3251@Ant,true,5,5
1784904751938,Bee,Dance,http://localhost:3251@alice,true,5,5
1784904752415,Ant,Dance,http://localhost:3251@Bee,true,5,5
1784904752415,brice,Dance,http://localhost:3251@Ant,true,5,5
1784904752589,alice,Sing,http://localhost:3251@bear,true,4,5
1784904752590,bear,Sing,http://localhost:3251@alice,true,5,5
1784904752968,Bat,Exercise,http://localhost:3251@brice,true,5,5
1784904752968,Bee,Exercise,http://localhost:3251@Bat,true,5,5
1784904753650,alice,Play,http://localhost:3251@Ant,true,5,5
1784904753650,Ant,Play,http://localhost:3251@bear,false,-5,-5
1784904753650,bear,Dance,http://localhost:3251@brice,false,-2,4
1784904753651,brice,Dance,http://localhost:3251@Ant,true,5,5
1784904754735,alice,Exercise,http://localhost:3251@Bee,true,5,5
1784904754736,Bee,Exercise,http://localhost:3251@Ant,true,5,5
1784904754847,Ant,Walk,http://localhost:3251@Bat,false,-4,4
1784904754848,Bat,Walk,http://localhost:3251@brice,true,5,5
1784904755881,Bat,Fight,http://localhost:3251@brice,true,5,5
1784904755882,brice,Fight,http://localhost:3251@Bat,true,5,5
1784904756245,Ant,Sing,http://localhost:3251@bear,false,4,-5
1784904756247,bear,Sing,http://localhost:3251@alice,true,5,5
1784904756995,Bee,Explore,null,true,-4,null
1784904757295,Ant,Fight,http://localhost:3251@bear,false,null,-5
1784904757296,brice,Fight,http://localhost:3251@Ant,true,5,5
1784904757352,alice,Walk,http://localhost:3251@Bee,true,5,5
1784904757353,bear,Walk,http://localhost:3251@alice,true,5,5
1784904758146,Bat,Exercise,http://localhost:3251@Bee,true,5,5
1784904758147,Bee,Exercise,http://localhost:3251@Ant,true,5,5
1784904758928,bear,Explore,null,true,-4,null
1784904759148,Ant,Sing,http://localhost:3251@Bat,true,5,5
1784904759149,Bee,Sing,http://localhost:3251@Ant,true,5,5
1784904759664,Bat,Explore,null,true,-4,null
1784904760065,brice,Explore,null,false,-5,null
1784904760472,alice,Dance,http://localhost:3251@Ant,true,5,5
1784904760473,Ant,Dance,http://localhost:3251@alice,true,5,5
1784904760826,alice,Talk,http://localhost:3251@Bee,true,-4,5
1784904760827,Bat,Exercise,http://localhost:3251@brice,true,5,5
1784904760827,bear,Exercise,http://localhost:3251@Bat,true,5,5
1784904760827,Bee,Talk,http://localhost:3251@Ant,true,5,5
1784904761910,Bat,Exercise,http://localhost:3251@brice,true,5,5
1784904761911,brice,Exercise,http://localhost:3251@Bat,true,null,5
1784904762075,Ant,Explore,null,true,5,null
1784904762819,Bat,Walk,http://localhost:3251@bear,true,5,5
1784904762820,bear,Walk,http://localhost:3251@alice,true,5,5
1784904762821,Bee,Walk,http://localhost:3251@alice,true,5,5
1784904762821,brice,Walk,http://localhost:3251@Bee,false,4,null
1784904763428,alice,Play,http://localhost:3251@Bee,true,5,5
1784904763429,bear,Play,http://localhost:3251@alice,true,5,5
1784904763719,Ant,Talk,http://localhost:3251@alice,true,5,5
1784904763719,brice,Talk,http://localhost:3251@Ant,true,5,5
1784904764473,bear,Fight,http://localhost:3251@alice,true,5,5
1784904764474,Bee,Fight,http://localhost:3251@bear,true,5,5
1784904764706,Bat,Walk,http://localhost:3251@brice,true,5,5
1784904764706,brice,Walk,http://localhost:3251@Bat,true,5,5
1784904764816,alice,Talk,http://localhost:3251@Ant,true,-3,5
1784904764817,Ant,Talk,http://localhost:3251@alice,true,5,5
1784904765729,Bat,Walk,http://localhost:3251@Bee,true,5,5
1784904765730,bear,Sing,http://localhost:3251@alice,true,5,5
1784904765730,Bee,Walk,http://localhost:3251@alice,true,5,5
1784904765731,brice,Sing,http://localhost:3251@bear,true,5,5
1784904766697,alice,Play,http://localhost:3251@Bee,true,5,5
1784904766698,Ant,Sing,http://localhost:3251@Bat,true,5,5
1784904766698,bear,Play,http://localhost:3251@alice,true,5,5
1784904766698,Bee,Sing,http://localhost:3251@Ant,true,5,5
1784904767340,Bat,Talk,http://localhost:3251@alice,false,-5,-5
1784904767341,Bee,Talk,http://localhost:3251@Bat,true,5,5
1784904767396,brice,Explore,null,false,-5,null
1784904767684,Bat,Fight,http://localhost:3251@bear,true,5,5
1784904767684,bear,Fight,http://localhost:3251@alice,true,5,5
1784904768256,alice,Explore,null,false,-5,null
1784904768258,Ant,Explore,null,true,5,null
1784904768666,Bat,Play,http://localhost:3251@brice,true,5,5
1784904768666,brice,Play,http://localhost:3251@Bat,true,5,5
1784904769382,Bat,Play,http://localhost:3251@Bee,true,5,5
1784904769384,Bee,Play,http://localhost:3251@alice,true,5,5
1784904769619,alice,Exercise,http://localhost:3251@bear,true,5,5
1784904769620,bear,Exercise,http://localhost:3251@brice,true,5,5
1784904769841,Ant,Explore,null,true,5,null
1784904770285,bear,Fight,http://localhost:3251@brice,true,5,5
1784904770285,brice,Fight,http://localhost:3251@Bat,true,5,5
1784904770562,Ant,Exercise,http://localhost:3251@Bee,true,null,5
1784904770563,Bee,Exercise,http://localhost:3251@Ant,true,5,5
1784904771163,alice,Talk,http://localhost:3251@brice,false,-4,-5
1784904771164,Bee,Talk,http://localhost:3251@alice,true,5,5
1784904771217,Bat,Walk,http://localhost:3251@brice,true,5,5
1784904771218,brice,Walk,http://localhost:3251@Bat,true,5,5
1784904771505,alice,Talk,http://localhost:3251@Ant,false,-5,4
1784904771505,Ant,Talk,http://localhost:3251@alice,true,5,5
1784904772135,Bat,Play,http://localhost:3251@bear,true,5,5
1784904772135,bear,Play,http://localhost:3251@brice,true,5,5
1784904772805,alice,Play,http://localhost:3251@Bee,true,5,5
1784904772806,brice,Play,http://localhost:3251@alice,true,5,3
1784904772861,Bat,Fight,http://localhost:3251@Bee,true,5,5
1784904772862,Bee,Fight,http://localhost:3251@alice,true,5,5
1784904773732,Ant,Explore,null,true,5,null
1784904773732,bear,Explore,null,true,-3,null
1784904774406,alice,Explore,null,false,-5,null
1784904774517,Ant,Talk,http://localhost:3251@Bat,true,5,5
1784904774518,Bat,Talk,http://localhost:3251@alice,false,-5,-5
1784904774794,bear,Walk,http://localhost:3251@Bee,false,4,-5
1784904774795,Bee,Walk,http://localhost:3251@alice,true,5,5
1784904775130,Bat,Talk,http://localhost:3251@brice,true,-4,5
1784904775131,brice,Talk,http://localhost:3251@bear,true,5,5
1784904775660,alice,Play,http://localhost:3251@Bee,true,5,5
1784904775660,Ant,Play,http://localhost:3251@alice,true,-4,5
1784904776164,bear,Walk,http://localhost:3251@alice,true,5,5
1784904776165,brice,Walk,http://localhost:3251@bear,true,5,5
1784904776450,Bee,Explore,null,true,-3,null
1784904776675,alice,Fight,http://localhost:3251@Bee,true,5,5
1784904776676,bear,Fight,http://localhost:3251@alice,true,5,5
1784904777117,Ant,Sing,http://localhost:3251@Bat,true,5,5
1784904777118,Bat,Sing,http://localhost:3251@bear,true,5,5
1784904777684,Bee,Sing,http://localhost:3251@Bat,true,5,5
1784904777685,brice,Sing,http://localhost:3251@Bee,true,5,1
1784904778349,alice,Explore,null,true,-4,null
1784904778411,Ant,Sing,http://localhost:3251@Bat,true,5,5
1784904778412,bear,Sing,http://localhost:3251@Ant,false,4,-5
1784904779042,Bat,Play,http://localhost:3251@Ant,true,5,5
1784904779043,Bee,Play,http://localhost:3251@Bat,true,5,5
1784904779261,brice,Explore,null,true,-4,null
1784904779646,Ant,Play,http://localhost:3251@bear,false,-5,-5
1784904779647,Bat,Play,http://localhost:3251@Ant,true,5,5
1784904779939,bear,Explore,null,false,-4,null
1784904780052,alice,Fight,http://localhost:3251@Bee,true,5,5
1784904780052,Bee,Fight,http://localhost:3251@alice,true,5,5
1784904780771,alice,Exercise,http://localhost:3251@Ant,true,5,5
1784904780771,Ant,Exercise,http://localhost:3251@bear,false,-1,-5
1784904780826,Bat,Talk,http://localhost:3251@brice,true,-3,5
1784904780827,brice,Talk,http://localhost:3251@bear,true,5,5
1784904781815,bear,Play,http://localhost:3251@brice,true,5,5
1784904781815,brice,Play,http://localhost:3251@bear,true,5,5
1784904781984,alice,Play,http://localhost:3251@Bee,true,5,5
1784904781985,Ant,Walk,http://localhost:3251@Bee,false,-5,4
1784904781985,Bat,Walk,http://localhost:3251@Ant,true,5,5
1784904781985,Bee,Play,http://localhost:3251@alice,true,5,5
1784904782936,bear,Exercise,http://localhost:3251@brice,true,5,5
1784904782936,Bee,Exercise,http://localhost:3251@bear,true,5,5
1784904783059,alice,Play,http://localhost:3251@brice,true,5,-4
1784904783060,brice,Play,http://localhost:3251@Bat,true,5,5
1784904783635,Ant,Talk,http://localhost:3251@alice,true,5,5
1784904783636,Bee,Talk,http://localhost:3251@Ant,true,5,5
1784904783872,Bat,Play,http://localhost:3251@Ant,true,5,5
1784904783873,bear,Play,http://localhost:3251@Bat,true,5,5
1784904784340,alice,Play,http://localhost:3251@Bee,true,5,5
1784904784340,Ant,Play,http://localhost:3251@alice,true,-4,5
1784904784895,Bee,Play,http://localhost:3251@alice,true,5,5
1784904784896,brice,Play,http://localhost:3251@Bee,true,5,2
1784904785106,Ant,Walk,http://localhost:3251@Bat,true,-4,5
1784904785107,Bat,Walk,http://localhost:3251@brice,true,5,5
1784904785560,alice,Sing,http://localhost:3251@Bat,true,5,-3
1784904785561,brice,Sing,http://localhost:3251@alice,true,5,4
1784904786192,alice,Walk,http://localhost:3251@Bee,true,5,5
1784904786193,Bee,Walk,http://localhost:3251@alice,true,5,5
1784904786368,bear,Sing,http://localhost:3251@alice,true,5,5
1784904786368,brice,Sing,http://localhost:3251@bear,true,5,5
1784904786862,alice,Exercise,http://localhost:3251@Ant,true,5,5
1784904786863,Ant,Exercise,http://localhost:3251@bear,false,-2,-5
1784904786863,Bat,Exercise,http://localhost:3251@brice,true,5,5
1784904786863,Bee,Exercise,http://localhost:3251@Bat,true,5,5
1784904787310,alice,Fight,http://localhost:3251@bear,true,5,5
1784904787310,bear,Fight,http://localhost:3251@alice,true,5,5
1784904788028,alice,Exercise,http://localhost:3251@Bee,true,5,5
1784904788028,Bee,Exercise,http://localhost:3251@Ant,true,5,5
1784904788088,Bat,Walk,http://localhost:3251@brice,true,5,5
1784904788089,brice,Walk,http://localhost:3251@Bat,true,5,5
1784904788641,Ant,Exercise,http://localhost:3251@bear,false,-3,-5
1784904788642,Bee,Exercise,http://localhost:3251@Ant,true,5,5
1784904789254,Bat,Dance,http://localhost:3251@bear,true,-4,5
1784904789255,bear,Dance,http://localhost:3251@Bee,true,-1,-4
1784904789788,bear,Fight,http://localhost:3251@brice,true,5,5
1784904789789,brice,Fight,http://localhost:3251@Bat,true,5,5
1784904789966,alice,Sing,http://localhost:3251@Ant,true,5,5
1784904789967,Ant,Sing,http://localhost:3251@Bat,true,5,5
1784904790638,alice,Play,http://localhost:3251@Bat,true,5,-2
1784904790639,Bat,Play,http://localhost:3251@Ant,true,5,5
1784904790822,Ant,Talk,http://localhost:3251@brice,true,5,-2
1784904790822,brice,Talk,http://localhost:3251@bear,true,5,5
1784904791794,bear,Sing,http://localhost:3251@alice,true,5,5
1784904791795,Bee,Sing,http://localhost:3251@bear,true,5,5
1784904792159,alice,Dance,http://localhost:3251@brice,false,4,-5
1784904792160,brice,Dance,http://localhost:3251@Ant,true,5,5
1784904792465,Ant,Explore,null,true,5,null
1784904792654,Bat,Sing,http://localhost:3251@bear,true,5,5
1784904792655,Bee,Sing,http://localhost:3251@Bat,true,5,5
1784904792844,bear,Fight,http://localhost:3251@alice,true,5,5
1784904792844,brice,Fight,http://localhost:3251@bear,true,5,5
1784904793521,alice,Walk,http://localhost:3251@Bee,true,5,5
1784904793523,Bee,Walk,http://localhost:3251@alice,true,5,5
1784904794008,Bat,Walk,http://localhost:3251@brice,true,5,5
1784904794009,brice,Walk,http://localhost:3251@Bat,true,5,5
1784904794134,Ant,Explore,null,true,5,null
1784904794856,bear,Walk,http://localhost:3251@alice,true,5,5
1784904794857,brice,Walk,http://localhost:3251@bear,true,5,5
1784904795478,Ant,Play,http://localhost:3251@bear,false,-5,-5
1784904795480,Bat,Play,http://localhost:3251@Ant,true,5,5
1784904795921,alice,Explore,null,false,-5,null
1784904796237,Bat,Play,http://localhost:3251@Bee,true,5,5
1784904796237,Bee,Play,http://localhost:3251@alice,true,5,5
1784904796602,brice,Explore,null,false,-5,null
1784904796918,Bat,Play,http://localhost:3251@bear,true,5,5
1784904796919,bear,Play,http://localhost:3251@brice,true,5,5
1784904797166,Ant,Explore,null,true,5,null
1784904797293,Bee,Talk,http://localhost:3251@Ant,true,5,5
1784904797294,brice,Talk,http://localhost:3251@Bee,true,5,3
1784904797668,alice,Fight,http://localhost:3251@Bee,true,5,5
1784904797669,bear,Fight,http://localhost:3251@alice,true,5,5
1784904798302,Bat,Sing,http://localhost:3251@bear,true,5,5
1784904798303,Bee,Sing,http://localhost:3251@Bat,true,5,5
1784904798672,alice,Play,http://localhost:3251@brice,false,4,-5
1784904798673,brice,Play,http://localhost:3251@Bat,true,5,5
1784904799044,bear,Sing,http://localhost:3251@alice,true,5,5
1784904799045,Bee,Sing,http://localhost:3251@bear,true,5,5
1784904799929,bear,Exercise,http://localhost:3251@brice,true,5,5
1784904799929,brice,Exercise,http://localhost:3251@Bat,false,-1,4
1784904799981,Bat,Explore,null,false,-5,null
1784904800563,alice,Dance,http://localhost:3251@Ant,true,5,5
1784904800565,Ant,Dance,http://localhost:3251@Bee,true,5,5
1784904800859,Bee,Fight,http://localhost:3251@alice,true,5,5
1784904800859,brice,Fight,http://localhost:3251@Bee,false,4,2
1784904801301,Ant,Play,http://localhost:3251@Bat,false,-5,4
1784904801303,Bat,Play,http://localhost:3251@Ant,true,5,5
1784904802690,alice,Exercise,http://localhost:3251@brice,false,4,-5
1784904802691,brice,Exercise,http://localhost:3251@Bat,false,-2,3
1784904802815,bear,Explore,null,false,-5,null
1784904802873,Ant,Explore,null,true,5,null
1784904802874,Bat,Dance,http://localhost:3251@Bee,false,-5,4
1784904802874,Bee,Dance,http://localhost:3251@alice,true,5,5
1784904803824,bear,Fight,http://localhost:3251@alice,true,5,5
1784904803825,brice,Fight,http://localhost:3251@bear,true,5,5
1784904803941,alice,Sing,http://localhost:3251@Bat,true,5,-1
1784904803942,Ant,Sing,http://localhost:3251@alice,true,5,5
1784904804730,Bat,Walk,http://localhost:3251@brice,true,5,5
1784904804730,Bee,Walk,http://localhost:3251@Bat,true,5,5
1784904805373,bear,Explore,null,true,-4,null
1784904805432,Bee,Talk,http://localhost:3251@brice,true,5,5
1784904805432,brice,Talk,http://localhost:3251@bear,true,5,5
1784904805594,alice,Talk,http://localhost:3251@brice,false,-5,-5
1784904805595,Ant,Talk,http://localhost:3251@alice,true,5,5
1784904806355,Bat,Fight,http://localhost:3251@Ant,true,5,5
1784904806356,Bee,Fight,http://localhost:3251@Bat,true,5,5
1784904806732,alice,Sing,http://localhost:3251@brice,false,4,-5
1784904806733,brice,Sing,http://localhost:3251@Bat,true,5,4
1784904807251,Ant,Explore,null,true,5,null
1784904807376,bear,Play,http://localhost:3251@brice,true,5,5
1784904807376,brice,Play,http://localhost:3251@bear,true,5,5
1784904807917,alice,Exercise,http://localhost:3251@Bee,true,5,5
1784904807917,Ant,Exercise,http://localhost:3251@alice,true,-2,5
1784904807980,Bat,Explore,null,false,-5,null
1784904808739,alice,Play,http://localhost:3251@brice,false,3,-5
1784904808740,Bat,Walk,http://localhost:3251@bear,true,5,5
1784904808740,bear,Walk,http://localhost:3251@alice,true,5,5
1784904808740,brice,Play,http://localhost:3251@Bat,false,4,3
1784904809054,Ant,Play,http://localhost:3251@Bee,true,-4,5
1784904809055,Bee,Play,http://localhost:3251@alice,true,5,5
1784904810170,alice,Play,http://localhost:3251@Bee,true,4,5
1784904810172,brice,Play,http://localhost:3251@alice,true,5,5
1784904810411,Bat,Walk,http://localhost:3251@Bee,true,5,5
1784904810411,Bee,Walk,http://localhost:3251@alice,true,5,5
1784904811087,Ant,Dance,http://localhost:3251@Bee,true,5,5
1784904811089,Bee,Dance,http://localhost:3251@Ant,true,5,5
1784904811445,alice,Sing,http://localhost:3251@bear,true,5,5
1784904811446,bear,Sing,http://localhost:3251@alice,true,5,5
1784904812189,Bat,Fight,http://localhost:3251@Bee,true,5,5
1784904812190,Bee,Fight,http://localhost:3251@alice,true,5,5
1784904812252,bear,Sing,http://localhost:3251@brice,true,5,5
1784904812253,brice,Sing,http://localhost:3251@Bat,true,5,4
1784904812419,alice,Dance,http://localhost:3251@Ant,true,5,5
1784904812419,Ant,Dance,http://localhost:3251@Bee,true,5,5
1784904813235,Bat,Fight,http://localhost:3251@Ant,true,5,5
1784904813237,bear,Fight,http://localhost:3251@Bat,true,5,5
1784904813841,Bee,Explore,null,true,-2,null
1784904814295,bear,Play,http://localhost:3251@brice,true,5,5
1784904814296,brice,Play,http://localhost:3251@Bat,true,5,5
1784904814749,alice,Fight,http://localhost:3251@Bee,true,5,5
1784904814750,Bee,Fight,http://localhost:3251@alice,true,5,5
1784904815481,bear,Exercise,http://localhost:3251@brice,true,5,5
1784904815482,Bee,Exercise,http://localhost:3251@bear,true,5,5
1784904815597,Bat,Play,http://localhost:3251@brice,true,5,5
1784904815597,brice,Play,http://localhost:3251@Bat,true,5,5
1784904816683,Ant,Explore,null,true,5,null
1784904816745,alice,Walk,http://localhost:3251@Bee,true,5,5
1784904816746,bear,Walk,http://localhost:3251@alice,true,5,5
1784904817457,bear,Sing,http://localhost:3251@Bee,false,4,-5
1784904817458,Bee,Sing,http://localhost:3251@Bat,true,5,5
1784904817878,brice,Explore,null,false,-5,null
1784904817997,alice,Dance,http://localhost:3251@Ant,true,5,5
1784904817998,Ant,Dance,http://localhost:3251@Bee,true,5,5
1784904818228,Bat,Dance,http://localhost:3251@alice,false,-5,-5
1784904818228,Bee,Dance,http://localhost:3251@Bat,true,5,5
1784904818856,bear,Fight,http://localhost:3251@brice,true,5,5
1784904818858,brice,Fight,http://localhost:3251@Bat,true,5,5
1784904819776,Ant,Exercise,http://localhost:3251@bear,false,-3,-5
1784904819777,Bat,Exercise,http://localhost:3251@Ant,true,5,5
1784904819886,alice,Dance,http://localhost:3251@Ant,true,5,5
1784904819886,Bee,Dance,http://localhost:3251@alice,true,5,5
1784904820075,bear,Exercise,http://localhost:3251@brice,true,5,5
1784904820076,brice,Exercise,http://localhost:3251@Bat,true,-1,5
1784904821106,Bat,Dance,http://localhost:3251@alice,false,-5,-5
1784904821107,brice,Dance,http://localhost:3251@Bat,true,5,5
1784904821408,Ant,Explore,null,true,5,null
1784904821854,alice,Walk,http://localhost:3251@Bee,true,5,5
1784904821855,bear,Walk,http://localhost:3251@alice,true,5,5
1784904822355,Bee,Sing,http://localhost:3251@brice,true,5,5
1784904822355,brice,Sing,http://localhost:3251@Bat,true,5,5
1784904822911,Ant,Explore,null,true,5,null
1784904822961,Bat,Dance,http://localhost:3251@alice,false,-5,-5
1784904822961,bear,Dance,http://localhost:3251@Bat,true,null,5
1784904823488,Bat,Exercise,http://localhost:3251@Bee,true,5,5
1784904823490,Bee,Exercise,http://localhost:3251@Ant,true,5,5
1784904823705,alice,Play,http://localhost:3251@Bee,true,5,5
1784904823706,brice,Play,http://localhost:3251@alice,true,5,5
1784904824206,Bat,Sing,http://localhost:3251@bear,true,5,5
1784904824207,bear,Sing,http://localhost:3251@alice,true,5,5
1784904824706,Ant,Play,http://localhost:3251@Bee,true,-3,5
1784904824707,Bee,Play,http://localhost:3251@alice,true,5,5
1784904824929,bear,Sing,http://localhost:3251@brice,true,5,5
1784904824930,brice,Sing,http://localhost:3251@Bat,true,5,5
1784904825539,alice,Play,http://localhost:3251@Bee,true,5,5
1784904825540,brice,Play,http://localhost:3251@alice,true,5,5
1784904825651,Bat,Talk,http://localhost:3251@Bee,true,-2,5
1784904825651,Bee,Talk,http://localhost:3251@Ant,true,5,5
1784904826212,alice,Sing,http://localhost:3251@bear,true,5,5
1784904826213,bear,Sing,http://localhost:3251@alice,true,5,5
1784904826328,Ant,Talk,http://localhost:3251@alice,true,5,5
1784904826329,brice,Talk,http://localhost:3251@Ant,true,5,5
1784904826677,Bat,Fight,http://localhost:3251@Ant,true,5,5
1784904826677,bear,Fight,http://localhost:3251@Bat,true,5,5
1784904826921,alice,Dance,http://localhost:3251@Bee,true,5,5
1784904826922,Bee,Dance,http://localhost:3251@alice,true,5,5
1784904827629,Bee,Sing,http://localhost:3251@brice,true,5,5
1784904827629,brice,Sing,http://localhost:3251@Bat,true,5,5
1784904827977,alice,Play,http://localhost:3251@Bat,true,5,null
1784904827977,Bat,Play,http://localhost:3251@Ant,true,5,5
1784904828254,Ant,Sing,http://localhost:3251@Bat,true,5,5
1784904828255,brice,Sing,http://localhost:3251@Ant,true,5,5
1784904828922,alice,Dance,http://localhost:3251@Bee,true,5,5
1784904828923,Bee,Dance,http://localhost:3251@alice,true,5,5
1784904829267,Ant,Dance,http://localhost:3251@Bat,true,5,5
1784904829267,Bat,Dance,http://localhost:3251@alice,false,-5,-5
1784904829883,alice,Fight,http://localhost:3251@Bee,true,5,5
1784904829884,Bat,Fight,http://localhost:3251@alice,true,5,-4
1784904830217,Bee,Sing,http://localhost:3251@Bat,true,5,5
1784904830218,brice,Sing,http://localhost:3251@Bee,true,5,3
1784904830489,alice,Dance,http://localhost:3251@Ant,true,5,5
1784904830489,Ant,Dance,http://localhost:3251@Bee,true,5,5
1784904830790,bear,Explore,null,false,-5,null
1784904831455,alice,Sing,http://localhost:3251@brice,false,4,-5
1784904831455,brice,Sing,http://localhost:3251@Bat,true,5,5
1784904831738,Bat,Walk,http://localhost:3251@brice,true,5,5
1784904831738,Bee,Walk,http://localhost:3251@Bat,true,5,5
1784904832016,Ant,Explore,null,true,5,null
1784904832442,alice,Fight,http://localhost:3251@Bee,true,5,5
1784904832442,Ant,Fight,http://localhost:3251@alice,true,1,5
1784904832794,bear,Sing,http://localhost:3251@brice,true,5,5
1784904832795,brice,Sing,http://localhost:3251@Bat,true,5,5
1784904833970,Bat,Explore,null,false,-5,null
1784904834539,Bat,Fight,http://localhost:3251@brice,true,5,5
1784904834540,brice,Fight,http://localhost:3251@Bat,true,5,5
1784904834598,alice,Exercise,http://localhost:3251@bear,true,5,5
1784904834599,bear,Exercise,http://localhost:3251@brice,true,5,5
1784904835275,Ant,Explore,null,true,5,null
1784904835398,Bat,Talk,http://localhost:3251@Bee,false,-3,4
1784904835399,Bee,Talk,http://localhost:3251@Ant,true,5,5
1784904835923,alice,Walk,http://localhost:3251@bear,true,5,5
1784904835924,bear,Walk,http://localhost:3251@alice,true,5,5
1784904836550,Ant,Dance,http://localhost:3251@Bee,true,5,5
1784904836551,Bat,Dance,http://localhost:3251@Ant,false,-5,4
1784904836974,Bee,Explore,null,false,-3,null
1784904837226,Bat,Dance,http://localhost:3251@brice,false,-5,4
1784904837228,brice,Dance,http://localhost:3251@Ant,true,5,5
1784904837860,alice,Dance,http://localhost:3251@Ant,true,5,5
1784904837861,Ant,Sing,http://localhost:3251@Bat,true,5,5
1784904837862,Bee,Sing,http://localhost:3251@Ant,true,5,5
1784904837862,brice,Dance,http://localhost:3251@alice,true,5,5
1784904838507,Ant,Play,http://localhost:3251@Bat,true,-2,5
1784904838508,Bat,Play,http://localhost:3251@Ant,true,5,5
1784904838893,bear,Explore,null,false,-5,null
1784904839116,Ant,Walk,http://localhost:3251@Bee,true,-3,5
1784904839117,Bat,Sing,http://localhost:3251@brice,true,5,5
1784904839117,Bee,Walk,http://localhost:3251@alice,true,5,5
1784904839117,brice,Sing,http://localhost:3251@Bat,true,5,5
1784904839614,alice,Exercise,http://localhost:3251@Bee,true,5,5
1784904839614,Bee,Exercise,http://localhost:3251@alice,true,5,5
1784904840049,Ant,Talk,http://localhost:3251@alice,true,5,5
1784904840050,Bee,Talk,http://localhost:3251@Ant,true,5,5
1784904840726,bear,Sing,http://localhost:3251@alice,true,5,5
1784904840727,brice,Sing,http://localhost:3251@bear,true,5,5
1784904841460,alice,Sing,http://localhost:3251@Bat,true,5,1
1784904841461,Bat,Sing,http://localhost:3251@alice,true,5,-3
1784904841910,Ant,Walk,http://localhost:3251@Bee,true,-2,5
1784904841911,brice,Walk,http://localhost:3251@Ant,true,5,5
1784904842416,Bat,Fight,http://localhost:3251@Ant,true,5,5
1784904842416,brice,Fight,http://localhost:3251@Bat,true,5,5
1784904842584,alice,Walk,http://localhost:3251@bear,true,5,5
1784904842585,bear,Walk,http://localhost:3251@alice,true,5,5
1784904843154,Ant,Walk,http://localhost:3251@Bee,false,-3,4
1784904843154,Bat,Walk,http://localhost:3251@Ant,true,5,5
1784904843672,bear,Walk,http://localhost:3251@brice,true,5,5
1784904843673,brice,Walk,http://localhost:3251@Ant,true,5,5
1784904843725,Bat,Exercise,http://localhost:3251@Bee,true,5,5
1784904843725,Bee,Exercise,http://localhost:3251@Ant,true,5,5
1784904844105,alice,Explore,null,false,-5,null
1784904844381,Ant,Walk,http://localhost:3251@Bee,true,-2,5
1784904844381,Bee,Walk,http://localhost:3251@Ant,true,5,5
1784904844799,alice,Exercise,http://localhost:3251@bear,true,5,5
1784904844801,bear,Exercise,http://localhost:3251@brice,true,5,5
1784904844905,Bat,Play,http://localhost:3251@brice,true,5,5
1784904844905,brice,Play,http://localhost:3251@Bat,true,5,5
1784904845507,Ant,Exercise,http://localhost:3251@bear,false,-4,-5
1784904845508,Bat,Exercise,http://localhost:3251@Ant,true,5,5
1784904845633,bear,Dance,http://localhost:3251@Bee,false,-1,-5
1784904845634,Bee,Dance,http://localhost:3251@alice,true,5,5
1784904846691,alice,Play,http://localhost:3251@Bee,true,5,5
1784904846692,bear,Play,http://localhost:3251@alice,true,5,5
1784904846804,Bat,Play,http://localhost:3251@Ant,true,5,5
1784904846805,Bee,Play,http://localhost:3251@Bat,true,5,5
1784904847638,Bat,Fight,http://localhost:3251@bear,true,5,5
1784904847639,bear,Fight,http://localhost:3251@alice,true,5,5
1784904847698,Ant,Explore,null,true,5,null
1784904848215,alice,Explore,null,true,-4,null
1784904848394,Ant,Talk,http://localhost:3251@Bee,true,5,5
1784904848394,Bee,Talk,http://localhost:3251@Ant,true,5,5
1784904848945,Bat,Walk,http://localhost:3251@brice,true,5,5
1784904848946,brice,Walk,http://localhost:3251@Bat,true,5,5
1784904849504,Bee,Talk,http://localhost:3251@Ant,true,5,5
1784904849506,brice,Talk,http://localhost:3251@Bee,true,5,4
1784904849566,alice,Sing,http://localhost:3251@Bat,false,4,null
1784904849569,Ant,Sing,http://localhost:3251@alice,true,5,5
1784904850831,Bat,Walk,http://localhost:3251@brice,true,5,5
1784904850831,brice,Walk,http://localhost:3251@Ant,true,5,5
1784904850899,alice,Sing,http://localhost:3251@Bat,false,3,-1
1784904850900,bear,Sing,http://localhost:3251@alice,true,5,5
1784904850962,Ant,Dance,http://localhost:3251@Bee,true,5,5
1784904850963,Bee,Dance,http://localhost:3251@alice,true,5,5
1784904852055,Ant,Fight,http://localhost:3251@bear,true,2,-4
1784904852056,Bat,Fight,http://localhost:3251@Ant,true,5,5
1784904852182,bear,Sing,http://localhost:3251@brice,true,5,5
1784904852183,brice,Sing,http://localhost:3251@Bat,true,5,5
1784904852608,alice,Fight,http://localhost:3251@Bee,true,5,5
1784904852609,bear,Fight,http://localhost:3251@alice,true,5,5
1784904852609,Bee,Explore,null,false,-4,null
1784904853100,Bat,Fight,http://localhost:3251@Ant,true,5,5
1784904853101,Bee,Fight,http://localhost:3251@Bat,true,5,5
1784904853722,Ant,Explore,null,true,5,null
1784904853961,bear,Sing,http://localhost:3251@alice,true,5,5
1784904853962,brice,Sing,http://localhost:3251@bear,true,5,5
1784904854458,Ant,Dance,http://localhost:3251@Bee,true,5,5
1784904854461,Bee,Dance,http://localhost:3251@alice,true,5,5
1784904855103,Bat,Play,http://localhost:3251@Ant,true,5,5
1784904855103,brice,Play,http://localhost:3251@Bat,true,5,5
1784904855458,Bee,Fight,http://localhost:3251@alice,true,5,5
1784904855459,brice,Fight,http://localhost:3251@Bee,true,5,5
1784904855582,alice,Fight,http://localhost:3251@Ant,true,5,5
1784904855584,Ant,Fight,http://localhost:3251@bear,false,1,-5
1784904856128,Bat,Talk,http://localhost:3251@alice,false,-4,-4
1784904856129,bear,Talk,http://localhost:3251@Bat,true,-3,5
1784904856500,Bat,Talk,http://localhost:3251@brice,true,-3,5
1784904856501,brice,Talk,http://localhost:3251@bear,true,5,5
1784904856788,alice,Dance,http://localhost:3251@Bee,true,5,5
1784904856789,Bee,Dance,http://localhost:3251@alice,true,5,5
1784904857505,Ant,Sing,http://localhost:3251@Bat,true,5,5
1784904857506,Bee,Sing,http://localhost:3251@Ant,true,5,5
1784904857688,bear,Explore,null,false,-5,null
1784904857860,alice,Sing,http://localhost:3251@Bat,true,4,null
1784904857861,Bat,Sing,http://localhost:3251@bear,true,5,5
1784904858706,Ant,Exercise,http://localhost:3251@bear,false,-5,-5
1784904858707,Bat,Exercise,http://localhost:3251@Ant,true,5,5
1784904858707,bear,Fight,http://localhost:3251@alice,true,5,5
1784904858708,brice,Fight,http://localhost:3251@bear,true,5,5
1784904859508,Ant,Play,http://localhost:3251@Bee,true,-1,5
1784904859508,Bee,Play,http://localhost:3251@alice,true,5,5
1784904859748,alice,Fight,http://localhost:3251@bear,true,5,5
1784904859748,bear,Fight,http://localhost:3251@alice,true,5,5
1784904860687,Bat,Play,http://localhost:3251@Ant,true,5,5
1784904860688,Bee,Play,http://localhost:3251@Bat,true,5,5
1784904861045,alice,Exercise,http://localhost:3251@bear,true,5,5
1784904861045,bear,Exercise,http://localhost:3251@brice,true,5,5
1784904861745,Ant,Explore,null,true,5,null
1784904862016,Bat,Walk,http://localhost:3251@brice,true,5,5
1784904862017,bear,Walk,http://localhost:3251@Bat,true,5,5
1784904862294,alice,Sing,http://localhost:3251@Bat,true,5,1
1784904862295,Bee,Sing,http://localhost:3251@alice,true,5,5
1784904862693,Ant,Fight,http://localhost:3251@bear,false,null,-5
1784904862694,Bee,Fight,http://localhost:3251@Ant,true,5,5
1784904863559,alice,Sing,http://localhost:3251@Bat,true,5,2
1784904863560,Bat,Sing,http://localhost:3251@alice,false,4,-5
1784904863726,Ant,Fight,http://localhost:3251@bear,true,1,-4
1784904863726,Bee,Fight,http://localhost:3251@Ant,true,5,5
1784904864076,bear,Sing,http://localhost:3251@brice,true,5,5
1784904864077,brice,Sing,http://localhost:3251@Bat,true,5,5
1784904864698,alice,Exercise,http://localhost:3251@Bee,true,5,5
1784904864699,bear,Exercise,http://localhost:3251@alice,true,5,5
1784904864805,Bat,Walk,http://localhost:3251@brice,true,5,5
1784904864805,Bee,Walk,http://localhost:3251@Bat,true,5,5
1784904865962,alice,Walk,http://localhost:3251@Bee,true,5,5
1784904865963,Bat,Walk,http://localhost:3251@alice,false,4,-5
1784904865964,Bee,Sing,http://localhost:3251@brice,true,5,5
1784904865965,brice,Sing,http://localhost:3251@Bat,true,5,5
1784904866899,Ant,Dance,http://localhost:3251@Bee,true,5,5
1784904866899,Bee,Dance,http://localhost:3251@Ant,true,5,5
1784904867860,Bat,Play,http://localhost:3251@Ant,true,5,5
1784904867861,Bee,Play,http://localhost:3251@Bat,true,5,5
1784904867927,alice,Walk,http://localhost:3251@Bee,true,5,5
1784904867928,Ant,Walk,http://localhost:3251@alice,true,-1,5
1784904868149,brice,Explore,null,true,-4,null
1784904868204,bear,Fight,http://localhost:3251@alice,true,5,5
1784904868205,Bee,Fight,http://localhost:3251@bear,true,5,5
1784904869010,Bat,Exercise,http://localhost:3251@brice,true,5,5
1784904869011,Bee,Exercise,http://localhost:3251@Bat,true,5,5
1784904869193,alice,Dance,http://localhost:3251@Ant,true,5,5
1784904869194,bear,Dance,http://localhost:3251@alice,true,null,5
1784904869874,alice,Play,http://localhost:3251@Ant,true,5,5
1784904869875,Ant,Play,http://localhost:3251@bear,false,-2,-5
1784904870562,alice,Play,http://localhost:3251@bear,true,5,5
1784904870563,bear,Play,http://localhost:3251@brice,true,5,5
1784904871040,Bee,Sing,http://localhost:3251@Bat,true,5,5
1784904871041,brice,Sing,http://localhost:3251@Bee,true,5,5
1784904871558,bear,Fight,http://localhost:3251@alice,true,5,5
1784904871559,brice,Fight,http://localhost:3251@bear,true,5,5
1784904871683,Bat,Sing,http://localhost:3251@bear,false,3,4
1784904871683,Bee,Sing,http://localhost:3251@Bat,true,5,5
1784904871862,alice,Play,http://localhost:3251@Bee,true,5,5
1784904871863,Ant,Play,http://localhost:3251@alice,false,-3,4
1784904872938,alice,Play,http://localhost:3251@bear,true,5,5
1784904872938,bear,Play,http://localhost:3251@brice,true,5,5
1784904872938,Bee,Sing,http://localhost:3251@brice,true,5,5
1784904872939,brice,Sing,http://localhost:3251@Bat,true,5,5
1784904873542,Ant,Explore,null,false,4,null
1784904873668,Bat,Sing,http://localhost:3251@bear,true,4,5
1784904873669,bear,Sing,http://localhost:3251@Bat,true,5,5
1784904874947,alice,Play,http://localhost:3251@Bee,true,5,5
1784904874948,bear,Play,http://localhost:3251@alice,true,5,5
1784904875010,Bat,Play,http://localhost:3251@Ant,true,5,5
1784904875010,Bee,Play,http://localhost:3251@Bat,true,5,5
1784904875360,Bee,Fight,http://localhost:3251@brice,true,5,5
1784904875361,brice,Fight,http://localhost:3251@Bat,true,5,5
1784904875842,Ant,Explore,null,true,5,null
1784904875958,Bat,Fight,http://localhost:3251@bear,true,5,5
1784904875959,bear,Fight,http://localhost:3251@alice,true,5,5
1784904876246,alice,Sing,http://localhost:3251@Bat,true,5,3
1784904876248,Bee,Sing,http://localhost:3251@alice,true,5,5
1784904876648,Bat,Sing,http://localhost:3251@brice,true,5,5
1784904876649,brice,Sing,http://localhost:3251@Bat,true,5,5
1784904877139,alice,Dance,http://localhost:3251@Ant,true,5,5
1784904877140,Ant,Dance,http://localhost:3251@Bee,true,5,5
1784904877421,Bat,Exercise,http://localhost:3251@Bee,true,5,5
1784904877422,Bee,Exercise,http://localhost:3251@Ant,true,5,5
1784904877890,bear,Walk,http://localhost:3251@alice,true,5,5
1784904877891,brice,Walk,http://localhost:3251@bear,true,5,5
1784904878447,Ant,Walk,http://localhost:3251@Bee,true,null,5
1784904878448,Bat,Walk,http://localhost:3251@Ant,true,5,5
1784904878630,Bee,Exercise,http://localhost:3251@Ant,true,5,5
1784904878631,brice,Exercise,http://localhost:3251@Bee,true,null,5
1784904879776,Ant,Sing,http://localhost:3251@Bat,true,5,5
1784904879777,bear,Sing,http://localhost:3251@Ant,false,4,-5
1784904880142,alice,Explore,null,false,-5,null
1784904880143,Bat,Fight,http://localhost:3251@Ant,true,5,5
1784904880144,Bee,Fight,http://localhost:3251@Bat,true,5,5
1784904881101,alice,Walk,http://localhost:3251@bear,true,5,5
1784904881102,bear,Walk,http://localhost:3251@alice,true,5,5
1784904881396,Ant,Explore,null,false,4,null
1784904881459,Bat,Play,http://localhost:3251@Ant,true,5,5
1784904881460,brice,Play,http://localhost:3251@Bat,true,5,5
1784904882423,alice,Walk,http://localhost:3251@Bee,true,5,5
1784904882425,bear,Sing,http://localhost:3251@alice,true,5,5
1784904882427,Bee,Walk,http://localhost:3251@alice,true,5,5
1784904882428,brice,Sing,http://localhost:3251@bear,true,5,5
1784904883364,alice,Play,http://localhost:3251@Ant,true,5,5
1784904883365,Ant,Play,http://localhost:3251@bear,false,-4,-5
1784904883428,Bat,Dance,http://localhost:3251@alice,false,-5,-5
1784904883428,Bee,Dance,http://localhost:3251@Bat,true,5,5
1784904884293,Bat,Exercise,http://localhost:3251@bear,true,5,5
1784904884294,bear,Exercise,http://localhost:3251@brice,true,5,5
1784904884408,Ant,Fight,http://localhost:3251@bear,true,2,-4
1784904884408,brice,Fight,http://localhost:3251@Ant,true,5,5
1784904884568,alice,Exercise,http://localhost:3251@Bee,true,5,5
1784904884569,Bee,Exercise,http://localhost:3251@alice,true,5,5
1784904885526,Bat,Play,http://localhost:3251@Ant,true,5,5
1784904885527,brice,Play,http://localhost:3251@Bat,true,5,5
1784904885812,alice,Dance,http://localhost:3251@Ant,true,5,5
1784904885813,bear,Dance,http://localhost:3251@alice,true,1,5
1784904885926,Ant,Explore,null,true,5,null
1784904886750,Bee,Explore,null,false,-5,null
1784904886805,alice,Talk,http://localhost:3251@brice,false,-5,-5
1784904886805,Ant,Talk,http://localhost:3251@alice,true,5,5
1784904886806,bear,Sing,http://localhost:3251@brice,true,5,5
1784904886806,brice,Sing,http://localhost:3251@Bat,true,5,5
1784904887283,Bat,Fight,http://localhost:3251@Ant,true,5,5
1784904887284,Bee,Fight,http://localhost:3251@Bat,true,5,5
1784904887848,Bat,Fight,http://localhost:3251@bear,true,5,5
1784904887849,bear,Fight,http://localhost:3251@alice,true,5,5
1784904888141,alice,Walk,http://localhost:3251@Bee,true,5,5
1784904888143,Bee,Walk,http://localhost:3251@alice,true,5,5
1784904889020,brice,Explore,null,false,-5,null
1784904889080,Ant,Explore,null,true,5,null
1784904889137,alice,Sing,http://localhost:3251@Bat,true,5,4
1784904889139,Bat,Sing,http://localhost:3251@bear,true,5,5
1784904889828,Bat,Play,http://localhost:3251@bear,true,5,5
1784904889829,bear,Play,http://localhost:3251@brice,true,5,5
1784904889991,Ant,Exercise,http://localhost:3251@Bee,true,-4,5
1784904889992,Bee,Exercise,http://localhost:3251@Ant,true,5,5
1784904890438,alice,Dance,http://localhost:3251@Ant,true,5,5
1784904890439,brice,Dance,http://localhost:3251@alice,true,5,5
1784904890785,Ant,Fight,http://localhost:3251@Bat,true,3,5
1784904890786,Bat,Fight,http://localhost:3251@Ant,true,5,5
1784904891243,alice,Sing,http://localhost:3251@Bee,true,5,5
1784904891244,Bee,Sing,http://localhost:3251@Bat,true,5,5
1784904892072,Bat,Sing,http://localhost:3251@bear,true,5,5
1784904892072,brice,Sing,http://localhost:3251@Bat,true,5,5
1784904892126,bear,Talk,http://localhost:3251@Ant,false,-4,-5
1784904892128,Bee,Talk,http://localhost:3251@bear,true,5,5
1784904892349,Ant,Explore,null,true,5,null
1784904893072,alice,Exercise,http://localhost:3251@Bee,true,5,5
1784904893073,Bee,Exercise,http://localhost:3251@alice,true,5,5
1784904893386,Ant,Sing,http://localhost:3251@Bat,true,5,5
1784904893387,Bat,Sing,http://localhost:3251@bear,true,5,5
1784904894127,alice,Sing,http://localhost:3251@bear,true,5,5
1784904894128,bear,Sing,http://localhost:3251@alice,true,5,5
1784904894128,Bee,Play,http://localhost:3251@brice,true,5,5
1784904894129,brice,Play,http://localhost:3251@Bat,true,5,5
1784904895373,Ant,Sing,http://localhost:3251@Bat,true,5,5
1784904895374,Bee,Sing,http://localhost:3251@Ant,true,5,5
1784904895492,alice,Dance,http://localhost:3251@Ant,true,5,5
1784904895493,bear,Dance,http://localhost:3251@alice,true,2,5
1784904895665,Bat,Explore,null,true,-4,null
1784904895724,brice,Explore,null,true,-4,null
1784904897035,Ant,Sing,http://localhost:3251@Bat,true,5,5
1784904897037,Bat,Sing,http://localhost:3251@bear,true,5,5
1784904897086,bear,Play,http://localhost:3251@brice,true,5,5
1784904897087,brice,Play,http://localhost:3251@Bat,true,5,5
1784904897773,alice,Talk,http://localhost:3251@Bee,true,-4,5
1784904897775,Bee,Talk,http://localhost:3251@Ant,true,5,5
1784904898342,Ant,Exercise,http://localhost:3251@bear,true,-3,-3
1784904898343,Bee,Exercise,http://localhost:3251@Ant,true,5,5
1784904898530,alice,Walk,http://localhost:3251@bear,true,5,5
1784904898531,bear,Walk,http://localhost:3251@alice,true,5,5
1784904899071,Ant,Walk,http://localhost:3251@Bat,true,1,5
1784904899072,Bat,Walk,http://localhost:3251@brice,true,5,5
1784904899672,Bee,Walk,http://localhost:3251@alice,true,5,5
1784904899672,brice,Walk,http://localhost:3251@Bee,true,5,5
1784904899848,Bat,Sing,http://localhost:3251@bear,true,5,5
1784904899849,bear,Sing,http://localhost:3251@alice,true,5,5
1784904900293,Ant,Walk,http://localhost:3251@Bee,true,2,5
1784904900294,Bee,Walk,http://localhost:3251@Ant,true,5,5
1784904900931,alice,Walk,http://localhost:3251@brice,true,5,-4
1784904900932,brice,Walk,http://localhost:3251@Ant,true,5,5
1784904901814,alice,Sing,http://localhost:3251@bear,true,5,5
1784904901816,bear,Sing,http://localhost:3251@alice,true,5,5
1784904901864,Ant,Explore,null,true,5,null
1784904902226,Bat,Dance,http://localhost:3251@Bee,true,-4,5
1784904902226,Bee,Dance,http://localhost:3251@alice,true,5,5
1784904902529,brice,Explore,null,false,-5,null
1784904903152,alice,Dance,http://localhost:3251@Ant,true,5,5
1784904903153,Ant,Dance,http://localhost:3251@alice,true,5,5
1784904903280,Bat,Fight,http://localhost:3251@Ant,true,5,5
1784904903280,brice,Fight,http://localhost:3251@Bat,true,5,5
1784904903526,bear,Explore,null,true,-4,null
1784904904193,alice,Sing,http://localhost:3251@Bee,true,5,5
1784904904194,Bee,Sing,http://localhost:3251@Bat,true,5,5
1784904904530,Ant,Dance,http://localhost:3251@brice,true,5,-1
1784904904531,brice,Dance,http://localhost:3251@Ant,true,5,5
1784904905283,Bat,Sing,http://localhost:3251@bear,true,5,5
1784904905283,bear,Sing,http://localhost:3251@Bat,true,5,5
1784904905832,alice,Explore,null,false,-5,null
1784904905895,Bee,Fight,http://localhost:3251@alice,true,5,5
1784904905896,brice,Fight,http://localhost:3251@Bee,true,5,5
1784904905958,Ant,Dance,http://localhost:3251@Bee,true,5,5
1784904905959,Bat,Dance,http://localhost:3251@Ant,false,-5,4
1784904906631,alice,Dance,http://localhost:3251@bear,true,5,5
1784904906632,bear,Dance,http://localhost:3251@Bee,false,1,-5
1784904907247,Bat,Dance,http://localhost:3251@brice,false,-5,4
1784904907249,brice,Dance,http://localhost:3251@Ant,true,5,5
1784904907626,Bee,Talk,http://localhost:3251@Ant,true,5,5
1784904907627,brice,Talk,http://localhost:3251@Bee,true,5,5
1784904908299,Bat,Fight,http://localhost:3251@Ant,true,5,5
1784904908299,Bee,Fight,http://localhost:3251@Bat,true,5,5
1784904908677,Bee,Fight,http://localhost:3251@brice,true,5,5
1784904908678,brice,Fight,http://localhost:3251@Bat,true,5,5
1784904909364,alice,Sing,http://localhost:3251@Bat,true,5,5
1784904909365,Bee,Sing,http://localhost:3251@alice,true,5,5
1784904909679,Ant,Explore,null,true,5,null
1784904910042,alice,Play,http://localhost:3251@brice,false,4,-5
1784904910043,brice,Play,http://localhost:3251@Bat,true,5,5
1784904910415,alice,Talk,http://localhost:3251@bear,true,-3,5
1784904910415,bear,Talk,http://localhost:3251@Ant,true,-3,-4
1784904910713,Bee,Walk,http://localhost:3251@alice,true,5,5
1784904910714,brice,Walk,http://localhost:3251@Bee,true,5,5
1784904911645,alice,Sing,http://localhost:3251@Bat,true,5,5
1784904911646,Bat,Sing,http://localhost:3251@bear,true,5,5
1784904911697,Ant,Sing,http://localhost:3251@bear,true,5,-2
1784904911697,bear,Sing,http://localhost:3251@alice,true,5,5
1784904912528,alice,Exercise,http://localhost:3251@Bee,true,5,5
1784904912529,Bee,Exercise,http://localhost:3251@Ant,true,5,5
1784904912655,Ant,Fight,http://localhost:3251@Bat,true,4,5
1784904912655,Bat,Fight,http://localhost:3251@Ant,true,5,5
1784904913349,bear,Play,http://localhost:3251@brice,true,5,5
1784904913350,brice,Play,http://localhost:3251@Bat,true,5,5
1784904913860,Bat,Sing,http://localhost:3251@Bee,true,5,5
1784904913861,Bee,Sing,http://localhost:3251@Bat,true,5,5
1784904914508,Ant,Dance,http://localhost:3251@Bee,true,5,5
1784904914509,Bee,Dance,http://localhost:3251@Ant,true,5,5
1784904914670,alice,Explore,null,false,-5,null
1784904914975,Bat,Exercise,http://localhost:3251@brice,true,5,5
1784904914975,bear,Exercise,http://localhost:3251@Bat,true,5,5
1784904915789,Ant,Walk,http://localhost:3251@Bee,true,3,5
1784904915789,brice,Walk,http://localhost:3251@Ant,true,5,5
1784904916227,Bat,Sing,http://localhost:3251@bear,true,5,5
1784904916228,Bee,Sing,http://localhost:3251@Bat,true,5,5
1784904916884,bear,Dance,http://localhost:3251@Bee,true,2,-4
1784904916886,brice,Dance,http://localhost:3251@bear,true,5,5
1784904917468,Ant,Exercise,http://localhost:3251@bear,false,-4,-3
1784904917470,Bee,Exercise,http://localhost:3251@Ant,true,5,5
1784904917746,Bat,Explore,null,false,-5,null
1784904918370,brice,Explore,null,false,-5,null
1784904918720,alice,Sing,http://localhost:3251@Ant,true,5,5
1784904918721,Ant,Sing,http://localhost:3251@Bat,true,5,5
1784904918987,Bat,Walk,http://localhost:3251@brice,true,5,5
1784904918987,brice,Walk,http://localhost:3251@Bat,true,5,5
1784904919103,Ant,Fight,http://localhost:3251@Bee,true,5,5
1784904919104,Bee,Fight,http://localhost:3251@alice,true,5,5
1784904919927,bear,Exercise,http://localhost:3251@brice,true,5,5
1784904919928,brice,Exercise,http://localhost:3251@bear,true,1,5
1784904919990,alice,Walk,http://localhost:3251@Bee,true,5,5
1784904919990,Ant,Walk,http://localhost:3251@alice,true,4,5
1784904920787,Bat,Exercise,http://localhost:3251@brice,true,5,5
1784904920788,bear,Exercise,http://localhost:3251@Bat,true,5,5
1784904920997,alice,Sing,http://localhost:3251@Bee,true,5,5
1784904920997,Bee,Sing,http://localhost:3251@Bat,true,5,5
1784904921837,Bee,Dance,http://localhost:3251@brice,true,5,5
1784904921837,brice,Dance,http://localhost:3251@Ant,true,5,5
1784904922279,Bat,Explore,null,false,-5,null
1784904922497,alice,Explore,null,false,-5,null
1784904922499,bear,Exercise,http://localhost:3251@brice,true,5,5
1784904922499,brice,Exercise,http://localhost:3251@bear,false,null,4
1784904923115,Ant,Sing,http://localhost:3251@Bat,true,5,5
1784904923116,Bat,Sing,http://localhost:3251@Ant,true,5,5
1784904923614,Bat,Exercise,http://localhost:3251@bear,true,5,5
1784904923615,bear,Exercise,http://localhost:3251@brice,true,5,5
1784904923725,alice,Play,http://localhost:3251@Bee,true,5,5
1784904923726,Ant,Play,http://localhost:3251@alice,false,-5,4
1784904924357,Bat,Sing,http://localhost:3251@brice,true,5,5
1784904924358,brice,Sing,http://localhost:3251@Bat,true,5,5
1784904924697,Ant,Talk,http://localhost:3251@alice,true,5,5
1784904924697,Bee,Talk,http://localhost:3251@Ant,true,5,5
1784904924872,alice,Play,http://localhost:3251@bear,true,5,5
1784904924872,bear,Play,http://localhost:3251@brice,true,5,5
1784904925331,Ant,Fight,http://localhost:3251@Bat,true,5,5
1784904925332,Bat,Fight,http://localhost:3251@Ant,true,5,5
1784904925664,alice,Talk,http://localhost:3251@Bee,true,-2,5
1784904925664,Bee,Talk,http://localhost:3251@Ant,true,5,5
1784904926606,alice,Sing,http://localhost:3251@Ant,true,5,5
1784904926607,Ant,Sing,http://localhost:3251@Bat,true,5,5
1784904926607,Bat,Walk,http://localhost:3251@brice,true,5,5
1784904926607,brice,Walk,http://localhost:3251@Bat,true,5,5
1784904927091,bear,Explore,null,false,-5,null
1784904927313,Bee,Fight,http://localhost:3251@alice,true,5,5
1784904927314,brice,Fight,http://localhost:3251@Bee,true,5,5
1784904927592,Bat,Fight,http://localhost:3251@Ant,true,5,5
1784904927594,bear,Fight,http://localhost:3251@Bat,true,5,5
1784904928230,alice,Fight,http://localhost:3251@Bee,true,5,5
1784904928231,Bee,Fight,http://localhost:3251@alice,true,5,5
1784904928522,Ant,Sing,http://localhost:3251@Bat,true,5,5
1784904928523,Bat,Sing,http://localhost:3251@Ant,true,5,5
1784904928586,bear,Talk,http://localhost:3251@Ant,false,-4,-5
1784904928587,brice,Talk,http://localhost:3251@bear,true,5,5
1784904929517,alice,Sing,http://localhost:3251@Bat,true,5,5
1784904929518,Ant,Sing,http://localhost:3251@alice,true,5,5
1784904929871,Bee,Dance,http://localhost:3251@brice,true,5,5
1784904929872,brice,Dance,http://localhost:3251@Ant,true,5,5
1784904930466,alice,Walk,http://localhost:3251@Bat,true,5,5
1784904930466,Bat,Walk,http://localhost:3251@brice,true,5,5
1784904931093,Ant,Explore,null,true,5,null
1784904931145,alice,Walk,http://localhost:3251@bear,true,5,5
1784904931145,bear,Walk,http://localhost:3251@alice,true,5,5
1784904931452,Bat,Fight,http://localhost:3251@Ant,true,5,5
1784904931452,brice,Fight,http://localhost:3251@Bat,true,5,5
1784904931832,alice,Sing,http://localhost:3251@Bee,true,5,5
1784904931833,Bee,Sing,http://localhost:3251@Bat,true,5,5
1784904932483,Ant,Play,http://localhost:3251@bear,false,-5,-4
1784904932483,Bat,Play,http://localhost:3251@Ant,true,5,5
1784904932484,bear,Walk,http://localhost:3251@alice,true,5,5
1784904932485,brice,Walk,http://localhost:3251@bear,true,5,5
1784904933094,alice,Play,http://localhost:3251@Bee,true,5,5
1784904933095,Ant,Play,http://localhost:3251@alice,false,-5,4
1784904933747,alice,Sing,http://localhost:3251@bear,true,5,5
1784904933748,bear,Sing,http://localhost:3251@alice,true,5,5
1784904934092,alice,Talk,http://localhost:3251@Bee,true,-1,5
1784904934093,Bee,Talk,http://localhost:3251@Ant,true,5,5
1784904934373,Bat,Dance,http://localhost:3251@brice,true,-4,5
1784904934374,brice,Dance,http://localhost:3251@Ant,true,5,5
1784904934718,Ant,Fight,http://localhost:3251@bear,true,5,-3
1784904934718,bear,Fight,http://localhost:3251@alice,true,5,5
1784904935380,alice,Play,http://localhost:3251@Bee,true,5,5
1784904935380,bear,Play,http://localhost:3251@alice,true,5,5
1784904935499,Bat,Exercise,http://localhost:3251@brice,true,5,5
1784904935499,Bee,Exercise,http://localhost:3251@Bat,true,5,5
1784904936315,Ant,Explore,null,true,5,null
1784904936316,Bee,Dance,http://localhost:3251@brice,true,5,5
1784904936316,brice,Dance,http://localhost:3251@Ant,true,5,5
1784904936648,Bat,Walk,http://localhost:3251@bear,true,5,5
1784904936649,bear,Walk,http://localhost:3251@alice,true,5,5
1784904937315,alice,Sing,http://localhost:3251@Bat,true,5,5
1784904937316,Ant,Sing,http://localhost:3251@alice,true,5,5
1784904937760,Bat,Exercise,http://localhost:3251@brice,true,5,5
1784904937760,brice,Exercise,http://localhost:3251@Bat,false,-1,4
1784904938202,alice,Dance,http://localhost:3251@Bee,true,5,5
1784904938203,Bee,Dance,http://localhost:3251@alice,true,5,5
1784904938264,Ant,Fight,http://localhost:3251@bear,true,5,-2
1784904938265,bear,Fight,http://localhost:3251@Ant,true,5,-4
1784904938871,Bee,Exercise,http://localhost:3251@brice,true,5,5
1784904938871,brice,Exercise,http://localhost:3251@Bat,true,null,5
1784904939204,bear,Talk,http://localhost:3251@Ant,false,-5,-5
1784904939205,brice,Talk,http://localhost:3251@bear,true,5,5
1784904939605,Bat,Walk,http://localhost:3251@brice,true,5,5
1784904939605,Bee,Walk,http://localhost:3251@Bat,true,5,5
1784904940047,alice,Play,http://localhost:3251@Bee,true,5,5
1784904940047,brice,Play,http://localhost:3251@alice,true,5,5
1784904940710,Ant,Play,http://localhost:3251@bear,false,-5,-3
1784904940711,brice,Play,http://localhost:3251@Ant,true,5,5
1784904940770,Bat,Exercise,http://localhost:3251@brice,true,5,5
1784904940771,bear,Exercise,http://localhost:3251@Bat,true,5,5
1784904941000,alice,Fight,http://localhost:3251@Bee,true,5,5
1784904941000,Bee,Fight,http://localhost:3251@alice,true,5,5
1784904941688,Ant,Fight,http://localhost:3251@bear,true,5,-2
1784904941688,bear,Talk,http://localhost:3251@brice,true,-4,5
1784904941688,Bee,Fight,http://localhost:3251@Ant,true,5,5
1784904941688,brice,Talk,http://localhost:3251@bear,true,5,5
1784904942015,alice,Play,http://localhost:3251@Bat,true,5,5
1784904942016,Bat,Play,http://localhost:3251@Ant,true,5,5
1784904943073,Bee,Walk,http://localhost:3251@alice,true,5,5
1784904943074,brice,Walk,http://localhost:3251@Bee,true,5,5
1784904943293,Bat,Fight,http://localhost:3251@bear,true,5,5
1784904943293,bear,Fight,http://localhost:3251@alice,true,5,5
1784904943570,alice,Explore,null,true,-4,null
1784904944182,Bat,Exercise,http://localhost:3251@brice,true,5,5
1784904944182,brice,Exercise,http://localhost:3251@Bat,false,-1,4
1784904944525,alice,Play,http://localhost:3251@bear,true,5,5
1784904944525,bear,Play,http://localhost:3251@brice,true,5,5
1784904945200,Ant,Explore,null,true,5,null
1784904945201,Bee,Explore,null,true,-4,null
1784904945921,alice,Fight,http://localhost:3251@Bat,true,5,5
1784904945922,Bat,Fight,http://localhost:3251@Ant,true,5,5
1784904946083,bear,Dance,http://localhost:3251@brice,true,3,5
1784904946083,brice,Dance,http://localhost:3251@Ant,true,5,5
1784904946548,alice,Walk,http://localhost:3251@Bee,true,5,5
1784904946549,Bee,Walk,http://localhost:3251@alice,true,5,5
1784904946900,Bat,Talk,http://localhost:3251@alice,false,-4,-5
1784904946900,Bee,Talk,http://localhost:3251@Bat,true,5,5
1784904947604,Ant,Fight,http://localhost:3251@bear,true,5,-1
1784904947605,brice,Fight,http://localhost:3251@Ant,true,5,5
1784904948043,Bat,Play,http://localhost:3251@bear,true,5,5
1784904948044,bear,Play,http://localhost:3251@brice,true,5,5
1784904948093,alice,Explore,null,true,-3,null
1784904948748,alice,Play,http://localhost:3251@Bee,true,5,5
1784904948749,Bee,Play,http://localhost:3251@alice,true,5,5
1784904949072,Ant,Explore,null,true,5,null
1784904949503,bear,Explore,null,false,-5,null
1784904949558,Bat,Talk,http://localhost:3251@alice,false,-5,-5
1784904949559,Bee,Talk,http://localhost:3251@Bat,true,5,5
1784904950071,Ant,Walk,http://localhost:3251@brice,true,5,null
1784904950071,brice,Walk,http://localhost:3251@Ant,true,5,5
1784904950464,Bat,Talk,http://localhost:3251@bear,false,-5,4
1784904950465,bear,Talk,http://localhost:3251@Ant,false,-5,-5
1784904950701,alice,Exercise,http://localhost:3251@Bee,true,5,5
1784904950702,Bee,Exercise,http://localhost:3251@Ant,true,5,5
1784904951041,alice,Talk,http://localhost:3251@Ant,false,-2,4
1784904951043,Ant,Talk,http://localhost:3251@alice,true,5,5
1784904951159,Bee,Fight,http://localhost:3251@brice,true,5,5
1784904951160,brice,Fight,http://localhost:3251@Bat,true,5,5
1784904951726,alice,Dance,http://localhost:3251@bear,true,5,5
1784904951728,bear,Dance,http://localhost:3251@Bee,false,2,-5
1784904952293,Ant,Sing,http://localhost:3251@Bat,true,5,5
1784904952294,Bee,Sing,http://localhost:3251@Ant,true,5,5
1784904952349,Bat,Play,http://localhost:3251@Ant,true,5,5
1784904952350,bear,Play,http://localhost:3251@Bat,true,5,5
1784904952795,Bat,Fight,http://localhost:3251@brice,true,5,5
1784904952795,brice,Fight,http://localhost:3251@Bat,true,5,5
1784904952960,alice,Sing,http://localhost:3251@Bat,true,5,5
1784904952960,bear,Sing,http://localhost:3251@alice,true,5,5
1784904953514,Ant,Walk,http://localhost:3251@Bee,true,5,5
1784904953514,Bat,Walk,http://localhost:3251@Ant,true,5,5
1784904954216,bear,Sing,http://localhost:3251@alice,true,5,5
1784904954217,brice,Sing,http://localhost:3251@bear,true,5,5
1784904954889,alice,Sing,http://localhost:3251@Bat,true,5,5
1784904954889,bear,Sing,http://localhost:3251@alice,true,5,5
1784904955266,bear,Talk,http://localhost:3251@brice,true,-4,5
1784904955266,brice,Talk,http://localhost:3251@bear,true,5,5
1784904955518,Ant,Play,http://localhost:3251@bear,true,-4,null
1784904955519,Bat,Play,http://localhost:3251@Ant,true,5,5
1784904956096,alice,Exercise,http://localhost:3251@Bee,true,5,5
1784904956097,Bat,Exercise,http://localhost:3251@alice,true,5,-4
1784904956437,Bee,Explore,null,false,-5,null
1784904956840,Ant,Walk,http://localhost:3251@Bee,true,5,5
1784904956840,Bat,Walk,http://localhost:3251@Ant,true,5,5
1784904957397,alice,Walk,http://localhost:3251@Bee,true,5,5
1784904957398,bear,Walk,http://localhost:3251@alice,true,5,5
1784904957869,Bat,Walk,http://localhost:3251@brice,true,5,5
1784904957870,brice,Walk,http://localhost:3251@Ant,true,5,5
1784904958186,Ant,Talk,http://localhost:3251@Bee,true,5,5
1784904958186,Bee,Talk,http://localhost:3251@Ant,true,5,5
1784904958797,alice,Sing,http://localhost:3251@Bat,true,5,5
1784904958798,bear,Sing,http://localhost:3251@alice,true,5,5
1784904958908,Bee,Fight,http://localhost:3251@brice,true,5,5
1784904958909,brice,Fight,http://localhost:3251@Bat,true,5,5
1784904959126,Ant,Exercise,http://localhost:3251@Bat,true,-3,5
1784904959127,Bat,Exercise,http://localhost:3251@brice,true,5,5
1784904959726,alice,Fight,http://localhost:3251@Bee,true,5,5
1784904959727,Ant,Fight,http://localhost:3251@alice,true,5,5
1784904960030,bear,Sing,http://localhost:3251@alice,true,5,5
1784904960031,brice,Sing,http://localhost:3251@bear,true,5,5
1784904960754,Bee,Sing,http://localhost:3251@Bat,true,5,5
1784904960755,brice,Sing,http://localhost:3251@Bee,true,5,5
1784904961521,alice,Exercise,http://localhost:3251@Bee,true,5,5
1784904961522,Bee,Exercise,http://localhost:3251@alice,true,5,5
1784904961837,bear,Exercise,http://localhost:3251@brice,true,5,5
1784904961838,brice,Exercise,http://localhost:3251@bear,false,-2,4
1784904962027,Ant,Explore,null,true,5,null
1784904962336,Bat,Walk,http://localhost:3251@brice,true,5,5
1784904962338,Bee,Walk,http://localhost:3251@Bat,true,5,5
1784904962857,alice,Play,http://localhost:3251@Bee,true,5,5
1784904962857,Ant,Play,http://localhost:3251@alice,false,-5,4
1784904963346,Bat,Talk,http://localhost:3251@alice,false,-5,-5
1784904963346,bear,Talk,http://localhost:3251@Bat,true,-3,5
1784904963535,Ant,Exercise,http://localhost:3251@Bee,false,-4,4
1784904963536,Bee,Exercise,http://localhost:3251@Ant,true,5,5
1784904964093,alice,Exercise,http://localhost:3251@Bee,true,5,5
1784904964093,bear,Exercise,http://localhost:3251@alice,true,5,5
1784904964648,Ant,Play,http://localhost:3251@Bat,true,-4,5
1784904964649,Bat,Play,http://localhost:3251@Ant,true,5,5
1784904965348,Ant,Dance,http://localhost:3251@bear,true,5,1
1784904965349,bear,Dance,http://localhost:3251@Bee,true,3,-4
1784904965837,Bee,Play,http://localhost:3251@brice,true,5,5
1784904965837,brice,Play,http://localhost:3251@Bat,true,5,5
1784904966666,bear,Sing,http://localhost:3251@alice,true,5,5
1784904966667,Bee,Sing,http://localhost:3251@bear,true,5,5
1784904966728,alice,Dance,http://localhost:3251@Ant,true,5,5
1784904966729,brice,Dance,http://localhost:3251@alice,true,5,5
1784904967303,Bat,Walk,http://localhost:3251@brice,true,5,5
1784904967304,bear,Walk,http://localhost:3251@Bat,true,5,5
1784904967773,bear,Fight,http://localhost:3251@brice,true,5,5
1784904967774,brice,Fight,http://localhost:3251@Bat,true,5,5
1784904967948,Ant,Walk,http://localhost:3251@Bee,true,5,5
1784904967949,Bat,Walk,http://localhost:3251@Ant,true,5,5
1784904968302,alice,Explore,null,true,-2,null
1784904968797,Bat,Fight,http://localhost:3251@bear,true,5,5
1784904968797,bear,Fight,http://localhost:3251@alice,true,5,5
1784904969353,Ant,Sing,http://localhost:3251@Bat,true,5,5
1784904969353,brice,Sing,http://localhost:3251@Ant,true,5,5
1784904969664,alice,Dance,http://localhost:3251@Ant,true,5,5
1784904969664,Bee,Dance,http://localhost:3251@alice,true,5,5
1784904970152,Ant,Sing,http://localhost:3251@Bat,true,5,5
1784904970153,Bat,Sing,http://localhost:3251@bear,true,5,5
1784904970720,Ant,Talk,http://localhost:3251@Bee,true,5,5
1784904970721,bear,Walk,http://localhost:3251@brice,true,5,5
1784904970722,Bee,Talk,http://localhost:3251@Ant,true,5,5
1784904970722,brice,Walk,http://localhost:3251@Ant,true,5,5
1784904971539,Bat,Walk,http://localhost:3251@brice,true,5,5
1784904971539,brice,Walk,http://localhost:3251@Bat,true,5,5
1784904971728,alice,Play,http://localhost:3251@Bee,true,5,5
1784904971729,Ant,Play,http://localhost:3251@alice,true,-3,5
1784904972546,alice,Fight,http://localhost:3251@bear,true,5,5
1784904972546,bear,Fight,http://localhost:3251@alice,true,5,5
1784904973175,Bee,Explore,null,false,-5,null
1784904973427,Ant,Explore,null,true,5,null
1784904973616,bear,Walk,http://localhost:3251@brice,true,5,5
1784904973617,brice,Walk,http://localhost:3251@Ant,true,5,5
1784904974370,Bat,Sing,http://localhost:3251@bear,true,5,5
1784904974372,brice,Sing,http://localhost:3251@Bat,true,5,5
1784904974559,Ant,Fight,http://localhost:3251@bear,true,5,2
1784904974560,bear,Fight,http://localhost:3251@Ant,true,5,-4
1784904975000,alice,Explore,null,true,-1,null
1784904975315,Bat,Sing,http://localhost:3251@Bee,true,5,5
1784904975316,Bee,Sing,http://localhost:3251@Bat,true,5,5
1784904975739,bear,Walk,http://localhost:3251@brice,true,5,5
1784904975740,brice,Walk,http://localhost:3251@Ant,true,5,5
1784904976304,Ant,Explore,null,true,5,null
1784904976368,alice,Sing,http://localhost:3251@Bat,true,5,5
1784904976369,Bee,Sing,http://localhost:3251@alice,true,5,5
1784904977188,alice,Play,http://localhost:3251@bear,true,5,5
1784904977189,bear,Play,http://localhost:3251@brice,true,5,5
1784904977691,Bat,Explore,null,false,-5,null
1784904977817,Ant,Walk,http://localhost:3251@brice,false,4,-1
1784904977818,brice,Walk,http://localhost:3251@Ant,true,5,5
1784904978576,bear,Walk,http://localhost:3251@alice,true,5,5
1784904978577,Bee,Walk,http://localhost:3251@bear,true,5,5
1784904978766,Ant,Fight,http://localhost:3251@Bat,true,5,5
1784904978767,Bat,Fight,http://localhost:3251@Ant,true,5,5
1784904978892,alice,Explore,null,true,null,null
1784904979904,Bee,Dance,http://localhost:3251@brice,true,5,5
1784904979905,brice,Dance,http://localhost:3251@Ant,true,5,5
1784904979967,alice,Dance,http://localhost:3251@bear,true,5,5
1784904979968,bear,Dance,http://localhost:3251@Bee,false,2,-5
1784904980471,Ant,Explore,null,true,5,null
1784904981036,alice,Talk,http://localhost:3251@brice,false,-3,-5
1784904981037,Ant,Talk,http://localhost:3251@alice,true,5,5
1784904981038,bear,Talk,http://localhost:3251@Ant,false,-4,-5
1784904981038,Bee,Talk,http://localhost:3251@bear,true,5,5
1784904981600,brice,Explore,null,false,-5,null
1784904982228,Ant,Walk,http://localhost:3251@Bat,true,5,5
1784904982230,Bat,Walk,http://localhost:3251@brice,true,5,5
1784904982417,bear,Play,http://localhost:3251@brice,true,5,5
1784904982419,brice,Play,http://localhost:3251@bear,true,5,5
1784904982731,alice,Explore,null,false,-1,null
1784904983108,Bee,Dance,http://localhost:3251@alice,true,5,5
1784904983109,brice,Dance,http://localhost:3251@Bee,true,5,5
1784904983610,Ant,Dance,http://localhost:3251@Bee,true,5,5
1784904983611,bear,Dance,http://localhost:3251@Ant,true,3,-4
1784904984287,alice,Sing,http://localhost:3251@Bat,true,5,5
1784904984288,Bat,Sing,http://localhost:3251@bear,true,5,5
1784904984540,bear,Dance,http://localhost:3251@Bee,false,2,-5
1784904984541,Bee,Dance,http://localhost:3251@alice,true,5,5
1784904985104,Bee,Exercise,http://localhost:3251@brice,true,5,5
1784904985105,brice,Exercise,http://localhost:3251@Bat,false,-3,4
1784904985733,alice,Sing,http://localhost:3251@Bat,true,5,5
1784904985733,bear,Sing,http://localhost:3251@alice,true,5,5
1784904986487,bear,Walk,http://localhost:3251@brice,true,5,5
1784904986489,brice,Walk,http://localhost:3251@Ant,true,5,5
1784904986738,Ant,Explore,null,true,5,null
1784904987052,alice,Play,http://localhost:3251@Bat,true,5,5
1784904987053,Bat,Play,http://localhost:3251@Ant,true,5,5
1784904987872,Ant,Sing,http://localhost:3251@bear,true,5,3
1784904987873,bear,Sing,http://localhost:3251@alice,true,5,5
1784904987874,Bee,Dance,http://localhost:3251@brice,true,5,5
1784904987874,brice,Dance,http://localhost:3251@Ant,true,5,5
1784904989124,alice,Play,http://localhost:3251@Bee,true,5,5
1784904989124,bear,Play,http://localhost:3251@alice,true,5,5
1784904989231,Ant,Sing,http://localhost:3251@Bat,true,5,5
1784904989232,Bat,Sing,http://localhost:3251@Ant,true,5,5
1784904989891,bear,Sing,http://localhost:3251@Bee,false,4,-5
1784904989892,Bee,Sing,http://localhost:3251@Bat,true,5,5
1784904990566,Bat,Walk,http://localhost:3251@brice,true,5,5
1784904990568,brice,Walk,http://localhost:3251@Bat,true,5,5
1784904990849,Ant,Explore,null,true,5,null
1784904991127,alice,Walk,http://localhost:3251@Bee,true,5,5
1784904991128,Bee,Walk,http://localhost:3251@alice,true,5,5
1784904991804,alice,Play,http://localhost:3251@bear,true,5,5
1784904991805,bear,Play,http://localhost:3251@brice,true,5,5
1784904992092,Ant,Sing,http://localhost:3251@Bat,true,5,5
1784904992093,Bat,Explore,null,false,-5,null
1784904992093,Bee,Sing,http://localhost:3251@Ant,true,5,5
1784904992203,bear,Fight,http://localhost:3251@brice,true,5,5
1784904992204,brice,Fight,http://localhost:3251@Bat,true,5,5
1784904993160,alice,Play,http://localhost:3251@Bee,true,5,5
1784904993160,Bat,Play,http://localhost:3251@alice,true,5,-4
1784904993411,Ant,Walk,http://localhost:3251@Bee,true,5,5
1784904993412,brice,Walk,http://localhost:3251@Ant,true,5,5
1784904993781,alice,Talk,http://localhost:3251@Bee,false,-4,4
1784904993782,Bee,Talk,http://localhost:3251@Ant,true,5,5
1784904993837,bear,Explore,null,false,-5,null
1784904994204,Bat,Talk,http://localhost:3251@alice,false,-5,-5
1784904994205,Bee,Talk,http://localhost:3251@Bat,true,5,5
1784904994834,alice,Talk,http://localhost:3251@brice,false,-5,-5
1784904994834,Ant,Talk,http://localhost:3251@alice,true,5,5
1784904995392,bear,Dance,http://localhost:3251@brice,true,3,5
1784904995392,brice,Dance,http://localhost:3251@Ant,true,5,5
1784904995962,alice,Exercise,http://localhost:3251@Bee,true,5,5
1784904995962,Bee,Exercise,http://localhost:3251@alice,true,5,5
1784904996423,Ant,Explore,null,true,5,null
1784904996477,Bat,Talk,http://localhost:3251@alice,false,-5,-5
1784904996478,Bee,Talk,http://localhost:3251@Bat,true,5,5
1784904997260,alice,Walk,http://localhost:3251@Bee,true,5,5
1784904997261,Ant,Walk,http://localhost:3251@alice,true,5,5
1784904998013,alice,Dance,http://localhost:3251@bear,true,5,5
1784904998014,bear,Dance,http://localhost:3251@Bee,true,4,-4
1784904998125,Bat,Explore,null,false,-5,null
1784904998356,brice,Explore,null,false,-5,null
1784904998470,Ant,Walk,http://localhost:3251@Bee,true,5,5
1784904998471,Bee,Walk,http://localhost:3251@alice,true,5,5
1784904999280,Bat,Play,http://localhost:3251@bear,true,5,5
1784904999281,bear,Play,http://localhost:3251@brice,true,5,5
1784904999681,alice,Walk,http://localhost:3251@brice,false,4,-5
1784904999681,brice,Walk,http://localhost:3251@Ant,true,5,5
1784905000247,alice,Talk,http://localhost:3251@bear,false,-5,4
1784905000247,bear,Talk,http://localhost:3251@Ant,false,-5,-5
1784905000359,Ant,Play,http://localhost:3251@bear,true,-2,4
1784905000359,Bat,Play,http://localhost:3251@Ant,true,5,5
1784905000919,Bee,Play,http://localhost:3251@brice,true,5,5
1784905000919,brice,Play,http://localhost:3251@Bat,true,5,5
1784905001469,Bat,Dance,http://localhost:3251@bear,false,-5,4
1784905001469,bear,Dance,http://localhost:3251@Bee,false,3,-5
1784905001862,Bat,Fight,http://localhost:3251@Bee,true,5,5
1784905001863,Bee,Fight,http://localhost:3251@alice,true,5,5
1784905002113,alice,Play,http://localhost:3251@Bee,true,5,5
1784905002115,Ant,Play,http://localhost:3251@alice,true,-1,5
1784905002176,bear,Play,http://localhost:3251@brice,true,5,5
1784905002177,brice,Play,http://localhost:3251@Bat,true,5,5
1784905002884,Bat,Fight,http://localhost:3251@Ant,true,5,5
1784905002885,bear,Fight,http://localhost:3251@Bat,true,5,5
1784905003458,Bee,Explore,null,false,-5,null
1784905004072,alice,Play,http://localhost:3251@Bee,true,5,5
1784905004073,bear,Play,http://localhost:3251@alice,true,5,5
1784905004439,Ant,Talk,http://localhost:3251@alice,true,5,5
1784905004440,brice,Talk,http://localhost:3251@Ant,true,5,5
1784905004786,Bat,Sing,http://localhost:3251@Bee,true,5,5
1784905004787,Bee,Sing,http://localhost:3251@Bat,true,5,5
1784905005359,alice,Sing,http://localhost:3251@Bat,true,5,5
1784905005360,Ant,Sing,http://localhost:3251@alice,true,5,5
1784905005758,Ant,Fight,http://localhost:3251@Bat,true,5,5
1784905005759,Bat,Fight,http://localhost:3251@Ant,true,5,5
1784905005938,alice,Exercise,http://localhost:3251@Bee,true,5,5
1784905005939,Bee,Exercise,http://localhost:3251@Ant,true,5,5
1784905006527,alice,Exercise,http://localhost:3251@bear,false,4,3
1784905006527,bear,Exercise,http://localhost:3251@brice,true,5,5
1784905007090,Bee,Dance,http://localhost:3251@brice,true,5,5
1784905007091,brice,Dance,http://localhost:3251@Ant,true,5,5
1784905007314,Bat,Explore,null,true,-4,null
1784905007653,bear,Exercise,http://localhost:3251@brice,true,5,5
1784905007654,brice,Exercise,http://localhost:3251@bear,false,-4,4
1784905008003,Ant,Explore,null,true,5,null
1784905008064,alice,Explore,null,true,null,null
1784905008065,Bee,Talk,http://localhost:3251@Ant,true,5,5
1784905008065,brice,Talk,http://localhost:3251@Bee,true,5,5
1784905009108,Ant,Exercise,http://localhost:3251@Bat,true,-3,5
1784905009109,Bat,Exercise,http://localhost:3251@brice,true,5,5
1784905009227,bear,Explore,null,false,-5,null
1784905009863,alice,Exercise,http://localhost:3251@Bee,true,5,5
1784905009864,Bat,Exercise,http://localhost:3251@alice,true,5,-4
1784905010035,bear,Play,http://localhost:3251@brice,true,5,5
1784905010035,brice,Play,http://localhost:3251@Bat,true,5,5
1784905010576,alice,Exercise,http://localhost:3251@Bee,true,5,5
1784905010576,Bee,Exercise,http://localhost:3251@Ant,true,5,5
1784905010692,Ant,Explore,null,true,5,null
1784905011023,Ant,Fight,http://localhost:3251@brice,false,4,-2
1784905011023,brice,Fight,http://localhost:3251@Bat,true,5,5
1784905011243,alice,Play,http://localhost:3251@bear,true,5,4
1784905011244,bear,Play,http://localhost:3251@brice,true,5,5
1784905011697,Bat,Play,http://localhost:3251@Ant,true,5,5
1784905011697,brice,Play,http://localhost:3251@Bat,true,5,5
1784905012296,Ant,Sing,http://localhost:3251@Bat,true,5,5
1784905012297,Bee,Sing,http://localhost:3251@Ant,true,5,5
1784905012514,bear,Dance,http://localhost:3251@Bee,false,2,-5
1784905012515,brice,Dance,http://localhost:3251@bear,true,5,5
1784905012817,alice,Explore,null,true,1,null
1784905012993,Ant,Sing,http://localhost:3251@Bat,true,5,5
1784905012993,Bat,Sing,http://localhost:3251@bear,true,5,5
1784905013877,Bee,Explore,null,false,-5,null
1784905014114,alice,Sing,http://localhost:3251@Bat,true,5,5
1784905014115,Ant,Sing,http://localhost:3251@alice,true,5,5
1784905014214,Bat,Talk,http://localhost:3251@alice,false,-5,-5
1784905014215,Bee,Talk,http://localhost:3251@Bat,true,5,5
1784905014766,Bat,Talk,http://localhost:3251@brice,true,-4,5
1784905014766,brice,Talk,http://localhost:3251@bear,true,5,5
1784905015091,alice,Play,http://localhost:3251@bear,true,5,5
1784905015092,bear,Play,http://localhost:3251@brice,true,5,5
1784905015895,Bat,Exercise,http://localhost:3251@brice,true,5,5
1784905015895,bear,Exercise,http://localhost:3251@Bat,true,5,5
1784905015945,alice,Exercise,http://localhost:3251@Bee,true,5,5
1784905015946,Bee,Exercise,http://localhost:3251@Ant,true,5,5
1784905016358,Bee,Talk,http://localhost:3251@brice,true,5,5
1784905016359,brice,Talk,http://localhost:3251@bear,true,5,5
1784905016875,Ant,Explore,null,true,5,null
1784905017058,alice,Exercise,http://localhost:3251@bear,true,5,5
1784905017058,bear,Exercise,http://localhost:3251@brice,true,5,5
1784905017444,Bat,Explore,null,false,-5,null
1784905018137,Ant,Sing,http://localhost:3251@Bat,true,5,5
1784905018137,Bee,Sing,http://localhost:3251@Ant,true,5,5
1784905018251,bear,Sing,http://localhost:3251@brice,true,5,5
1784905018252,brice,Sing,http://localhost:3251@Bat,true,5,5
1784905018948,alice,Walk,http://localhost:3251@Bee,true,5,5
1784905018949,Bat,Walk,http://localhost:3251@alice,false,4,-5
1784905019395,Ant,Walk,http://localhost:3251@Bee,true,5,5
1784905019396,brice,Walk,http://localhost:3251@Ant,true,5,5
1784905019942,alice,Exercise,http://localhost:3251@Bee,true,5,5
1784905019942,Bee,Exercise,http://localhost:3251@Ant,true,5,5
1784905020167,Bat,Walk,http://localhost:3251@bear,true,5,5
1784905020168,bear,Walk,http://localhost:3251@alice,true,5,5
1784905020681,Ant,Play,http://localhost:3251@bear,false,-2,3
1784905020692,Bee,Play,http://localhost:3251@Ant,true,5,5
1784905021236,alice,Walk,http://localhost:3251@Bee,true,5,5
1784905021237,brice,Walk,http://localhost:3251@alice,true,5,5
1784905021740,Bat,Explore,null,false,-5,null
1784905021954,Ant,Dance,http://localhost:3251@Bee,true,5,5
1784905021955,brice,Dance,http://localhost:3251@Ant,true,5,5
1784905022646,Bat,Sing,http://localhost:3251@Bee,true,5,5
1784905022646,Bee,Sing,http://localhost:3251@Bat,true,5,5
1784905022755,bear,Sing,http://localhost:3251@alice,true,5,5
1784905022755,brice,Sing,http://localhost:3251@bear,true,5,5
1784905022980,alice,Exercise,http://localhost:3251@Bee,true,5,5
1784905022981,Ant,Exercise,http://localhost:3251@alice,false,-4,4
1784905023603,Bat,Fight,http://localhost:3251@Ant,true,5,5
1784905023603,brice,Fight,http://localhost:3251@Bat,true,5,5
1784905023902,Ant,Dance,http://localhost:3251@Bee,true,5,5
1784905023902,Bee,Dance,http://localhost:3251@alice,true,5,5
1784905024692,bear,Dance,http://localhost:3251@Bee,false,1,-5
1784905024693,brice,Dance,http://localhost:3251@bear,true,5,5
1784905025290,alice,Fight,http://localhost:3251@Bee,true,5,5
1784905025290,brice,Fight,http://localhost:3251@alice,true,5,5
1784905025502,Bee,Explore,null,false,-5,null
1784905025848,Bat,Explore,null,false,-5,null
1784905026179,Ant,Fight,http://localhost:3251@bear,true,5,4
1784905026180,Bat,Fight,http://localhost:3251@Ant,true,5,5
1784905026513,bear,Sing,http://localhost:3251@brice,true,5,5
1784905026514,brice,Sing,http://localhost:3251@Bat,true,5,5
1784905026792,alice,Explore,null,false,null,null
1784905027364,Ant,Dance,http://localhost:3251@Bee,true,5,5
1784905027365,Bee,Dance,http://localhost:3251@alice,true,5,5
1784905027779,Bat,Sing,http://localhost:3251@bear,true,5,5
1784905027781,bear,Sing,http://localhost:3251@alice,true,5,5
1784905028475,Bat,Walk,http://localhost:3251@brice,true,5,5
1784905028475,brice,Walk,http://localhost:3251@Ant,true,5,5
1784905028656,alice,Walk,http://localhost:3251@Bee,true,5,5
1784905028656,Ant,Sing,http://localhost:3251@Bat,true,5,5
1784905028656,bear,Sing,http://localhost:3251@Ant,true,5,-4
1784905028657,Bee,Walk,http://localhost:3251@alice,true,5,5
1784905029592,Bee,Fight,http://localhost:3251@brice,true,5,5
1784905029592,brice,Fight,http://localhost:3251@Bat,true,5,5
1784905029763,Bat,Walk,http://localhost:3251@brice,true,5,5
1784905029764,bear,Walk,http://localhost:3251@Bat,true,5,5
1784905030448,Ant,Exercise,http://localhost:3251@bear,false,-5,3
1784905030449,Bat,Exercise,http://localhost:3251@Ant,true,5,5
1784905030869,alice,Explore,null,true,1,null
1784905030870,bear,Walk,http://localhost:3251@Bee,false,4,-5
1784905030870,Bee,Walk,http://localhost:3251@alice,true,5,5
1784905031738,Bat,Sing,http://localhost:3251@bear,true,5,5
1784905031738,Bee,Sing,http://localhost:3251@Bat,true,5,5
1784905031863,brice,Explore,null,false,-5,null
1784905032424,Ant,Dance,http://localhost:3251@Bee,true,5,5
1784905032425,Bat,Dance,http://localhost:3251@Ant,false,-5,4
1784905032806,bear,Fight,http://localhost:3251@Bee,false,4,-5
1784905032807,Bee,Fight,http://localhost:3251@alice,true,5,5
1784905033499,Bat,Fight,http://localhost:3251@Ant,true,5,5
1784905033501,bear,Fight,http://localhost:3251@Bat,true,5,5
1784905033562,alice,Dance,http://localhost:3251@Ant,true,5,5
1784905033563,Ant,Dance,http://localhost:3251@alice,true,5,5
1784905034242,Ant,Sing,http://localhost:3251@Bee,true,5,5
1784905034242,Bee,Sing,http://localhost:3251@Bat,true,5,5
1784905034606,alice,Play,http://localhost:3251@brice,false,4,-5
1784905034606,brice,Play,http://localhost:3251@Bat,true,5,5
1784905035870,Bat,Explore,null,false,-5,null
1784905035996,Ant,Walk,http://localhost:3251@brice,true,5,-1
1784905035997,brice,Walk,http://localhost:3251@Ant,true,5,5
1784905036318,alice,Explore,null,false,null,null
1784905037006,bear,Sing,http://localhost:3251@alice,true,5,5
1784905037008,brice,Sing,http://localhost:3251@bear,true,5,5
1784905037133,alice,Walk,http://localhost:3251@Bee,true,5,5
1784905037134,Bee,Walk,http://localhost:3251@alice,true,5,5
1784905037749,Ant,Talk,http://localhost:3251@alice,true,5,5
1784905037750,Bee,Talk,http://localhost:3251@Ant,true,5,5
1784905037812,alice,Exercise,http://localhost:3251@Bat,true,5,5
1784905037813,Bat,Exercise,http://localhost:3251@brice,true,5,5
1784905039075,Bat,Sing,http://localhost:3251@bear,true,5,5
1784905039077,bear,Sing,http://localhost:3251@alice,true,5,5
1784905039139,Ant,Sing,http://localhost:3251@Bat,true,5,5
1784905039140,brice,Sing,http://localhost:3251@Ant,true,5,5
1784905039832,alice,Sing,http://localhost:3251@Bee,true,5,5
1784905039834,Bee,Sing,http://localhost:3251@Bat,true,5,5
1784905040463,Bat,Walk,http://localhost:3251@brice,true,5,5
1784905040464,brice,Walk,http://localhost:3251@Bat,true,5,5
1784905040841,Ant,Explore,null,true,5,null
1784905040904,Bat,Fight,http://localhost:3251@Bee,true,5,5
1784905040905,Bee,Fight,http://localhost:3251@alice,true,5,5
1784905041148,alice,Sing,http://localhost:3251@bear,true,5,5
1784905041148,bear,Sing,http://localhost:3251@alice,true,5,5
1784905041814,Bee,Dance,http://localhost:3251@brice,true,5,5
1784905041816,brice,Dance,http://localhost:3251@Ant,true,5,5
1784905041939,Bat,Fight,http://localhost:3251@Ant,true,5,5
1784905041940,bear,Fight,http://localhost:3251@Bat,true,5,5
1784905042506,alice,Play,http://localhost:3251@Bee,true,5,5
1784905042508,Ant,Explore,null,true,5,null
1784905042509,Bee,Play,http://localhost:3251@alice,true,5,5
1784905042883,Bee,Talk,http://localhost:3251@brice,true,5,5
1784905042885,brice,Talk,http://localhost:3251@bear,true,5,5
1784905043322,Ant,Play,http://localhost:3251@bear,false,-3,2
1784905043323,bear,Play,http://localhost:3251@brice,true,5,5
1784905043890,alice,Play,http://localhost:3251@Bee,true,5,5
1784905043892,Bee,Play,http://localhost:3251@alice,true,5,5
1784905044261,Ant,Walk,http://localhost:3251@brice,true,5,null
1784905044262,brice,Walk,http://localhost:3251@Ant,true,5,5
1784905044436,Bat,Fight,http://localhost:3251@Ant,true,5,5
1784905044436,Bee,Fight,http://localhost:3251@Bat,true,5,5
1784905044981,bear,Explore,null,false,-5,null
1784905045491,alice,Explore,null,true,1,null
1784905045554,Ant,Walk,http://localhost:3251@Bee,true,5,5
1784905045555,Bee,Walk,http://localhost:3251@Ant,true,5,5
1784905045743,Bat,Sing,http://localhost:3251@bear,true,5,5
1784905045744,brice,Sing,http://localhost:3251@Bat,true,5,5
1784905046292,bear,Walk,http://localhost:3251@alice,true,5,5
1784905046292,Bee,Walk,http://localhost:3251@bear,true,5,5
1784905046764,Bat,Fight,http://localhost:3251@Ant,true,5,5
1784905046764,Bee,Fight,http://localhost:3251@Bat,true,5,5
1784905046826,alice,Walk,http://localhost:3251@Bee,true,5,5
1784905046828,Ant,Walk,http://localhost:3251@alice,true,5,5
1784905047589,alice,Dance,http://localhost:3251@bear,true,5,5
1784905047590,bear,Dance,http://localhost:3251@Bee,false,null,-5
1784905047970,brice,Explore,null,false,-5,null
1784905048025,Ant,Walk,http://localhost:3251@Bee,true,5,5
1784905048025,Bee,Walk,http://localhost:3251@alice,true,5,5
1784905048555,bear,Fight,http://localhost:3251@alice,true,5,5
1784905048556,brice,Fight,http://localhost:3251@bear,true,5,5
1784905048725,alice,Exercise,http://localhost:3251@Bee,true,5,5
1784905048725,Bat,Exercise,http://localhost:3251@alice,false,4,-5
1784905049559,Ant,Explore,null,false,4,null
1784905049615,Bee,Talk,http://localhost:3251@Ant,true,5,5
1784905049616,brice,Talk,http://localhost:3251@Bee,true,5,5
1784905049668,Bat,Fight,http://localhost:3251@Ant,true,5,5
1784905049669,bear,Fight,http://localhost:3251@Bat,true,5,5
1784905050624,alice,Dance,http://localhost:3251@Ant,true,5,5
1784905050625,Bat,Dance,http://localhost:3251@alice,false,-5,-5
1784905051211,brice,Explore,null,false,-5,null
1784905051570,Ant,Sing,http://localhost:3251@Bat,true,5,5
1784905051571,Bat,Sing,http://localhost:3251@Ant,true,5,5
1784905051696,bear,Play,http://localhost:3251@Bee,true,5,-4
1784905051697,Bee,Play,http://localhost:3251@alice,true,5,5
1784905052838,brice,Explore,null,true,-4,null
1784905052901,Ant,Dance,http://localhost:3251@Bee,true,5,5
1784905052902,Bee,Dance,http://localhost:3251@Ant,true,5,5
1784905053080,alice,Dance,http://localhost:3251@bear,true,5,5
1784905053081,bear,Dance,http://localhost:3251@Bee,false,-1,-5
1784905054252,Bat,Dance,http://localhost:3251@alice,false,-5,-5
1784905054253,bear,Dance,http://localhost:3251@Bat,true,null,5
1784905054492,brice,Explore,null,false,-5,null
1784905054618,alice,Talk,http://localhost:3251@Ant,true,-4,5
1784905054619,Ant,Talk,http://localhost:3251@alice,true,5,5
1784905055246,alice,Fight,http://localhost:3251@Bee,true,5,5
1784905055247,Bee,Fight,http://localhost:3251@alice,true,5,5
1784905055524,Bat,Dance,http://localhost:3251@alice,false,-5,-5
1784905055526,brice,Dance,http://localhost:3251@Bat,true,5,5
1784905056147,bear,Dance,http://localhost:3251@Bee,true,1,-4
1784905056148,brice,Dance,http://localhost:3251@bear,true,5,5
1784905056774,Bat,Walk,http://localhost:3251@brice,true,5,5
1784905056775,Bee,Walk,http://localhost:3251@Bat,true,5,5
1784905057095,alice,Walk,http://localhost:3251@Bee,true,5,5
1784905057096,Ant,Walk,http://localhost:3251@alice,true,5,5
1784905057382,Bee,Sing,http://localhost:3251@brice,true,5,5
1784905057384,brice,Sing,http://localhost:3251@Bat,true,5,5
1784905058054,Bat,Sing,http://localhost:3251@bear,true,5,5
1784905058055,brice,Sing,http://localhost:3251@Bat,true,5,5
1784905058408,alice,Walk,http://localhost:3251@Bee,true,5,5
1784905058409,bear,Talk,http://localhost:3251@Ant,false,-5,-5
1784905058409,Bee,Walk,http://localhost:3251@alice,true,5,5
1784905058410,brice,Talk,http://localhost:3251@bear,true,5,5
1784905059051,Ant,Sing,http://localhost:3251@Bat,true,5,5
1784905059052,bear,Sing,http://localhost:3251@Ant,true,5,-4
1784905059379,alice,Talk,http://localhost:3251@brice,false,-5,-5
1784905059380,Ant,Fight,http://localhost:3251@Bee,true,5,5
1784905059380,bear,Talk,http://localhost:3251@alice,false,-5,4
1784905059380,Bee,Fight,http://localhost:3251@alice,true,5,5
1784905060078,Ant,Talk,http://localhost:3251@brice,true,5,1
1784905060079,brice,Talk,http://localhost:3251@bear,true,5,5
1784905060536,Bat,Exercise,http://localhost:3251@Bee,true,5,5
1784905060537,Bee,Exercise,http://localhost:3251@Ant,true,5,5
1784905060712,bear,Sing,http://localhost:3251@alice,true,5,5
1784905060713,brice,Sing,http://localhost:3251@bear,true,5,5
1784905061396,Ant,Play,http://localhost:3251@bear,true,-2,3
1784905061397,Bee,Play,http://localhost:3251@Ant,true,5,5
1784905061649,alice,Explore,null,false,null,null
1784905061896,Bat,Walk,http://localhost:3251@brice,true,5,5
1784905061897,bear,Walk,http://localhost:3251@Bat,true,5,5
1784905062680,alice,Dance,http://localhost:3251@Ant,true,5,5
1784905062680,Ant,Dance,http://localhost:3251@Bee,true,5,5
1784905063017,Bat,Exercise,http://localhost:3251@brice,true,5,5
1784905063018,Bee,Exercise,http://localhost:3251@Bat,true,5,5
1784905063439,alice,Sing,http://localhost:3251@brice,true,5,-4
1784905063439,brice,Sing,http://localhost:3251@Bat,true,5,5
1784905063758,Ant,Walk,http://localhost:3251@bear,true,5,4
1784905063758,bear,Walk,http://localhost:3251@alice,true,5,5
1784905064318,Bat,Dance,http://localhost:3251@Bee,false,-5,4
1784905064318,Bee,Dance,http://localhost:3251@alice,true,5,5
1784905064941,Bat,Exercise,http://localhost:3251@bear,true,5,5
1784905064941,bear,Exercise,http://localhost:3251@brice,true,5,5
1784905065057,alice,Sing,http://localhost:3251@Ant,true,5,5
1784905065058,Ant,Sing,http://localhost:3251@Bat,true,5,5
1784905065394,Bee,Walk,http://localhost:3251@brice,true,5,5
1784905065395,brice,Walk,http://localhost:3251@Ant,true,5,5
1784905066253,Bat,Walk,http://localhost:3251@brice,true,5,5
1784905066254,brice,Walk,http://localhost:3251@Bat,true,5,5
1784905066503,bear,Explore,null,false,-5,null
1784905066614,alice,Explore,null,false,-1,null
1784905067058,Ant,Sing,http://localhost:3251@Bat,true,5,5
1784905067059,brice,Sing,http://localhost:3251@Ant,true,5,5
1784905067758,bear,Walk,http://localhost:3251@alice,true,5,5
1784905067759,Bee,Walk,http://localhost:3251@bear,true,5,5
1784905067813,Bat,Explore,null,false,-5,null
1784905068147,alice,Explore,null,true,null,null
1784905068873,Bee,Exercise,http://localhost:3251@brice,true,5,5
1784905068873,brice,Exercise,http://localhost:3251@Bat,true,-3,5
1784905069147,Ant,Dance,http://localhost:3251@Bat,true,5,5
1784905069148,Bat,Dance,http://localhost:3251@alice,false,-5,-5
1784905069563,alice,Exercise,http://localhost:3251@bear,true,5,5
1784905069564,bear,Exercise,http://localhost:3251@brice,true,5,5
1784905070179,Ant,Walk,http://localhost:3251@brice,true,5,2
1784905070181,brice,Walk,http://localhost:3251@Ant,true,5,5
1784905070458,Bat,Play,http://localhost:3251@Ant,true,5,5
1784905070459,bear,Play,http://localhost:3251@Bat,true,5,5
1784905070821,Bee,Dance,http://localhost:3251@alice,true,5,5
1784905070821,brice,Dance,http://localhost:3251@Bee,true,5,5
1784905071517,Ant,Dance,http://localhost:3251@Bee,true,5,5
1784905071517,bear,Dance,http://localhost:3251@Ant,false,null,-5
1784905071815,Bat,Walk,http://localhost:3251@brice,true,5,5
1784905071816,brice,Walk,http://localhost:3251@Bat,true,5,5
1784905071877,alice,Explore,null,true,1,null
1784905071940,bear,Fight,http://localhost:3251@Bee,false,4,-5
1784905071940,Bee,Fight,http://localhost:3251@alice,true,5,5
1784905072848,alice,Walk,http://localhost:3251@Ant,true,5,5
1784905072849,Ant,Walk,http://localhost:3251@Bee,true,5,5
1784905073274,bear,Walk,http://localhost:3251@brice,true,5,5
1784905073275,brice,Walk,http://localhost:3251@Ant,true,5,5
1784905073509,Ant,Talk,http://localhost:3251@Bat,true,5,5
1784905073510,Bat,Talk,http://localhost:3251@alice,false,-5,-5
1784905073936,Bee,Sing,http://localhost:3251@Bat,true,5,5
1784905073937,brice,Sing,http://localhost:3251@Bee,true,5,5
1784905074613,alice,Exercise,http://localhost:3251@Bee,true,5,5
1784905074613,Bee,Exercise,http://localhost:3251@alice,true,5,5
1784905074725,Bat,Play,http://localhost:3251@Ant,true,5,5
1784905074725,brice,Play,http://localhost:3251@Bat,true,5,5
1784905075398,Ant,Walk,http://localhost:3251@Bee,true,5,5
1784905075398,Bee,Walk,http://localhost:3251@Ant,true,5,5
1784905075803,alice,Exercise,http://localhost:3251@Bee,true,5,5
1784905075803,Bat,Exercise,http://localhost:3251@alice,true,5,-4
1784905075804,bear,Dance,http://localhost:3251@Bee,true,1,-4
1784905075804,brice,Dance,http://localhost:3251@bear,true,5,5
1784905076658,Bee,Dance,http://localhost:3251@alice,true,5,5
1784905076660,brice,Dance,http://localhost:3251@Bee,true,5,5
1784905076973,Ant,Explore,null,true,5,null
1784905077457,Ant,Fight,http://localhost:3251@Bat,true,5,5
1784905077458,Bat,Fight,http://localhost:3251@Ant,true,5,5
1784905077738,alice,Play,http://localhost:3251@bear,true,5,5
1784905077739,bear,Play,http://localhost:3251@brice,true,5,5
1784905078506,Bee,Exercise,http://localhost:3251@Ant,true,5,5
1784905078506,brice,Exercise,http://localhost:3251@Bee,false,-4,4
1784905079376,alice,Explore,null,false,null,null
1784905079377,bear,Explore,null,false,-5,null
1784905079439,Ant,Sing,http://localhost:3251@Bat,true,5,5
1784905079439,Bat,Dance,http://localhost:3251@alice,false,-5,-5
1784905079440,Bee,Sing,http://localhost:3251@Ant,true,5,5
1784905079440,brice,Dance,http://localhost:3251@Bat,true,5,5
1784905080669,alice,Walk,http://localhost:3251@Bee,true,5,5
1784905080671,brice,Walk,http://localhost:3251@alice,true,5,5
1784905081341,bear,Play,http://localhost:3251@brice,true,5,5
1784905081341,Bee,Play,http://localhost:3251@bear,true,5,5
1784905081396,Ant,Sing,http://localhost:3251@Bat,true,5,5
1784905081396,Bat,Sing,http://localhost:3251@bear,true,5,5
1784905081952,alice,Exercise,http://localhost:3251@Bee,true,5,5
1784905081953,bear,Exercise,http://localhost:3251@alice,true,5,5
1784905082675,alice,Walk,http://localhost:3251@brice,false,4,-5
1784905082676,Ant,Dance,http://localhost:3251@Bee,true,5,5
1784905082677,Bee,Dance,http://localhost:3251@alice,true,5,5
1784905082677,brice,Walk,http://localhost:3251@Ant,true,5,5
1784905083433,Bat,Sing,http://localhost:3251@bear,true,5,5
1784905083433,Bee,Sing,http://localhost:3251@Bat,true,5,5
1784905083812,Bee,Fight,http://localhost:3251@brice,true,5,5
1784905083812,brice,Fight,http://localhost:3251@Bat,true,5,5
1784905084001,alice,Dance,http://localhost:3251@bear,true,5,5
1784905084001,bear,Dance,http://localhost:3251@Bee,false,null,-5
1784905084435,Ant,Explore,null,false,4,null
1784905084814,alice,Sing,http://localhost:3251@Bat,true,5,5
1784905084815,Bat,Sing,http://localhost:3251@bear,true,5,5
1784905085192,bear,Play,http://localhost:3251@brice,true,5,5
1784905085193,brice,Play,http://localhost:3251@Bat,true,5,5
1784905085885,Bee,Play,http://localhost:3251@alice,true,5,5
1784905085885,brice,Play,http://localhost:3251@Bee,true,5,5
1784905086577,Ant,Walk,http://localhost:3251@Bee,true,5,5
1784905086579,Bat,Play,http://localhost:3251@bear,true,5,5
1784905086579,bear,Play,http://localhost:3251@brice,true,5,5
1784905086580,Bee,Walk,http://localhost:3251@Ant,true,5,5
1784905087156,bear,Exercise,http://localhost:3251@brice,true,5,5
1784905087157,brice,Exercise,http://localhost:3251@Bat,false,-5,4
1784905087220,alice,Explore,null,true,1,null
1784905087649,Bat,Fight,http://localhost:3251@Ant,true,5,5
1784905087649,bear,Fight,http://localhost:3251@Bat,true,5,5
1784905088203,Ant,Explore,null,false,3,null
1784905088711,brice,Explore,null,false,-5,null
1784905089140,alice,Dance,http://localhost:3251@Ant,true,5,5
1784905089141,Bee,Dance,http://localhost:3251@alice,true,5,5
1784905089191,Bat,Explore,null,true,-4,null
1784905089979,Bat,Sing,http://localhost:3251@brice,true,5,5
1784905089980,brice,Sing,http://localhost:3251@Bat,true,5,5
1784905090089,alice,Play,http://localhost:3251@Ant,true,5,5
1784905090089,Ant,Play,http://localhost:3251@bear,true,-1,5
1784905090505,alice,Fight,http://localhost:3251@bear,true,5,5
1784905090506,bear,Fight,http://localhost:3251@alice,true,5,5
1784905091057,Ant,Dance,http://localhost:3251@Bee,true,5,5
1784905091058,Bee,Dance,http://localhost:3251@alice,true,5,5
1784905091308,Bat,Walk,http://localhost:3251@brice,true,5,5
1784905091308,bear,Walk,http://localhost:3251@Bat,true,5,5
1784905091686,Bat,Talk,http://localhost:3251@brice,true,-4,5
1784905091688,brice,Talk,http://localhost:3251@bear,true,5,5
1784905092439,Ant,Walk,http://localhost:3251@Bee,true,5,5
1784905092441,Bat,Walk,http://localhost:3251@Ant,true,5,5
1784905092442,Bee,Play,http://localhost:3251@alice,true,5,5
1784905092443,brice,Play,http://localhost:3251@Bee,true,5,5
1784905092559,alice,Exercise,http://localhost:3251@bear,true,5,5
1784905092560,bear,Exercise,http://localhost:3251@brice,true,5,5
1784905093716,bear,Exercise,http://localhost:3251@brice,true,5,5
1784905093717,brice,Exercise,http://localhost:3251@Bat,true,-4,5
1784905094057,Bat,Explore,null,true,-3,null
1784905094446,bear,Play,http://localhost:3251@Bee,true,5,-4
1784905094446,Bee,Play,http://localhost:3251@alice,true,5,5
1784905094502,alice,Walk,http://localhost:3251@Bee,true,5,5
1784905094503,Ant,Walk,http://localhost:3251@alice,true,5,5
1784905094961,Bat,Walk,http://localhost:3251@brice,true,5,5
1784905094962,brice,Walk,http://localhost:3251@Ant,true,5,5
1784905095757,alice,Sing,http://localhost:3251@Bee,true,5,5
1784905095758,bear,Play,http://localhost:3251@brice,true,5,5
1784905095759,Bee,Sing,http://localhost:3251@Bat,true,5,5
1784905095760,brice,Play,http://localhost:3251@bear,true,5,5
1784905096633,Ant,Sing,http://localhost:3251@Bat,true,5,5
1784905096633,brice,Sing,http://localhost:3251@Ant,true,5,5
1784905096821,Bat,Exercise,http://localhost:3251@brice,true,5,5
1784905096823,Bee,Exercise,http://localhost:3251@Bat,true,5,5
1784905097710,alice,Walk,http://localhost:3251@Bee,true,5,5
1784905097710,Bat,Walk,http://localhost:3251@alice,true,5,-4
1784905097711,bear,Play,http://localhost:3251@brice,true,5,5
1784905097711,brice,Play,http://localhost:3251@bear,true,5,5
1784905098642,Ant,Sing,http://localhost:3251@Bat,true,5,5
1784905098644,Bee,Sing,http://localhost:3251@Ant,true,5,5
1784905099374,bear,Explore,null,false,-5,null
1784905099425,alice,Talk,http://localhost:3251@brice,false,-5,-5
1784905099426,Bee,Talk,http://localhost:3251@alice,true,5,5
1784905099727,Ant,Sing,http://localhost:3251@brice,true,5,3
1784905099728,brice,Sing,http://localhost:3251@Bat,true,5,5
1784905100647,Bat,Exercise,http://localhost:3251@Bee,true,5,5
1784905100648,Bee,Exercise,http://localhost:3251@Ant,true,5,5
1784905100773,alice,Play,http://localhost:3251@Bee,true,5,5
1784905100775,Ant,Play,http://localhost:3251@alice,true,null,5
1784905101014,bear,Explore,null,false,-5,null
1784905101690,Bat,Fight,http://localhost:3251@Ant,true,5,5
1784905101691,bear,Fight,http://localhost:3251@Bat,true,5,5
1784905101802,Ant,Walk,http://localhost:3251@brice,false,4,2
1784905101803,brice,Walk,http://localhost:3251@Ant,true,5,5
1784905101917,alice,Play,http://localhost:3251@Bee,true,5,5
1784905101918,Bee,Play,http://localhost:3251@alice,true,5,5
1784905102957,Bat,Dance,http://localhost:3251@alice,false,-5,-5
1784905102958,Bee,Dance,http://localhost:3251@Bat,true,5,5
1784905103179,alice,Sing,http://localhost:3251@Bat,true,5,5
1784905103180,brice,Sing,http://localhost:3251@alice,true,5,5
1784905103349,Ant,Explore,null,true,4,null
1784905103350,Bat,Fight,http://localhost:3251@bear,true,5,5
1784905103350,bear,Fight,http://localhost:3251@alice,true,5,5
1784905103946,Bee,Fight,http://localhost:3251@alice,true,5,5
1784905103947,brice,Fight,http://localhost:3251@Bee,true,5,5
1784905104346,Ant,Talk,http://localhost:3251@alice,true,5,5
1784905104347,Bee,Talk,http://localhost:3251@Ant,true,5,5
1784905104472,alice,Dance,http://localhost:3251@Ant,true,5,5
1784905104473,bear,Dance,http://localhost:3251@alice,false,-1,4
1784905105242,Ant,Sing,http://localhost:3251@brice,true,5,3
1784905105243,brice,Sing,http://localhost:3251@Bat,true,5,5
1784905105300,alice,Walk,http://localhost:3251@Bat,true,5,5
1784905105300,Bat,Walk,http://localhost:3251@brice,true,5,5
1784905106063,Bee,Fight,http://localhost:3251@alice,true,5,5
1784905106064,brice,Fight,http://localhost:3251@Bee,true,5,5
1784905106378,Ant,Exercise,http://localhost:3251@bear,false,-5,4
1784905106379,bear,Exercise,http://localhost:3251@brice,true,5,5
1784905107008,alice,Explore,null,true,2,null
1784905107387,Bat,Walk,http://localhost:3251@brice,true,5,5
1784905107388,bear,Walk,http://localhost:3251@Bat,true,5,5
1784905107451,Ant,Walk,http://localhost:3251@Bee,true,5,5
1784905107452,Bee,Walk,http://localhost:3251@alice,true,5,5
1784905108206,Bat,Dance,http://localhost:3251@brice,true,-4,5
1784905108208,brice,Dance,http://localhost:3251@Ant,true,5,5
1784905108772,Ant,Dance,http://localhost:3251@bear,true,5,5
1784905108774,bear,Dance,http://localhost:3251@Bee,false,-2,-5
1784905108961,alice,Exercise,http://localhost:3251@Bee,true,5,5
1784905108961,Bee,Exercise,http://localhost:3251@alice,true,5,5
1784905109842,Bat,Talk,http://localhost:3251@bear,true,-3,5
1784905109843,bear,Talk,http://localhost:3251@Ant,false,-5,-5
1784905110285,Ant,Dance,http://localhost:3251@brice,true,5,4
1784905110288,brice,Dance,http://localhost:3251@Ant,true,5,5
1784905110915,alice,Fight,http://localhost:3251@bear,true,5,5
1784905110916,bear,Fight,http://localhost:3251@alice,true,5,5
1784905111201,Bat,Play,http://localhost:3251@Ant,true,5,5
1784905111202,brice,Play,http://localhost:3251@Bat,true,5,5
1784905111319,Bee,Explore,null,false,-5,null
1784905111902,alice,Fight,http://localhost:3251@Bee,true,5,5
1784905111903,Bee,Fight,http://localhost:3251@alice,true,5,5
1784905112183,bear,Sing,http://localhost:3251@alice,true,5,5
1784905112183,brice,Sing,http://localhost:3251@bear,true,5,5
1784905112245,Ant,Talk,http://localhost:3251@Bat,true,5,5
1784905112246,Bat,Talk,http://localhost:3251@alice,false,-4,-5
1784905113566,Ant,Play,http://localhost:3251@bear,true,1,5
1784905113569,bear,Play,http://localhost:3251@brice,true,5,5
1784905113629,Bat,Play,http://localhost:3251@Ant,true,5,5
1784905113630,brice,Play,http://localhost:3251@Bat,true,5,5
1784905113869,alice,Exercise,http://localhost:3251@Bee,true,5,5
1784905113869,Bee,Exercise,http://localhost:3251@Ant,true,5,5
1784905114863,alice,Dance,http://localhost:3251@bear,true,5,5
1784905114864,bear,Dance,http://localhost:3251@Bee,false,-3,-5
1784905115239,brice,Explore,null,true,-4,null
1784905115536,Ant,Dance,http://localhost:3251@Bee,true,5,5
1784905115537,Bee,Dance,http://localhost:3251@Ant,true,5,5
1784905115591,Bat,Play,http://localhost:3251@Ant,true,5,5
1784905115592,bear,Play,http://localhost:3251@Bat,true,5,5
1784905116208,alice,Dance,http://localhost:3251@Ant,true,5,5
1784905116209,Ant,Dance,http://localhost:3251@alice,true,5,5
1784905116626,alice,Fight,http://localhost:3251@bear,true,5,5
1784905116627,bear,Fight,http://localhost:3251@alice,true,5,5
1784905116627,Bee,Sing,http://localhost:3251@brice,true,5,5
1784905116628,brice,Sing,http://localhost:3251@Bat,true,5,5
1784905117822,Ant,Explore,null,true,5,null
1784905117879,Bat,Explore,null,true,-2,null
1784905118262,Bee,Explore,null,true,-4,null
1784905118768,Ant,Talk,http://localhost:3251@alice,true,5,5
1784905118768,Bee,Talk,http://localhost:3251@Ant,true,5,5
1784905118890,alice,Fight,http://localhost:3251@brice,true,5,-4
1784905118890,brice,Fight,http://localhost:3251@Bat,true,5,5
1784905119519,Bat,Fight,http://localhost:3251@Ant,true,5,5
1784905119520,Bee,Fight,http://localhost:3251@Bat,true,5,5
1784905119823,alice,Dance,http://localhost:3251@bear,false,4,4
1784905119824,bear,Dance,http://localhost:3251@Bee,false,-4,-5
1784905119886,Ant,Talk,http://localhost:3251@brice,true,5,5
1784905119886,brice,Talk,http://localhost:3251@bear,false,4,4
1784905121035,Bat,Explore,null,true,-1,null
1784905121035,Bee,Explore,null,false,-5,null
1784905121089,bear,Sing,http://localhost:3251@brice,true,5,5
1784905121089,brice,Sing,http://localhost:3251@Bat,true,5,5
1784905121723,alice,Dance,http://localhost:3251@Ant,true,5,5
1784905121724,Ant,Walk,http://localhost:3251@Bee,true,5,5
1784905121724,bear,Walk,http://localhost:3251@Ant,true,5,-4
1784905121724,brice,Dance,http://localhost:3251@alice,true,5,5
1784905122969,alice,Walk,http://localhost:3251@Bat,true,5,5
1784905122970,Bat,Walk,http://localhost:3251@brice,true,5,5
1784905122970,Bee,Walk,http://localhost:3251@alice,true,5,5
1784905122970,brice,Walk,http://localhost:3251@Bee,true,5,5
1784905123319,Ant,Explore,null,true,5,null
1784905123646,Bat,Dance,http://localhost:3251@bear,true,-3,5
1784905123647,bear,Dance,http://localhost:3251@Bee,false,-5,-5
1784905124569,Ant,Walk,http://localhost:3251@Bee,true,5,5
1784905124570,Bat,Walk,http://localhost:3251@Ant,true,5,5
1784905124879,alice,Play,http://localhost:3251@Bee,true,5,5
1784905124880,bear,Play,http://localhost:3251@alice,true,5,5
1784905125523,bear,Dance,http://localhost:3251@brice,true,-4,5
1784905125524,brice,Dance,http://localhost:3251@Ant,true,5,5
1784905125691,alice,Walk,http://localhost:3251@Bee,true,5,5
1784905125691,Bee,Walk,http://localhost:3251@alice,true,5,5
1784905126135,Ant,Explore,null,false,4,null
1784905126752,Bee,Walk,http://localhost:3251@brice,true,5,5
1784905126752,brice,Walk,http://localhost:3251@Ant,true,5,5
1784905126804,alice,Play,http://localhost:3251@bear,true,5,5
1784905126804,bear,Play,http://localhost:3251@brice,true,5,5
1784905127369,Ant,Sing,http://localhost:3251@Bat,true,5,5
1784905127370,brice,Sing,http://localhost:3251@Ant,true,5,5
1784905127757,alice,Talk,http://localhost:3251@brice,false,-5,-5
1784905127758,bear,Fight,http://localhost:3251@alice,true,5,5
1784905127758,Bee,Talk,http://localhost:3251@alice,true,5,5
1784905127758,brice,Fight,http://localhost:3251@bear,true,5,5
1784905128146,Bat,Explore,null,false,-2,null
1784905128609,Ant,Sing,http://localhost:3251@Bat,true,5,5
1784905128610,Bee,Sing,http://localhost:3251@Ant,true,5,5
1784905128943,Bat,Exercise,http://localhost:3251@bear,true,5,5
1784905128944,bear,Exercise,http://localhost:3251@brice,true,5,5
1784905129357,alice,Fight,http://localhost:3251@Bee,true,5,5
1784905129357,bear,Fight,http://localhost:3251@alice,true,5,5
1784905129594,Ant,Talk,http://localhost:3251@alice,true,5,5
1784905129594,brice,Talk,http://localhost:3251@Ant,false,3,4
1784905130499,Bat,Exercise,http://localhost:3251@bear,true,5,5
1784905130499,bear,Exercise,http://localhost:3251@brice,true,5,5
1784905130868,Bee,Explore,null,false,-5,null
1784905131196,Bat,Talk,http://localhost:3251@brice,false,-5,4
1784905131197,brice,Talk,http://localhost:3251@bear,true,4,5
1784905131252,alice,Play,http://localhost:3251@Bee,true,5,5
1784905131253,Ant,Play,http://localhost:3251@alice,false,null,4
1784905131835,bear,Fight,http://localhost:3251@Bee,true,5,-4
1784905131836,Bee,Fight,http://localhost:3251@alice,true,5,5
1784905132161,Bee,Fight,http://localhost:3251@brice,true,5,5
1784905132162,brice,Fight,http://localhost:3251@Bat,true,5,5
1784905132732,Bat,Explore,null,false,-3,null
1784905132845,Ant,Explore,null,false,3,null
1784905133098,alice,Walk,http://localhost:3251@bear,true,5,5
1784905133098,bear,Walk,http://localhost:3251@alice,true,5,5
1784905133500,Bee,Walk,http://localhost:3251@brice,true,5,5
1784905133501,brice,Walk,http://localhost:3251@Ant,true,5,5
1784905134013,Ant,Play,http://localhost:3251@Bat,true,1,5
1784905134015,Bat,Play,http://localhost:3251@Ant,true,5,5
1784905134497,alice,Fight,http://localhost:3251@brice,true,5,-4
1784905134497,brice,Fight,http://localhost:3251@Bat,true,5,5
1784905135190,Bat,Exercise,http://localhost:3251@brice,true,5,5
1784905135191,Bee,Exercise,http://localhost:3251@Bat,true,5,5
1784905135302,alice,Sing,http://localhost:3251@Ant,true,5,5
1784905135302,Ant,Sing,http://localhost:3251@Bat,true,5,5
1784905136154,brice,Explore,null,false,-5,null
1784905136388,Ant,Walk,http://localhost:3251@bear,true,5,5
1784905136388,bear,Walk,http://localhost:3251@alice,true,5,5
1784905136552,alice,Sing,http://localhost:3251@Bat,true,5,5
1784905136553,Bee,Sing,http://localhost:3251@alice,true,5,5
1784905137305,Bat,Explore,null,true,-2,null
1784905137585,alice,Sing,http://localhost:3251@Ant,true,5,5
1784905137585,Ant,Sing,http://localhost:3251@Bat,true,5,5
1784905137691,Bat,Talk,http://localhost:3251@brice,false,-5,4
1784905137692,brice,Talk,http://localhost:3251@bear,true,5,5
1784905138343,alice,Walk,http://localhost:3251@Bee,true,5,5
1784905138344,Bee,Walk,http://localhost:3251@alice,true,5,5
1784905138785,Ant,Play,http://localhost:3251@bear,true,2,5
1784905138785,Bat,Play,http://localhost:3251@Ant,true,5,5
1784905139246,Ant,Fight,http://localhost:3251@brice,true,5,5
1784905139247,brice,Fight,http://localhost:3251@Bat,true,5,5
1784905139372,Bat,Fight,http://localhost:3251@Bee,true,5,5
1784905139372,Bee,Fight,http://localhost:3251@alice,true,5,5
1784905139423,alice,Play,http://localhost:3251@bear,true,5,5
1784905139424,bear,Play,http://localhost:3251@brice,true,5,5
1784905140550,Bat,Exercise,http://localhost:3251@brice,true,5,5
1784905140551,bear,Exercise,http://localhost:3251@Bat,true,5,5
1784905140551,Bee,Play,http://localhost:3251@brice,true,5,5
1784905140551,brice,Play,http://localhost:3251@Bat,true,5,5
1784905141175,Ant,Walk,http://localhost:3251@Bee,true,5,5
1784905141175,brice,Walk,http://localhost:3251@Ant,true,5,5
1784905141506,Bee,Fight,http://localhost:3251@alice,true,5,5
1784905141506,brice,Fight,http://localhost:3251@Bee,true,5,5
1784905142280,alice,Explore,null,true,3,null
1784905142785,Ant,Explore,null,false,2,null
1784905142912,Bat,Walk,http://localhost:3251@Bee,false,4,4
1784905142913,Bee,Walk,http://localhost:3251@alice,true,5,5
1784905143165,bear,Play,http://localhost:3251@brice,true,5,5
1784905143167,brice,Play,http://localhost:3251@bear,true,5,5
1784905143859,Ant,Fight,http://localhost:3251@bear,true,5,5
1784905143860,brice,Fight,http://localhost:3251@Ant,true,5,5
1784905144300,Bat,Play,http://localhost:3251@Ant,true,5,5
1784905144301,bear,Play,http://localhost:3251@Bat,true,5,5
1784905144992,Ant,Walk,http://localhost:3251@Bee,true,5,5
1784905144993,Bee,Walk,http://localhost:3251@alice,true,5,5
1784905145559,brice,Explore,null,false,-5,null
1784905145749,alice,Play,http://localhost:3251@Bee,true,5,5
1784905145751,Ant,Play,http://localhost:3251@alice,true,3,5
1784905146377,Bat,Sing,http://localhost:3251@bear,true,5,5
1784905146380,brice,Sing,http://localhost:3251@Bat,true,5,5
1784905146944,alice,Exercise,http://localhost:3251@bear,true,5,5
1784905146946,bear,Exercise,http://localhost:3251@brice,true,5,5
1784905147385,Bee,Explore,null,false,-5,null
1784905147764,Ant,Play,http://localhost:3251@brice,true,4,5
1784905147767,Bat,Walk,http://localhost:3251@brice,false,3,4
1784905147768,bear,Walk,http://localhost:3251@Bat,true,5,5
1784905147769,brice,Play,http://localhost:3251@Bat,true,5,5
1784905149021,alice,Sing,http://localhost:3251@Bat,true,5,5
1784905149021,brice,Sing,http://localhost:3251@alice,true,5,5
1784905149462,Ant,Explore,null,false,1,null
1784905149824,Bat,Fight,http://localhost:3251@Bee,true,5,5
1784905149826,Bee,Fight,http://localhost:3251@alice,true,5,5
1784905150392,Ant,Play,http://localhost:3251@brice,true,5,5
1784905150393,brice,Play,http://localhost:3251@Bat,true,5,5
1784905150581,alice,Play,http://localhost:3251@bear,true,5,5
1784905150583,bear,Play,http://localhost:3251@brice,true,5,5
1784905150894,Bee,Fight,http://localhost:3251@alice,true,5,5
1784905150897,brice,Fight,http://localhost:3251@Bee,true,5,5
1784905151850,alice,Exercise,http://localhost:3251@Bee,true,5,5
1784905151853,Ant,Exercise,http://localhost:3251@alice,false,-5,4
1784905151913,Bat,Sing,http://localhost:3251@bear,true,5,5
1784905151914,bear,Sing,http://localhost:3251@Bat,true,5,5
1784905152853,alice,Exercise,http://localhost:3251@Bee,true,5,5
1784905152854,Bee,Exercise,http://localhost:3251@Ant,true,5,5
1784905152979,bear,Sing,http://localhost:3251@brice,true,5,5
1784905152981,brice,Sing,http://localhost:3251@Bat,true,5,5
1784905153920,Ant,Sing,http://localhost:3251@Bat,true,5,5
1784905153920,Bee,Sing,http://localhost:3251@Ant,true,5,5
1784905154362,Bat,Walk,http://localhost:3251@brice,true,4,5
1784905154363,brice,Walk,http://localhost:3251@Ant,true,5,5
1784905154550,alice,Explore,null,true,4,null
1784905155116,bear,Play,http://localhost:3251@brice,true,5,5
1784905155117,brice,Play,http://localhost:3251@bear,true,5,5
1784905155306,Ant,Sing,http://localhost:3251@Bat,true,5,5
1784905155309,Bat,Sing,http://localhost:3251@Ant,true,5,5
1784905155936,alice,Play,http://localhost:3251@Bee,true,5,5
1784905155938,bear,Play,http://localhost:3251@alice,true,5,5
1784905156653,alice,Walk,http://localhost:3251@Ant,true,5,5
1784905156653,Ant,Walk,http://localhost:3251@Bee,true,5,5
1784905157103,bear,Dance,http://localhost:3251@brice,true,-3,5
1784905157103,brice,Dance,http://localhost:3251@Ant,true,5,5
1784905157333,alice,Walk,http://localhost:3251@Bee,true,5,5
1784905157334,Bee,Walk,http://localhost:3251@alice,true,5,5
1784905158226,Ant,Explore,null,false,null,null
1784905158283,Bat,Explore,null,false,-3,null
1784905158678,bear,Explore,null,false,-5,null
1784905159024,Bat,Play,http://localhost:3251@brice,true,5,5
1784905159025,brice,Play,http://localhost:3251@Bat,true,5,5
1784905159877,alice,Dance,http://localhost:3251@Ant,true,5,5
1784905159878,Ant,Dance,http://localhost:3251@alice,true,5,5
1784905160282,Bat,Play,http://localhost:3251@Ant,true,5,5
1784905160282,bear,Play,http://localhost:3251@brice,true,5,5
1784905160282,Bee,Play,http://localhost:3251@Bat,true,5,5
1784905160283,brice,Play,http://localhost:3251@Bat,true,5,5
1784905161376,Ant,Fight,http://localhost:3251@Bat,true,5,5
1784905161377,Bat,Fight,http://localhost:3251@Ant,false,4,4
1784905161378,Bee,Talk,http://localhost:3251@brice,true,5,5
1784905161378,brice,Talk,http://localhost:3251@bear,true,5,5
1784905162300,Ant,Play,http://localhost:3251@bear,true,5,5
1784905162301,bear,Play,http://localhost:3251@brice,true,5,5
1784905162711,alice,Sing,http://localhost:3251@Bee,true,5,5
1784905162712,Bee,Sing,http://localhost:3251@Bat,true,5,5
1784905163313,alice,Talk,http://localhost:3251@Ant,false,-5,4
1784905163314,Ant,Talk,http://localhost:3251@alice,true,5,5
1784905163431,Bee,Play,http://localhost:3251@brice,true,5,5
1784905163432,brice,Play,http://localhost:3251@Bat,true,5,5
1784905163676,Bat,Explore,null,false,-4,null
1784905164092,alice,Fight,http://localhost:3251@bear,true,5,5
1784905164092,bear,Fight,http://localhost:3251@alice,true,5,5
1784905164331,Ant,Talk,http://localhost:3251@alice,true,5,5
1784905164333,brice,Talk,http://localhost:3251@Ant,true,5,5
1784905164612,Bat,Exercise,http://localhost:3251@Bee,true,5,5
1784905164613,Bee,Exercise,http://localhost:3251@Ant,true,5,5
1784905165396,alice,Dance,http://localhost:3251@Ant,true,5,5
1784905165397,Ant,Dance,http://localhost:3251@alice,true,5,5
1784905165397,bear,Dance,http://localhost:3251@Bee,false,-4,-5
1784905165397,brice,Dance,http://localhost:3251@bear,true,5,5
1784905166289,Bat,Fight,http://localhost:3251@Ant,true,5,5
1784905166290,bear,Fight,http://localhost:3251@Bat,true,5,5
1784905166645,Bee,Sing,http://localhost:3251@Bat,true,5,5
1784905166646,brice,Sing,http://localhost:3251@Bee,true,5,5
1784905167024,Ant,Explore,null,true,1,null
1784905167394,alice,Sing,http://localhost:3251@Bat,true,5,5
1784905167395,Bat,Sing,http://localhost:3251@alice,false,4,-5
1784905167691,Ant,Fight,http://localhost:3251@brice,true,5,5
1784905167692,brice,Fight,http://localhost:3251@Bat,true,5,5
1784905168714,alice,Fight,http://localhost:3251@Ant,true,5,5
1784905168715,Ant,Fight,http://localhost:3251@bear,true,5,5
1784905168716,Bat,Play,http://localhost:3251@Ant,true,5,5
1784905168717,bear,Play,http://localhost:3251@Bat,true,5,5
1784905169396,Bee,Walk,http://localhost:3251@alice,true,5,5
1784905169397,brice,Walk,http://localhost:3251@Bee,true,5,5
1784905169766,alice,Fight,http://localhost:3251@bear,true,5,5
1784905169768,bear,Fight,http://localhost:3251@alice,true,5,5
1784905170398,Ant,Explore,null,true,2,null
1784905170758,alice,Walk,http://localhost:3251@Bee,true,5,5
1784905170760,Bee,Walk,http://localhost:3251@alice,true,5,5
1784905171201,brice,Explore,null,false,-5,null
1784905171453,Bat,Walk,http://localhost:3251@brice,true,5,5
1784905171453,bear,Walk,http://localhost:3251@Bat,true,5,5
1784905172139,alice,Play,http://localhost:3251@Bee,true,5,5
1784905172140,Ant,Play,http://localhost:3251@alice,true,5,5
1784905172141,Bat,Sing,http://localhost:3251@Bee,true,5,5
1784905172142,Bee,Sing,http://localhost:3251@Bat,true,5,5
1784905172806,Bat,Sing,http://localhost:3251@bear,true,5,5
1784905172806,bear,Sing,http://localhost:3251@alice,true,5,5
1784905172932,Ant,Fight,http://localhost:3251@brice,true,5,5
1784905172932,brice,Fight,http://localhost:3251@Bat,true,5,5
1784905173858,alice,Fight,http://localhost:3251@Bee,true,5,5
1784905173858,Ant,Fight,http://localhost:3251@alice,true,5,5
1784905173921,Bee,Fight,http://localhost:3251@alice,true,5,5
1784905173922,brice,Fight,http://localhost:3251@Bee,true,5,5
1784905174471,Bat,Explore,null,false,-5,null
1784905174701,bear,Exercise,http://localhost:3251@brice,true,5,5
1784905174702,Bee,Exercise,http://localhost:3251@bear,true,5,5
1784905174945,Bat,Fight,http://localhost:3251@brice,true,5,5
1784905174945,brice,Fight,http://localhost:3251@Bat,true,5,5
1784905175543,Ant,Fight,http://localhost:3251@bear,true,5,5
1784905175543,Bee,Fight,http://localhost:3251@Ant,true,5,5
1784905175722,alice,Exercise,http://localhost:3251@Bee,true,5,5
1784905175722,Bat,Exercise,http://localhost:3251@alice,false,4,-5
1784905176024,bear,Walk,http://localhost:3251@alice,true,5,5
1784905176024,brice,Walk,http://localhost:3251@bear,true,5,5
1784905176909,alice,Dance,http://localhost:3251@Ant,true,5,5
1784905176909,Ant,Dance,http://localhost:3251@Bee,true,5,5
1784905176910,Bat,Dance,http://localhost:3251@Bee,true,-2,5
1784905176910,Bee,Dance,http://localhost:3251@alice,true,5,5
1784905177692,brice,Explore,null,false,-5,null
1784905178620,Bat,Talk,http://localhost:3251@Bee,false,-5,4
1784905178621,Bee,Talk,http://localhost:3251@Ant,true,5,5
1784905179103,bear,Explore,null,true,-4,null
1784905179597,Ant,Dance,http://localhost:3251@Bee,true,5,5
1784905179598,brice,Dance,http://localhost:3251@Ant,true,5,5
1784905179851,alice,Exercise,http://localhost:3251@Bee,true,5,5
1784905179854,Bee,Exercise,http://localhost:3251@Ant,true,5,5
1784905180607,Bat,Play,http://localhost:3251@Ant,true,5,5
1784905180608,brice,Play,http://localhost:3251@Bat,true,5,5
1784905180783,alice,Talk,http://localhost:3251@bear,false,-5,4
1784905180784,bear,Talk,http://localhost:3251@Ant,false,-5,-5
1784905181573,alice,Walk,http://localhost:3251@Ant,true,5,5
1784905181575,Ant,Walk,http://localhost:3251@Bee,true,5,5
1784905181940,Bat,Sing,http://localhost:3251@bear,true,5,5
1784905181941,bear,Sing,http://localhost:3251@Bat,true,5,5
1784905182251,Bee,Explore,null,false,-5,null
1784905182666,bear,Walk,http://localhost:3251@brice,true,5,5
1784905182667,brice,Walk,http://localhost:3251@Ant,true,5,5
1784905182793,alice,Exercise,http://localhost:3251@Bee,true,5,5
1784905182794,Bee,Exercise,http://localhost:3251@alice,true,5,5
1784905182981,Ant,Walk,http://localhost:3251@Bee,true,5,5
1784905182982,Bat,Walk,http://localhost:3251@Ant,true,5,5
1784905183723,Ant,Talk,http://localhost:3251@brice,true,5,5
1784905183723,brice,Talk,http://localhost:3251@bear,true,5,5
1784905184028,alice,Exercise,http://localhost:3251@Bee,true,5,5
1784905184029,bear,Exercise,http://localhost:3251@alice,true,5,5
1784905184155,Bat,Dance,http://localhost:3251@Bee,false,-3,3
1784905184157,Bee,Dance,http://localhost:3251@alice,true,5,5
1784905185146,Ant,Dance,http://localhost:3251@Bee,true,5,5
1784905185147,Bat,Dance,http://localhost:3251@Ant,true,-2,5
1784905185209,Bee,Talk,http://localhost:3251@Ant,true,5,5
1784905185210,brice,Talk,http://localhost:3251@Bee,true,5,5
1784905185988,bear,Exercise,http://localhost:3251@brice,true,5,5
1784905185989,brice,Exercise,http://localhost:3251@bear,true,-3,5
1784905186174,Ant,Fight,http://localhost:3251@bear,true,5,5
1784905186175,Bee,Fight,http://localhost:3251@Ant,true,5,5
1784905186720,alice,Walk,http://localhost:3251@Bee,true,5,5
1784905186720,Bat,Walk,http://localhost:3251@alice,false,4,-5
1784905187211,Ant,Fight,http://localhost:3251@bear,true,5,5
1784905187211,Bat,Fight,http://localhost:3251@Ant,true,5,5
1784905187516,Bee,Sing,http://localhost:3251@Bat,true,5,5
1784905187516,brice,Sing,http://localhost:3251@Bee,true,5,5
1784905188065,alice,Play,http://localhost:3251@Bee,true,5,5
1784905188067,Ant,Play,http://localhost:3251@alice,true,5,5
1784905188254,Bat,Fight,http://localhost:3251@Ant,true,5,5
1784905188255,Bee,Fight,http://localhost:3251@Bat,true,5,5
1784905189053,Ant,Fight,http://localhost:3251@bear,true,5,5
1784905189053,bear,Fight,http://localhost:3251@alice,true,5,5
1784905189179,brice,Explore,null,true,-4,null
1784905189923,Bat,Explore,null,false,-5,null
1784905190109,alice,Sing,http://localhost:3251@Bat,true,5,5
1784905190109,Bee,Sing,http://localhost:3251@alice,true,5,5
1784905190473,Bat,Exercise,http://localhost:3251@brice,true,5,5
1784905190474,brice,Exercise,http://localhost:3251@Bat,true,-2,5
1784905190768,alice,Talk,http://localhost:3251@bear,false,-5,3
1784905190769,bear,Talk,http://localhost:3251@Ant,false,-5,-5
1784905191363,Ant,Explore,null,true,3,null
1784905191420,alice,Sing,http://localhost:3251@Bee,true,5,5
1784905191421,Bee,Sing,http://localhost:3251@Bat,true,5,5
1784905191766,alice,Fight,http://localhost:3251@bear,true,5,4
1784905191767,bear,Fight,http://localhost:3251@alice,true,5,5
1784905192138,Ant,Fight,http://localhost:3251@Bat,true,5,5
1784905192139,Bat,Fight,http://localhost:3251@Ant,true,5,5
1784905192455,bear,Play,http://localhost:3251@brice,true,5,5
1784905192456,brice,Play,http://localhost:3251@Bat,true,5,5
1784905193133,Ant,Talk,http://localhost:3251@Bee,true,5,5
1784905193134,Bee,Talk,http://localhost:3251@Ant,true,5,5
1784905193415,alice,Explore,null,true,5,null
1784905193471,Bat,Sing,http://localhost:3251@bear,true,5,5
1784905193472,brice,Sing,http://localhost:3251@Bat,true,5,5
1784905194314,alice,Exercise,http://localhost:3251@Bee,true,5,5
1784905194315,Bee,Exercise,http://localhost:3251@Ant,true,5,5
1784905194734,Ant,Explore,null,true,4,null
1784905194735,bear,Explore,null,true,-3,null
1784905195163,Bee,Talk,http://localhost:3251@brice,true,5,5
1784905195165,brice,Talk,http://localhost:3251@bear,true,5,5
1784905195474,alice,Play,http://localhost:3251@Bat,true,5,5
1784905195475,Bat,Play,http://localhost:3251@Ant,true,5,5
1784905196143,Ant,Sing,http://localhost:3251@Bat,true,5,5
1784905196143,brice,Sing,http://localhost:3251@Ant,true,5,5
1784905196394,Bat,Exercise,http://localhost:3251@Bee,false,4,2
1784905196395,Bee,Exercise,http://localhost:3251@Ant,true,5,5
1784905196890,alice,Play,http://localhost:3251@Bee,true,5,5
1784905196891,bear,Play,http://localhost:3251@alice,true,5,5
1784905197501,Bee,Dance,http://localhost:3251@brice,true,5,5
1784905197501,brice,Dance,http://localhost:3251@Ant,true,5,5
1784905197742,alice,Play,http://localhost:3251@Bat,true,5,5
1784905197743,Bat,Play,http://localhost:3251@Ant,true,5,5
1784905197806,Ant,Explore,null,true,5,null
1784905198829,bear,Play,http://localhost:3251@Bee,false,4,-5
1784905198830,Bee,Play,http://localhost:3251@alice,true,5,5
1784905199063,Bat,Play,http://localhost:3251@Ant,true,5,5
1784905199064,brice,Play,http://localhost:3251@Bat,true,5,5
1784905199380,alice,Explore,null,true,5,null
1784905200028,Ant,Exercise,http://localhost:3251@Bee,true,-4,5
1784905200029,Bee,Exercise,http://localhost:3251@Ant,true,5,5
1784905200154,bear,Sing,http://localhost:3251@alice,true,5,5
1784905200154,brice,Sing,http://localhost:3251@bear,true,5,5
1784905200702,alice,Sing,http://localhost:3251@Bat,true,5,5
1784905200703,Ant,Sing,http://localhost:3251@alice,true,5,5
1784905201137,Bee,Talk,http://localhost:3251@Ant,true,5,5
1784905201138,brice,Talk,http://localhost:3251@Bee,true,5,5
1784905201370,Bat,Explore,null,false,-5,null
1784905202029,Bat,Exercise,http://localhost:3251@bear,true,5,5
1784905202030,bear,Exercise,http://localhost:3251@brice,true,5,5
1784905202089,alice,Sing,http://localhost:3251@Bat,true,5,5
1784905202089,Ant,Sing,http://localhost:3251@alice,true,5,5
1784905202927,brice,Explore,null,false,-5,null
1784905203109,Ant,Fight,http://localhost:3251@bear,true,5,5
1784905203110,bear,Fight,http://localhost:3251@Ant,true,5,-4
1784905203286,alice,Walk,http://localhost:3251@Bee,true,5,5
1784905203287,Bee,Walk,http://localhost:3251@alice,true,5,5
1784905203711,alice,Fight,http://localhost:3251@Bat,true,5,5
1784905203711,Bat,Fight,http://localhost:3251@Ant,true,5,5
1784905204111,alice,Fight,http://localhost:3251@bear,true,5,5
1784905204111,bear,Fight,http://localhost:3251@alice,true,5,5
1784905204735,Ant,Explore,null,true,5,null
1784905204841,bear,Exercise,http://localhost:3251@brice,true,5,5
1784905204841,brice,Exercise,http://localhost:3251@Bat,true,-1,5
1784905204904,Bat,Exercise,http://localhost:3251@brice,true,5,5
1784905204904,Bee,Exercise,http://localhost:3251@Bat,true,5,5
1784905206033,Ant,Play,http://localhost:3251@bear,true,5,5
1784905206034,Bat,Play,http://localhost:3251@Ant,true,5,5
1784905206088,alice,Play,http://localhost:3251@Bee,true,5,5
1784905206089,bear,Play,http://localhost:3251@alice,true,5,5
1784905206138,Bee,Sing,http://localhost:3251@brice,true,5,5
1784905206139,brice,Sing,http://localhost:3251@Bat,true,5,5
1784905207323,alice,Dance,http://localhost:3251@Ant,true,5,5
1784905207324,Ant,Dance,http://localhost:3251@Bee,true,5,5
1784905207944,Bat,Walk,http://localhost:3251@brice,true,5,5
1784905207944,brice,Walk,http://localhost:3251@Bat,true,5,5
1784905208701,alice,Play,http://localhost:3251@bear,true,5,5
1784905208702,bear,Play,http://localhost:3251@brice,true,5,5
1784905209331,Bee,Play,http://localhost:3251@brice,true,5,5
1784905209332,brice,Play,http://localhost:3251@Bat,true,5,5
1784905210088,Bat,Play,http://localhost:3251@Ant,true,5,5
1784905210090,brice,Play,http://localhost:3251@Bat,true,5,5
1784905210144,alice,Walk,http://localhost:3251@Ant,true,5,5
1784905210145,Ant,Walk,http://localhost:3251@Bee,true,5,5
1784905210842,alice,Dance,http://localhost:3251@bear,true,5,5
1784905210843,bear,Dance,http://localhost:3251@Bee,false,-5,-5
1784905211450,Bat,Dance,http://localhost:3251@alice,false,-3,-5
1784905211450,brice,Dance,http://localhost:3251@Bat,true,5,5
1784905211955,bear,Walk,http://localhost:3251@Bee,true,5,-4
1784905211956,Bee,Walk,http://localhost:3251@alice,true,5,5
1784905212073,alice,Sing,http://localhost:3251@Bat,true,5,5
1784905212074,Bat,Sing,http://localhost:3251@alice,false,4,-5
1784905212701,alice,Sing,http://localhost:3251@brice,true,5,-3
1784905212702,brice,Sing,http://localhost:3251@Bat,true,5,5
1784905212764,Ant,Play,http://localhost:3251@bear,true,5,5
1784905212765,bear,Play,http://localhost:3251@Ant,true,5,-3
1784905213649,Bee,Explore,null,false,-5,null
1784905213982,Ant,Sing,http://localhost:3251@Bat,true,5,5
1784905213983,Bat,Sing,http://localhost:3251@bear,true,5,5
1784905214042,alice,Sing,http://localhost:3251@bear,true,5,5
1784905214043,bear,Sing,http://localhost:3251@alice,true,5,5
1784905214633,Bee,Walk,http://localhost:3251@brice,true,5,5
1784905214634,brice,Walk,http://localhost:3251@Ant,true,5,5
1784905214986,Bat,Talk,http://localhost:3251@alice,false,-5,-5
1784905214987,bear,Talk,http://localhost:3251@Bat,true,-4,5
1784905215266,Ant,Sing,http://localhost:3251@Bat,true,5,5
1784905215268,brice,Sing,http://localhost:3251@Ant,true,5,5
1784905215958,Ant,Walk,http://localhost:3251@Bee,true,5,5
1784905215959,Bee,Walk,http://localhost:3251@alice,true,5,5
1784905216309,alice,Walk,http://localhost:3251@bear,true,5,5
1784905216310,bear,Walk,http://localhost:3251@alice,true,5,5
1784905216921,Ant,Walk,http://localhost:3251@Bat,true,5,5
1784905216921,Bat,Walk,http://localhost:3251@brice,true,5,5
1784905217188,bear,Dance,http://localhost:3251@brice,false,-5,4
1784905217190,brice,Dance,http://localhost:3251@Ant,true,5,5
1784905217820,bear,Walk,http://localhost:3251@Bee,true,5,-3
1784905217820,Bee,Walk,http://localhost:3251@alice,true,5,5
1784905218445,Ant,Explore,null,true,5,null
1784905218793,brice,Explore,null,false,-5,null
1784905219421,alice,Dance,http://localhost:3251@Ant,true,5,5
1784905219422,Ant,Dance,http://localhost:3251@alice,true,5,5
1784905219422,Bat,Dance,http://localhost:3251@alice,false,-4,-5
1784905219423,bear,Dance,http://localhost:3251@Bat,true,-4,5
1784905220132,Bee,Sing,http://localhost:3251@brice,true,5,5
1784905220133,brice,Sing,http://localhost:3251@Bat,true,5,5
1784905220972,alice,Explore,null,true,5,null
1784905221301,Ant,Play,http://localhost:3251@bear,true,5,5
1784905221303,bear,Walk,http://localhost:3251@alice,true,5,5
1784905221303,Bee,Play,http://localhost:3251@Ant,true,5,5
1784905221303,brice,Walk,http://localhost:3251@bear,true,5,5
1784905221920,Ant,Play,http://localhost:3251@Bat,true,5,5
1784905221922,Bat,Play,http://localhost:3251@Ant,true,5,5
1784905222603,alice,Fight,http://localhost:3251@Bee,true,5,5
1784905222604,Bee,Fight,http://localhost:3251@alice,true,5,5
1784905222659,Ant,Dance,http://localhost:3251@brice,true,5,5
1784905222660,brice,Dance,http://localhost:3251@Ant,true,5,5
1784905224005,bear,Dance,http://localhost:3251@brice,true,-3,5
1784905224006,brice,Dance,http://localhost:3251@Ant,true,5,5
1784905224166,Bee,Explore,null,false,-5,null
1784905224789,alice,Explore,null,true,5,null
1784905225189,Bee,Exercise,http://localhost:3251@brice,true,5,5
1784905225190,brice,Exercise,http://localhost:3251@Bat,true,null,5
1784905225245,Ant,Sing,http://localhost:3251@Bat,true,5,5
1784905225246,Bat,Sing,http://localhost:3251@Ant,true,5,5
1784905225579,Bat,Fight,http://localhost:3251@bear,true,5,5
1784905225580,bear,Fight,http://localhost:3251@alice,true,5,5
1784905225745,alice,Fight,http://localhost:3251@Bee,true,5,5
1784905225745,brice,Fight,http://localhost:3251@alice,true,5,5
1784905226469,alice,Play,http://localhost:3251@Ant,true,5,5
1784905226471,Ant,Play,http://localhost:3251@bear,true,5,5
1784905226710,Bee,Explore,null,false,-5,null
1784905226821,Bat,Sing,http://localhost:3251@bear,true,5,5
1784905226822,brice,Sing,http://localhost:3251@Bat,true,5,5
1784905227444,alice,Sing,http://localhost:3251@bear,true,5,5
1784905227446,bear,Sing,http://localhost:3251@alice,true,5,5
1784905227635,Ant,Exercise,http://localhost:3251@bear,true,-3,5
1784905227636,Bat,Exercise,http://localhost:3251@Ant,true,5,5
1784905227974,Bee,Exercise,http://localhost:3251@brice,true,5,5
1784905227975,brice,Exercise,http://localhost:3251@Bat,false,-1,4
1784905228710,bear,Play,http://localhost:3251@brice,true,5,5
1784905228711,brice,Play,http://localhost:3251@bear,true,5,5
1784905229143,Ant,Explore,null,true,5,null
1784905229144,Bat,Explore,null,false,-5,null
1784905229258,alice,Play,http://localhost:3251@Bee,true,5,5
1784905229259,Bee,Play,http://localhost:3251@alice,true,5,5
1784905229963,Ant,Walk,http://localhost:3251@brice,true,5,5
1784905229964,brice,Walk,http://localhost:3251@Ant,true,5,5
1784905230793,Bat,Fight,http://localhost:3251@Ant,true,5,5
1784905230794,bear,Fight,http://localhost:3251@Bat,true,5,5
1784905231275,Ant,Sing,http://localhost:3251@Bat,true,5,5
1784905231276,Bee,Sing,http://localhost:3251@Ant,true,5,5
1784905231786,Ant,Fight,http://localhost:3251@Bat,true,5,5
1784905231788,Bat,Fight,http://localhost:3251@Ant,true,5,5
1784905231849,alice,Walk,http://localhost:3251@Bee,true,5,5
1784905231850,brice,Walk,http://localhost:3251@alice,true,5,5
1784905232255,Ant,Talk,http://localhost:3251@Bee,true,5,5
1784905232255,Bee,Talk,http://localhost:3251@Ant,true,5,5
1784905232587,Bat,Exercise,http://localhost:3251@bear,true,5,5
1784905232588,bear,Exercise,http://localhost:3251@brice,true,5,5
1784905233082,alice,Dance,http://localhost:3251@Ant,true,5,5
1784905233082,Ant,Dance,http://localhost:3251@alice,true,5,5
1784905233410,bear,Fight,http://localhost:3251@brice,true,5,5
1784905233411,brice,Fight,http://localhost:3251@Bat,true,5,5
1784905233463,Bat,Walk,http://localhost:3251@Bee,true,5,3
1784905233463,Bee,Walk,http://localhost:3251@alice,true,5,5
1784905234356,alice,Walk,http://localhost:3251@Bee,true,5,5
1784905234356,brice,Walk,http://localhost:3251@alice,true,5,5
1784905234465,Ant,Fight,http://localhost:3251@Bee,true,5,5
1784905234466,Bee,Fight,http://localhost:3251@alice,true,5,5
1784905235312,Ant,Walk,http://localhost:3251@bear,true,5,5
1784905235312,bear,Walk,http://localhost:3251@alice,true,5,5
1784905235764,Ant,Talk,http://localhost:3251@Bat,true,5,5
1784905235764,Bat,Talk,http://localhost:3251@alice,false,-5,-5
1784905236091,bear,Exercise,http://localhost:3251@brice,true,5,5
1784905236091,brice,Exercise,http://localhost:3251@Bat,false,-2,4
1784905236322,alice,Walk,http://localhost:3251@Bee,true,5,5
1784905236322,Bee,Walk,http://localhost:3251@alice,true,5,5
1784905236993,alice,Play,http://localhost:3251@Ant,true,5,5
1784905236994,Ant,Play,http://localhost:3251@bear,true,5,5
1784905236994,Bat,Walk,http://localhost:3251@brice,true,5,5
1784905236995,brice,Walk,http://localhost:3251@Bat,true,5,5
1784905237321,alice,Fight,http://localhost:3251@Bee,true,5,5
1784905237322,Bee,Fight,http://localhost:3251@alice,true,5,5
1784905237932,bear,Play,http://localhost:3251@brice,true,5,5
1784905237933,brice,Play,http://localhost:3251@bear,true,5,5
1784905238513,Ant,Explore,null,true,5,null
1784905238575,Bat,Fight,http://localhost:3251@Ant,true,5,5
1784905238576,bear,Fight,http://localhost:3251@Bat,true,5,5
1784905238866,alice,Explore,null,false,4,null
1784905239199,Ant,Play,http://localhost:3251@brice,true,5,5
1784905239200,brice,Play,http://localhost:3251@Bat,true,5,5
1784905239532,Bee,Fight,http://localhost:3251@alice,true,5,5
1784905239533,brice,Fight,http://localhost:3251@Bee,true,5,5
1784905239699,Ant,Exercise,http://localhost:3251@bear,true,-2,5
1784905239700,bear,Exercise,http://localhost:3251@brice,true,5,5
1784905240088,alice,Sing,http://localhost:3251@Bat,true,5,5
1784905240089,Bat,Sing,http://localhost:3251@alice,true,5,-4
1784905240748,Bat,Dance,http://localhost:3251@Bee,true,-3,4
1784905240749,Bee,Dance,http://localhost:3251@alice,true,5,5
1784905240908,alice,Sing,http://localhost:3251@bear,true,5,5
1784905240909,bear,Sing,http://localhost:3251@alice,true,5,5
1784905241562,Ant,Walk,http://localhost:3251@Bee,true,5,5
1784905241563,brice,Walk,http://localhost:3251@Ant,true,5,5
1784905242007,alice,Dance,http://localhost:3251@Bee,true,5,5
1784905242007,Bee,Dance,http://localhost:3251@alice,true,5,5
1784905242169,Bat,Play,http://localhost:3251@bear,true,5,5
1784905242169,bear,Play,http://localhost:3251@brice,true,5,5
1784905242518,Ant,Fight,http://localhost:3251@bear,true,5,5
1784905242519,Bee,Fight,http://localhost:3251@Ant,true,5,5
1784905243277,alice,Sing,http://localhost:3251@Bat,true,5,5
1784905243278,Bee,Sing,http://localhost:3251@alice,true,5,5
1784905243464,Ant,Sing,http://localhost:3251@brice,true,5,5
1784905243465,brice,Sing,http://localhost:3251@Bat,true,5,5
1784905244338,bear,Explore,null,true,-2,null
1784905244499,Ant,Walk,http://localhost:3251@Bee,true,5,5
1784905244500,Bee,Walk,http://localhost:3251@alice,true,5,5
1784905245004,Bat,Fight,http://localhost:3251@Ant,true,5,5
1784905245005,Bee,Fight,http://localhost:3251@Bat,true,5,5
1784905245122,alice,Walk,http://localhost:3251@Bee,true,5,5
1784905245123,bear,Walk,http://localhost:3251@alice,true,5,5
1784905245759,Ant,Walk,http://localhost:3251@Bee,true,5,5
1784905245760,Bee,Walk,http://localhost:3251@Ant,true,5,5
1784905245866,bear,Exercise,http://localhost:3251@brice,true,5,5
1784905245867,brice,Exercise,http://localhost:3251@Bat,true,-1,5
1784905246088,alice,Fight,http://localhost:3251@Bee,true,5,5
1784905246089,Ant,Fight,http://localhost:3251@alice,true,5,5
1784905246878,Bat,Dance,http://localhost:3251@alice,false,-4,-5
1784905246878,Bee,Dance,http://localhost:3251@Bat,true,5,5
1784905247604,Ant,Explore,null,true,5,null
1784905247710,bear,Sing,http://localhost:3251@brice,true,5,5
1784905247710,brice,Sing,http://localhost:3251@Bat,true,5,5
1784905248333,alice,Talk,http://localhost:3251@brice,true,-4,-2
1784905248334,Ant,Talk,http://localhost:3251@alice,true,5,5
1784905248511,Bat,Talk,http://localhost:3251@alice,false,-5,-5
1784905248512,brice,Talk,http://localhost:3251@Bat,true,5,5
1784905248808,bear,Play,http://localhost:3251@Bee,true,5,-2
1784905248808,Bee,Play,http://localhost:3251@alice,true,5,5
1784905249537,alice,Exercise,http://localhost:3251@Bee,true,5,5
1784905249538,brice,Exercise,http://localhost:3251@alice,false,-2,4
1784905249847,Bat,Play,http://localhost:3251@Ant,true,5,5
1784905249848,Bee,Play,http://localhost:3251@Bat,true,5,5
1784905250400,Ant,Play,http://localhost:3251@bear,true,5,5
1784905250401,brice,Play,http://localhost:3251@Ant,true,5,5
1784905251118,bear,Explore,null,true,-1,null
1784905251179,Ant,Walk,http://localhost:3251@Bee,true,5,5
1784905251180,Bee,Walk,http://localhost:3251@alice,true,5,5
1784905251837,Bat,Play,http://localhost:3251@Ant,true,5,5
1784905251837,bear,Play,http://localhost:3251@Bat,true,5,5
1784905251894,alice,Talk,http://localhost:3251@brice,true,-3,-1
1784905251894,Ant,Talk,http://localhost:3251@alice,true,5,5
1784905252180,Bat,Fight,http://localhost:3251@Bee,true,5,5
1784905252181,Bee,Fight,http://localhost:3251@alice,true,5,5
1784905252234,bear,Talk,http://localhost:3251@brice,false,-5,4
1784905252235,brice,Talk,http://localhost:3251@bear,true,5,5
1784905253380,alice,Explore,null,true,5,null
1784905253380,Ant,Dance,http://localhost:3251@Bee,true,5,5
1784905253381,Bee,Dance,http://localhost:3251@alice,true,5,5
1784905253663,Bat,Explore,null,true,-4,null
1784905253769,Ant,Fight,http://localhost:3251@brice,true,5,5
1784905253770,brice,Fight,http://localhost:3251@Bat,true,5,5
1784905254043,alice,Play,http://localhost:3251@bear,true,5,5
1784905254044,bear,Play,http://localhost:3251@brice,true,5,5
1784905254477,Ant,Exercise,http://localhost:3251@Bee,false,-3,4
1784905254477,Bee,Exercise,http://localhost:3251@Ant,true,5,5
1784905255265,alice,Walk,http://localhost:3251@Bee,true,5,5
1784905255266,Ant,Dance,http://localhost:3251@bear,true,5,5
1784905255266,bear,Dance,http://localhost:3251@Bee,false,-4,-3
1784905255266,Bee,Walk,http://localhost:3251@alice,true,5,5
1784905255983,Ant,Talk,http://localhost:3251@brice,true,5,5
1784905255984,brice,Talk,http://localhost:3251@bear,true,5,5
1784905256433,Bat,Explore,null,false,-5,null
1784905256596,Bee,Dance,http://localhost:3251@alice,true,5,5
1784905256597,brice,Dance,http://localhost:3251@Bee,true,5,5
1784905257229,Ant,Sing,http://localhost:3251@Bat,true,5,5
1784905257229,bear,Sing,http://localhost:3251@alice,true,5,5
1784905257229,Bee,Sing,http://localhost:3251@bear,true,5,5
1784905257230,brice,Sing,http://localhost:3251@Ant,true,5,5
1784905258316,alice,Exercise,http://localhost:3251@Bee,true,5,5
1784905258317,Ant,Exercise,http://localhost:3251@alice,false,-4,4
1784905258561,Bat,Play,http://localhost:3251@Bee,true,5,5
1784905258561,Bee,Play,http://localhost:3251@alice,true,5,5
1784905258837,Ant,Fight,http://localhost:3251@brice,true,5,5
1784905258837,bear,Explore,null,true,null,null
1784905258838,brice,Fight,http://localhost:3251@Bat,true,5,5
1784905259884,alice,Explore,null,true,5,null
1784905259885,Bat,Sing,http://localhost:3251@bear,true,5,5
1784905259885,Bee,Sing,http://localhost:3251@Bat,true,5,5
1784905260432,alice,Fight,http://localhost:3251@bear,true,5,5
1784905260433,bear,Fight,http://localhost:3251@alice,true,5,5
1784905260711,Bee,Walk,http://localhost:3251@brice,true,5,5
1784905260711,brice,Walk,http://localhost:3251@Ant,true,5,5
1784905261085,Bat,Play,http://localhost:3251@Ant,true,5,5
1784905261085,bear,Play,http://localhost:3251@Bat,true,5,5
1784905261926,alice,Play,http://localhost:3251@brice,true,5,null
1784905261927,Ant,Dance,http://localhost:3251@Bee,true,5,5
1784905261927,Bat,Dance,http://localhost:3251@Ant,true,-3,5
1784905261928,brice,Play,http://localhost:3251@Bat,true,5,5
1784905262442,Bat,Exercise,http://localhost:3251@Bee,true,5,5
1784905262443,Bee,Exercise,http://localhost:3251@Ant,true,5,5
1784905262867,alice,Exercise,http://localhost:3251@bear,true,5,5
1784905262868,bear,Exercise,http://localhost:3251@brice,true,5,5
1784905263212,Bat,Walk,http://localhost:3251@brice,true,5,5
1784905263213,brice,Walk,http://localhost:3251@Ant,true,5,5
1784905263559,Ant,Explore,null,true,5,null
1784905263719,bear,Walk,http://localhost:3251@Bee,false,4,-4
1784905263720,Bee,Walk,http://localhost:3251@alice,true,5,5
1784905264505,Ant,Dance,http://localhost:3251@Bat,true,5,5
1784905264506,Bat,Dance,http://localhost:3251@alice,false,-4,-5
1784905264506,bear,Sing,http://localhost:3251@brice,true,5,5
1784905264507,brice,Sing,http://localhost:3251@Bat,true,5,5
1784905264820,alice,Play,http://localhost:3251@Bee,true,5,5
1784905264821,Bee,Play,http://localhost:3251@alice,true,5,5
1784905265709,alice,Exercise,http://localhost:3251@bear,true,5,5
1784905265709,Bat,Exercise,http://localhost:3251@brice,true,5,5
1784905265710,bear,Exercise,http://localhost:3251@brice,true,5,5
1784905265710,Bee,Exercise,http://localhost:3251@Bat,true,5,5
1784905266474,Ant,Play,http://localhost:3251@bear,true,5,5
1784905266475,bear,Play,http://localhost:3251@Ant,false,4,-4
1784905267088,Ant,Walk,http://localhost:3251@brice,true,5,5
1784905267090,brice,Walk,http://localhost:3251@Ant,true,5,5
1784905267259,Bat,Explore,null,false,-5,null
1784905267738,bear,Sing,http://localhost:3251@alice,true,5,5
1784905267739,Bee,Sing,http://localhost:3251@bear,true,5,5
1784905267898,alice,Explore,null,false,4,null
1784905268358,Bat,Sing,http://localhost:3251@brice,true,5,5
1784905268360,brice,Sing,http://localhost:3251@Bat,true,5,5
1784905268975,Bat,Walk,http://localhost:3251@Bee,true,5,5
1784905268975,Bee,Walk,http://localhost:3251@alice,true,5,5
1784905269032,bear,Dance,http://localhost:3251@Bee,false,-5,-5
1784905269033,brice,Dance,http://localhost:3251@bear,true,5,5
1784905269423,alice,Explore,null,false,3,null
1784905269598,Ant,Play,http://localhost:3251@bear,true,5,5
1784905269599,Bee,Play,http://localhost:3251@Ant,true,5,5
1784905270234,Ant,Walk,http://localhost:3251@Bat,true,5,5
1784905270235,Bat,Walk,http://localhost:3251@brice,true,5,5
1784905270287,bear,Sing,http://localhost:3251@alice,true,5,5
1784905270288,Bee,Sing,http://localhost:3251@bear,true,5,5
1784905271039,alice,Fight,http://localhost:3251@Bee,true,5,5
1784905271040,Bee,Fight,http://localhost:3251@alice,true,5,5
1784905271229,brice,Explore,null,false,-5,null
1784905272065,Bat,Exercise,http://localhost:3251@brice,true,5,5
1784905272066,Bee,Exercise,http://localhost:3251@Bat,true,5,5
1784905272174,Ant,Sing,http://localhost:3251@bear,true,5,5
1784905272175,bear,Sing,http://localhost:3251@alice,true,5,5
1784905272893,alice,Play,http://localhost:3251@Bee,true,5,5
1784905272894,brice,Play,http://localhost:3251@alice,true,5,5
1784905273406,Ant,Sing,http://localhost:3251@Bat,true,5,5
1784905273406,Bee,Sing,http://localhost:3251@Ant,true,5,5
1784905273674,bear,Explore,null,true,1,null
1784905274151,alice,Play,http://localhost:3251@Bee,true,5,5
1784905274152,Bee,Play,http://localhost:3251@alice,true,5,5
1784905274387,Ant,Talk,http://localhost:3251@alice,true,5,5
1784905274388,brice,Talk,http://localhost:3251@Ant,true,5,5
1784905274443,Bat,Exercise,http://localhost:3251@brice,true,5,5
1784905274444,bear,Exercise,http://localhost:3251@Bat,true,5,5
1784905275115,alice,Fight,http://localhost:3251@Bee,true,5,5
1784905275116,Bat,Fight,http://localhost:3251@alice,false,4,-5
1784905275685,Bee,Play,http://localhost:3251@brice,true,5,5
1784905275685,brice,Play,http://localhost:3251@Bat,true,5,5
1784905275980,Ant,Explore,null,true,5,null
1784905276459,Bat,Walk,http://localhost:3251@brice,true,5,5
1784905276459,brice,Walk,http://localhost:3251@Bat,true,5,5
1784905276733,alice,Explore,null,false,2,null
1784905277477,bear,Explore,null,false,null,null
1784905277591,Bee,Sing,http://localhost:3251@Bat,true,5,5
1784905277592,brice,Sing,http://localhost:3251@Bee,true,5,5
1784905277855,Ant,Sing,http://localhost:3251@Bat,true,5,5
1784905277856,Bat,Sing,http://localhost:3251@Ant,true,5,5
1784905278843,Ant,Sing,http://localhost:3251@Bee,true,5,5
1784905278844,Bee,Sing,http://localhost:3251@Bat,true,5,5
1784905278903,alice,Explore,null,true,3,null
1784905279469,Bee,Sing,http://localhost:3251@brice,true,5,5
1784905279470,brice,Sing,http://localhost:3251@Bat,true,5,5
1784905280197,alice,Sing,http://localhost:3251@Bat,true,5,5
1784905280198,Bat,Sing,http://localhost:3251@alice,true,5,-4
1784905280414,Ant,Explore,null,true,5,null
1784905280415,bear,Talk,http://localhost:3251@Ant,false,-5,-5
1784905280415,brice,Talk,http://localhost:3251@bear,true,5,5
1784905281114,Bee,Explore,null,false,-5,null
1784905281399,Bat,Talk,http://localhost:3251@bear,false,-5,4
1784905281400,bear,Talk,http://localhost:3251@Ant,false,-5,-5
1784905281729,alice,Explore,null,true,4,null
1784905282212,Bat,Exercise,http://localhost:3251@Bee,true,5,5
1784905282213,Bee,Exercise,http://localhost:3251@Ant,true,5,5
1784905282611,Ant,Talk,http://localhost:3251@alice,true,5,5
1784905282611,Bat,Talk,http://localhost:3251@Ant,true,-4,5
1784905282893,bear,Explore,null,false,-1,null
1784905282943,alice,Dance,http://localhost:3251@Ant,true,5,5
1784905282944,Bee,Dance,http://localhost:3251@alice,true,5,5
1784905283623,bear,Walk,http://localhost:3251@brice,true,5,5
1784905283623,brice,Walk,http://localhost:3251@Ant,true,5,5
1784905283847,Bat,Walk,http://localhost:3251@brice,true,5,5
1784905283848,Bee,Walk,http://localhost:3251@Bat,true,5,5
1784905284143,Ant,Explore,null,true,5,null
1784905284756,Ant,Exercise,http://localhost:3251@bear,false,-5,4
1784905284757,bear,Exercise,http://localhost:3251@brice,true,5,5
1784905285102,alice,Explore,null,true,5,null
1784905285104,Bat,Play,http://localhost:3251@Ant,true,5,5
1784905285105,brice,Play,http://localhost:3251@Bat,true,5,5
1784905285747,Bee,Walk,http://localhost:3251@alice,true,5,5
1784905285747,brice,Walk,http://localhost:3251@Bee,true,5,5
1784905285910,Bat,Exercise,http://localhost:3251@bear,true,5,5
1784905285911,bear,Exercise,http://localhost:3251@brice,true,5,5
1784905286310,Ant,Explore,null,false,4,null
1784905286876,bear,Exercise,http://localhost:3251@brice,true,5,5
1784905286877,brice,Exercise,http://localhost:3251@Bat,false,-3,4
1784905287172,Bat,Walk,http://localhost:3251@brice,true,5,5
1784905287173,Bee,Walk,http://localhost:3251@Bat,true,5,5
1784905287887,bear,Fight,http://localhost:3251@alice,true,5,5
1784905287888,Bee,Fight,http://localhost:3251@bear,true,5,5
1784905288167,alice,Walk,http://localhost:3251@brice,true,5,1
1784905288167,brice,Walk,http://localhost:3251@Ant,true,5,5
1784905288228,Ant,Walk,http://localhost:3251@Bee,true,5,5
1784905288229,Bat,Walk,http://localhost:3251@Ant,true,5,5
1784905289128,alice,Sing,http://localhost:3251@Bee,true,5,5
1784905289128,Bee,Sing,http://localhost:3251@Bat,true,5,5
1784905289405,Bat,Sing,http://localhost:3251@brice,true,5,5
1784905289405,bear,Explore,null,true,null,null
1784905289406,brice,Sing,http://localhost:3251@Bat,true,5,5
1784905289808,Ant,Explore,null,true,5,null
1784905291050,alice,Walk,http://localhost:3251@Bee,true,5,5
1784905291050,Ant,Walk,http://localhost:3251@alice,true,5,5
1784905291112,bear,Walk,http://localhost:3251@Bee,false,4,-5
1784905291113,Bee,Walk,http://localhost:3251@alice,true,5,5
1784905291389,Bat,Play,http://localhost:3251@Ant,true,5,5
1784905291390,brice,Play,http://localhost:3251@Bat,true,5,5
1784905292335,Bat,Play,http://localhost:3251@bear,true,5,5
1784905292336,bear,Play,http://localhost:3251@brice,true,5,5
1784905292563,alice,Explore,null,true,5,null
1784905292564,Ant,Explore,null,false,4,null
1784905293269,Bee,Sing,http://localhost:3251@brice,true,5,5
1784905293272,brice,Sing,http://localhost:3251@Bat,true,5,5
1784905294253,alice,Walk,http://localhost:3251@bear,true,5,5
1784905294253,Bat,Play,http://localhost:3251@Ant,true,5,5
1784905294253,bear,Walk,http://localhost:3251@alice,true,5,5
1784905294254,brice,Play,http://localhost:3251@Bat,true,5,5
1784905294477,Ant,Dance,http://localhost:3251@Bee,true,5,5
1784905294478,Bee,Dance,http://localhost:3251@Ant,true,5,5
1784905295219,Bee,Fight,http://localhost:3251@brice,true,5,5
1784905295219,brice,Fight,http://localhost:3251@Bat,true,5,5
1784905295472,Ant,Fight,http://localhost:3251@bear,true,5,5
1784905295473,Bat,Fight,http://localhost:3251@Ant,true,5,5
1784905296154,Ant,Sing,http://localhost:3251@bear,true,5,5
1784905296154,bear,Sing,http://localhost:3251@alice,true,5,5
1784905296497,Bat,Sing,http://localhost:3251@Bee,true,5,5
1784905296498,Bee,Sing,http://localhost:3251@Bat,true,5,5
1784905296808,alice,Dance,http://localhost:3251@Ant,true,5,5
1784905296809,brice,Dance,http://localhost:3251@alice,true,5,5
1784905297786,Ant,Dance,http://localhost:3251@Bat,true,5,5
1784905297786,Bat,Dance,http://localhost:3251@alice,false,-5,-5
1784905298063,Bee,Dance,http://localhost:3251@brice,true,5,5
1784905298064,brice,Dance,http://localhost:3251@Ant,true,5,5
1784905298707,alice,Walk,http://localhost:3251@Bee,true,5,5
1784905298708,brice,Walk,http://localhost:3251@alice,true,5,5
1784905299053,alice,Talk,http://localhost:3251@Bee,true,-2,5
1784905299055,Bee,Talk,http://localhost:3251@Ant,true,5,5
1784905299742,Ant,Play,http://localhost:3251@bear,true,5,5
1784905299742,Bee,Play,http://localhost:3251@Ant,true,5,5
1784905299963,Bat,Explore,null,false,-5,null
1784905300185,alice,Play,http://localhost:3251@bear,true,5,5
1784905300186,bear,Play,http://localhost:3251@brice,true,5,5
1784905300241,brice,Explore,null,false,-5,null
1784905301045,alice,Play,http://localhost:3251@Bee,true,5,5
1784905301045,Ant,Walk,http://localhost:3251@Bee,true,5,5
1784905301045,Bat,Walk,http://localhost:3251@Ant,true,5,5
1784905301046,Bee,Play,http://localhost:3251@alice,true,5,5
1784905302167,bear,Dance,http://localhost:3251@Bee,false,-5,-5
1784905302168,brice,Dance,http://localhost:3251@bear,true,5,5
1784905302852,alice,Exercise,http://localhost:3251@Bee,true,5,5
1784905302854,bear,Exercise,http://localhost:3251@alice,true,5,5
1784905303013,Bat,Play,http://localhost:3251@Bee,true,5,5
1784905303014,Bee,Play,http://localhost:3251@alice,true,5,5
1784905303286,Ant,Explore,null,true,5,null
1784905303700,brice,Explore,null,false,-5,null
1784905303866,alice,Fight,http://localhost:3251@Bee,true,5,5
1784905303867,Bat,Fight,http://localhost:3251@alice,true,5,-4
1784905304578,Ant,Walk,http://localhost:3251@Bee,true,5,5
1784905304579,bear,Walk,http://localhost:3251@Ant,true,5,-4
1784905304933,Bee,Sing,http://localhost:3251@Bat,true,5,5
1784905304933,brice,Sing,http://localhost:3251@Bee,true,5,5
1784905305506,alice,Fight,http://localhost:3251@Bee,true,5,5
1784905305507,Bat,Fight,http://localhost:3251@Ant,true,5,5
1784905305508,bear,Fight,http://localhost:3251@alice,true,5,5
1784905305509,brice,Fight,http://localhost:3251@Bat,true,5,5
1784905306123,bear,Exercise,http://localhost:3251@Bee,true,5,-4
1784905306124,Bee,Exercise,http://localhost:3251@Ant,true,5,5
1784905306564,Bee,Fight,http://localhost:3251@brice,true,5,5
1784905306564,brice,Fight,http://localhost:3251@Bat,true,5,5
1784905306855,Bat,Sing,http://localhost:3251@bear,true,5,5
1784905306855,bear,Sing,http://localhost:3251@Bat,true,5,5
1784905307246,alice,Explore,null,true,5,null
1784905307489,Ant,Explore,null,true,5,null
1784905307850,Ant,Fight,http://localhost:3251@Bat,true,5,5
1784905307851,Bat,Fight,http://localhost:3251@Ant,true,5,5
1784905307852,bear,Sing,http://localhost:3251@brice,true,5,5
1784905307852,brice,Sing,http://localhost:3251@Bat,true,5,5
1784905308253,alice,Fight,http://localhost:3251@Bee,true,5,5
1784905308254,bear,Fight,http://localhost:3251@alice,true,5,5
1784905308530,Bat,Sing,http://localhost:3251@Bee,true,5,5
1784905308531,Bee,Sing,http://localhost:3251@Bat,true,5,5
1784905309255,alice,Fight,http://localhost:3251@Bee,true,5,5
1784905309256,Ant,Fight,http://localhost:3251@alice,true,5,5
1784905309541,bear,Sing,http://localhost:3251@alice,true,5,5
1784905309541,brice,Sing,http://localhost:3251@bear,true,5,5
1784905310475,Bee,Dance,http://localhost:3251@alice,true,5,5
1784905310476,brice,Dance,http://localhost:3251@Bee,true,5,5
1784905310974,Bat,Exercise,http://localhost:3251@brice,false,4,4
1784905310974,bear,Exercise,http://localhost:3251@Bat,true,5,5
1784905311423,alice,Explore,null,true,5,null
1784905311799,Ant,Dance,http://localhost:3251@Bee,true,5,5
1784905311800,Bee,Dance,http://localhost:3251@alice,true,5,5
1784905312518,Bat,Explore,null,false,-5,null
1784905312693,alice,Play,http://localhost:3251@Bee,true,5,5
1784905312694,Bee,Play,http://localhost:3251@alice,true,5,5
1784905313411,Ant,Explore,null,true,5,null
1784905313726,alice,Dance,http://localhost:3251@brice,true,5,2
1784905313728,brice,Dance,http://localhost:3251@Ant,true,5,5
1784905314304,Bat,Sing,http://localhost:3251@bear,true,5,5
1784905314305,bear,Sing,http://localhost:3251@alice,true,5,5
1784905314430,alice,Fight,http://localhost:3251@Ant,true,5,5
1784905314430,Ant,Fight,http://localhost:3251@bear,true,5,5
1784905314663,Bee,Sing,http://localhost:3251@Bat,true,5,5
1784905314663,brice,Sing,http://localhost:3251@Bee,true,5,5
1784905315485,alice,Exercise,http://localhost:3251@bear,true,5,5
1784905315486,bear,Exercise,http://localhost:3251@brice,true,5,5
1784905315874,Bat,Explore,null,false,-5,null
1784905315985,Ant,Explore,null,true,5,null
1784905316263,Bat,Fight,http://localhost:3251@brice,true,5,5
1784905316263,brice,Fight,http://localhost:3251@Bat,true,5,5
1784905316596,Ant,Walk,http://localhost:3251@Bee,true,5,5
1784905316597,Bee,Walk,http://localhost:3251@alice,true,5,5
1784905317274,alice,Fight,http://localhost:3251@Bat,true,5,5
1784905317275,Bat,Fight,http://localhost:3251@Ant,true,5,5
1784905317275,bear,Exercise,http://localhost:3251@brice,true,5,5
1784905317276,brice,Exercise,http://localhost:3251@bear,true,-2,5
1784905317884,Bee,Walk,http://localhost:3251@alice,true,5,5
1784905317884,brice,Walk,http://localhost:3251@Bee,true,5,5
1784905317997,alice,Play,http://localhost:3251@Ant,true,5,5
1784905317997,Ant,Play,http://localhost:3251@bear,true,5,5
1784905319164,alice,Play,http://localhost:3251@Bee,true,5,5
1784905319165,Bee,Play,http://localhost:3251@alice,true,5,5
1784905319452,brice,Explore,null,false,-5,null
1784905319793,bear,Sing,http://localhost:3251@alice,true,5,5
1784905319793,Bee,Sing,http://localhost:3251@bear,true,5,5
1784905319982,alice,Sing,http://localhost:3251@Ant,true,5,5
1784905319982,Ant,Sing,http://localhost:3251@Bat,true,5,5
1784905320473,Bat,Play,http://localhost:3251@Ant,true,5,5
1784905320475,Bee,Play,http://localhost:3251@Bat,true,5,5
1784905320789,bear,Sing,http://localhost:3251@brice,true,5,5
1784905320790,brice,Sing,http://localhost:3251@Bat,true,5,5
1784905321483,Ant,Walk,http://localhost:3251@Bee,true,5,5
1784905321484,Bat,Walk,http://localhost:3251@Ant,true,5,5
1784905322051,alice,Dance,http://localhost:3251@Ant,true,5,5
1784905322052,brice,Dance,http://localhost:3251@alice,true,5,5
1784905322178,bear,Sing,http://localhost:3251@alice,true,5,5
1784905322179,Bee,Sing,http://localhost:3251@bear,true,5,5
1784905322874,Ant,Walk,http://localhost:3251@Bee,true,5,5
1784905322875,Bee,Walk,http://localhost:3251@Ant,true,5,5
1784905323374,alice,Walk,http://localhost:3251@Bee,true,5,5
1784905323375,Bat,Walk,http://localhost:3251@alice,false,4,-5
1784905323674,brice,Explore,null,false,-5,null
1784905324140,Bat,Sing,http://localhost:3251@bear,true,5,5
1784905324141,bear,Sing,http://localhost:3251@alice,true,5,5
1784905324419,Ant,Explore,null,false,4,null
1784905324420,Bee,Explore,null,true,-4,null
1784905325196,Bat,Talk,http://localhost:3251@alice,false,-5,-5
1784905325196,Bee,Talk,http://localhost:3251@Bat,true,5,5
1784905325307,alice,Walk,http://localhost:3251@Bee,true,5,5
1784905325307,brice,Walk,http://localhost:3251@alice,true,5,5
1784905326253,Ant,Exercise,http://localhost:3251@bear,true,-4,5
1784905326254,Bat,Exercise,http://localhost:3251@Ant,true,5,5
1784905326363,bear,Explore,null,true,1,null
1784905326785,Bee,Explore,null,true,-3,null
1784905327143,alice,Exercise,http://localhost:3251@Bee,true,5,5
1784905327144,bear,Exercise,http://localhost:3251@alice,true,5,5
1784905327269,Ant,Fight,http://localhost:3251@bear,true,5,5
1784905327270,Bee,Fight,http://localhost:3251@Ant,true,5,5
1784905327551,brice,Explore,null,false,-5,null
1784905328263,Bat,Dance,http://localhost:3251@alice,false,-5,-5
1784905328264,brice,Dance,http://localhost:3251@Bat,true,5,5
1784905328454,alice,Dance,http://localhost:3251@Ant,true,5,5
1784905328455,Ant,Dance,http://localhost:3251@alice,true,5,5
1784905329151,bear,Walk,http://localhost:3251@alice,true,5,5
1784905329152,brice,Walk,http://localhost:3251@bear,true,5,5
1784905329278,alice,Sing,http://localhost:3251@Bee,true,5,5
1784905329279,Bee,Sing,http://localhost:3251@Bat,true,5,5
1784905329467,Ant,Talk,http://localhost:3251@alice,true,5,5
1784905329468,Bat,Talk,http://localhost:3251@Ant,false,-5,4
1784905330174,Bee,Fight,http://localhost:3251@brice,true,5,5
1784905330174,brice,Fight,http://localhost:3251@Bat,true,5,5
1784905330464,Bat,Walk,http://localhost:3251@bear,true,5,5
1784905330465,bear,Walk,http://localhost:3251@alice,true,5,5
1784905330751,alice,Play,http://localhost:3251@Ant,true,5,5
1784905330752,Ant,Play,http://localhost:3251@bear,true,5,5
1784905331168,Ant,Fight,http://localhost:3251@brice,true,5,5
1784905331169,brice,Fight,http://localhost:3251@Bat,true,5,5
1784905331441,alice,Walk,http://localhost:3251@Bee,true,5,5
1784905331441,Bee,Walk,http://localhost:3251@alice,true,5,5
1784905332006,bear,Explore,null,true,2,null
1784905332068,Bat,Fight,http://localhost:3251@Ant,true,5,5
1784905332069,brice,Fight,http://localhost:3251@Bat,true,5,5
1784905332638,bear,Exercise,http://localhost:3251@Bee,false,4,-5
1784905332638,Bee,Exercise,http://localhost:3251@Ant,true,5,5
1784905332764,alice,Sing,http://localhost:3251@Bat,true,5,5
1784905332765,Ant,Sing,http://localhost:3251@alice,true,5,5
1784905333141,Ant,Fight,http://localhost:3251@Bat,true,5,5
1784905333141,Bat,Fight,http://localhost:3251@Ant,true,5,5
1784905333142,Bee,Fight,http://localhost:3251@brice,true,5,5
1784905333142,brice,Fight,http://localhost:3251@Bat,true,5,5
1784905334021,bear,Play,http://localhost:3251@brice,true,5,5
1784905334022,brice,Play,http://localhost:3251@bear,true,5,5
1784905334837,alice,Dance,http://localhost:3251@Ant,true,5,5
1784905334838,Bee,Dance,http://localhost:3251@alice,true,5,5
1784905335015,Ant,Fight,http://localhost:3251@bear,true,5,5
1784905335016,brice,Fight,http://localhost:3251@Ant,true,5,5
1784905335268,Bat,Play,http://localhost:3251@Ant,true,5,5
1784905335269,bear,Play,http://localhost:3251@Bat,true,5,5
1784905335877,Ant,Talk,http://localhost:3251@Bee,true,5,5
1784905335878,Bee,Talk,http://localhost:3251@Ant,true,5,5
1784905336173,alice,Sing,http://localhost:3251@Bat,true,5,5
1784905336175,Bat,Sing,http://localhost:3251@alice,false,4,-5
1784905336298,bear,Fight,http://localhost:3251@alice,true,5,5
1784905336299,brice,Fight,http://localhost:3251@bear,true,5,5
1784905337209,alice,Sing,http://localhost:3251@Ant,true,5,5
1784905337211,Ant,Sing,http://localhost:3251@Bat,true,5,5
1784905337212,Bat,Fight,http://localhost:3251@Ant,true,5,5
1784905337212,bear,Fight,http://localhost:3251@Bat,true,5,5
1784905337607,Bee,Sing,http://localhost:3251@brice,true,5,5
1784905337608,brice,Sing,http://localhost:3251@Bat,true,5,5
1784905338486,Bat,Sing,http://localhost:3251@bear,true,5,5
1784905338487,brice,Sing,http://localhost:3251@Bat,true,5,5
1784905338541,alice,Play,http://localhost:3251@bear,true,5,5
1784905338541,bear,Play,http://localhost:3251@brice,true,5,5
1784905338772,Ant,Explore,null,true,5,null
1784905339841,Ant,Play,http://localhost:3251@brice,true,5,5
1784905339841,Bat,Sing,http://localhost:3251@bear,true,5,5
1784905339841,Bee,Sing,http://localhost:3251@Bat,true,5,5
1784905339842,brice,Play,http://localhost:3251@Bat,true,5,5
1784905340286,Bat,Fight,http://localhost:3251@bear,true,5,5
1784905340287,bear,Fight,http://localhost:3251@alice,true,5,5
1784905340603,alice,Dance,http://localhost:3251@Ant,true,5,5
1784905340603,Ant,Dance,http://localhost:3251@alice,true,5,5
1784905341171,alice,Exercise,http://localhost:3251@Bee,true,5,5
1784905341172,Bee,Exercise,http://localhost:3251@Ant,true,5,5
1784905341675,bear,Sing,http://localhost:3251@alice,true,5,5
1784905341675,brice,Sing,http://localhost:3251@bear,true,5,5
1784905341990,Bat,Explore,null,false,-5,null
1784905342307,Ant,Explore,null,true,5,null
1784905342433,alice,Exercise,http://localhost:3251@Bee,true,5,5
1784905342433,bear,Exercise,http://localhost:3251@alice,true,5,5
1784905342748,Bat,Fight,http://localhost:3251@brice,true,5,5
1784905342749,brice,Fight,http://localhost:3251@Bat,true,5,5
1784905343254,alice,Play,http://localhost:3251@Bee,true,5,5
1784905343255,Bee,Play,http://localhost:3251@alice,true,5,5
1784905344103,Ant,Walk,http://localhost:3251@Bat,true,5,5
1784905344105,Bat,Walk,http://localhost:3251@brice,true,5,5
1784905344106,bear,Explore,null,false,1,null
1784905344607,Bee,Walk,http://localhost:3251@alice,true,5,5
1784905344607,brice,Walk,http://localhost:3251@Bee,true,5,5
1784905345299,alice,Walk,http://localhost:3251@Bee,true,5,5
1784905345300,Bee,Walk,http://localhost:3251@alice,true,5,5
1784905345489,Bat,Sing,http://localhost:3251@bear,true,5,5
1784905345491,brice,Sing,http://localhost:3251@Bat,true,5,5
1784905346181,alice,Play,http://localhost:3251@bear,true,5,5
1784905346184,bear,Play,http://localhost:3251@brice,true,5,5
1784905346496,Ant,Explore,null,false,4,null
1784905347189,Bat,Explore,null,false,-5,null
1784905347568,alice,Play,http://localhost:3251@Bee,true,5,5
1784905347570,Bee,Play,http://localhost:3251@alice,true,5,5
1784905347876,brice,Explore,null,false,-5,null
1784905347930,bear,Explore,null,true,2,null
1784905348833,alice,Play,http://localhost:3251@Bee,true,5,5
1784905348834,Ant,Play,http://localhost:3251@alice,true,5,5
1784905349227,Bat,Fight,http://localhost:3251@Bee,true,5,5
1784905349228,Bee,Fight,http://localhost:3251@alice,true,5,5
1784905349452,bear,Explore,null,true,3,null
1784905349794,alice,Dance,http://localhost:3251@brice,true,5,3
1784905349795,brice,Dance,http://localhost:3251@Ant,true,5,5
1784905350077,Ant,Walk,http://localhost:3251@Bee,true,5,5
1784905350077,Bee,Walk,http://localhost:3251@Ant,true,5,5
1784905350415,Bat,Exercise,http://localhost:3251@brice,true,5,5
1784905350415,bear,Exercise,http://localhost:3251@Bat,true,5,5
1784905350748,Bee,Talk,http://localhost:3251@brice,true,5,5
1784905350749,brice,Talk,http://localhost:3251@bear,true,5,5
1784905351081,alice,Sing,http://localhost:3251@Bat,true,5,5
1784905351082,Ant,Sing,http://localhost:3251@alice,true,5,5
1784905351994,alice,Play,http://localhost:3251@brice,true,5,4
1784905351994,bear,Explore,null,true,4,null
1784905351995,brice,Play,http://localhost:3251@Bat,true,5,5
1784905352331,bear,Fight,http://localhost:3251@Bee,true,5,-4
1784905352332,Bee,Fight,http://localhost:3251@alice,true,5,5
1784905352912,Bat,Walk,http://localhost:3251@brice,true,5,5
1784905352914,brice,Walk,http://localhost:3251@Bat,true,5,5
1784905353250,alice,Dance,http://localhost:3251@Ant,true,5,5
1784905353251,bear,Dance,http://localhost:3251@alice,true,-4,5
1784905354199,Bee,Play,http://localhost:3251@alice,true,5,5
1784905354200,brice,Play,http://localhost:3251@Bee,true,5,5
1784905354319,alice,Play,http://localhost:3251@Ant,true,5,5
1784905354319,Ant,Play,http://localhost:3251@bear,true,5,5
1784905354485,Bat,Play,http://localhost:3251@bear,true,5,5
1784905354486,bear,Play,http://localhost:3251@brice,true,5,5
1784905355413,alice,Fight,http://localhost:3251@Ant,true,5,5
1784905355413,Ant,Fight,http://localhost:3251@bear,true,5,5
1784905355476,Bat,Sing,http://localhost:3251@Bee,true,5,5
1784905355478,bear,Play,http://localhost:3251@brice,true,5,5
1784905355478,Bee,Sing,http://localhost:3251@Bat,true,5,5
1784905355479,brice,Play,http://localhost:3251@Bat,true,5,5
1784905356408,alice,Talk,http://localhost:3251@brice,true,-1,5
1784905356408,Ant,Fight,http://localhost:3251@bear,true,5,5
1784905356408,Bat,Fight,http://localhost:3251@Ant,true,5,5
1784905356409,Bee,Talk,http://localhost:3251@alice,true,5,5
1784905357152,Bat,Talk,http://localhost:3251@bear,false,-5,4
1784905357153,bear,Talk,http://localhost:3251@Ant,true,-4,-3
1784905357153,Bee,Talk,http://localhost:3251@brice,true,5,5
1784905357154,brice,Talk,http://localhost:3251@bear,true,5,5
1784905358073,alice,Fight,http://localhost:3251@Bee,true,5,5
1784905358073,Bat,Fight,http://localhost:3251@alice,false,4,-5
1784905358341,Ant,Play,http://localhost:3251@bear,true,5,5
1784905358342,brice,Play,http://localhost:3251@Ant,true,5,5
1784905358931,alice,Exercise,http://localhost:3251@bear,true,5,5
1784905358931,Bat,Exercise,http://localhost:3251@Bee,true,5,5
1784905358932,bear,Exercise,http://localhost:3251@brice,true,5,5
1784905358932,Bee,Exercise,http://localhost:3251@Ant,true,5,5
1784905359613,Ant,Walk,http://localhost:3251@Bee,true,5,5
1784905359614,bear,Walk,http://localhost:3251@Ant,true,5,-2
1784905360077,Bat,Exercise,http://localhost:3251@brice,true,5,5
1784905360078,brice,Exercise,http://localhost:3251@Bat,true,-1,5
1784905360719,Bat,Exercise,http://localhost:3251@Bee,true,5,5
1784905360719,Bee,Exercise,http://localhost:3251@Ant,true,5,5
1784905360884,bear,Walk,http://localhost:3251@alice,true,5,5
1784905360885,brice,Walk,http://localhost:3251@bear,true,5,5
1784905362032,alice,Exercise,http://localhost:3251@Bee,true,5,5
1784905362034,brice,Exercise,http://localhost:3251@alice,true,null,5
1784905362223,bear,Sing,http://localhost:3251@alice,true,5,5
1784905362224,Bee,Sing,http://localhost:3251@bear,true,5,5
1784905362857,Ant,Sing,http://localhost:3251@Bat,true,5,5
1784905362857,Bee,Sing,http://localhost:3251@Ant,true,5,5
1784905363575,Bat,Explore,null,true,-4,null
1784905363635,Ant,Fight,http://localhost:3251@brice,true,5,5
1784905363636,brice,Fight,http://localhost:3251@Bat,true,5,5
1784905363744,bear,Explore,null,false,3,null
1784905364279,alice,Fight,http://localhost:3251@Bee,true,5,5
1784905364280,bear,Fight,http://localhost:3251@alice,true,5,5
1784905364751,Ant,Walk,http://localhost:3251@Bee,true,5,5
1784905364751,Bee,Walk,http://localhost:3251@alice,true,5,5
1784905365519,alice,Walk,http://localhost:3251@Bee,true,5,5
1784905365519,Ant,Dance,http://localhost:3251@bear,true,5,5
1784905365520,bear,Dance,http://localhost:3251@Bee,false,-5,-5
1784905365520,Bee,Walk,http://localhost:3251@alice,true,5,5
1784905365745,Bat,Explore,null,true,-3,null
1784905366774,Ant,Play,http://localhost:3251@bear,true,5,5
1784905366774,Bat,Play,http://localhost:3251@Ant,true,5,5
1784905367064,alice,Explore,null,true,5,null
1784905367395,Ant,Play,http://localhost:3251@brice,true,5,5
1784905367397,brice,Play,http://localhost:3251@Bat,true,5,5
1784905367666,bear,Explore,null,true,4,null
1784905368275,Bee,Explore,null,true,-2,null
1784905368879,brice,Explore,null,false,-5,null
1784905368930,Ant,Fight,http://localhost:3251@bear,true,5,5
1784905368931,Bee,Fight,http://localhost:3251@Ant,true,5,5
1784905369838,alice,Explore,null,true,5,null
1784905369887,Ant,Walk,http://localhost:3251@Bat,true,5,5
1784905369888,Bat,Walk,http://localhost:3251@brice,true,5,5
1784905369888,Bee,Fight,http://localhost:3251@alice,true,5,5
1784905369888,brice,Fight,http://localhost:3251@Bee,true,5,5
1784905370384,bear,Explore,null,true,5,null
1784905370867,alice,Fight,http://localhost:3251@Ant,true,5,5
1784905370868,Ant,Fight,http://localhost:3251@bear,true,5,5
1784905371154,bear,Sing,http://localhost:3251@Bee,false,4,-5
1784905371155,Bee,Sing,http://localhost:3251@Bat,true,5,5
1784905371491,alice,Fight,http://localhost:3251@brice,true,5,5
1784905371495,brice,Fight,http://localhost:3251@Bat,true,5,5
1784905372129,Ant,Walk,http://localhost:3251@Bee,true,5,5
1784905372130,Bee,Walk,http://localhost:3251@Ant,true,5,5
1784905372351,alice,Exercise,http://localhost:3251@bear,true,5,5
1784905372351,bear,Exercise,http://localhost:3251@brice,true,5,5
1784905372925,Bee,Walk,http://localhost:3251@brice,true,5,5
1784905372925,brice,Walk,http://localhost:3251@Ant,true,5,5
1784905373367,alice,Play,http://localhost:3251@Ant,true,5,5
1784905373368,Ant,Play,http://localhost:3251@bear,true,5,5
1784905373722,Bat,Walk,http://localhost:3251@brice,true,5,5
1784905373723,brice,Walk,http://localhost:3251@Bat,true,5,5
1784905373903,bear,Explore,null,true,5,null
1784905374863,Bee,Dance,http://localhost:3251@alice,true,5,5
1784905374863,brice,Dance,http://localhost:3251@Bee,true,5,5
1784905374921,alice,Explore,null,true,5,null
1784905374922,Ant,Explore,null,false,3,null
1784905375343,Bat,Fight,http://localhost:3251@Ant,true,5,5
1784905375344,Bee,Fight,http://localhost:3251@Bat,true,5,5
1784905375519,Ant,Fight,http://localhost:3251@bear,true,5,5
1784905375519,bear,Fight,http://localhost:3251@alice,true,5,5
1784905376019,bear,Exercise,http://localhost:3251@brice,true,5,5
1784905376019,brice,Exercise,http://localhost:3251@Bat,true,1,5
1784905376557,alice,Explore,null,false,4,null
1784905376686,Bat,Play,http://localhost:3251@Ant,true,5,5
1784905376686,bear,Play,http://localhost:3251@Bat,true,5,5
1784905376868,Ant,Dance,http://localhost:3251@Bee,true,5,5
1784905376869,Bee,Dance,http://localhost:3251@Ant,true,5,5
1784905377028,bear,Talk,http://localhost:3251@brice,true,-3,5
1784905377028,brice,Talk,http://localhost:3251@bear,true,5,5
1784905377817,alice,Sing,http://localhost:3251@Bat,true,5,5
1784905377818,Ant,Sing,http://localhost:3251@alice,true,5,5
1784905377923,Bat,Walk,http://localhost:3251@brice,true,5,5
1784905377923,brice,Walk,http://localhost:3251@Bat,true,5,5
1784905378571,bear,Explore,null,false,4,null
1784905378739,Bat,Sing,http://localhost:3251@Bee,true,5,5
1784905378739,Bee,Sing,http://localhost:3251@Bat,true,5,5
1784905379085,Ant,Play,http://localhost:3251@bear,true,5,5
1784905379086,brice,Play,http://localhost:3251@Ant,true,5,5
1784905379669,alice,Exercise,http://localhost:3251@Bee,true,5,5
1784905379670,brice,Exercise,http://localhost:3251@alice,false,null,4
1784905380048,Bat,Play,http://localhost:3251@Ant,true,5,5
1784905380048,bear,Play,http://localhost:3251@Bat,true,5,5
1784905380299,alice,Exercise,http://localhost:3251@Ant,true,5,5
1784905380301,Ant,Exercise,http://localhost:3251@bear,false,-5,4
1784905380425,Bee,Fight,http://localhost:3251@alice,true,5,5
1784905380426,brice,Fight,http://localhost:3251@Bee,true,5,5
1784905381120,Bat,Fight,http://localhost:3251@Ant,true,5,5
1784905381120,brice,Fight,http://localhost:3251@Bat,true,5,5
1784905381560,Ant,Exercise,http://localhost:3251@bear,false,-5,3
1784905381562,bear,Exercise,http://localhost:3251@Ant,true,5,-1
1784905381813,Bat,Play,http://localhost:3251@Bee,true,5,5
1784905381814,Bee,Play,http://localhost:3251@alice,true,5,5
1784905382418,alice,Play,http://localhost:3251@Bee,true,5,5
1784905382418,Ant,Play,http://localhost:3251@alice,true,5,5
1784905382863,bear,Play,http://localhost:3251@brice,true,5,5
1784905382864,brice,Play,http://localhost:3251@bear,true,5,5
1784905383085,Ant,Play,http://localhost:3251@Bat,true,5,5
1784905383086,Bat,Play,http://localhost:3251@Ant,true,5,5
1784905383687,Ant,Sing,http://localhost:3251@Bee,true,5,5
1784905383687,Bee,Sing,http://localhost:3251@Bat,true,5,5
1784905384094,Bat,Play,http://localhost:3251@brice,true,5,5
1784905384096,brice,Play,http://localhost:3251@Bat,true,5,5
1784905384400,bear,Explore,null,false,3,null
1784905385163,alice,Explore,null,true,5,null
1784905385222,Ant,Explore,null,true,4,null
1784905385385,Bat,Walk,http://localhost:3251@brice,true,5,5
1784905385386,brice,Walk,http://localhost:3251@Ant,true,5,5
1784905385568,bear,Play,http://localhost:3251@Bee,false,4,-5
1784905385570,Bee,Play,http://localhost:3251@alice,true,5,5
1784905386196,alice,Fight,http://localhost:3251@Bee,true,5,5
1784905386197,bear,Fight,http://localhost:3251@alice,true,5,5
1784905386441,Ant,Exercise,http://localhost:3251@bear,false,-5,2
1784905386442,brice,Exercise,http://localhost:3251@Ant,true,1,5
1784905387226,alice,Fight,http://localhost:3251@Bee,true,5,5
1784905387226,brice,Fight,http://localhost:3251@alice,true,5,5
1784905387408,Bat,Walk,http://localhost:3251@brice,true,5,5
1784905387408,Bee,Walk,http://localhost:3251@Bat,true,5,5
1784905388029,alice,Exercise,http://localhost:3251@bear,true,5,5
1784905388030,Ant,Explore,null,true,5,null
1784905388031,bear,Exercise,http://localhost:3251@brice,true,5,5
1784905388193,Bat,Fight,http://localhost:3251@brice,true,5,5
1784905388194,brice,Fight,http://localhost:3251@Bat,true,5,5
1784905389366,Ant,Walk,http://localhost:3251@Bee,true,5,5
1784905389367,Bat,Walk,http://localhost:3251@Ant,true,5,5
1784905389964,bear,Sing,http://localhost:3251@alice,true,5,5
1784905389965,brice,Sing,http://localhost:3251@bear,true,5,5
1784905390275,Bee,Explore,null,true,-1,null
1784905390631,Bat,Exercise,http://localhost:3251@brice,true,5,5
1784905390631,bear,Exercise,http://localhost:3251@Bat,true,5,5
1784905390999,alice,Explore,null,false,4,null
1784905391001,Ant,Explore,null,true,5,null
1784905391586,brice,Explore,null,false,-5,null
1784905391818,alice,Exercise,http://localhost:3251@Bat,true,5,5
1784905391819,Bat,Exercise,http://localhost:3251@brice,true,5,5
1784905391985,Bee,Explore,null,false,-2,null
1784905392041,Ant,Talk,http://localhost:3251@alice,true,5,5
1784905392041,brice,Talk,http://localhost:3251@Ant,true,5,5
1784905392663,Bat,Walk,http://localhost:3251@bear,true,5,5
1784905392664,bear,Walk,http://localhost:3251@alice,true,5,5
1784905392835,alice,Talk,http://localhost:3251@brice,false,-2,4
1784905392837,brice,Talk,http://localhost:3251@alice,true,5,5
1784905393664,alice,Talk,http://localhost:3251@bear,false,-3,4
1784905393664,bear,Talk,http://localhost:3251@Ant,true,-2,null
1784905393727,Ant,Talk,http://localhost:3251@alice,true,5,5
1784905393728,Bee,Talk,http://localhost:3251@Ant,true,5,5
1784905394233,Bat,Dance,http://localhost:3251@brice,true,-4,5
1784905394233,brice,Dance,http://localhost:3251@Ant,true,5,5
1784905395068,alice,Play,http://localhost:3251@Bee,true,5,5
1784905395068,Bee,Play,http://localhost:3251@alice,true,5,5
1784905395431,bear,Explore,null,true,4,null
1784905395952,alice,Dance,http://localhost:3251@Ant,true,5,5
1784905395953,Ant,Dance,http://localhost:3251@Bee,true,5,5
1784905396181,Bat,Exercise,http://localhost:3251@brice,true,5,5
1784905396181,Bee,Exercise,http://localhost:3251@Bat,true,5,5
1784905396596,bear,Exercise,http://localhost:3251@brice,true,5,5
1784905396597,brice,Exercise,http://localhost:3251@bear,true,2,5
1784905397196,alice,Dance,http://localhost:3251@Ant,true,5,5
1784905397197,Ant,Sing,http://localhost:3251@Bat,true,5,5
1784905397197,bear,Dance,http://localhost:3251@alice,false,-5,4
1784905397197,Bee,Sing,http://localhost:3251@Ant,true,5,5
1784905397530,Bee,Fight,http://localhost:3251@brice,true,5,5
1784905397531,brice,Fight,http://localhost:3251@Bat,true,5,5
1784905398129,alice,Sing,http://localhost:3251@Bat,true,5,5
1784905398129,Bat,Sing,http://localhost:3251@bear,true,5,5
1784905398463,Ant,Dance,http://localhost:3251@Bee,true,5,5
1784905398464,brice,Dance,http://localhost:3251@Ant,true,5,5
1784905398796,Bat,Play,http://localhost:3251@Bee,true,5,5
1784905398797,Bee,Play,http://localhost:3251@alice,true,5,5
1784905399074,alice,Sing,http://localhost:3251@bear,true,5,5
1784905399075,bear,Sing,http://localhost:3251@alice,true,5,5
1784905399712,Ant,Walk,http://localhost:3251@Bee,true,5,5
1784905399713,Bee,Walk,http://localhost:3251@Ant,true,5,5
1784905399763,alice,Sing,http://localhost:3251@brice,true,5,5
1784905399763,brice,Sing,http://localhost:3251@Bat,true,5,5
1784905400352,Bat,Explore,null,true,-2,null
1784905400640,bear,Explore,null,false,3,null
1784905400996,alice,Dance,http://localhost:3251@Ant,true,5,5
1784905400996,Ant,Dance,http://localhost:3251@Bee,true,5,5
1784905400997,Bee,Dance,http://localhost:3251@alice,true,5,5
1784905400997,brice,Dance,http://localhost:3251@Bee,true,5,5
1784905401641,alice,Sing,http://localhost:3251@Bat,true,5,5
1784905401642,Bat,Sing,http://localhost:3251@bear,true,5,5
1784905402185,alice,Exercise,http://localhost:3251@brice,true,5,5
1784905402186,brice,Exercise,http://localhost:3251@Bat,true,3,5
1784905402296,Bat,Walk,http://localhost:3251@Bee,true,5,5
1784905402297,Bee,Walk,http://localhost:3251@alice,true,5,5
1784905402574,Ant,Explore,null,true,5,null
1784905402912,bear,Talk,http://localhost:3251@Ant,true,-1,1
1784905402913,Bee,Talk,http://localhost:3251@bear,true,5,5
1784905403453,alice,Walk,http://localhost:3251@Bee,true,5,5
1784905403454,Ant,Walk,http://localhost:3251@alice,true,5,5
1784905403455,Bat,Dance,http://localhost:3251@brice,false,-5,4
1784905403455,brice,Dance,http://localhost:3251@Ant,true,5,5
1784905404086,Bat,Exercise,http://localhost:3251@bear,true,5,5
1784905404086,bear,Exercise,http://localhost:3251@brice,true,5,5
1784905404463,alice,Fight,http://localhost:3251@Bee,true,5,5
1784905404464,bear,Fight,http://localhost:3251@alice,true,5,5
1784905404782,Ant,Play,http://localhost:3251@bear,true,5,3
1784905404785,Bee,Play,http://localhost:3251@Ant,true,5,5
1784905405476,alice,Walk,http://localhost:3251@brice,true,5,5
1784905405479,Bat,Play,http://localhost:3251@Ant,true,5,5
1784905405479,Bee,Play,http://localhost:3251@Bat,true,5,5
1784905405480,brice,Walk,http://localhost:3251@Ant,true,5,5
1784905405919,Ant,Fight,http://localhost:3251@bear,true,5,4
1784905405921,Bee,Fight,http://localhost:3251@Ant,true,5,5
1784905406863,Ant,Sing,http://localhost:3251@Bat,true,5,5
1784905406866,Bat,Sing,http://localhost:3251@bear,true,5,5
1784905406867,bear,Explore,null,true,4,null
1784905406868,Bee,Walk,http://localhost:3251@brice,true,5,5
1784905406868,brice,Walk,http://localhost:3251@Ant,true,5,5
1784905407621,alice,Play,http://localhost:3251@Bee,true,5,5
1784905407623,bear,Play,http://localhost:3251@alice,true,5,5
1784905408314,alice,Play,http://localhost:3251@Bat,true,5,5
1784905408315,Bat,Play,http://localhost:3251@Ant,true,5,5
1784905408565,Bee,Explore,null,false,-3,null
1784905408690,Ant,Talk,http://localhost:3251@alice,true,5,5
1784905408691,brice,Talk,http://localhost:3251@Ant,true,5,5
1784905409319,bear,Explore,null,true,5,null
1784905409696,alice,Dance,http://localhost:3251@Ant,true,5,5
1784905409698,Ant,Dance,http://localhost:3251@alice,true,5,5
1784905409699,Bat,Walk,http://localhost:3251@brice,true,5,5
1784905409700,Bee,Walk,http://localhost:3251@Bat,true,5,5
1784905410135,bear,Play,http://localhost:3251@brice,true,5,5
1784905410136,brice,Play,http://localhost:3251@Bat,true,5,5
1784905410763,alice,Talk,http://localhost:3251@brice,false,-4,4
1784905410764,bear,Talk,http://localhost:3251@alice,false,-2,4
1784905411078,Ant,Play,http://localhost:3251@bear,true,5,5
1784905411079,brice,Play,http://localhost:3251@Ant,true,5,5
1784905411770,Ant,Play,http://localhost:3251@Bat,true,5,5
1784905411771,Bat,Play,http://localhost:3251@Ant,true,5,5
1784905412149,bear,Walk,http://localhost:3251@alice,true,5,5
1784905412150,brice,Walk,http://localhost:3251@bear,true,5,5
1784905413156,alice,Sing,http://localhost:3251@Ant,true,5,5
1784905413157,Ant,Sing,http://localhost:3251@Bat,true,5,5
1784905413282,Bee,Dance,http://localhost:3251@alice,true,5,5
1784905413283,brice,Dance,http://localhost:3251@Bee,true,5,5
1784905413471,Bat,Exercise,http://localhost:3251@bear,true,5,5
1784905413471,bear,Exercise,http://localhost:3251@brice,true,5,5
1784905414307,bear,Talk,http://localhost:3251@brice,true,-1,5
1784905414308,brice,Talk,http://localhost:3251@bear,true,5,5
1784905414365,alice,Exercise,http://localhost:3251@Bee,true,5,5
1784905414367,Bat,Exercise,http://localhost:3251@alice,false,4,-5
1784905414491,Ant,Walk,http://localhost:3251@Bee,true,5,5
1784905414492,Bee,Walk,http://localhost:3251@Ant,true,5,5
1784905415354,Bat,Fight,http://localhost:3251@bear,true,5,5
1784905415354,bear,Fight,http://localhost:3251@alice,true,5,5
1784905415859,Ant,Walk,http://localhost:3251@Bee,true,5,5
1784905415862,brice,Walk,http://localhost:3251@Ant,true,5,5
1784905416048,alice,Explore,null,true,5,null
1784905416426,Ant,Exercise,http://localhost:3251@Bee,true,-4,5
1784905416427,Bee,Exercise,http://localhost:3251@Ant,true,5,5
1784905416741,bear,Play,http://localhost:3251@brice,true,5,5
1784905416741,brice,Play,http://localhost:3251@bear,true,5,5
1784905417432,alice,Walk,http://localhost:3251@Bee,true,5,5
1784905417433,bear,Walk,http://localhost:3251@alice,true,5,5
1784905417740,Bat,Explore,null,false,-3,null
1784905418129,bear,Play,http://localhost:3251@brice,true,5,5
1784905418130,brice,Play,http://localhost:3251@Bat,true,5,5
1784905418708,Ant,Explore,null,false,4,null
1784905419296,Bat,Explore,null,false,-4,null
1784905419356,alice,Sing,http://localhost:3251@Bat,true,5,5
1784905419357,Bee,Sing,http://localhost:3251@alice,true,5,5
1784905419685,Ant,Fight,http://localhost:3251@bear,true,5,5
1784905419685,bear,Explore,null,true,5,null
1784905419686,brice,Fight,http://localhost:3251@Ant,true,5,5
1784905420368,bear,Fight,http://localhost:3251@Bee,false,4,-5
1784905420369,Bee,Fight,http://localhost:3251@alice,true,5,5
1784905420696,Ant,Talk,http://localhost:3251@alice,true,5,5
1784905420697,Bee,Talk,http://localhost:3251@Ant,true,5,5
1784905420813,Bat,Explore,null,true,-3,null
1784905421341,alice,Fight,http://localhost:3251@bear,true,5,5
1784905421342,bear,Fight,http://localhost:3251@alice,true,5,5
1784905421699,alice,Fight,http://localhost:3251@Bee,true,5,5
1784905421701,Bee,Fight,http://localhost:3251@alice,true,5,5
1784905421996,Ant,Exercise,http://localhost:3251@Bat,true,-3,5
1784905421996,Bat,Exercise,http://localhost:3251@brice,true,5,5
1784905422607,Bat,Fight,http://localhost:3251@brice,true,5,5
1784905422607,brice,Fight,http://localhost:3251@Bat,true,5,5
1784905422908,bear,Explore,null,false,4,null
1784905422970,alice,Walk,http://localhost:3251@Bee,true,5,5
1784905422971,Ant,Walk,http://localhost:3251@alice,true,5,5
1784905423607,Ant,Walk,http://localhost:3251@Bee,true,5,5
1784905423608,Bee,Walk,http://localhost:3251@alice,true,5,5
1784905423774,alice,Exercise,http://localhost:3251@brice,true,5,5
1784905423775,brice,Exercise,http://localhost:3251@Bat,true,4,5
1784905424162,Bat,Play,http://localhost:3251@bear,true,5,5
1784905424163,bear,Play,http://localhost:3251@brice,true,5,5
1784905424874,Ant,Play,http://localhost:3251@bear,true,5,5
1784905424874,bear,Play,http://localhost:3251@Ant,true,5,2
1784905424929,Bee,Play,http://localhost:3251@alice,true,5,5
1784905424930,brice,Play,http://localhost:3251@Bee,true,5,5
1784905425318,alice,Explore,null,false,4,null
1784905426085,alice,Play,http://localhost:3251@Bat,true,5,5
1784905426085,Bat,Play,http://localhost:3251@Ant,true,5,5
1784905426145,bear,Play,http://localhost:3251@brice,true,5,5
1784905426145,Bee,Play,http://localhost:3251@bear,true,5,5
1784905426449,Ant,Explore,null,false,3,null
1784905426889,Bat,Dance,http://localhost:3251@brice,false,-5,4
1784905426889,brice,Dance,http://localhost:3251@Ant,true,5,5
1784905427457,alice,Dance,http://localhost:3251@Ant,true,5,5
1784905427458,bear,Dance,http://localhost:3251@alice,false,-5,4
1784905428063,Ant,Exercise,http://localhost:3251@Bee,true,-2,5
1784905428064,Bee,Exercise,http://localhost:3251@Ant,true,5,5
1784905428497,alice,Fight,http://localhost:3251@Bee,true,5,5
1784905428498,Bee,Fight,http://localhost:3251@alice,true,5,5
1784905428623,Ant,Talk,http://localhost:3251@brice,true,5,5
1784905428624,brice,Talk,http://localhost:3251@bear,true,5,5
1784905428811,Bat,Walk,http://localhost:3251@bear,true,5,5
1784905428813,bear,Walk,http://localhost:3251@alice,true,5,5
1784905429644,Bee,Talk,http://localhost:3251@brice,true,5,5
1784905429647,brice,Talk,http://localhost:3251@bear,true,5,5
1784905430117,alice,Sing,http://localhost:3251@Bat,true,5,5
1784905430118,Bat,Sing,http://localhost:3251@bear,true,5,5
1784905430304,Ant,Explore,null,true,4,null
1784905430494,bear,Fight,http://localhost:3251@alice,true,5,5
1784905430494,brice,Fight,http://localhost:3251@bear,true,5,5
1784905431158,alice,Talk,http://localhost:3251@brice,true,-3,5
1784905431160,Ant,Talk,http://localhost:3251@alice,true,5,5
1784905431724,Bat,Exercise,http://localhost:3251@bear,true,5,5
1784905431725,bear,Exercise,http://localhost:3251@brice,true,5,5
1784905432416,Bee,Walk,http://localhost:3251@alice,true,5,5
1784905432417,brice,Walk,http://localhost:3251@Bee,true,5,5
1784905432855,alice,Explore,null,false,3,null
1784905432980,Bat,Exercise,http://localhost:3251@brice,true,5,5
1784905432981,Bee,Exercise,http://localhost:3251@Bat,true,5,5
1784905433421,bear,Explore,null,true,5,null
1784905433798,Bat,Walk,http://localhost:3251@brice,true,5,5
1784905433798,brice,Walk,http://localhost:3251@Ant,true,5,5
1784905434677,Ant,Play,http://localhost:3251@bear,true,5,5
1784905434678,brice,Play,http://localhost:3251@Ant,true,5,5
1784905434803,alice,Play,http://localhost:3251@bear,true,5,5
1784905434804,bear,Play,http://localhost:3251@brice,true,5,5
1784905435619,Bee,Exercise,http://localhost:3251@Ant,true,5,5
1784905435620,brice,Exercise,http://localhost:3251@Bee,true,5,5
1784905435871,Ant,Play,http://localhost:3251@Bat,true,5,5
1784905435874,Bat,Play,http://localhost:3251@Ant,true,5,5
1784905436878,alice,Sing,http://localhost:3251@Bat,true,5,5
1784905436879,Bee,Sing,http://localhost:3251@alice,true,5,5
1784905437004,Bat,Dance,http://localhost:3251@brice,true,-4,5
1784905437004,brice,Dance,http://localhost:3251@Ant,true,5,5
1784905437193,bear,Explore,null,true,5,null
1784905438263,alice,Walk,http://localhost:3251@Bee,true,5,5
1784905438265,Bat,Walk,http://localhost:3251@alice,false,4,-5
1784905438326,Ant,Explore,null,false,3,null
1784905438389,bear,Sing,http://localhost:3251@brice,true,5,5
1784905438390,brice,Sing,http://localhost:3251@Bat,true,5,5
1784905438874,alice,Exercise,http://localhost:3251@Bee,true,5,5
1784905438876,Bee,Exercise,http://localhost:3251@Ant,true,5,5
1784905439434,Bat,Exercise,http://localhost:3251@brice,true,5,5
1784905439435,bear,Exercise,http://localhost:3251@Bat,true,5,5
1784905439606,alice,Sing,http://localhost:3251@Ant,true,5,5
1784905439608,Ant,Sing,http://localhost:3251@Bat,true,5,5
1784905440131,Bat,Play,http://localhost:3251@Bee,true,5,5
1784905440131,Bee,Play,http://localhost:3251@alice,true,5,5
1784905440320,bear,Walk,http://localhost:3251@brice,true,5,5
1784905440321,brice,Walk,http://localhost:3251@Ant,true,5,5
1784905440770,Ant,Exercise,http://localhost:3251@bear,false,-3,4
1784905440770,Bat,Exercise,http://localhost:3251@Ant,true,5,5
1784905440873,alice,Sing,http://localhost:3251@Bat,true,5,5
1784905440873,Bee,Sing,http://localhost:3251@alice,true,5,5
1784905441262,Ant,Fight,http://localhost:3251@brice,true,5,5
1784905441263,brice,Fight,http://localhost:3251@Bat,true,5,5
1784905442013,Bat,Play,http://localhost:3251@Ant,true,5,5
1784905442014,Bee,Play,http://localhost:3251@Bat,true,5,5
1784905442191,Ant,Play,http://localhost:3251@bear,true,5,5
1784905442191,bear,Play,http://localhost:3251@brice,true,5,5
1784905442654,alice,Exercise,http://localhost:3251@Bee,true,5,5
1784905442656,brice,Exercise,http://localhost:3251@alice,true,5,5
1784905443184,alice,Fight,http://localhost:3251@bear,true,5,5
1784905443185,bear,Fight,http://localhost:3251@alice,true,5,5
1784905443240,Ant,Exercise,http://localhost:3251@Bee,true,-2,5
1784905443240,Bee,Exercise,http://localhost:3251@Ant,true,5,5
1784905443638,Ant,Talk,http://localhost:3251@Bat,true,5,5
1784905443639,Bat,Talk,http://localhost:3251@alice,false,-5,-5
1784905443814,Bee,Exercise,http://localhost:3251@brice,true,5,5
1784905443815,brice,Exercise,http://localhost:3251@Bat,true,5,5
1784905444140,alice,Fight,http://localhost:3251@Bee,true,5,5
1784905444141,brice,Fight,http://localhost:3251@alice,true,5,5
1784905444617,alice,Fight,http://localhost:3251@Bat,true,5,5
1784905444617,Bat,Fight,http://localhost:3251@Ant,true,5,5
1784905444906,Ant,Sing,http://localhost:3251@Bat,true,5,5
1784905444907,Bee,Sing,http://localhost:3251@Ant,true,5,5
1784905445682,Ant,Walk,http://localhost:3251@bear,true,5,5
1784905445683,bear,Walk,http://localhost:3251@alice,true,5,5
1784905446118,Bat,Explore,null,false,-4,null
1784905446311,brice,Explore,null,true,-4,null
1784905446504,alice,Play,http://localhost:3251@Bee,true,5,5
1784905446505,Bee,Play,http://localhost:3251@alice,true,5,5
1784905447127,alice,Fight,http://localhost:3251@Bat,true,5,5
1784905447128,Bat,Fight,http://localhost:3251@Ant,true,5,5
1784905447339,Ant,Fight,http://localhost:3251@bear,true,5,5
1784905447340,bear,Fight,http://localhost:3251@alice,true,5,5
1784905447749,Bat,Walk,http://localhost:3251@Bee,true,5,5
1784905447750,Bee,Walk,http://localhost:3251@alice,true,5,5
1784905448473,Ant,Exercise,http://localhost:3251@bear,true,-1,5
1784905448474,Bee,Exercise,http://localhost:3251@Ant,true,5,5
1784905448582,Bat,Fight,http://localhost:3251@brice,true,5,5
1784905448583,brice,Fight,http://localhost:3251@Bat,true,5,5
1784905448637,alice,Explore,null,true,4,null
1784905449200,Ant,Sing,http://localhost:3251@bear,true,5,5
1784905449201,bear,Sing,http://localhost:3251@alice,true,5,5
1784905449717,Bat,Walk,http://localhost:3251@Bee,true,5,5
1784905449718,Bee,Walk,http://localhost:3251@alice,true,5,5
1784905449827,alice,Play,http://localhost:3251@brice,true,5,5
1784905449828,brice,Play,http://localhost:3251@Bat,true,5,5
1784905450217,Ant,Talk,http://localhost:3251@alice,true,5,5
1784905450219,Bee,Talk,http://localhost:3251@Ant,true,5,5
1784905450758,Bee,Fight,http://localhost:3251@brice,true,5,5
1784905450758,brice,Fight,http://localhost:3251@Bat,true,5,5
1784905450934,Ant,Walk,http://localhost:3251@Bat,true,5,5
1784905450934,Bat,Walk,http://localhost:3251@brice,true,5,5
1784905451301,bear,Explore,null,true,5,null
1784905451683,alice,Play,http://localhost:3251@Bee,true,5,5
1784905451683,Bat,Play,http://localhost:3251@alice,true,5,-4
1784905451848,Ant,Fight,http://localhost:3251@bear,true,5,5
1784905451849,brice,Fight,http://localhost:3251@Ant,true,5,5
1784905452556,alice,Play,http://localhost:3251@bear,true,5,5
1784905452557,Bat,Dance,http://localhost:3251@Bee,false,-5,4
1784905452557,bear,Play,http://localhost:3251@brice,true,5,5
1784905452557,Bee,Dance,http://localhost:3251@alice,true,5,5
1784905453751,Ant,Walk,http://localhost:3251@Bee,true,5,5
1784905453751,brice,Walk,http://localhost:3251@Ant,true,5,5
1784905454377,alice,Exercise,http://localhost:3251@Bee,true,5,5
1784905454378,Bee,Exercise,http://localhost:3251@alice,true,5,5
1784905454484,Bat,Play,http://localhost:3251@Ant,true,5,5
1784905454484,brice,Play,http://localhost:3251@Bat,true,5,5
1784905454701,bear,Explore,null,false,4,null
1784905455258,Ant,Explore,null,true,4,null
1784905455550,Bat,Exercise,http://localhost:3251@Bee,true,5,5
1784905455550,Bee,Exercise,http://localhost:3251@Ant,true,5,5
1784905456171,Bat,Talk,http://localhost:3251@brice,true,-4,5
1784905456172,brice,Talk,http://localhost:3251@bear,true,5,5
1784905456293,bear,Explore,null,true,5,null
1784905456617,alice,Fight,http://localhost:3251@Bee,true,5,5
1784905456618,bear,Fight,http://localhost:3251@alice,true,5,5
1784905456794,Bee,Sing,http://localhost:3251@Bat,true,5,5
1784905456794,brice,Sing,http://localhost:3251@Bee,true,5,5
1784905457148,Bat,Talk,http://localhost:3251@alice,true,-3,-3
1784905457150,bear,Talk,http://localhost:3251@Bat,false,-2,4
1784905457904,alice,Sing,http://localhost:3251@Ant,true,5,5
1784905457904,Ant,Sing,http://localhost:3251@Bat,true,5,5
1784905458847,Ant,Sing,http://localhost:3251@Bee,true,5,5
1784905458848,Bat,Walk,http://localhost:3251@brice,true,5,5
1784905458848,Bee,Sing,http://localhost:3251@Bat,true,5,5
1784905458848,brice,Walk,http://localhost:3251@Ant,true,5,5
1784905459778,bear,Exercise,http://localhost:3251@brice,true,5,5
1784905459779,brice,Exercise,http://localhost:3251@bear,true,5,5
1784905459968,alice,Play,http://localhost:3251@Bee,true,5,5
1784905459969,Bat,Play,http://localhost:3251@alice,true,5,-2
1784905460660,Bat,Talk,http://localhost:3251@Bee,true,-2,5
1784905460661,Bee,Talk,http://localhost:3251@Ant,true,5,5
1784905461291,Ant,Explore,null,false,3,null
1784905461919,bear,Sing,http://localhost:3251@brice,true,5,5
1784905461919,brice,Sing,http://localhost:3251@Bat,true,5,5
1784905462363,Bat,Explore,null,true,-3,null
1784905462529,alice,Exercise,http://localhost:3251@Ant,true,5,5
1784905462529,Ant,Exercise,http://localhost:3251@bear,true,null,5
1784905463199,alice,Play,http://localhost:3251@brice,true,5,5
1784905463200,brice,Play,http://localhost:3251@Bat,true,5,5
1784905463817,bear,Play,http://localhost:3251@brice,true,5,5
1784905463819,brice,Play,http://localhost:3251@bear,true,5,5
1784905464069,Ant,Play,http://localhost:3251@Bee,true,5,5
1784905464069,Bee,Play,http://localhost:3251@alice,true,5,5
1784905464464,alice,Sing,http://localhost:3251@Bat,true,5,5
1784905464465,brice,Sing,http://localhost:3251@alice,true,5,5
1784905464535,Bat,Explore,null,true,-2,null
1784905465129,bear,Dance,http://localhost:3251@Bee,false,-5,-5
1784905465129,brice,Dance,http://localhost:3251@bear,true,5,5
1784905465434,alice,Sing,http://localhost:3251@Ant,true,5,5
1784905465435,Ant,Sing,http://localhost:3251@Bat,true,5,5
1784905465721,Bat,Exercise,http://localhost:3251@brice,true,5,5
1784905465722,brice,Exercise,http://localhost:3251@Bat,true,5,5
1784905466422,bear,Sing,http://localhost:3251@alice,true,5,5
1784905466423,Bee,Sing,http://localhost:3251@bear,true,5,5
1784905467276,Bat,Explore,null,true,-1,null
1784905467339,Ant,Play,http://localhost:3251@bear,true,5,5
1784905467341,Bee,Play,http://localhost:3251@Ant,true,5,5
1784905467739,alice,Sing,http://localhost:3251@brice,true,5,5
1784905467741,brice,Sing,http://localhost:3251@Bat,true,5,5
1784905468075,bear,Fight,http://localhost:3251@alice,true,5,5
1784905468075,brice,Fight,http://localhost:3251@bear,true,5,5
1784905468600,Bat,Sing,http://localhost:3251@Bee,true,5,5
1784905468601,Bee,Sing,http://localhost:3251@Bat,true,5,5
1784905468890,Ant,Explore,null,true,4,null
1784905469368,alice,Sing,http://localhost:3251@brice,true,5,5
1784905469369,brice,Sing,http://localhost:3251@Bat,true,5,5
1784905469422,Bat,Sing,http://localhost:3251@bear,true,5,5
1784905469423,bear,Sing,http://localhost:3251@alice,true,5,5
1784905470179,Ant,Play,http://localhost:3251@bear,true,5,5
1784905470179,Bee,Play,http://localhost:3251@Ant,true,5,5
1784905470928,brice,Explore,null,true,-3,null
1784905471484,alice,Walk,http://localhost:3251@Bee,true,5,5
1784905471486,Bee,Walk,http://localhost:3251@alice,true,5,5
1784905472135,Ant,Play,http://localhost:3251@bear,true,5,5
1784905472136,Bat,Play,http://localhost:3251@Ant,true,5,5
1784905472198,Bee,Play,http://localhost:3251@brice,true,5,5
1784905472200,brice,Play,http://localhost:3251@Bat,true,5,5
1784905472249,bear,Explore,null,true,5,null
1784905472814,alice,Sing,http://localhost:3251@Bat,true,5,5
1784905472815,Bat,Sing,http://localhost:3251@alice,true,5,-1
1784905473107,Ant,Fight,http://localhost:3251@bear,true,5,5
1784905473108,bear,Fight,http://localhost:3251@Ant,true,5,3
1784905473801,alice,Talk,http://localhost:3251@brice,false,-4,4
1784905473802,bear,Talk,http://localhost:3251@alice,true,-1,5
1784905473864,Ant,Talk,http://localhost:3251@Bat,true,5,5
1784905473864,Bat,Talk,http://localhost:3251@alice,false,-3,-2
1784905474149,Bee,Play,http://localhost:3251@alice,true,5,5
1784905474150,brice,Play,http://localhost:3251@Bee,true,5,5
1784905474947,Ant,Exercise,http://localhost:3251@bear,false,-1,4
1784905474949,bear,Exercise,http://localhost:3251@brice,true,5,5
1784905475136,Bat,Walk,http://localhost:3251@brice,true,5,5
1784905475137,Bee,Walk,http://localhost:3251@Bat,true,5,5
1784905475388,alice,Explore,null,true,5,null
1784905476173,alice,Walk,http://localhost:3251@brice,true,5,5
1784905476174,brice,Walk,http://localhost:3251@Ant,true,5,5
1784905476616,Ant,Explore,null,true,5,null
1784905476932,Bat,Explore,null,false,-2,null
1784905477296,bear,Explore,null,true,5,null
1784905477794,Ant,Exercise,http://localhost:3251@bear,true,null,5
1784905477795,bear,Exercise,http://localhost:3251@Ant,true,5,4
1784905477795,Bee,Walk,http://localhost:3251@alice,true,5,5
1784905477796,brice,Walk,http://localhost:3251@Bee,true,5,5
1784905478864,alice,Sing,http://localhost:3251@Bat,true,5,5
1784905478865,bear,Sing,http://localhost:3251@alice,true,5,5
1784905479400,Bee,Explore,null,false,-4,null
1784905479463,alice,Talk,http://localhost:3251@brice,true,-3,5
1784905479464,brice,Talk,http://localhost:3251@bear,true,5,5
1784905479748,Ant,Dance,http://localhost:3251@Bee,true,5,5
1784905479749,Bat,Dance,http://localhost:3251@Ant,false,-5,4
1784905480017,bear,Exercise,http://localhost:3251@brice,true,5,5
1784905480018,brice,Exercise,http://localhost:3251@bear,true,5,5
1784905480336,Bat,Fight,http://localhost:3251@Bee,true,5,5
1784905480337,Bee,Fight,http://localhost:3251@alice,true,5,5
1784905480977,alice,Explore,null,false,4,null
1784905481275,bear,Walk,http://localhost:3251@alice,true,5,5
1784905481276,Bee,Walk,http://localhost:3251@bear,true,5,5
1784905481590,Ant,Exercise,http://localhost:3251@Bat,true,1,5
1784905481590,Bat,Exercise,http://localhost:3251@brice,true,5,5
1784905481950,Bee,Walk,http://localhost:3251@brice,true,5,5
1784905481951,brice,Walk,http://localhost:3251@Ant,true,5,5
1784905482323,alice,Play,http://localhost:3251@Bee,true,5,5
1784905482324,Ant,Play,http://localhost:3251@alice,true,5,5
1784905482865,Ant,Exercise,http://localhost:3251@Bat,true,2,5
1784905482866,Bat,Exercise,http://localhost:3251@brice,true,5,5
1784905483251,bear,Sing,http://localhost:3251@brice,true,5,5
1784905483252,brice,Sing,http://localhost:3251@Bat,true,5,5
1784905483532,Bee,Explore,null,false,-5,null
1784905483872,alice,Explore,null,true,5,null
1784905484098,Bat,Walk,http://localhost:3251@brice,true,5,5
1784905484099,brice,Walk,http://localhost:3251@Bat,true,5,5
1784905484261,alice,Fight,http://localhost:3251@bear,true,5,5
1784905484261,bear,Fight,http://localhost:3251@alice,true,5,5
1784905484716,Ant,Sing,http://localhost:3251@Bat,true,5,5
1784905484717,Bee,Sing,http://localhost:3251@Ant,true,5,5
1784905485348,Bat,Sing,http://localhost:3251@bear,true,5,5
1784905485350,bear,Sing,http://localhost:3251@Bat,true,5,5
1784905485516,alice,Play,http://localhost:3251@Bee,true,5,5
1784905485517,Ant,Play,http://localhost:3251@alice,true,5,5
1784905485972,Bat,Sing,http://localhost:3251@brice,true,5,5
1784905485973,brice,Sing,http://localhost:3251@Bat,true,5,5
1784905486728,Ant,Dance,http://localhost:3251@Bee,true,5,5
1784905486728,Bee,Dance,http://localhost:3251@alice,true,5,5
1784905486781,alice,Dance,http://localhost:3251@Ant,true,5,5
1784905486782,brice,Dance,http://localhost:3251@alice,true,5,5
1784905486887,bear,Explore,null,false,4,null
1784905487866,Bat,Play,http://localhost:3251@Ant,true,5,5
1784905487867,brice,Play,http://localhost:3251@Bat,true,5,5
1784905488050,alice,Sing,http://localhost:3251@Bee,true,5,5
1784905488051,Bee,Sing,http://localhost:3251@Bat,true,5,5
1784905488517,bear,Fight,http://localhost:3251@alice,true,5,5
1784905488517,Bee,Fight,http://localhost:3251@bear,true,5,5
1784905489439,brice,Explore,null,false,-4,null
1784905489792,Ant,Play,http://localhost:3251@Bat,true,5,5
1784905489793,Bat,Play,http://localhost:3251@Ant,true,5,5
1784905489854,alice,Exercise,http://localhost:3251@Bee,true,5,5
1784905489855,bear,Exercise,http://localhost:3251@alice,true,5,5
1784905490295,Ant,Exercise,http://localhost:3251@Bee,false,1,4
1784905490296,Bee,Exercise,http://localhost:3251@Ant,true,5,5
1784905490782,bear,Talk,http://localhost:3251@Ant,true,null,5
1784905490782,Bee,Talk,http://localhost:3251@bear,true,5,5
1784905491004,alice,Play,http://localhost:3251@Bat,true,5,5
1784905491004,Bat,Play,http://localhost:3251@Ant,true,5,5
1784905491555,Ant,Play,http://localhost:3251@bear,true,5,5
1784905491555,bear,Play,http://localhost:3251@Ant,true,5,5
1784905491723,alice,Talk,http://localhost:3251@brice,false,-4,4
1784905491724,brice,Talk,http://localhost:3251@bear,true,5,5
1784905492329,Ant,Dance,http://localhost:3251@Bat,true,5,5
1784905492330,Bat,Dance,http://localhost:3251@alice,false,-5,-3
1784905493013,alice,Sing,http://localhost:3251@Bat,true,5,5
1784905493013,Bat,Sing,http://localhost:3251@brice,true,5,5
1784905493013,Bee,Sing,http://localhost:3251@alice,true,5,5
1784905493014,brice,Sing,http://localhost:3251@Bat,true,5,5
1784905493467,Ant,Sing,http://localhost:3251@bear,true,5,5
1784905493468,bear,Sing,http://localhost:3251@alice,true,5,5
1784905494318,Bat,Sing,http://localhost:3251@bear,true,5,5
1784905494318,bear,Sing,http://localhost:3251@Bat,true,5,5
1784905495022,Ant,Explore,null,false,4,null
1784905495180,alice,Explore,null,false,4,null
1784905495639,Bee,Play,http://localhost:3251@brice,true,5,5
1784905495640,brice,Play,http://localhost:3251@Bat,true,5,5
1784905495806,Bat,Explore,null,true,-1,null
1784905495806,bear,Explore,null,true,5,null
1784905496250,Ant,Walk,http://localhost:3251@Bee,true,5,5
1784905496251,brice,Walk,http://localhost:3251@Ant,true,5,5
1784905496416,alice,Play,http://localhost:3251@Bee,true,5,5
1784905496417,bear,Play,http://localhost:3251@alice,true,5,5
1784905496759,Ant,Fight,http://localhost:3251@Bat,true,5,5
1784905496759,Bat,Fight,http://localhost:3251@Ant,true,5,5
1784905496872,Bee,Play,http://localhost:3251@alice,true,5,5
1784905496873,brice,Play,http://localhost:3251@Bee,true,5,5
1784905497527,alice,Fight,http://localhost:3251@Bee,true,5,5
1784905497528,Bee,Fight,http://localhost:3251@alice,true,5,5
1784905497584,bear,Exercise,http://localhost:3251@brice,true,5,5
1784905497584,brice,Exercise,http://localhost:3251@bear,true,5,5
1784905498637,Ant,Play,http://localhost:3251@bear,true,5,5
1784905498639,bear,Play,http://localhost:3251@Ant,true,5,5
1784905498751,Bat,Sing,http://localhost:3251@bear,true,5,5
1784905498751,brice,Sing,http://localhost:3251@Bat,true,5,5
1784905499034,alice,Explore,null,false,3,null
1784905499394,Bee,Dance,http://localhost:3251@alice,true,5,5
1784905499396,brice,Dance,http://localhost:3251@Bee,true,5,5
1784905499750,Bat,Talk,http://localhost:3251@alice,false,-4,-4
1784905499751,brice,Talk,http://localhost:3251@Bat,true,5,5
1784905499965,Ant,Sing,http://localhost:3251@Bat,true,5,5
1784905499966,bear,Sing,http://localhost:3251@Ant,true,5,5
1784905500403,alice,Dance,http://localhost:3251@Ant,true,5,5
1784905500403,brice,Dance,http://localhost:3251@alice,true,5,5
1784905500885,Bat,Exercise,http://localhost:3251@brice,true,5,5
1784905500886,bear,Exercise,http://localhost:3251@Bat,true,5,5
1784905501238,alice,Dance,http://localhost:3251@Ant,true,5,5
1784905501239,Ant,Dance,http://localhost:3251@Bee,true,5,5
1784905501713,bear,Walk,http://localhost:3251@brice,true,5,5
1784905501714,brice,Walk,http://localhost:3251@Ant,true,5,5
1784905501943,alice,Play,http://localhost:3251@Bee,true,5,5
1784905501944,Bee,Play,http://localhost:3251@alice,true,5,5
1784905502572,alice,Dance,http://localhost:3251@Ant,true,5,5
1784905502573,Ant,Dance,http://localhost:3251@Bee,true,5,5
1784905502794,Bat,Walk,http://localhost:3251@brice,true,5,5
1784905502795,brice,Walk,http://localhost:3251@Bat,true,5,5
1784905503323,bear,Talk,http://localhost:3251@Ant,false,-1,4
1784905503324,brice,Talk,http://localhost:3251@bear,true,5,5
1784905503546,Ant,Fight,http://localhost:3251@bear,true,5,5
1784905503546,Bee,Fight,http://localhost:3251@Ant,true,5,5
1784905504433,alice,Walk,http://localhost:3251@Bee,true,5,5
1784905504433,Ant,Walk,http://localhost:3251@alice,true,5,5
1784905504661,Bat,Dance,http://localhost:3251@alice,false,-5,-5
1784905504661,Bee,Dance,http://localhost:3251@Bat,true,5,5
1784905505160,alice,Exercise,http://localhost:3251@bear,true,5,5
1784905505161,bear,Exercise,http://localhost:3251@brice,true,5,5
1784905505883,alice,Walk,http://localhost:3251@Bee,true,5,5
1784905505883,Bee,Walk,http://localhost:3251@alice,true,5,5
1784905505933,Ant,Explore,null,true,5,null
1784905506205,Bat,Explore,null,false,-2,null
1784905506528,alice,Dance,http://localhost:3251@brice,true,5,5
1784905506529,brice,Dance,http://localhost:3251@Ant,true,5,5
1784905506868,bear,Exercise,http://localhost:3251@brice,true,5,5
1784905506868,Bee,Exercise,http://localhost:3251@bear,true,5,5
1784905507469,Ant,Explore,null,true,5,null
1784905507805,alice,Walk,http://localhost:3251@Bee,true,5,5
1784905507806,Bat,Walk,http://localhost:3251@alice,false,4,-5
1784905508179,Bee,Walk,http://localhost:3251@alice,true,5,5
1784905508180,brice,Walk,http://localhost:3251@Bee,true,5,5
1784905508454,bear,Explore,null,true,5,null
1784905508805,Ant,Play,http://localhost:3251@bear,true,5,5
1784905508806,Bee,Play,http://localhost:3251@Ant,true,5,5
1784905508990,alice,Exercise,http://localhost:3251@Bee,true,5,5
1784905508990,bear,Exercise,http://localhost:3251@alice,true,5,5
1784905509713,Bat,Sing,http://localhost:3251@bear,true,5,5
1784905509714,Bee,Sing,http://localhost:3251@Bat,true,5,5
1784905510058,Ant,Walk,http://localhost:3251@Bee,true,5,5
1784905510059,bear,Walk,http://localhost:3251@Ant,true,5,5
1784905510527,alice,Explore,null,true,4,null
1784905511325,Bat,Explore,null,false,-3,null
1784905511716,alice,Talk,http://localhost:3251@Ant,false,-5,4
1784905511717,Ant,Talk,http://localhost:3251@alice,true,5,5
1784905511717,brice,Explore,null,true,-3,null
1784905511982,bear,Talk,http://localhost:3251@Bee,false,-2,-5
1784905511983,Bee,Talk,http://localhost:3251@Ant,true,5,5
1784905512609,Ant,Sing,http://localhost:3251@Bat,true,5,5
1784905512610,Bat,Sing,http://localhost:3251@bear,true,5,5
1784905512991,bear,Fight,http://localhost:3251@alice,true,5,5
1784905512991,brice,Fight,http://localhost:3251@bear,true,5,5
1784905513256,alice,Explore,null,false,3,null
1784905513736,Bat,Exercise,http://localhost:3251@brice,true,5,5
1784905513738,brice,Exercise,http://localhost:3251@Bat,true,5,5
1784905514261,Bee,Fight,http://localhost:3251@alice,true,5,5
1784905514261,brice,Fight,http://localhost:3251@Bee,true,5,5
1784905514493,alice,Play,http://localhost:3251@Ant,true,5,5
1784905514494,Ant,Play,http://localhost:3251@bear,true,5,5
1784905514605,Bat,Fight,http://localhost:3251@bear,true,5,5
1784905514605,bear,Fight,http://localhost:3251@alice,true,5,5
1784905515547,Bat,Sing,http://localhost:3251@brice,true,5,5
1784905515548,brice,Sing,http://localhost:3251@Bat,true,5,5
1784905516216,alice,Sing,http://localhost:3251@Bee,true,5,5
1784905516217,Bee,Sing,http://localhost:3251@Bat,true,5,5
1784905516383,Ant,Walk,http://localhost:3251@Bee,true,5,5
1784905516383,brice,Walk,http://localhost:3251@Ant,true,5,5
1784905516755,bear,Explore,null,true,5,null
1784905517451,Bee,Walk,http://localhost:3251@alice,true,5,5
1784905517451,brice,Walk,http://localhost:3251@Bee,true,5,5
1784905517608,Ant,Sing,http://localhost:3251@Bat,true,5,5
1784905517608,bear,Sing,http://localhost:3251@Ant,true,5,5
1784905517771,Bat,Explore,null,true,-2,null
1784905518694,alice,Walk,http://localhost:3251@Bee,true,5,5
1784905518695,Ant,Walk,http://localhost:3251@alice,true,5,5
1784905518750,bear,Exercise,http://localhost:3251@brice,true,5,5
1784905518752,brice,Exercise,http://localhost:3251@bear,true,5,5
1784905519328,alice,Play,http://localhost:3251@Bee,true,5,5
1784905519329,Bat,Explore,null,true,-1,null
1784905519329,Bee,Play,http://localhost:3251@alice,true,5,5
1784905519720,Bee,Talk,http://localhost:3251@brice,true,5,5
1784905519721,brice,Talk,http://localhost:3251@bear,true,5,5
1784905519938,alice,Play,http://localhost:3251@Ant,true,5,5
1784905519939,Ant,Play,http://localhost:3251@bear,true,5,5
1784905520311,Bat,Talk,http://localhost:3251@alice,false,-5,-5
1784905520312,brice,Talk,http://localhost:3251@Bat,true,5,5
1784905520740,alice,Sing,http://localhost:3251@bear,true,5,5
1784905520741,bear,Sing,http://localhost:3251@alice,true,5,5
1784905521660,Bat,Play,http://localhost:3251@Ant,true,5,5
1784905521660,bear,Play,http://localhost:3251@Bat,true,5,5
1784905521785,alice,Walk,http://localhost:3251@Bee,true,5,5
1784905521786,Bee,Walk,http://localhost:3251@alice,true,5,5
1784905521959,Ant,Play,http://localhost:3251@bear,true,5,5
1784905521960,brice,Play,http://localhost:3251@Ant,true,5,5
1784905522979,alice,Walk,http://localhost:3251@bear,true,5,5
1784905522980,Bat,Sing,http://localhost:3251@bear,true,5,5
1784905522981,bear,Walk,http://localhost:3251@alice,true,5,5
1784905522981,Bee,Sing,http://localhost:3251@Bat,true,5,5
1784905523939,Ant,Play,http://localhost:3251@bear,true,5,5
1784905523940,Bat,Play,http://localhost:3251@Ant,true,5,5
1784905523940,Bee,Dance,http://localhost:3251@brice,true,5,5
1784905523940,brice,Dance,http://localhost:3251@Ant,true,5,5
1784905524975,alice,Play,http://localhost:3251@Bee,true,5,5
1784905524975,brice,Play,http://localhost:3251@alice,true,5,5
1784905525265,bear,Explore,null,true,5,null
1784905525877,Ant,Walk,http://localhost:3251@Bee,true,5,5
1784905525878,bear,Walk,http://localhost:3251@Ant,true,5,5
1784905526232,alice,Walk,http://localhost:3251@Bee,true,5,5
1784905526234,Bee,Walk,http://localhost:3251@alice,true,5,5
1784905526410,Bat,Exercise,http://localhost:3251@brice,true,5,5
1784905526410,bear,Exercise,http://localhost:3251@Bat,true,5,5
1784905526870,Ant,Talk,http://localhost:3251@alice,true,5,5
1784905526871,Bee,Talk,http://localhost:3251@Ant,true,5,5
1784905527369,Bat,Fight,http://localhost:3251@Ant,true,5,5
1784905527369,Bee,Fight,http://localhost:3251@Bat,true,5,5
1784905527472,alice,Sing,http://localhost:3251@Bat,true,5,5
1784905527473,Ant,Sing,http://localhost:3251@alice,true,5,5
1784905528349,brice,Explore,null,false,-4,null
1784905528513,bear,Explore,null,false,4,null
1784905528588,Ant,Walk,http://localhost:3251@Bat,true,5,5
1784905528589,Bat,Walk,http://localhost:3251@brice,true,5,5
1784905528713,alice,Play,http://localhost:3251@Bee,true,5,5
1784905528715,Bee,Play,http://localhost:3251@alice,true,5,5
1784905529605,Bat,Fight,http://localhost:3251@Ant,true,5,5
1784905529605,bear,Fight,http://localhost:3251@Bat,true,5,5
1784905529900,Ant,Dance,http://localhost:3251@Bee,true,5,5
1784905529901,Bee,Dance,http://localhost:3251@Ant,true,5,5
1784905529959,brice,Explore,null,false,-5,null
1784905530916,Ant,Sing,http://localhost:3251@Bat,true,5,5
1784905530917,Bat,Sing,http://localhost:3251@bear,true,5,5
1784905531028,alice,Explore,null,true,4,null
1784905531315,Bee,Walk,http://localhost:3251@brice,true,5,5
1784905531317,brice,Walk,http://localhost:3251@Ant,true,5,5
1784905531816,bear,Explore,null,false,3,null
1784905532135,alice,Walk,http://localhost:3251@Bat,true,5,5
1784905532136,Ant,Sing,http://localhost:3251@Bat,true,5,5
1784905532136,Bat,Walk,http://localhost:3251@brice,true,5,5
1784905532137,Bee,Sing,http://localhost:3251@Ant,true,5,5
1784905532251,bear,Fight,http://localhost:3251@brice,true,5,5
1784905532252,brice,Fight,http://localhost:3251@Bat,true,5,5
1784905533095,Ant,Fight,http://localhost:3251@bear,true,5,5
1784905533096,brice,Fight,http://localhost:3251@Ant,true,5,5
1784905533428,alice,Walk,http://localhost:3251@Bee,true,5,5
1784905533429,Bat,Walk,http://localhost:3251@alice,false,4,-5
1784905534106,Bat,Play,http://localhost:3251@bear,true,5,5
1784905534107,bear,Play,http://localhost:3251@brice,true,5,5
1784905534622,alice,Walk,http://localhost:3251@Bee,true,5,5
1784905534622,Bee,Walk,http://localhost:3251@alice,true,5,5
1784905534956,Bat,Play,http://localhost:3251@brice,true,5,5
1784905534957,brice,Play,http://localhost:3251@Bat,true,5,5
1784905535325,alice,Sing,http://localhost:3251@bear,true,5,5
1784905535326,bear,Sing,http://localhost:3251@alice,true,5,5
1784905535551,Ant,Play,http://localhost:3251@bear,true,5,5
1784905535552,brice,Play,http://localhost:3251@Ant,true,5,5
1784905536162,Bat,Walk,http://localhost:3251@brice,true,5,5
1784905536163,bear,Walk,http://localhost:3251@Bat,true,5,5
1784905536496,Ant,Talk,http://localhost:3251@alice,true,5,5
1784905536496,Bat,Talk,http://localhost:3251@Ant,true,-4,5
1784905536551,alice,Sing,http://localhost:3251@Bat,true,5,5
1784905536551,brice,Sing,http://localhost:3251@alice,true,5,5
1784905537111,bear,Sing,http://localhost:3251@Bee,false,4,-5
1784905537112,Bee,Sing,http://localhost:3251@Bat,true,5,5
1784905537499,Bat,Fight,http://localhost:3251@Ant,true,5,5
1784905537500,brice,Fight,http://localhost:3251@Bat,true,5,5
1784905537873,alice,Play,http://localhost:3251@Bee,true,5,5
1784905537876,Bee,Play,http://localhost:3251@alice,true,5,5
1784905538794,Ant,Explore,null,true,5,null
1784905538855,bear,Explore,null,false,2,null
1784905539166,Bat,Explore,null,true,null,null
1784905539517,alice,Explore,null,true,5,null
1784905539517,bear,Dance,http://localhost:3251@brice,true,-4,5
1784905539517,brice,Dance,http://localhost:3251@Ant,true,5,5
1784905540004,Bat,Play,http://localhost:3251@Bee,true,5,5
1784905540006,Bee,Play,http://localhost:3251@alice,true,5,5
1784905540780,Ant,Dance,http://localhost:3251@Bee,true,5,5
1784905540783,brice,Dance,http://localhost:3251@Ant,true,5,5
1784905540960,Bat,Dance,http://localhost:3251@bear,false,-5,4
1784905540961,bear,Dance,http://localhost:3251@Bee,false,-5,-5
1784905541330,alice,Walk,http://localhost:3251@Bee,true,5,5
1784905541332,Bee,Walk,http://localhost:3251@alice,true,5,5
1784905542118,alice,Play,http://localhost:3251@Ant,true,5,5
1784905542120,Ant,Play,http://localhost:3251@bear,true,5,5
1784905542121,Bat,Sing,http://localhost:3251@brice,true,5,5
1784905542121,brice,Sing,http://localhost:3251@Bat,true,5,5
1784905543029,Bee,Fight,http://localhost:3251@alice,true,5,5
1784905543031,brice,Fight,http://localhost:3251@Bee,true,5,5
1784905543250,bear,Explore,null,true,3,null
1784905543797,Bat,Fight,http://localhost:3251@Ant,true,5,5
1784905543797,Bee,Fight,http://localhost:3251@Bat,true,5,5
1784905544153,Ant,Sing,http://localhost:3251@Bat,true,5,5
1784905544155,bear,Sing,http://localhost:3251@Ant,true,5,5
1784905544848,alice,Walk,http://localhost:3251@Bee,true,5,5
1784905544850,bear,Walk,http://localhost:3251@alice,true,5,5
1784905545036,Ant,Play,http://localhost:3251@brice,true,5,5
1784905545038,brice,Play,http://localhost:3251@Bat,true,5,5
1784905545786,Bat,Walk,http://localhost:3251@brice,true,5,5
1784905545788,bear,Walk,http://localhost:3251@Bat,true,5,5
1784905546144,alice,Sing,http://localhost:3251@Bat,true,5,5
1784905546146,Bee,Sing,http://localhost:3251@alice,true,5,5
1784905546255,Ant,Exercise,http://localhost:3251@brice,true,2,5
1784905546256,brice,Exercise,http://localhost:3251@Bat,true,5,5
1784905546812,alice,Fight,http://localhost:3251@bear,true,5,5
1784905546813,bear,Fight,http://localhost:3251@alice,true,5,5
1784905547307,bear,Talk,http://localhost:3251@brice,false,-3,4
1784905547308,brice,Talk,http://localhost:3251@bear,true,5,5
1784905547795,Ant,Sing,http://localhost:3251@Bat,true,5,5
1784905547795,Bat,Sing,http://localhost:3251@bear,true,5,5
1784905548161,alice,Sing,http://localhost:3251@Bat,true,5,5
1784905548163,brice,Sing,http://localhost:3251@alice,true,5,5
1784905548655,Bat,Dance,http://localhost:3251@bear,false,-5,4
1784905548657,bear,Dance,http://localhost:3251@Bee,false,-5,-5
1784905549134,Ant,Walk,http://localhost:3251@Bee,true,5,5
1784905549135,Bee,Walk,http://localhost:3251@Ant,true,5,5
1784905549977,Bat,Play,http://localhost:3251@Ant,true,5,5
1784905549978,brice,Play,http://localhost:3251@Bat,true,5,5
1784905550538,alice,Dance,http://localhost:3251@Bee,true,5,5
1784905550539,Bee,Dance,http://localhost:3251@alice,true,5,5
1784905550664,bear,Play,http://localhost:3251@brice,true,5,5
1784905550665,brice,Play,http://localhost:3251@bear,true,5,5
1784905551337,Bat,Walk,http://localhost:3251@brice,true,5,5
1784905551338,Bee,Walk,http://localhost:3251@Bat,true,5,5
1784905551517,Ant,Talk,http://localhost:3251@alice,false,4,4
1784905551517,bear,Talk,http://localhost:3251@Ant,true,-2,5
1784905551755,Bee,Talk,http://localhost:3251@brice,true,5,5
1784905551756,brice,Talk,http://localhost:3251@bear,true,5,5
1784905552170,alice,Explore,null,false,4,null
1784905552522,Ant,Talk,http://localhost:3251@alice,true,5,5
1784905552523,Bee,Talk,http://localhost:3251@Ant,true,5,5
1784905552917,Bat,Explore,null,false,-1,null
1784905553454,Ant,Play,http://localhost:3251@bear,true,5,5
1784905553455,bear,Play,http://localhost:3251@brice,true,5,5
1784905553768,Bee,Sing,http://localhost:3251@brice,true,5,5
1784905553768,brice,Sing,http://localhost:3251@Bat,true,5,5
1784905553831,alice,Fight,http://localhost:3251@Bee,true,5,5
1784905553832,Ant,Fight,http://localhost:3251@alice,true,5,5
1784905554657,Ant,Exercise,http://localhost:3251@bear,true,3,5
1784905554658,bear,Exercise,http://localhost:3251@brice,true,5,5
1784905554906,alice,Play,http://localhost:3251@Bat,true,5,5
1784905554907,Bat,Play,http://localhost:3251@Ant,true,5,5
1784905555705,Ant,Sing,http://localhost:3251@Bee,true,5,5
1784905555706,Bee,Sing,http://localhost:3251@Bat,true,5,5
1784905555770,bear,Walk,http://localhost:3251@brice,true,5,5
1784905555771,brice,Walk,http://localhost:3251@Ant,true,5,5
1784905556850,alice,Sing,http://localhost:3251@Bat,true,5,5
1784905556851,brice,Sing,http://localhost:3251@alice,true,5,5
1784905557131,Ant,Walk,http://localhost:3251@bear,true,5,5
1784905557131,Bat,Explore,null,false,-2,null
1784905557132,bear,Walk,http://localhost:3251@alice,true,5,5
1784905557526,alice,Exercise,http://localhost:3251@Bee,true,5,5
1784905557527,Bee,Exercise,http://localhost:3251@Ant,true,5,5
1784905558394,Ant,Dance,http://localhost:3251@Bee,true,5,5
1784905558395,Bee,Dance,http://localhost:3251@Ant,true,5,5
1784905558705,bear,Explore,null,true,4,null
1784905559094,Bat,Walk,http://localhost:3251@brice,true,5,5
1784905559095,brice,Walk,http://localhost:3251@Bat,true,5,5
1784905559159,alice,Fight,http://localhost:3251@Bee,true,5,5
1784905559160,Bee,Fight,http://localhost:3251@alice,true,5,5
1784905559984,Ant,Walk,http://localhost:3251@bear,true,5,5
1784905559985,bear,Walk,http://localhost:3251@alice,true,5,5
1784905560373,Bee,Sing,http://localhost:3251@brice,true,5,5
1784905560373,brice,Sing,http://localhost:3251@Bat,true,5,5
1784905561038,alice,Walk,http://localhost:3251@Bat,true,5,5
1784905561039,Bat,Walk,http://localhost:3251@brice,true,5,5
1784905561163,bear,Exercise,http://localhost:3251@brice,true,5,5
1784905561163,Bee,Exercise,http://localhost:3251@bear,true,5,5
1784905561684,Ant,Sing,http://localhost:3251@brice,true,5,5
1784905561685,brice,Sing,http://localhost:3251@Bat,true,5,5
1784905562358,alice,Sing,http://localhost:3251@Bat,true,5,5
1784905562360,brice,Sing,http://localhost:3251@alice,true,5,5
1784905562547,Ant,Dance,http://localhost:3251@Bee,true,5,5
1784905562547,Bee,Dance,http://localhost:3251@alice,true,5,5
1784905562799,bear,Explore,null,true,5,null
1784905563743,alice,Walk,http://localhost:3251@Bee,true,5,5
1784905563744,Bat,Exercise,http://localhost:3251@brice,true,5,5
1784905563744,bear,Walk,http://localhost:3251@alice,true,5,5
1784905563744,brice,Exercise,http://localhost:3251@Bat,true,5,5
1784905564246,Bee,Explore,null,false,-5,null
1784905564623,Ant,Sing,http://localhost:3251@Bat,true,5,5
1784905564624,brice,Sing,http://localhost:3251@Ant,true,5,5
1784905565502,Bee,Exercise,http://localhost:3251@Ant,true,5,5
1784905565503,brice,Exercise,http://localhost:3251@Bee,true,5,5
1784905565691,Ant,Exercise,http://localhost:3251@bear,true,4,5
1784905565691,bear,Exercise,http://localhost:3251@brice,true,5,5
1784905566492,alice,Walk,http://localhost:3251@Bee,true,5,5
1784905566492,Ant,Walk,http://localhost:3251@alice,true,5,5
1784905566618,Bee,Fight,http://localhost:3251@alice,true,5,5
1784905566619,brice,Fight,http://localhost:3251@Bee,true,5,5
1784905567661,Ant,Play,http://localhost:3251@bear,true,5,5
1784905567662,bear,Play,http://localhost:3251@brice,true,5,5
1784905567827,Bat,Walk,http://localhost:3251@brice,true,5,5
1784905567828,brice,Walk,http://localhost:3251@Bat,true,5,5
1784905567899,alice,Sing,http://localhost:3251@Bee,true,5,5
1784905567900,Bee,Sing,http://localhost:3251@Bat,true,5,5
1784905568816,alice,Exercise,http://localhost:3251@bear,true,5,5
1784905568817,bear,Exercise,http://localhost:3251@brice,true,5,5
1784905569205,Ant,Explore,null,false,4,null
1784905569376,Bat,Explore,null,false,-3,null
1784905569749,alice,Fight,http://localhost:3251@Bee,true,5,5
1784905569750,Bat,Fight,http://localhost:3251@alice,false,4,-5
1784905569751,Bee,Exercise,http://localhost:3251@brice,true,5,5
1784905569751,brice,Exercise,http://localhost:3251@Bat,true,5,5
1784905570416,Ant,Sing,http://localhost:3251@Bat,true,5,5
1784905570417,Bee,Sing,http://localhost:3251@Ant,true,5,5
1784905570989,bear,Play,http://localhost:3251@brice,true,5,5
1784905570990,brice,Play,http://localhost:3251@Bat,true,5,5
1784905571261,alice,Explore,null,false,3,null
1784905571639,Bat,Sing,http://localhost:3251@bear,true,5,5
1784905571639,brice,Sing,http://localhost:3251@Bat,true,5,5
1784905571916,Ant,Explore,null,true,5,null
1784905571978,bear,Talk,http://localhost:3251@Ant,true,-1,5
1784905571979,brice,Talk,http://localhost:3251@bear,true,5,5
1784905572272,alice,Sing,http://localhost:3251@Bee,true,5,5
1784905572272,Bee,Sing,http://localhost:3251@Bat,true,5,5
1784905572777,alice,Exercise,http://localhost:3251@Bat,true,5,5
1784905572777,Bat,Exercise,http://localhost:3251@brice,true,5,5
1784905573510,bear,Walk,http://localhost:3251@Bee,false,4,-5
1784905573511,Bee,Walk,http://localhost:3251@alice,true,5,5
1784905573853,Ant,Dance,http://localhost:3251@brice,true,5,5
1784905573854,brice,Dance,http://localhost:3251@Ant,true,5,5
1784905574637,alice,Play,http://localhost:3251@Bee,true,5,5
1784905574638,Bat,Walk,http://localhost:3251@brice,true,5,5
1784905574638,bear,Play,http://localhost:3251@alice,true,5,5
1784905574639,Bee,Walk,http://localhost:3251@Bat,true,5,5
1784905575717,bear,Exercise,http://localhost:3251@brice,true,5,5
1784905575718,brice,Exercise,http://localhost:3251@Bat,true,5,5
1784905575883,Ant,Dance,http://localhost:3251@Bee,true,5,5
1784905575883,Bee,Dance,http://localhost:3251@Ant,true,5,5
1784905576672,Bat,Sing,http://localhost:3251@bear,true,5,5
1784905576673,bear,Sing,http://localhost:3251@Bat,true,5,5
1784905576888,alice,Explore,null,true,4,null
1784905577737,Ant,Sing,http://localhost:3251@Bat,true,5,5
1784905577737,brice,Sing,http://localhost:3251@Ant,true,5,5
1784905577963,Bat,Walk,http://localhost:3251@brice,true,5,5
1784905577963,bear,Walk,http://localhost:3251@Bat,true,5,5
1784905578496,alice,Fight,http://localhost:3251@Bee,true,5,5
1784905578497,brice,Fight,http://localhost:3251@alice,true,5,5
1784905578840,Bat,Talk,http://localhost:3251@Bee,true,-3,5
1784905578841,Bee,Talk,http://localhost:3251@Ant,true,5,5
1784905579616,Ant,Sing,http://localhost:3251@Bat,true,5,5
1784905579617,bear,Sing,http://localhost:3251@Ant,true,5,5
1784905579731,Bee,Sing,http://localhost:3251@brice,true,5,5
1784905579732,brice,Sing,http://localhost:3251@Bat,true,5,5
1784905580382,alice,Walk,http://localhost:3251@Bee,true,5,5
1784905580383,bear,Walk,http://localhost:3251@alice,true,5,5
1784905580744,Ant,Talk,http://localhost:3251@Bee,true,5,5
1784905580745,Bee,Talk,http://localhost:3251@Ant,true,5,5
1784905581128,Bat,Explore,null,false,-4,null
1784905581461,Bat,Fight,http://localhost:3251@brice,true,5,5
1784905581462,brice,Fight,http://localhost:3251@Bat,true,5,5
1784905581679,alice,Dance,http://localhost:3251@Ant,true,5,5
1784905581680,Bee,Dance,http://localhost:3251@alice,true,5,5
1784905582024,Ant,Play,http://localhost:3251@bear,true,5,5
1784905582026,bear,Play,http://localhost:3251@Ant,true,5,5
1784905582634,Ant,Talk,http://localhost:3251@Bee,true,5,5
1784905582635,Bee,Talk,http://localhost:3251@Ant,true,5,5
1784905582983,Ant,Fight,http://localhost:3251@bear,true,5,5
1784905582984,Bat,Explore,null,false,-5,null
1784905582984,bear,Fight,http://localhost:3251@alice,true,5,5
1784905583322,Bee,Walk,http://localhost:3251@brice,true,5,5
1784905583323,brice,Walk,http://localhost:3251@Ant,true,5,5
1784905583656,alice,Walk,http://localhost:3251@Bee,true,5,5
1784905583656,bear,Walk,http://localhost:3251@alice,true,5,5
1784905584216,Ant,Play,http://localhost:3251@bear,true,5,5
1784905584217,brice,Play,http://localhost:3251@Ant,true,5,5
1784905584827,Ant,Sing,http://localhost:3251@Bat,true,5,5
1784905584828,Bat,Sing,http://localhost:3251@bear,true,5,5
1784905584883,bear,Dance,http://localhost:3251@Bee,false,-5,-5
1784905584884,brice,Dance,http://localhost:3251@bear,true,5,5
1784905585850,alice,Play,http://localhost:3251@Bee,true,5,5
1784905585851,Bee,Play,http://localhost:3251@alice,true,5,5
1784905586071,Ant,Play,http://localhost:3251@bear,true,5,5
1784905586072,bear,Play,http://localhost:3251@Ant,true,5,5
1784905586764,Bee,Sing,http://localhost:3251@brice,true,5,5
1784905586764,brice,Sing,http://localhost:3251@Bat,true,5,5
1784905587316,Ant,Exercise,http://localhost:3251@bear,true,5,5
1784905587317,brice,Exercise,http://localhost:3251@Ant,true,5,5
1784905587683,bear,Explore,null,true,5,null
1784905588145,alice,Explore,null,false,3,null
1784905588326,Ant,Talk,http://localhost:3251@alice,true,5,5
1784905588326,Bat,Fight,http://localhost:3251@brice,true,5,5
1784905588327,Bee,Talk,http://localhost:3251@Ant,true,5,5
1784905588327,brice,Fight,http://localhost:3251@Bat,true,5,5
1784905589310,bear,Explore,null,true,5,null
1784905589478,alice,Dance,http://localhost:3251@Ant,true,5,5
1784905589478,Ant,Dance,http://localhost:3251@alice,true,5,5
1784905589946,brice,Explore,null,false,-5,null
1784905590005,Bat,Explore,null,true,-4,null
1784905590468,Ant,Talk,http://localhost:3251@alice,true,5,5
1784905590468,bear,Talk,http://localhost:3251@Ant,true,null,5
1784905590765,alice,Dance,http://localhost:3251@Ant,true,5,5
1784905590766,brice,Dance,http://localhost:3251@alice,true,5,5
1784905591339,Bat,Walk,http://localhost:3251@brice,true,5,5
1784905591339,Bee,Walk,http://localhost:3251@Bat,true,5,5
1784905591731,Bee,Fight,http://localhost:3251@brice,true,5,5
1784905591732,brice,Fight,http://localhost:3251@Bat,true,5,5
1784905592017,bear,Explore,null,true,5,null
1784905592248,Ant,Exercise,http://localhost:3251@bear,true,5,5
1784905592248,Bat,Exercise,http://localhost:3251@Ant,true,5,5
1784905592309,alice,Explore,null,false,2,null
1784905592729,bear,Fight,http://localhost:3251@brice,true,5,5
1784905592730,brice,Fight,http://localhost:3251@Bat,true,5,5
1784905593576,Ant,Walk,http://localhost:3251@Bee,true,5,5
1784905593578,Bee,Walk,http://localhost:3251@Ant,true,5,5
1784905593639,alice,Play,http://localhost:3251@Bee,true,5,5
1784905593640,bear,Play,http://localhost:3251@alice,true,5,5
1784905594144,Bat,Walk,http://localhost:3251@brice,true,5,5
1784905594145,brice,Walk,http://localhost:3251@Ant,true,5,5
1784905594647,Bee,Talk,http://localhost:3251@Ant,true,5,5
1784905594648,brice,Talk,http://localhost:3251@Bee,true,5,5
1784905595339,bear,Explore,null,true,5,null
1784905595529,Bat,Walk,http://localhost:3251@brice,true,5,5
1784905595529,brice,Walk,http://localhost:3251@Bat,true,5,5
1784905596083,alice,Sing,http://localhost:3251@Bee,true,5,5
1784905596084,Bee,Sing,http://localhost:3251@Bat,true,5,5
1784905596399,Bat,Fight,http://localhost:3251@bear,true,5,5
1784905596399,bear,Fight,http://localhost:3251@alice,true,5,5
1784905596467,Ant,Dance,http://localhost:3251@Bee,true,5,5
1784905596469,brice,Dance,http://localhost:3251@Ant,true,5,5
1784905597390,alice,Dance,http://localhost:3251@Ant,true,5,5
1784905597390,Bat,Dance,http://localhost:3251@Bee,true,-4,5
1784905597390,bear,Dance,http://localhost:3251@alice,false,-5,4
1784905597391,Bee,Dance,http://localhost:3251@alice,true,5,5
1784905598075,Ant,Explore,null,true,5,null
1784905598390,bear,Exercise,http://localhost:3251@brice,true,5,5
1784905598392,brice,Exercise,http://localhost:3251@Bat,true,5,5
1784905599748,alice,Explore,null,false,1,null
1784905600174,Bee,Play,http://localhost:3251@alice,true,5,5
1784905600175,brice,Play,http://localhost:3251@Bee,true,5,5
1784905600677,Ant,Exercise,http://localhost:3251@Bat,true,5,5
1784905600678,Bat,Exercise,http://localhost:3251@brice,true,5,5
1784905600738,alice,Talk,http://localhost:3251@brice,true,-4,5
1784905600739,Bee,Talk,http://localhost:3251@alice,true,5,5
1784905601084,bear,Walk,http://localhost:3251@alice,true,5,5
1784905601084,brice,Walk,http://localhost:3251@bear,true,5,5
1784905601983,Ant,Play,http://localhost:3251@bear,true,5,5
1784905601984,Bee,Play,http://localhost:3251@Ant,true,5,5
1784905602039,alice,Walk,http://localhost:3251@Bee,true,5,5
1784905602039,brice,Walk,http://localhost:3251@alice,true,5,5
1784905602722,alice,Fight,http://localhost:3251@bear,true,5,5
1784905602722,bear,Fight,http://localhost:3251@alice,true,5,5
1784905603074,Bat,Fight,http://localhost:3251@Ant,true,5,5
1784905603075,bear,Fight,http://localhost:3251@Bat,true,5,5
1784905603262,Bee,Play,http://localhost:3251@alice,true,5,5
1784905603262,brice,Play,http://localhost:3251@Bee,true,5,5
1784905603600,Ant,Talk,http://localhost:3251@alice,true,5,5
1784905603600,Bee,Talk,http://localhost:3251@Ant,true,5,5
1784905603918,alice,Exercise,http://localhost:3251@Bee,true,5,5
1784905603919,bear,Exercise,http://localhost:3251@alice,true,5,5
1784905604085,Bat,Fight,http://localhost:3251@Ant,true,5,5
1784905604085,Bee,Fight,http://localhost:3251@Bat,true,5,5
1784905604268,alice,Talk,http://localhost:3251@brice,true,-3,5
1784905604269,brice,Talk,http://localhost:3251@bear,true,5,5
1784905604951,Ant,Dance,http://localhost:3251@Bee,true,5,5
1784905604951,brice,Dance,http://localhost:3251@Ant,true,5,5
1784905605552,alice,Fight,http://localhost:3251@bear,true,5,5
1784905605552,bear,Fight,http://localhost:3251@alice,true,5,5
1784905605775,Ant,Talk,http://localhost:3251@Bat,true,5,5
1784905605775,Bat,Talk,http://localhost:3251@alice,false,-4,-5
1784905606368,Bee,Explore,null,true,-4,null
1784905606764,bear,Play,http://localhost:3251@brice,true,5,5
1784905606765,brice,Play,http://localhost:3251@bear,true,5,5
1784905607282,Ant,Explore,null,true,5,null
1784905607638,Bee,Dance,http://localhost:3251@alice,true,5,5
1784905607638,brice,Dance,http://localhost:3251@Bee,true,5,5
1784905607696,alice,Explore,null,true,2,null
1784905607747,Bat,Fight,http://localhost:3251@bear,true,5,5
1784905607748,bear,Fight,http://localhost:3251@alice,true,5,5
1784905608575,Bat,Talk,http://localhost:3251@brice,true,-3,5
1784905608575,brice,Talk,http://localhost:3251@bear,true,5,5
1784905608782,Ant,Explore,null,false,4,null
1784905608838,alice,Exercise,http://localhost:3251@bear,true,5,5
1784905608839,bear,Exercise,http://localhost:3251@brice,true,5,5
1784905609472,alice,Dance,http://localhost:3251@Bee,true,5,5
1784905609473,Bee,Dance,http://localhost:3251@alice,true,5,5
1784905609816,Ant,Walk,http://localhost:3251@brice,true,5,5
1784905609817,brice,Walk,http://localhost:3251@Ant,true,5,5
1784905610098,Bat,Explore,null,false,-5,null
1784905611016,bear,Explore,null,false,4,null
1784905611073,Ant,Dance,http://localhost:3251@Bee,true,5,5
1784905611073,Bat,Dance,http://localhost:3251@Ant,false,-5,4
1784905611729,alice,Sing,http://localhost:3251@brice,true,5,5
1784905611730,brice,Sing,http://localhost:3251@Bat,true,5,5
1784905612029,Bat,Play,http://localhost:3251@Bee,true,5,5
1784905612029,Bee,Play,http://localhost:3251@alice,true,5,5
1784905612776,bear,Explore,null,true,5,null
1784905613090,alice,Dance,http://localhost:3251@brice,true,5,5
1784905613092,brice,Dance,http://localhost:3251@Ant,true,5,5
1784905613404,Ant,Sing,http://localhost:3251@Bat,true,5,5
1784905613404,Bat,Sing,http://localhost:3251@bear,true,5,5
1784905614158,Ant,Play,http://localhost:3251@Bee,true,5,5
1784905614159,Bat,Play,http://localhost:3251@bear,true,5,5
1784905614159,bear,Play,http://localhost:3251@brice,true,5,5
1784905614159,Bee,Play,http://localhost:3251@alice,true,5,5
1784905614828,alice,Fight,http://localhost:3251@Bee,true,5,5
1784905614829,Bee,Fight,http://localhost:3251@alice,true,5,5
1784905615050,Bat,Play,http://localhost:3251@brice,true,5,5
1784905615051,brice,Play,http://localhost:3251@Bat,true,5,5
1784905615162,Ant,Fight,http://localhost:3251@bear,true,5,5
1784905615163,bear,Fight,http://localhost:3251@Ant,true,5,5
1784905616073,Bee,Play,http://localhost:3251@alice,true,5,5
1784905616074,brice,Play,http://localhost:3251@Bee,true,5,5
1784905616128,Ant,Fight,http://localhost:3251@bear,true,5,5
1784905616129,Bat,Fight,http://localhost:3251@Ant,false,4,3
1784905616350,alice,Explore,null,false,1,null
1784905616962,Ant,Fight,http://localhost:3251@bear,true,5,5
1784905616962,bear,Fight,http://localhost:3251@alice,true,5,5
1784905617073,Bat,Talk,http://localhost:3251@brice,false,-4,4
1784905617073,brice,Talk,http://localhost:3251@bear,true,5,5
1784905617677,alice,Dance,http://localhost:3251@Ant,true,5,5
1784905617677,Bee,Dance,http://localhost:3251@alice,true,5,5
1784905618431,alice,Walk,http://localhost:3251@brice,true,5,5
1784905618431,Bat,Play,http://localhost:3251@Ant,true,5,4
1784905618431,bear,Play,http://localhost:3251@Bat,true,5,5
1784905618431,brice,Walk,http://localhost:3251@Ant,true,5,5
1784905619061,Ant,Sing,http://localhost:3251@Bee,true,5,5
1784905619062,Bee,Sing,http://localhost:3251@Bat,true,5,5
1784905619816,Ant,Sing,http://localhost:3251@Bat,true,5,5
1784905619817,Bat,Sing,http://localhost:3251@bear,true,5,5
1784905620130,bear,Explore,null,true,5,null
1784905620131,brice,Explore,null,false,-5,null
1784905620571,alice,Dance,http://localhost:3251@Ant,true,5,5
1784905620571,Ant,Dance,http://localhost:3251@alice,true,5,5
1784905620821,bear,Fight,http://localhost:3251@Bee,true,5,-4
1784905620822,Bee,Fight,http://localhost:3251@alice,true,5,5
1784905621201,Bat,Sing,http://localhost:3251@bear,true,5,5
1784905621202,brice,Sing,http://localhost:3251@Bat,true,5,5
1784905621828,alice,Exercise,http://localhost:3251@Bee,true,5,5
1784905621830,brice,Exercise,http://localhost:3251@alice,true,5,5
1784905621955,Ant,Walk,http://localhost:3251@Bee,true,5,5
1784905621956,Bat,Walk,http://localhost:3251@Ant,true,5,5
1784905622649,bear,Fight,http://localhost:3251@alice,true,5,5
1784905622649,Bee,Fight,http://localhost:3251@bear,true,5,5
1784905622900,alice,Talk,http://localhost:3251@brice,true,-2,5
1784905622901,Ant,Talk,http://localhost:3251@alice,true,5,5
1784905623495,brice,Explore,null,true,-4,null
1784905623954,alice,Sing,http://localhost:3251@Bee,true,5,5
1784905623955,Bee,Sing,http://localhost:3251@Bat,true,5,5
1784905624061,Ant,Exercise,http://localhost:3251@bear,true,5,5
1784905624062,bear,Exercise,http://localhost:3251@Ant,true,5,5
1784905624472,Bee,Fight,http://localhost:3251@brice,true,5,5
1784905624473,brice,Fight,http://localhost:3251@Bat,true,5,5
1784905624860,Bat,Explore,null,true,-4,null
1784905625226,bear,Exercise,http://localhost:3251@brice,true,5,5
1784905625227,brice,Exercise,http://localhost:3251@bear,true,5,5
1784905625339,alice,Sing,http://localhost:3251@Ant,true,5,5
1784905625340,Ant,Sing,http://localhost:3251@Bat,true,5,5
1784905625739,Bat,Walk,http://localhost:3251@Bee,true,5,5
1784905625740,Bee,Walk,http://localhost:3251@alice,true,5,5
1784905626396,Ant,Exercise,http://localhost:3251@bear,true,5,5
1784905626396,bear,Exercise,http://localhost:3251@brice,true,5,5
1784905626774,Ant,Talk,http://localhost:3251@Bee,true,5,5
1784905626775,Bee,Talk,http://localhost:3251@Ant,true,5,5
1784905626901,brice,Explore,null,true,-3,null
1784905626964,Bat,Exercise,http://localhost:3251@brice,true,5,5
1784905626965,bear,Exercise,http://localhost:3251@Bat,true,5,5
1784905628101,alice,Play,http://localhost:3251@Bee,true,5,5
1784905628101,brice,Play,http://localhost:3251@alice,true,5,5
1784905628350,Ant,Walk,http://localhost:3251@bear,true,5,5
1784905628351,bear,Walk,http://localhost:3251@alice,true,5,5
1784905628827,alice,Walk,http://localhost:3251@Bee,true,5,5
1784905628827,Bee,Walk,http://localhost:3251@alice,true,5,5
1784905629015,Ant,Walk,http://localhost:3251@Bat,true,5,5
1784905629016,Bat,Walk,http://localhost:3251@brice,true,5,5
1784905629580,alice,Exercise,http://localhost:3251@bear,true,5,5
1784905629580,bear,Exercise,http://localhost:3251@brice,true,5,5
1784905629872,Bee,Talk,http://localhost:3251@Ant,true,5,5
1784905629872,brice,Talk,http://localhost:3251@Bee,true,5,5
1784905630595,Bat,Talk,http://localhost:3251@bear,true,-3,5
1784905630595,bear,Talk,http://localhost:3251@Ant,false,-1,4
1784905630650,Ant,Explore,null,true,5,null
1784905630916,Bat,Talk,http://localhost:3251@brice,false,-4,4
1784905630916,brice,Talk,http://localhost:3251@bear,true,5,5
1784905631149,alice,Explore,null,true,2,null
1784905631905,Bee,Play,http://localhost:3251@alice,true,5,5
1784905631906,brice,Play,http://localhost:3251@Bee,true,5,5
1784905631969,alice,Play,http://localhost:3251@Ant,true,5,5
1784905631969,Ant,Play,http://localhost:3251@bear,true,5,5
1784905632220,bear,Explore,null,false,4,null
1784905633077,Bat,Play,http://localhost:3251@Ant,true,5,5
1784905633078,brice,Play,http://localhost:3251@Bat,true,5,5
1784905633255,alice,Sing,http://localhost:3251@Bee,true,5,5
1784905633256,Ant,Talk,http://localhost:3251@bear,true,5,5
1784905633256,bear,Talk,http://localhost:3251@Ant,true,null,5
1784905633256,Bee,Sing,http://localhost:3251@Bat,true,5,5
1784905634363,alice,Walk,http://localhost:3251@brice,true,5,5
1784905634364,brice,Walk,http://localhost:3251@Ant,true,5,5
1784905634648,Bat,Explore,null,true,-3,null
1784905634874,Ant,Explore,null,true,5,null
1784905635767,Bat,Sing,http://localhost:3251@brice,true,5,5
1784905635768,brice,Sing,http://localhost:3251@Bat,true,5,5
1784905635830,alice,Play,http://localhost:3251@Bee,true,5,5
1784905635831,Bee,Play,http://localhost:3251@alice,true,5,5
1784905636579,bear,Walk,http://localhost:3251@alice,true,5,5
1784905636580,brice,Walk,http://localhost:3251@bear,true,5,5
1784905637004,alice,Play,http://localhost:3251@Ant,true,5,5
1784905637004,Ant,Play,http://localhost:3251@bear,true,5,5
1784905637346,Bat,Explore,null,true,-2,null
1784905637461,alice,Fight,http://localhost:3251@Bee,true,5,5
1784905637462,Bee,Fight,http://localhost:3251@alice,true,5,5
1784905637860,Ant,Sing,http://localhost:3251@bear,true,5,5
1784905637861,bear,Sing,http://localhost:3251@alice,true,5,5
1784905638460,Ant,Fight,http://localhost:3251@Bee,true,5,5
1784905638461,Bee,Fight,http://localhost:3251@alice,true,5,5
1784905638520,Bat,Walk,http://localhost:3251@brice,true,5,5
1784905638521,brice,Walk,http://localhost:3251@Ant,true,5,5
1784905639031,bear,Exercise,http://localhost:3251@brice,true,5,5
1784905639032,Bee,Exercise,http://localhost:3251@bear,true,5,5
1784905639241,alice,Exercise,http://localhost:3251@Bee,true,5,5
1784905639241,Bat,Exercise,http://localhost:3251@alice,false,4,-5
1784905639966,Ant,Explore,null,false,4,null
1784905640157,alice,Exercise,http://localhost:3251@bear,true,5,5
1784905640158,bear,Exercise,http://localhost:3251@brice,true,5,5
1784905640160,Bee,Exercise,http://localhost:3251@Ant,true,5,5
1784905640160,brice,Exercise,http://localhost:3251@Bee,true,5,5
1784905641278,alice,Sing,http://localhost:3251@Ant,true,5,5
1784905641279,Ant,Sing,http://localhost:3251@Bat,true,5,5
1784905641279,Bat,Play,http://localhost:3251@Ant,true,5,5
1784905641280,bear,Play,http://localhost:3251@Bat,true,5,5
1784905642101,Bat,Play,http://localhost:3251@brice,true,5,5
1784905642102,brice,Play,http://localhost:3251@Bat,true,5,5
1784905642739,Bat,Dance,http://localhost:3251@Bee,true,-4,5
1784905642740,Bee,Dance,http://localhost:3251@alice,true,5,5
1784905642929,Ant,Explore,null,true,5,null
1784905643093,Bee,Fight,http://localhost:3251@brice,true,5,5
1784905643093,brice,Fight,http://localhost:3251@Bat,true,5,5
1784905643501,alice,Explore,null,true,3,null
1784905643753,Ant,Exercise,http://localhost:3251@bear,true,5,5
1784905643754,bear,Exercise,http://localhost:3251@brice,true,5,5
1784905644658,Bat,Play,http://localhost:3251@Ant,true,5,5
1784905644658,Bee,Play,http://localhost:3251@Bat,true,5,5
1784905644721,brice,Explore,null,false,-4,null
1784905645351,bear,Explore,null,true,5,null
1784905645693,Bat,Fight,http://localhost:3251@Ant,true,5,5
1784905645694,brice,Fight,http://localhost:3251@Bat,true,5,5
1784905645749,alice,Explore,null,true,4,null
1784905646398,Ant,Play,http://localhost:3251@bear,true,5,5
1784905646398,Bat,Play,http://localhost:3251@Ant,true,5,5
1784905646886,bear,Exercise,http://localhost:3251@brice,true,5,5
1784905646886,brice,Exercise,http://localhost:3251@Bat,true,5,5
1784905646997,Ant,Fight,http://localhost:3251@Bee,true,5,5
1784905646997,Bee,Fight,http://localhost:3251@alice,true,5,5
1784905647393,Bat,Fight,http://localhost:3251@Ant,true,5,5
1784905647394,bear,Fight,http://localhost:3251@Bat,true,5,5
1784905647687,alice,Sing,http://localhost:3251@Bat,true,5,5
1784905647687,Ant,Sing,http://localhost:3251@alice,true,5,5
1784905648342,Ant,Talk,http://localhost:3251@bear,true,5,5
1784905648343,bear,Talk,http://localhost:3251@Ant,false,-1,4
1784905648617,Bat,Walk,http://localhost:3251@brice,true,5,5
1784905648617,brice,Walk,http://localhost:3251@Bat,true,5,5
1784905648845,alice,Play,http://localhost:3251@Bee,true,5,5
1784905648845,Bee,Play,http://localhost:3251@alice,true,5,5
1784905649288,bear,Fight,http://localhost:3251@alice,true,5,5
1784905649289,brice,Fight,http://localhost:3251@bear,true,5,5
1784905649888,Ant,Explore,null,true,5,null
1784905650051,alice,Exercise,http://localhost:3251@Bee,true,5,5
1784905650051,bear,Exercise,http://localhost:3251@alice,true,5,5
1784905650283,Ant,Fight,http://localhost:3251@brice,true,5,5
1784905650284,brice,Fight,http://localhost:3251@Bat,true,5,5
1784905650393,Bee,Explore,null,false,-5,null
1784905651240,Bat,Sing,http://localhost:3251@bear,true,5,5
1784905651241,brice,Sing,http://localhost:3251@Bat,true,5,5
1784905651304,Ant,Fight,http://localhost:3251@bear,true,5,5
1784905651305,bear,Fight,http://localhost:3251@Ant,true,5,5
1784905651693,alice,Dance,http://localhost:3251@Bee,true,5,5
1784905651694,Bee,Dance,http://localhost:3251@alice,true,5,5
1784905652364,Ant,Exercise,http://localhost:3251@Bat,true,5,5
1784905652365,Bat,Exercise,http://localhost:3251@brice,true,5,5
1784905652734,Bat,Talk,http://localhost:3251@Bee,true,-3,5
1784905652735,Bee,Talk,http://localhost:3251@Ant,true,5,5
1784905652786,brice,Explore,null,false,-5,null
1784905652848,bear,Explore,null,true,5,null
1784905653482,alice,Exercise,http://localhost:3251@Bee,true,5,5
1784905653482,Ant,Exercise,http://localhost:3251@alice,true,5,5
1784905653703,Bee,Talk,http://localhost:3251@Ant,true,5,5
1784905653704,brice,Talk,http://localhost:3251@Bee,true,5,5
1784905653998,Ant,Exercise,http://localhost:3251@bear,true,5,5
1784905653999,bear,Exercise,http://localhost:3251@brice,true,5,5
1784905654741,alice,Dance,http://localhost:3251@Ant,true,5,5
1784905654768,bear,Dance,http://localhost:3251@alice,true,-4,5
1784905655275,Ant,Sing,http://localhost:3251@Bat,true,5,5
1784905655275,Bee,Sing,http://localhost:3251@Ant,true,5,5
1784905655626,Bat,Dance,http://localhost:3251@brice,false,-5,4
1784905655627,brice,Dance,http://localhost:3251@Ant,true,5,5
1784905655929,alice,Exercise,http://localhost:3251@Bee,true,5,5
1784905655930,Bee,Exercise,http://localhost:3251@alice,true,5,5
1784905656383,bear,Fight,http://localhost:3251@alice,true,5,5
1784905656383,Bee,Fight,http://localhost:3251@bear,true,5,5
1784905656896,alice,Talk,http://localhost:3251@brice,false,-3,4
1784905656897,bear,Talk,http://localhost:3251@alice,true,null,5
1784905657183,Bat,Explore,null,false,-3,null
1784905657471,Bee,Exercise,http://localhost:3251@brice,true,5,5
1784905657472,brice,Exercise,http://localhost:3251@Bat,true,5,5
1784905657803,Ant,Play,http://localhost:3251@bear,true,5,5
1784905657804,bear,Play,http://localhost:3251@Ant,true,5,5
1784905658142,alice,Walk,http://localhost:3251@Bee,true,5,5
1784905658143,Ant,Fight,http://localhost:3251@Bat,true,5,5
1784905658143,Bat,Fight,http://localhost:3251@Ant,true,5,5
1784905658144,Bee,Walk,http://localhost:3251@alice,true,5,5
1784905659023,Bat,Exercise,http://localhost:3251@bear,true,5,5
1784905659025,bear,Exercise,http://localhost:3251@brice,true,5,5
1784905659149,Ant,Fight,http://localhost:3251@brice,true,5,5
1784905659150,brice,Fight,http://localhost:3251@Bat,true,5,5
1784905660029,alice,Fight,http://localhost:3251@Bee,true,5,5
1784905660029,Bee,Fight,http://localhost:3251@alice,true,5,5
1784905660091,Ant,Fight,http://localhost:3251@bear,true,5,5
1784905660094,bear,Fight,http://localhost:3251@alice,true,5,5
1784905660470,Bat,Dance,http://localhost:3251@alice,false,-5,-5
1784905660472,brice,Dance,http://localhost:3251@Bat,true,5,5
1784905661099,Bat,Talk,http://localhost:3251@Bee,false,-4,4
1784905661101,Bee,Talk,http://localhost:3251@Ant,true,5,5
1784905661288,alice,Exercise,http://localhost:3251@Bee,true,5,5
1784905661288,Ant,Exercise,http://localhost:3251@alice,true,5,5
1784905661981,Bee,Play,http://localhost:3251@brice,true,5,5
1784905661982,brice,Play,http://localhost:3251@Bat,true,5,5
1784905662168,Ant,Play,http://localhost:3251@bear,true,5,5
1784905662169,bear,Play,http://localhost:3251@brice,true,5,5
1784905662984,alice,Explore,null,true,5,null
1784905663236,Ant,Talk,http://localhost:3251@alice,true,5,5
1784905663238,Bat,Talk,http://localhost:3251@Ant,false,-5,4
1784905663424,bear,Exercise,http://localhost:3251@brice,true,5,5
1784905663426,Bee,Exercise,http://localhost:3251@bear,true,5,5
1784905664053,Ant,Dance,http://localhost:3251@brice,true,5,5
1784905664055,brice,Dance,http://localhost:3251@Ant,true,5,5
1784905664492,Bat,Exercise,http://localhost:3251@brice,true,5,5
1784905664492,Bee,Exercise,http://localhost:3251@Bat,true,5,5
1784905664681,alice,Explore,null,true,5,null
1784905664682,Ant,Exercise,http://localhost:3251@bear,true,5,5
1784905664682,bear,Exercise,http://localhost:3251@brice,true,5,5
1784905665122,bear,Fight,http://localhost:3251@brice,true,5,5
1784905665123,brice,Fight,http://localhost:3251@Bat,true,5,5
1784905665702,alice,Talk,http://localhost:3251@brice,true,-2,5
1784905665703,Bat,Exercise,http://localhost:3251@brice,true,5,5
1784905665703,Bee,Talk,http://localhost:3251@alice,true,5,5
1784905665704,brice,Exercise,http://localhost:3251@Bat,true,5,5
1784905666115,alice,Fight,http://localhost:3251@bear,true,5,5
1784905666116,bear,Fight,http://localhost:3251@alice,true,5,5
1784905666281,Ant,Explore,null,true,5,null
1784905666993,alice,Dance,http://localhost:3251@Bee,true,5,5
1784905666994,Ant,Walk,http://localhost:3251@brice,true,5,5
1784905666994,Bee,Dance,http://localhost:3251@alice,true,5,5
1784905666994,brice,Walk,http://localhost:3251@Ant,true,5,5
1784905667277,Bat,Explore,null,false,-4,null
1784905667740,bear,Talk,http://localhost:3251@Ant,true,1,5
1784905667740,brice,Talk,http://localhost:3251@bear,true,5,5
1784905668549,Bat,Sing,http://localhost:3251@bear,true,5,5
1784905668550,Bee,Sing,http://localhost:3251@Bat,true,5,5
1784905669272,bear,Explore,null,true,5,null
1784905669502,alice,Play,http://localhost:3251@Bee,true,5,5
1784905669503,brice,Play,http://localhost:3251@alice,true,5,5
1784905669792,Ant,Explore,null,false,4,null
1784905670143,Bee,Explore,null,true,-4,null
1784905670426,Bat,Play,http://localhost:3251@Ant,true,5,5
1784905670428,bear,Play,http://localhost:3251@Bat,true,5,5
1784905670804,alice,Sing,http://localhost:3251@Bat,true,5,5
1784905670805,Ant,Sing,http://localhost:3251@alice,true,5,5
1784905671372,alice,Exercise,http://localhost:3251@brice,true,5,5
1784905671374,Ant,Exercise,http://localhost:3251@Bee,true,5,5
1784905671375,Bee,Exercise,http://localhost:3251@Ant,true,5,5
1784905671375,brice,Exercise,http://localhost:3251@Bat,true,5,5
1784905672397,Bat,Sing,http://localhost:3251@bear,true,5,5
1784905672398,brice,Sing,http://localhost:3251@Bat,true,5,5
1784905672725,alice,Fight,http://localhost:3251@bear,true,5,5
1784905672726,bear,Fight,http://localhost:3251@alice,true,5,5
1784905673575,Ant,Explore,null,false,3,null
1784905673690,bear,Walk,http://localhost:3251@brice,true,5,5
1784905673690,brice,Walk,http://localhost:3251@Ant,true,5,5
1784905674381,Ant,Sing,http://localhost:3251@Bat,true,5,5
1784905674382,Bat,Sing,http://localhost:3251@bear,true,5,5
1784905674633,alice,Dance,http://localhost:3251@Bee,true,5,5
1784905674634,Bee,Dance,http://localhost:3251@alice,true,5,5
1784905675360,Ant,Talk,http://localhost:3251@alice,true,5,5
1784905675360,Bee,Talk,http://localhost:3251@Ant,true,5,5
1784905675648,alice,Walk,http://localhost:3251@brice,true,5,5
1784905675650,brice,Walk,http://localhost:3251@Ant,true,5,5
1784905675962,Bat,Explore,null,false,-5,null
1784905676370,Bat,Talk,http://localhost:3251@Bee,true,-4,5
1784905676371,Bee,Talk,http://localhost:3251@Ant,true,5,5
1784905676597,bear,Explore,null,true,5,null
1784905676660,alice,Play,http://localhost:3251@Ant,true,5,5
1784905676661,Ant,Play,http://localhost:3251@bear,true,5,5
1784905677350,alice,Talk,http://localhost:3251@brice,true,-1,5
1784905677351,brice,Talk,http://localhost:3251@bear,true,5,5
1784905677728,Bat,Walk,http://localhost:3251@brice,true,5,5
1784905677730,bear,Walk,http://localhost:3251@Bat,true,5,5
1784905677916,Ant,Exercise,http://localhost:3251@bear,true,5,5
1784905677917,brice,Exercise,http://localhost:3251@Ant,true,5,5
1784905678105,alice,Fight,http://localhost:3251@Bee,true,5,5
1784905678106,Bee,Fight,http://localhost:3251@alice,true,5,5
1784905679174,Ant,Exercise,http://localhost:3251@bear,true,5,5
1784905679174,Bat,Exercise,http://localhost:3251@Ant,true,5,5
1784905679300,Bee,Play,http://localhost:3251@brice,true,5,5
1784905679300,brice,Play,http://localhost:3251@Bat,true,5,5
1784905679777,alice,Explore,null,true,5,null
1784905680517,alice,Exercise,http://localhost:3251@Bee,true,5,5
1784905680517,Bat,Sing,http://localhost:3251@bear,true,5,5
1784905680517,Bee,Exercise,http://localhost:3251@Ant,true,5,5
1784905680518,brice,Sing,http://localhost:3251@Bat,true,5,5
1784905680831,Ant,Explore,null,true,4,null
1784905680957,bear,Talk,http://localhost:3251@Ant,false,null,4
1784905680959,Bee,Talk,http://localhost:3251@bear,true,5,5
1784905681902,alice,Sing,http://localhost:3251@Bat,true,5,5
1784905681904,Ant,Sing,http://localhost:3251@alice,true,5,5
1784905681904,Bat,Dance,http://localhost:3251@alice,false,-5,-5
1784905681905,bear,Dance,http://localhost:3251@Bat,false,-5,4
1784905682593,Bat,Walk,http://localhost:3251@brice,true,5,5
1784905682593,brice,Walk,http://localhost:3251@Ant,false,4,4
1784905683060,alice,Play,http://localhost:3251@Bee,true,5,5
1784905683060,Bee,Play,http://localhost:3251@alice,true,5,5
1784905683249,bear,Dance,http://localhost:3251@Bee,false,-5,-5
1784905683249,brice,Dance,http://localhost:3251@bear,true,5,5
1784905683563,Ant,Explore,null,false,3,null
1784905683940,Bat,Walk,http://localhost:3251@brice,true,5,5
1784905683940,bear,Walk,http://localhost:3251@Bat,true,5,5
1784905684443,alice,Dance,http://localhost:3251@Ant,true,5,5
1784905684444,Ant,Dance,http://localhost:3251@alice,true,5,5
1784905684444,Bee,Sing,http://localhost:3251@Bat,true,5,5
1784905684445,brice,Sing,http://localhost:3251@Bee,true,5,5
1784905685160,Bat,Exercise,http://localhost:3251@brice,true,5,5
1784905685161,brice,Exercise,http://localhost:3251@Bat,true,5,5
1784905685269,alice,Play,http://localhost:3251@bear,true,5,5
1784905685270,bear,Play,http://localhost:3251@brice,true,5,5
1784905686009,Ant,Explore,null,false,2,null
1784905686068,Bee,Talk,http://localhost:3251@Ant,true,5,5
1784905686069,brice,Talk,http://localhost:3251@Bee,true,5,5
1784905686169,Bat,Talk,http://localhost:3251@alice,false,-5,-5
1784905686170,bear,Talk,http://localhost:3251@Bat,false,-1,4
1784905687293,Ant,Play,http://localhost:3251@bear,true,5,5
1784905687293,Bat,Walk,http://localhost:3251@Bee,true,5,5
1784905687293,bear,Play,http://localhost:3251@Ant,true,5,5
1784905687294,Bee,Walk,http://localhost:3251@alice,true,5,5
1784905687403,alice,Explore,null,true,5,null
1784905687929,Bat,Sing,http://localhost:3251@brice,true,5,5
1784905687930,brice,Sing,http://localhost:3251@Bat,true,5,5
1784905688271,Bee,Talk,http://localhost:3251@Ant,true,5,5
1784905688271,brice,Talk,http://localhost:3251@Bee,true,5,5
1784905688436,Bat,Exercise,http://localhost:3251@bear,true,5,5
1784905688437,bear,Exercise,http://localhost:3251@brice,true,5,5
1784905689159,alice,Play,http://localhost:3251@Ant,true,5,5
1784905689160,Ant,Play,http://localhost:3251@bear,true,5,5
1784905689384,bear,Talk,http://localhost:3251@Ant,true,null,5
1784905689385,Bee,Talk,http://localhost:3251@bear,true,5,5
1784905689970,Bat,Explore,null,false,-5,null
1784905690086,Ant,Exercise,http://localhost:3251@brice,true,5,5
1784905690086,brice,Exercise,http://localhost:3251@Bat,true,5,5
1784905690739,alice,Explore,null,true,5,null
1784905690959,Bat,Fight,http://localhost:3251@Ant,true,5,5
1784905690959,Bee,Fight,http://localhost:3251@Bat,true,5,5
1784905691590,bear,Explore,null,true,5,null
1784905691646,Ant,Explore,null,false,1,null
1784905691927,Bat,Fight,http://localhost:3251@Ant,true,5,5
1784905691927,bear,Fight,http://localhost:3251@Bat,true,5,5
1784905692331,alice,Talk,http://localhost:3251@brice,false,-2,4
1784905692331,Ant,Talk,http://localhost:3251@alice,true,5,5
1784905692890,brice,Explore,null,false,-5,null
1784905693181,alice,Play,http://localhost:3251@Bat,true,5,5
1784905693181,Bat,Play,http://localhost:3251@Ant,true,5,5
1784905693603,Ant,Dance,http://localhost:3251@Bee,true,5,5
1784905693603,brice,Dance,http://localhost:3251@Ant,true,5,5
1784905693826,bear,Play,http://localhost:3251@brice,true,5,5
1784905693826,Bee,Play,http://localhost:3251@bear,true,5,5
1784905694464,Bat,Play,http://localhost:3251@Ant,true,5,5
1784905694465,Bee,Play,http://localhost:3251@Bat,true,5,5
1784905694970,alice,Walk,http://localhost:3251@brice,false,4,3
1784905694971,brice,Walk,http://localhost:3251@Ant,true,5,5
1784905695204,Ant,Fight,http://localhost:3251@bear,true,5,5
1784905695205,bear,Fight,http://localhost:3251@Ant,true,5,5
1784905695693,alice,Exercise,http://localhost:3251@Bee,true,5,5
1784905695693,Bee,Exercise,http://localhost:3251@Ant,true,5,5
1784905696340,bear,Sing,http://localhost:3251@brice,true,5,5
1784905696341,brice,Sing,http://localhost:3251@Bat,true,5,5
1784905696907,alice,Exercise,http://localhost:3251@Bee,true,5,5
1784905696908,brice,Exercise,http://localhost:3251@alice,true,5,5
1784905697223,Ant,Walk,http://localhost:3251@Bat,true,5,5
1784905697223,Bat,Walk,http://localhost:3251@brice,true,5,5
1784905697601,alice,Exercise,http://localhost:3251@bear,true,5,5
1784905697601,bear,Exercise,http://localhost:3251@brice,true,5,5
1784905697784,Bee,Play,http://localhost:3251@alice,true,5,5
1784905697785,brice,Play,http://localhost:3251@Bee,true,5,5
1784905698252,Ant,Talk,http://localhost:3251@alice,true,5,5
1784905698252,Bee,Talk,http://localhost:3251@Ant,true,5,5
1784905698563,Bat,Sing,http://localhost:3251@bear,true,5,5
1784905698563,bear,Sing,http://localhost:3251@Bat,true,5,5
1784905699291,alice,Explore,null,true,5,null
1784905699292,Ant,Talk,http://localhost:3251@alice,true,5,5
1784905699292,bear,Talk,http://localhost:3251@Ant,true,1,5
1784905699607,Bat,Sing,http://localhost:3251@Bee,true,5,5
1784905699608,Bee,Sing,http://localhost:3251@Bat,true,5,5
1784905700149,Ant,Fight,http://localhost:3251@brice,true,5,5
1784905700149,brice,Fight,http://localhost:3251@Bat,true,5,5
1784905700401,alice,Talk,http://localhost:3251@brice,false,-3,2
1784905700402,Bee,Talk,http://localhost:3251@alice,true,5,5
1784905700925,Ant,Walk,http://localhost:3251@Bat,true,5,5
1784905700926,Bat,Walk,http://localhost:3251@brice,true,5,5
1784905700927,bear,Explore,null,false,4,null
1784905701694,Ant,Sing,http://localhost:3251@Bee,true,5,5
1784905701695,Bee,Sing,http://localhost:3251@Bat,true,5,5
1784905701822,alice,Fight,http://localhost:3251@brice,false,4,1
1784905701823,brice,Fight,http://localhost:3251@Bat,true,5,5
1784905702767,Bee,Fight,http://localhost:3251@alice,true,5,5
1784905702769,brice,Fight,http://localhost:3251@Bee,true,5,5
1784905703083,alice,Dance,http://localhost:3251@Ant,true,5,5
1784905703084,Ant,Dance,http://localhost:3251@Bee,true,5,5
1784905703271,Bat,Explore,null,false,-5,null
1784905703821,bear,Fight,http://localhost:3251@Bee,false,4,-5
1784905703822,Bee,Fight,http://localhost:3251@alice,true,5,5
1784905704311,Bat,Talk,http://localhost:3251@alice,false,-5,-5
1784905704313,brice,Talk,http://localhost:3251@Bat,true,5,5
1784905704752,Ant,Explore,null,true,2,null
1784905705066,bear,Exercise,http://localhost:3251@brice,true,5,5
1784905705066,brice,Exercise,http://localhost:3251@bear,true,5,5
1784905705193,Bat,Walk,http://localhost:3251@Bee,true,5,5
1784905705194,Bee,Walk,http://localhost:3251@alice,true,5,5
1784905705822,alice,Play,http://localhost:3251@Bee,true,5,5
1784905705825,Ant,Play,http://localhost:3251@alice,true,5,5
1784905706137,Bat,Fight,http://localhost:3251@bear,true,5,5
1784905706138,bear,Fight,http://localhost:3251@alice,true,5,5
1784905706892,Ant,Talk,http://localhost:3251@alice,true,5,5
1784905706893,Bee,Talk,http://localhost:3251@Ant,true,5,5
1784905707143,bear,Play,http://localhost:3251@brice,true,5,5
1784905707145,brice,Play,http://localhost:3251@Bat,true,5,5
1784905707206,alice,Play,http://localhost:3251@Bee,true,5,5
1784905707208,Bat,Play,http://localhost:3251@alice,false,4,-5
1784905708215,Bee,Fight,http://localhost:3251@brice,true,5,5
1784905708215,brice,Fight,http://localhost:3251@Bat,true,5,5
1784905708278,alice,Fight,http://localhost:3251@Bee,true,5,5
1784905708279,Ant,Sing,http://localhost:3251@Bat,true,5,5
1784905708280,Bat,Sing,http://localhost:3251@Ant,true,5,5
1784905708280,bear,Fight,http://localhost:3251@alice,true,5,5
1784905709286,Ant,Fight,http://localhost:3251@Bee,true,5,5
1784905709287,Bee,Fight,http://localhost:3251@alice,true,5,5
1784905709581,Bat,Dance,http://localhost:3251@brice,false,-5,4
1784905709582,brice,Dance,http://localhost:3251@Ant,true,5,5
1784905709948,alice,Explore,null,true,5,null
1784905709949,bear,Explore,null,true,5,null
1784905710613,Bat,Walk,http://localhost:3251@Bee,true,5,5
1784905710614,Bee,Walk,http://localhost:3251@alice,true,5,5
1784905710937,Ant,Explore,null,false,1,null
1784905711603,Bee,Walk,http://localhost:3251@brice,true,5,5
1784905711604,brice,Walk,http://localhost:3251@Ant,true,5,5
1784905711962,Ant,Play,http://localhost:3251@bear,true,5,5
1784905711963,bear,Play,http://localhost:3251@brice,true,5,5
1784905712314,Bat,Talk,http://localhost:3251@alice,false,-5,-5
1784905712315,Bee,Talk,http://localhost:3251@Bat,true,5,5
1784905712621,alice,Sing,http://localhost:3251@Bat,true,5,5
1784905712622,Ant,Sing,http://localhost:3251@alice,true,5,5
1784905713285,alice,Sing,http://localhost:3251@bear,true,5,5
1784905713286,bear,Sing,http://localhost:3251@alice,true,5,5
1784905713349,Ant,Fight,http://localhost:3251@Bat,true,5,5
1784905713350,Bat,Fight,http://localhost:3251@Ant,true,5,5
1784905713720,Bee,Dance,http://localhost:3251@alice,true,5,5
1784905713721,brice,Dance,http://localhost:3251@Bee,true,5,5
1784905714610,alice,Play,http://localhost:3251@Bee,true,5,5
1784905714611,Bat,Walk,http://localhost:3251@bear,true,5,5
1784905714611,bear,Walk,http://localhost:3251@alice,true,5,5
1784905714612,brice,Play,http://localhost:3251@alice,true,5,5
1784905715108,Ant,Dance,http://localhost:3251@Bee,true,5,5
1784905715108,Bee,Dance,http://localhost:3251@alice,true,5,5
1784905715951,Ant,Sing,http://localhost:3251@brice,true,5,5
1784905715952,bear,Play,http://localhost:3251@brice,true,5,5
1784905715952,Bee,Play,http://localhost:3251@bear,true,5,5
1784905715953,brice,Sing,http://localhost:3251@Bat,true,5,5
1784905716608,alice,Dance,http://localhost:3251@Ant,true,5,5
1784905716608,Ant,Walk,http://localhost:3251@Bat,true,5,5
1784905716609,Bat,Walk,http://localhost:3251@brice,true,5,5
1784905716609,bear,Dance,http://localhost:3251@alice,true,-4,5
1784905716982,Ant,Talk,http://localhost:3251@Bee,true,5,5
1784905716982,Bee,Talk,http://localhost:3251@Ant,true,5,5
1784905717701,Bat,Fight,http://localhost:3251@brice,true,5,5
1784905717701,brice,Fight,http://localhost:3251@Bat,true,5,5
1784905717946,alice,Play,http://localhost:3251@Bee,true,5,5
1784905717946,Bee,Play,http://localhost:3251@alice,true,5,5
1784905718009,Ant,Talk,http://localhost:3251@alice,true,5,5
1784905718011,bear,Talk,http://localhost:3251@Ant,false,null,4
1784905719117,Bee,Play,http://localhost:3251@brice,true,5,5
1784905719118,brice,Play,http://localhost:3251@Bat,true,5,5
1784905719356,alice,Sing,http://localhost:3251@bear,true,5,5
1784905719357,bear,Sing,http://localhost:3251@alice,true,5,5
1784905719658,Ant,Explore,null,true,2,null
1784905720141,bear,Fight,http://localhost:3251@Bee,true,5,-4
1784905720143,Bee,Fight,http://localhost:3251@alice,true,5,5
1784905720975,alice,Dance,http://localhost:3251@Ant,true,5,5
1784905720976,Ant,Dance,http://localhost:3251@Bee,true,5,5
1784905721037,Bee,Exercise,http://localhost:3251@brice,true,5,5
1784905721037,brice,Exercise,http://localhost:3251@Bat,true,5,5
1784905721762,bear,Explore,null,true,5,null
1784905721824,Ant,Play,http://localhost:3251@Bat,true,5,5
1784905721825,Bat,Play,http://localhost:3251@Ant,true,5,5
1784905722287,Bee,Exercise,http://localhost:3251@brice,true,5,5
1784905722287,brice,Exercise,http://localhost:3251@Bat,true,5,5
1784905722602,alice,Explore,null,true,5,null
1784905722841,Ant,Talk,http://localhost:3251@alice,true,5,5
1784905722841,bear,Fight,http://localhost:3251@alice,true,5,5
1784905722841,Bee,Talk,http://localhost:3251@Ant,true,5,5
1784905722842,brice,Fight,http://localhost:3251@bear,true,5,5
1784905723818,Ant,Walk,http://localhost:3251@Bat,true,5,5
1784905723819,Bat,Walk,http://localhost:3251@brice,true,5,5
1784905724158,alice,Walk,http://localhost:3251@bear,true,5,5
1784905724159,bear,Walk,http://localhost:3251@alice,true,5,5
1784905724521,alice,Fight,http://localhost:3251@Bee,true,5,5
1784905724522,Bee,Fight,http://localhost:3251@alice,true,5,5
1784905725107,Bat,Sing,http://localhost:3251@bear,true,5,5
1784905725109,bear,Sing,http://localhost:3251@Bat,true,5,5
1784905725481,Ant,Walk,http://localhost:3251@brice,true,5,5
1784905725481,brice,Walk,http://localhost:3251@Ant,true,5,5
1784905725858,Bat,Dance,http://localhost:3251@Bee,true,-4,5
1784905725860,Bee,Dance,http://localhost:3251@alice,true,5,5
1784905726520,Ant,Fight,http://localhost:3251@bear,true,5,5
1784905726522,bear,Fight,http://localhost:3251@Ant,true,5,5
1784905726581,alice,Walk,http://localhost:3251@Bee,true,5,5
1784905726581,brice,Walk,http://localhost:3251@alice,true,5,5
1784905727168,Ant,Walk,http://localhost:3251@Bat,true,5,5
1784905727169,Bat,Walk,http://localhost:3251@brice,true,5,5
1784905727516,bear,Talk,http://localhost:3251@Ant,true,1,5
1784905727516,brice,Talk,http://localhost:3251@bear,true,5,5
1784905727689,Bat,Exercise,http://localhost:3251@Bee,true,5,5
1784905727690,Bee,Exercise,http://localhost:3251@Ant,true,5,5
1784905728439,Ant,Play,http://localhost:3251@bear,true,5,5
1784905728440,Bee,Play,http://localhost:3251@Ant,true,5,5
1784905728739,Bat,Fight,http://localhost:3251@Ant,true,5,5
1784905728740,brice,Fight,http://localhost:3251@Bat,true,5,5
1784905728803,alice,Sing,http://localhost:3251@bear,true,5,5
1784905728805,bear,Sing,http://localhost:3251@alice,true,5,5
1784905729447,Ant,Fight,http://localhost:3251@bear,true,5,5
1784905729448,brice,Fight,http://localhost:3251@Ant,true,5,5
1784905729801,Bat,Sing,http://localhost:3251@Bee,true,5,5
1784905729801,Bee,Sing,http://localhost:3251@Bat,true,5,5
1784905730390,alice,Explore,null,true,5,null
1784905730453,Ant,Fight,http://localhost:3251@bear,true,5,5
1784905730454,Bat,Fight,http://localhost:3251@Ant,true,5,5
1784905731135,Bee,Sing,http://localhost:3251@Bat,true,5,5
1784905731136,brice,Sing,http://localhost:3251@Bee,true,5,5
1784905731414,alice,Walk,http://localhost:3251@bear,true,5,5
1784905731415,bear,Walk,http://localhost:3251@alice,true,5,5
1784905732302,Bat,Exercise,http://localhost:3251@brice,true,5,5
1784905732303,bear,Exercise,http://localhost:3251@Bat,true,5,5
1784905732420,alice,Fight,http://localhost:3251@Bee,true,5,5
1784905732421,Bee,Fight,http://localhost:3251@alice,true,5,5
1784905733101,Bee,Sing,http://localhost:3251@brice,true,5,5
1784905733101,brice,Sing,http://localhost:3251@Bat,true,5,5
1784905733649,Ant,Play,http://localhost:3251@bear,true,5,5
1784905733650,bear,Play,http://localhost:3251@brice,true,5,5
1784905734067,alice,Explore,null,true,5,null
1784905734859,Bee,Explore,null,false,-5,null
1784905734987,bear,Dance,http://localhost:3251@Bee,false,-5,-5
1784905734988,brice,Dance,http://localhost:3251@bear,true,5,5
1784905735177,alice,Fight,http://localhost:3251@Bee,true,5,5
1784905735178,Bat,Fight,http://localhost:3251@alice,false,4,-5
1784905735662,Ant,Walk,http://localhost:3251@Bee,true,5,5
1784905735663,bear,Walk,http://localhost:3251@Ant,true,5,5
1784905736224,Bee,Walk,http://localhost:3251@alice,true,5,5
1784905736225,brice,Walk,http://localhost:3251@Bee,true,5,5
1784905736410,Ant,Exercise,http://localhost:3251@Bat,true,5,5
1784905736411,Bat,Exercise,http://localhost:3251@brice,true,5,5
1784905737315,bear,Explore,null,true,5,null
1784905737495,alice,Explore,null,true,5,null
1784905737746,Ant,Play,http://localhost:3251@bear,true,5,5
1784905737748,brice,Play,http://localhost:3251@Ant,true,5,5
1784905738281,Bat,Sing,http://localhost:3251@Bee,true,5,5
1784905738282,Bee,Sing,http://localhost:3251@Bat,true,5,5
1784905738657,bear,Play,http://localhost:3251@brice,true,5,5
1784905738657,brice,Play,http://localhost:3251@bear,true,5,5
1784905738970,Ant,Exercise,http://localhost:3251@bear,true,5,5
1784905738972,Bee,Exercise,http://localhost:3251@Ant,true,5,5
1784905739336,Bat,Fight,http://localhost:3251@Ant,true,5,5
1784905739337,brice,Fight,http://localhost:3251@Bat,true,5,5
1784905739994,Ant,Sing,http://localhost:3251@bear,true,5,5
1784905739994,bear,Sing,http://localhost:3251@alice,true,5,5
1784905740297,Bat,Walk,http://localhost:3251@Bee,true,5,5
1784905740298,Bee,Walk,http://localhost:3251@alice,true,5,5
1784905740609,alice,Talk,http://localhost:3251@brice,true,-2,2
1784905740609,bear,Talk,http://localhost:3251@alice,true,2,5
1784905740980,brice,Explore,null,false,-5,null
1784905741659,alice,Play,http://localhost:3251@Bee,true,5,5
1784905741660,Bat,Play,http://localhost:3251@Ant,true,5,5
1784905741661,Bee,Play,http://localhost:3251@alice,true,5,5
1784905741661,brice,Play,http://localhost:3251@Bat,true,5,5
1784905741965,Ant,Play,http://localhost:3251@bear,true,5,5
1784905741967,bear,Play,http://localhost:3251@brice,true,5,5
1784905742680,Ant,Talk,http://localhost:3251@Bee,true,5,5
1784905742681,Bee,Talk,http://localhost:3251@Ant,true,5,5
1784905743270,Bat,Explore,null,true,-4,null
1784905743584,bear,Explore,null,true,5,null
1784905743636,alice,Play,http://localhost:3251@Bee,true,5,5
1784905743637,Ant,Play,http://localhost:3251@alice,true,5,5
1784905744234,bear,Exercise,http://localhost:3251@brice,true,5,5
1784905744235,brice,Exercise,http://localhost:3251@Bat,true,5,5
1784905744297,Ant,Fight,http://localhost:3251@Bat,true,5,5
1784905744298,Bat,Fight,http://localhost:3251@Ant,true,5,5
1784905744655,alice,Sing,http://localhost:3251@Bee,true,5,5
1784905744656,Bee,Sing,http://localhost:3251@Bat,true,5,5
1784905745569,alice,Play,http://localhost:3251@bear,true,5,5
1784905745570,bear,Play,http://localhost:3251@brice,true,5,5
1784905745570,Bee,Walk,http://localhost:3251@brice,true,5,5
1784905745571,brice,Walk,http://localhost:3251@Ant,true,5,5
1784905746200,Bat,Exercise,http://localhost:3251@brice,true,5,5
1784905746202,Bee,Exercise,http://localhost:3251@Bat,true,5,5
1784905746681,Ant,Fight,http://localhost:3251@bear,true,5,5
1784905746682,bear,Fight,http://localhost:3251@Ant,true,5,5
1784905746914,alice,Dance,http://localhost:3251@Ant,true,5,5
1784905746915,Bee,Dance,http://localhost:3251@alice,true,5,5
1784905747493,Bee,Exercise,http://localhost:3251@brice,true,5,5
1784905747494,brice,Exercise,http://localhost:3251@Bat,true,5,5
1784905747780,Bat,Explore,null,true,-3,null
1784905747954,alice,Sing,http://localhost:3251@bear,true,5,5
1784905747955,bear,Sing,http://localhost:3251@alice,true,5,5
1784905748613,Ant,Walk,http://localhost:3251@Bee,true,5,5
1784905748615,bear,Walk,http://localhost:3251@Ant,true,5,5
1784905748785,alice,Play,http://localhost:3251@Bee,true,5,5
1784905748786,Bee,Play,http://localhost:3251@alice,true,5,5
1784905749859,alice,Dance,http://localhost:3251@Ant,true,5,5
1784905749859,Ant,Dance,http://localhost:3251@Bee,true,5,5
1784905749967,Bat,Explore,null,true,-2,null
1784905749967,Bee,Exercise,http://localhost:3251@Ant,true,5,5
1784905749968,brice,Exercise,http://localhost:3251@Bee,true,5,5
1784905750136,bear,Explore,null,true,5,null
1784905751078,Ant,Play,http://localhost:3251@bear,true,5,5
1784905751079,Bat,Play,http://localhost:3251@Ant,true,5,5
1784905751186,bear,Play,http://localhost:3251@brice,true,5,5
1784905751187,brice,Play,http://localhost:3251@Bat,true,5,5
1784905751351,alice,Explore,null,true,5,null
1784905752081,Bee,Explore,null,false,-5,null
1784905752317,alice,Dance,http://localhost:3251@Ant,true,5,5
1784905752318,Ant,Dance,http://localhost:3251@Bee,true,5,5
1784905753067,Ant,Play,http://localhost:3251@brice,true,5,5
1784905753068,brice,Play,http://localhost:3251@Bat,true,5,5
1784905753248,Bat,Explore,null,false,-3,null
1784905753524,bear,Talk,http://localhost:3251@Ant,false,1,4
1784905753525,brice,Talk,http://localhost:3251@bear,true,5,5
1784905754269,alice,Dance,http://localhost:3251@Ant,true,5,5
1784905754269,brice,Dance,http://localhost:3251@alice,true,5,5
1784905754491,Bat,Play,http://localhost:3251@Ant,true,5,5
1784905754492,Bee,Play,http://localhost:3251@Bat,true,5,5
1784905755252,Ant,Explore,null,false,1,null
1784905755617,bear,Walk,http://localhost:3251@alice,true,5,5
1784905755619,brice,Walk,http://localhost:3251@bear,true,5,5
1784905755723,alice,Sing,http://localhost:3251@Bat,true,5,5
1784905755724,Bee,Sing,http://localhost:3251@alice,true,5,5
1784905756577,Bat,Walk,http://localhost:3251@brice,true,5,5
1784905756578,brice,Walk,http://localhost:3251@Bat,true,5,5
1784905756858,alice,Play,http://localhost:3251@bear,true,5,5
1784905756859,bear,Play,http://localhost:3251@brice,true,5,5
1784905756969,Ant,Explore,null,true,2,null
1784905757312,alice,Talk,http://localhost:3251@Bee,false,-3,4
1784905757312,Bee,Talk,http://localhost:3251@Ant,true,5,5
1784905758102,bear,Play,http://localhost:3251@brice,true,5,5
1784905758104,Bee,Play,http://localhost:3251@bear,true,5,5
1784905758218,alice,Sing,http://localhost:3251@Ant,true,5,5
1784905758219,Ant,Sing,http://localhost:3251@Bat,true,5,5
1784905758847,bear,Fight,http://localhost:3251@brice,true,5,5
1784905758848,brice,Fight,http://localhost:3251@Bat,true,5,5
1784905758958,Bat,Exercise,http://localhost:3251@brice,true,5,5
1784905758958,Bee,Exercise,http://localhost:3251@Bat,true,5,5
1784905759202,Ant,Fight,http://localhost:3251@bear,true,5,5
1784905759203,bear,Fight,http://localhost:3251@Ant,true,5,5
1784905759893,Bee,Talk,http://localhost:3251@brice,true,5,5
1784905759894,brice,Talk,http://localhost:3251@bear,true,5,5
1784905760208,alice,Sing,http://localhost:3251@Bat,true,5,5
1784905760209,Ant,Sing,http://localhost:3251@alice,true,5,5
1784905760553,bear,Dance,http://localhost:3251@Bee,false,-5,-5
1784905760553,brice,Dance,http://localhost:3251@bear,true,5,5
1784905760936,Bat,Walk,http://localhost:3251@brice,true,5,5
1784905760937,Bee,Walk,http://localhost:3251@Bat,true,5,5
1784905761325,alice,Exercise,http://localhost:3251@Bee,true,5,5
1784905761325,bear,Exercise,http://localhost:3251@alice,true,5,5
1784905761767,Ant,Explore,null,false,1,null
1784905762103,bear,Exercise,http://localhost:3251@Bee,false,4,-5
1784905762104,Bee,Exercise,http://localhost:3251@Ant,true,5,5
1784905762501,alice,Exercise,http://localhost:3251@Bee,true,5,5
1784905762502,brice,Exercise,http://localhost:3251@alice,true,5,5
1784905762881,Bat,Dance,http://localhost:3251@alice,false,-5,-5
1784905762881,bear,Dance,http://localhost:3251@Bat,true,-4,5
1784905763713,Ant,Sing,http://localhost:3251@Bat,true,5,5
1784905763713,Bat,Sing,http://localhost:3251@Ant,true,5,5
1784905764480,alice,Walk,http://localhost:3251@Bee,true,5,5
1784905764481,Bee,Walk,http://localhost:3251@alice,true,5,5
1784905765125,bear,Explore,null,true,5,null
1784905765370,Ant,Talk,http://localhost:3251@alice,true,5,5
1784905765371,Bee,Talk,http://localhost:3251@Ant,true,5,5
1784905765496,bear,Talk,http://localhost:3251@brice,true,2,5
1784905765497,brice,Talk,http://localhost:3251@bear,true,5,5
1784905766359,Bat,Walk,http://localhost:3251@brice,true,5,5
1784905766361,Bee,Walk,http://localhost:3251@Bat,true,5,5
1784905766548,alice,Talk,http://localhost:3251@bear,true,-2,5
1784905766548,bear,Talk,http://localhost:3251@Ant,true,3,5
1784905767039,Ant,Explore,null,false,null,null
1784905767420,bear,Exercise,http://localhost:3251@brice,true,5,5
1784905767422,brice,Exercise,http://localhost:3251@Bat,true,5,5
1784905767611,alice,Fight,http://localhost:3251@Bee,true,5,5
1784905767613,Ant,Fight,http://localhost:3251@alice,false,4,4
1784905768105,Bat,Fight,http://localhost:3251@Ant,true,5,5
1784905768106,bear,Fight,http://localhost:3251@Bat,true,5,5
1784905768408,alice,Sing,http://localhost:3251@Bee,true,5,5
1784905768410,Bee,Sing,http://localhost:3251@Bat,true,5,5
1784905768596,bear,Fight,http://localhost:3251@brice,true,5,5
1784905768597,brice,Fight,http://localhost:3251@Bat,true,5,5
1784905768962,Ant,Play,http://localhost:3251@bear,true,5,5
1784905768963,Bat,Play,http://localhost:3251@Ant,true,5,5
1784905769780,alice,Dance,http://localhost:3251@Ant,true,5,5
1784905769781,bear,Dance,http://localhost:3251@alice,false,-5,4
1784905769947,Ant,Play,http://localhost:3251@brice,true,5,5
1784905769948,brice,Play,http://localhost:3251@Bat,true,5,5
1784905770178,Bat,Talk,http://localhost:3251@Bee,true,-4,5
1784905770179,Bee,Talk,http://localhost:3251@Ant,true,5,5
1784905770809,Ant,Fight,http://localhost:3251@bear,true,5,5
1784905770809,bear,Fight,http://localhost:3251@alice,true,5,5
1784905770979,Bat,Talk,http://localhost:3251@brice,true,-3,5
1784905770980,brice,Talk,http://localhost:3251@bear,true,5,5
1784905771544,alice,Fight,http://localhost:3251@Bee,true,5,5
1784905771544,Ant,Fight,http://localhost:3251@alice,true,5,5
1784905771860,Bee,Explore,null,false,-5,null
1784905772093,bear,Exercise,http://localhost:3251@brice,true,5,5
1784905772094,brice,Exercise,http://localhost:3251@bear,true,5,5
1784905772579,Ant,Talk,http://localhost:3251@alice,true,5,5
1784905772580,bear,Talk,http://localhost:3251@Ant,true,4,5
1784905773017,Bat,Play,http://localhost:3251@Ant,true,5,5
1784905773018,brice,Play,http://localhost:3251@Bat,true,5,5
1784905773895,alice,Walk,http://localhost:3251@Bee,true,5,5
1784905773895,Ant,Exercise,http://localhost:3251@bear,true,5,5
1784905773896,Bat,Exercise,http://localhost:3251@Ant,true,5,5
1784905773896,Bee,Walk,http://localhost:3251@alice,true,5,5
1784905774694,brice,Explore,null,false,-5,null
1784905775132,alice,Exercise,http://localhost:3251@Bat,true,5,5
1784905775133,Bat,Exercise,http://localhost:3251@brice,true,5,5
1784905775322,Ant,Walk,http://localhost:3251@Bee,true,5,5
1784905775323,Bee,Walk,http://localhost:3251@Ant,true,5,5
1784905775678,bear,Talk,http://localhost:3251@Ant,true,5,5
1784905775679,brice,Talk,http://localhost:3251@bear,true,5,5
1784905776384,Bat,Exercise,http://localhost:3251@brice,true,5,5
1784905776385,Bee,Exercise,http://localhost:3251@Bat,true,5,5
1784905776999,Ant,Explore,null,false,-1,null
1784905777189,alice,Play,http://localhost:3251@Bee,true,5,5
1784905777189,bear,Play,http://localhost:3251@alice,true,5,5
1784905777376,brice,Explore,null,false,-5,null
1784905777440,Ant,Talk,http://localhost:3251@Bat,true,5,5
1784905777440,Bat,Talk,http://localhost:3251@alice,false,-4,-5
1784905777867,alice,Sing,http://localhost:3251@Bee,true,5,5
1784905777868,Bee,Sing,http://localhost:3251@Bat,true,5,5
1784905778558,Ant,Walk,http://localhost:3251@bear,true,5,5
1784905778559,bear,Walk,http://localhost:3251@alice,true,5,5
1784905779240,alice,Play,http://localhost:3251@Bee,true,5,5
1784905779241,brice,Play,http://localhost:3251@alice,true,5,5
1784905779487,Ant,Walk,http://localhost:3251@Bat,true,5,5
1784905779488,Bat,Walk,http://localhost:3251@brice,true,5,5
1784905779613,Bee,Talk,http://localhost:3251@Ant,true,5,5
1784905779614,brice,Talk,http://localhost:3251@Bee,true,5,5
1784905780586,alice,Play,http://localhost:3251@Bee,true,5,5
1784905780587,brice,Play,http://localhost:3251@alice,true,5,5
1784905781155,Bat,Explore,null,false,-4,null
1784905781219,Ant,Explore,null,true,null,null
1784905781656,alice,Dance,http://localhost:3251@Bee,true,5,5
1784905781657,Bee,Dance,http://localhost:3251@alice,true,5,5
1784905781719,bear,Explore,null,true,5,null
1784905782283,alice,Fight,http://localhost:3251@Ant,true,5,5
1784905782284,Ant,Fight,http://localhost:3251@bear,true,5,5
1784905782539,Bat,Play,http://localhost:3251@Ant,true,5,5
1784905782541,Bee,Play,http://localhost:3251@Bat,true,5,5
1784905783533,Ant,Exercise,http://localhost:3251@bear,true,5,5
1784905783535,bear,Exercise,http://localhost:3251@Ant,true,5,5
1784905783646,alice,Walk,http://localhost:3251@Bee,true,5,5
1784905783647,Bee,Walk,http://localhost:3251@alice,true,5,5
1784905784698,Ant,Walk,http://localhost:3251@brice,true,5,5
1784905784698,brice,Walk,http://localhost:3251@Ant,true,5,5
1784905784887,Bat,Explore,null,true,-3,null
1784905785631,Bat,Play,http://localhost:3251@bear,true,5,5
1784905785633,bear,Play,http://localhost:3251@brice,true,5,5
1784905785690,alice,Sing,http://localhost:3251@Bat,true,5,5
1784905785690,Ant,Sing,http://localhost:3251@alice,true,5,5
1784905786067,Bat,Talk,http://localhost:3251@Bee,true,-3,5
1784905786070,Bee,Talk,http://localhost:3251@Ant,true,5,5
1784905786746,bear,Walk,http://localhost:3251@brice,true,5,5
1784905786747,brice,Walk,http://localhost:3251@Ant,true,5,5
1784905787310,alice,Exercise,http://localhost:3251@Bat,true,5,5
1784905787312,Bat,Exercise,http://localhost:3251@brice,true,5,5
1784905787373,Ant,Explore,null,false,-1,null
1784905787436,Bee,Sing,http://localhost:3251@Bat,true,5,5
1784905787436,brice,Sing,http://localhost:3251@Bee,true,5,5
1784905788107,Ant,Play,http://localhost:3251@bear,true,5,5
1784905788108,bear,Play,http://localhost:3251@brice,true,5,5
1784905788677,Bat,Sing,http://localhost:3251@bear,true,5,5
1784905788677,brice,Sing,http://localhost:3251@Bat,true,5,5
1784905789164,Bat,Talk,http://localhost:3251@bear,false,-4,4
1784905789165,bear,Talk,http://localhost:3251@Ant,true,5,5
1784905789412,alice,Dance,http://localhost:3251@Ant,true,5,5
1784905789415,Bee,Dance,http://localhost:3251@alice,true,5,5
1784905789790,Ant,Explore,null,false,-2,null
1784905789912,bear,Exercise,http://localhost:3251@brice,true,5,5
1784905789912,brice,Exercise,http://localhost:3251@Bat,true,5,5
1784905790788,Bat,Sing,http://localhost:3251@Bee,true,5,5
1784905790789,Bee,Sing,http://localhost:3251@Bat,true,5,5
1784905791095,alice,Explore,null,false,4,null
1784905791723,bear,Talk,http://localhost:3251@brice,true,5,5
1784905791724,brice,Talk,http://localhost:3251@bear,true,5,5
1784905791912,Ant,Sing,http://localhost:3251@Bat,true,5,5
1784905791914,Bee,Sing,http://localhost:3251@Ant,true,5,5
1784905792779,alice,Explore,null,true,5,null
1784905792968,Ant,Exercise,http://localhost:3251@bear,true,5,5
1784905792970,bear,Exercise,http://localhost:3251@brice,true,5,5
1784905793143,Bat,Explore,null,false,-4,null
1784905793461,Bee,Fight,http://localhost:3251@brice,true,5,5
1784905793462,brice,Fight,http://localhost:3251@Bat,true,5,5
1784905794156,alice,Dance,http://localhost:3251@Ant,true,5,5
1784905794157,bear,Dance,http://localhost:3251@alice,false,-5,4
1784905794336,Ant,Dance,http://localhost:3251@Bee,true,5,5
1784905794337,brice,Dance,http://localhost:3251@Ant,true,5,5
1784905794905,alice,Fight,http://localhost:3251@Bat,true,5,5
1784905794907,Bat,Fight,http://localhost:3251@Ant,true,5,5
1784905795212,Ant,Fight,http://localhost:3251@bear,true,5,5
1784905795212,bear,Fight,http://localhost:3251@alice,true,5,5
1784905795650,Bat,Sing,http://localhost:3251@Bee,true,5,5
1784905795651,Bee,Sing,http://localhost:3251@Bat,true,5,5
1784905795957,alice,Fight,http://localhost:3251@Bee,true,5,5
1784905795958,brice,Fight,http://localhost:3251@alice,true,5,5
1784905797011,Ant,Sing,http://localhost:3251@Bat,true,5,5
1784905797013,Bat,Sing,http://localhost:3251@bear,true,5,5
1784905797074,Bee,Sing,http://localhost:3251@Bat,true,5,5
1784905797075,brice,Sing,http://localhost:3251@Bee,true,5,5
1784905797938,Bat,Walk,http://localhost:3251@bear,true,5,5
1784905797940,bear,Walk,http://localhost:3251@alice,true,5,5
1784905798000,alice,Play,http://localhost:3251@Bee,true,5,5
1784905798002,Bee,Play,http://localhost:3251@alice,true,5,5
1784905798732,Ant,Fight,http://localhost:3251@bear,true,5,5
1784905798732,bear,Fight,http://localhost:3251@Ant,true,5,5
1784905799071,alice,Talk,http://localhost:3251@brice,true,-1,3
1784905799073,Ant,Talk,http://localhost:3251@alice,true,5,5
1784905799245,Bat,Walk,http://localhost:3251@brice,false,4,4
1784905799246,brice,Walk,http://localhost:3251@Bat,true,5,5
1784905799656,Bee,Talk,http://localhost:3251@Ant,true,5,5
1784905799657,brice,Talk,http://localhost:3251@Bee,true,5,5
1784905800318,bear,Explore,null,false,4,null
1784905800369,alice,Dance,http://localhost:3251@Ant,true,5,5
1784905800369,brice,Dance,http://localhost:3251@alice,true,5,5
1784905800545,Ant,Walk,http://localhost:3251@Bat,true,5,5
1784905800546,Bat,Walk,http://localhost:3251@brice,true,5,5
1784905801553,Ant,Exercise,http://localhost:3251@brice,true,5,5
1784905801554,brice,Exercise,http://localhost:3251@Bat,true,5,5
1784905801723,alice,Play,http://localhost:3251@Bee,true,5,5
1784905801723,Bee,Play,http://localhost:3251@alice,true,5,5
1784905801878,bear,Explore,null,false,3,null
1784905802567,Ant,Sing,http://localhost:3251@Bat,true,5,5
1784905802568,Bat,Sing,http://localhost:3251@bear,true,5,5
1784905802787,Bee,Dance,http://localhost:3251@brice,true,5,5
1784905802788,brice,Dance,http://localhost:3251@Ant,true,5,5
1784905803520,bear,Talk,http://localhost:3251@Ant,true,5,5
1784905803521,Bee,Talk,http://localhost:3251@bear,true,5,5
1784905803638,Ant,Fight,http://localhost:3251@bear,true,5,5
1784905803639,Bat,Fight,http://localhost:3251@Ant,true,5,5
1784905804134,alice,Exercise,http://localhost:3251@Bee,true,5,5
1784905804134,Bee,Exercise,http://localhost:3251@alice,true,5,5
1784905804687,Bat,Dance,http://localhost:3251@brice,true,-4,5
1784905804687,brice,Dance,http://localhost:3251@Ant,true,5,5
1784905804850,Ant,Play,http://localhost:3251@bear,true,5,5
1784905804850,bear,Play,http://localhost:3251@Ant,true,5,5
1784905805402,Bat,Sing,http://localhost:3251@Bee,true,5,5
1784905805402,Bee,Sing,http://localhost:3251@Bat,true,5,5
1784905805679,alice,Fight,http://localhost:3251@Bee,true,5,5
1784905805680,Ant,Fight,http://localhost:3251@alice,true,5,5
1784905806401,Bat,Fight,http://localhost:3251@Ant,true,5,5
1784905806402,bear,Fight,http://localhost:3251@Bat,true,5,5
1784905806624,alice,Play,http://localhost:3251@brice,true,5,4
1784905806624,brice,Play,http://localhost:3251@Bat,true,5,5
1784905806958,Bee,Explore,null,false,-5,null
1784905807313,alice,Fight,http://localhost:3251@Ant,true,5,5
1784905807314,Ant,Fight,http://localhost:3251@bear,true,5,5
1784905807657,bear,Sing,http://localhost:3251@alice,true,5,5
1784905807658,Bee,Sing,http://localhost:3251@bear,true,5,5
1784905808244,bear,Fight,http://localhost:3251@brice,true,5,5
1784905808245,brice,Fight,http://localhost:3251@Bat,true,5,5
1784905808945,alice,Fight,http://localhost:3251@Bee,true,5,5
1784905808946,bear,Fight,http://localhost:3251@alice,true,5,5
1784905808947,Bee,Sing,http://localhost:3251@Bat,true,5,5
1784905808948,brice,Sing,http://localhost:3251@Bee,true,5,5
1784905809508,Ant,Explore,null,true,-1,null
1784905809573,Bat,Play,http://localhost:3251@Ant,true,5,5
1784905809573,Bee,Play,http://localhost:3251@Bat,true,5,5
1784905810560,alice,Explore,null,true,5,null
1784905810667,Bee,Talk,http://localhost:3251@brice,true,5,5
1784905810668,brice,Talk,http://localhost:3251@bear,true,5,5
1784905810846,Ant,Walk,http://localhost:3251@Bee,true,5,5
1784905810846,Bat,Walk,http://localhost:3251@Ant,true,5,5
1784905811271,bear,Explore,null,true,4,null
1784905811667,Bat,Fight,http://localhost:3251@Bee,true,5,5
1784905811668,Bee,Fight,http://localhost:3251@alice,true,5,5
1784905811726,alice,Exercise,http://localhost:3251@Bee,true,5,5
1784905811727,Ant,Exercise,http://localhost:3251@alice,true,5,5
1784905812273,brice,Explore,null,false,-5,null
1784905812575,Ant,Walk,http://localhost:3251@bear,true,5,5
1784905812576,bear,Walk,http://localhost:3251@alice,true,5,5
1784905813073,alice,Play,http://localhost:3251@Bee,true,5,5
1784905813074,Bat,Play,http://localhost:3251@alice,true,5,-4
1784905813309,Ant,Talk,http://localhost:3251@brice,true,5,5
1784905813310,brice,Talk,http://localhost:3251@bear,true,5,5
1784905813611,alice,Exercise,http://localhost:3251@Bee,true,5,5
1784905813612,Bee,Exercise,http://localhost:3251@Ant,true,5,5
1784905813989,bear,Sing,http://localhost:3251@alice,true,5,5
1784905813989,brice,Sing,http://localhost:3251@bear,true,5,5
1784905814431,Bat,Sing,http://localhost:3251@bear,true,5,5
1784905814433,Bee,Sing,http://localhost:3251@Bat,true,5,5
1784905814677,Ant,Walk,http://localhost:3251@Bee,true,5,5
1784905814678,bear,Walk,http://localhost:3251@Ant,true,5,5
1784905815048,Ant,Talk,http://localhost:3251@brice,true,5,5
1784905815048,brice,Talk,http://localhost:3251@bear,true,5,5
1784905815337,alice,Explore,null,false,4,null
1784905816184,alice,Talk,http://localhost:3251@Ant,false,-2,4
1784905816185,Ant,Talk,http://localhost:3251@alice,true,5,5
1784905816186,Bat,Explore,null,false,-5,null
1784905816709,Bat,Exercise,http://localhost:3251@bear,true,5,5
1784905816709,bear,Exercise,http://localhost:3251@brice,true,5,5
1784905817486,alice,Walk,http://localhost:3251@Bee,true,5,5
1784905817487,bear,Walk,http://localhost:3251@alice,true,5,5
1784905818032,Bat,Play,http://localhost:3251@Ant,true,5,5
1784905818033,Bee,Play,http://localhost:3251@Bat,true,5,5
1784905818471,Ant,Explore,null,false,-2,null
1784905818589,bear,Sing,http://localhost:3251@brice,true,5,5
1784905818590,brice,Sing,http://localhost:3251@Bat,true,5,5
1784905819356,Bat,Sing,http://localhost:3251@bear,true,5,5
1784905819357,brice,Sing,http://localhost:3251@Bat,true,5,5
1784905820027,Bat,Dance,http://localhost:3251@Bee,false,-5,4
1784905820028,Bee,Dance,http://localhost:3251@alice,true,5,5
1784905820210,bear,Explore,null,true,5,null
1784905820701,Bee,Dance,http://localhost:3251@brice,true,5,5
1784905820702,brice,Dance,http://localhost:3251@Ant,true,5,5
1784905820818,alice,Play,http://localhost:3251@Bee,true,5,5
1784905820818,Ant,Play,http://localhost:3251@alice,true,5,5
1784905821371,Bat,Dance,http://localhost:3251@alice,false,-5,-5
1784905821371,Bee,Dance,http://localhost:3251@Bat,true,5,5
1784905821872,bear,Explore,null,true,5,null
1784905822043,alice,Walk,http://localhost:3251@brice,true,5,5
1784905822053,brice,Walk,http://localhost:3251@Ant,true,5,5
1784905822608,Bat,Exercise,http://localhost:3251@brice,true,5,5
1784905822610,brice,Exercise,http://localhost:3251@Bat,true,5,5
1784905822733,alice,Sing,http://localhost:3251@Bee,true,5,5
1784905822733,Bee,Sing,http://localhost:3251@Bat,true,5,5
1784905823154,Ant,Explore,null,true,-1,null
1784905823890,alice,Play,http://localhost:3251@brice,true,5,5
1784905823891,Bat,Walk,http://localhost:3251@brice,true,5,5
1784905823892,Bee,Walk,http://localhost:3251@Bat,true,5,5
1784905823892,brice,Play,http://localhost:3251@Bat,true,5,5
1784905824261,Ant,Fight,http://localhost:3251@bear,true,5,5
1784905824261,bear,Fight,http://localhost:3251@alice,true,5,5
1784905825210,alice,Sing,http://localhost:3251@Bat,true,5,5
1784905825212,bear,Sing,http://localhost:3251@alice,true,5,5
1784905825568,Ant,Walk,http://localhost:3251@Bee,true,5,5
1784905825568,Bee,Walk,http://localhost:3251@Ant,true,5,5
1784905825631,Bat,Talk,http://localhost:3251@alice,false,-5,-5
1784905825631,bear,Talk,http://localhost:3251@Bat,true,5,5
1784905826534,alice,Sing,http://localhost:3251@Bat,true,5,5
1784905826534,Ant,Sing,http://localhost:3251@alice,true,5,5
1784905826535,Bee,Sing,http://localhost:3251@brice,true,5,5
1784905826535,brice,Sing,http://localhost:3251@Bat,true,5,5
1784905827602,bear,Dance,http://localhost:3251@Bee,false,-5,-5
1784905827603,brice,Dance,http://localhost:3251@bear,true,5,5
1784905827768,Bat,Exercise,http://localhost:3251@Bee,true,5,5
1784905827768,Bee,Exercise,http://localhost:3251@Ant,true,5,5
1784905828184,alice,Talk,http://localhost:3251@brice,true,-1,5
1784905828184,Ant,Explore,null,true,null,null
1784905828185,Bee,Talk,http://localhost:3251@alice,true,5,5
1784905828608,alice,Fight,http://localhost:3251@brice,true,5,5
1784905828608,brice,Fight,http://localhost:3251@Bat,true,5,5
1784905828780,Bat,Fight,http://localhost:3251@Ant,true,5,5
1784905828781,Bee,Fight,http://localhost:3251@Bat,true,5,5
1784905829514,Ant,Walk,http://localhost:3251@Bee,true,5,5
1784905829515,bear,Walk,http://localhost:3251@Ant,true,5,5
1784905830132,alice,Walk,http://localhost:3251@Bat,true,5,5
1784905830133,Bat,Walk,http://localhost:3251@brice,true,5,5
1784905830448,Bee,Explore,null,false,-5,null
1784905830869,alice,Walk,http://localhost:3251@bear,true,5,5
1784905830869,bear,Walk,http://localhost:3251@alice,true,5,5
1784905831283,Bat,Dance,http://localhost:3251@brice,false,-5,4
1784905831283,brice,Dance,http://localhost:3251@Ant,true,5,5
1784905831778,Ant,Sing,http://localhost:3251@Bee,true,5,5
1784905831779,Bee,Sing,http://localhost:3251@Bat,true,5,5
1784905832528,alice,Explore,null,true,5,null
1784905832528,bear,Explore,null,false,4,null
1784905832655,Ant,Play,http://localhost:3251@Bat,true,5,5
1784905832655,Bat,Play,http://localhost:3251@Ant,true,5,5
1784905833134,Bee,Play,http://localhost:3251@alice,true,5,5
1784905833135,brice,Play,http://localhost:3251@Bee,true,5,5
1784905833690,bear,Exercise,http://localhost:3251@brice,true,5,5
1784905833690,brice,Exercise,http://localhost:3251@bear,true,5,5
1784905833916,Bat,Walk,http://localhost:3251@brice,true,5,5
1784905833917,Bee,Walk,http://localhost:3251@Bat,true,5,5
1784905834095,alice,Explore,null,true,5,null
1784905834668,Ant,Talk,http://localhost:3251@brice,true,5,5
1784905834669,brice,Talk,http://localhost:3251@bear,true,5,5
1784905834945,alice,Play,http://localhost:3251@bear,true,5,5
1784905834946,bear,Play,http://localhost:3251@brice,true,5,5
1784905835809,Bat,Sing,http://localhost:3251@bear,true,5,5
1784905835809,bear,Sing,http://localhost:3251@Bat,true,5,5
1784905835934,alice,Play,http://localhost:3251@Ant,true,5,5
1784905835935,Ant,Play,http://localhost:3251@bear,true,5,5
1784905836316,bear,Talk,http://localhost:3251@brice,true,5,5
1784905836318,brice,Talk,http://localhost:3251@bear,true,5,5
1784905836835,Bat,Fight,http://localhost:3251@Ant,true,5,5
1784905836836,brice,Fight,http://localhost:3251@Bat,true,5,5
1784905837554,alice,Play,http://localhost:3251@bear,true,5,5
1784905837554,bear,Play,http://localhost:3251@brice,true,5,5
1784905837934,Bat,Exercise,http://localhost:3251@brice,true,5,5
1784905837935,Bee,Exercise,http://localhost:3251@Bat,true,5,5
1784905838350,brice,Explore,null,false,-5,null
1784905838757,Ant,Explore,null,false,-1,null
1784905838946,Bat,Fight,http://localhost:3251@Ant,true,5,5
1784905838947,bear,Fight,http://localhost:3251@Bat,true,5,5
1784905839198,alice,Exercise,http://localhost:3251@Bee,true,5,5
1784905839198,Bee,Exercise,http://localhost:3251@Ant,true,5,5
1784905839659,Ant,Sing,http://localhost:3251@brice,true,5,5
1784905839660,brice,Sing,http://localhost:3251@Bat,true,5,5
1784905840302,Ant,Walk,http://localhost:3251@bear,true,5,5
1784905840303,bear,Walk,http://localhost:3251@alice,true,5,5
1784905840947,alice,Walk,http://localhost:3251@brice,true,5,5
1784905840948,brice,Walk,http://localhost:3251@Ant,true,5,5
1784905841283,Ant,Talk,http://localhost:3251@alice,true,5,5
1784905841284,brice,Talk,http://localhost:3251@Ant,true,5,5
1784905841611,Bat,Exercise,http://localhost:3251@Bee,true,5,5
1784905841613,Bee,Exercise,http://localhost:3251@Ant,true,5,5
1784905841890,alice,Talk,http://localhost:3251@brice,true,null,5
1784905841890,Ant,Talk,http://localhost:3251@alice,true,5,5
1784905842168,bear,Sing,http://localhost:3251@alice,true,5,5
1784905842169,brice,Sing,http://localhost:3251@bear,true,5,5
1784905842846,alice,Walk,http://localhost:3251@Bee,true,5,5
1784905842847,Bee,Walk,http://localhost:3251@alice,true,5,5
1784905843420,Ant,Explore,null,false,-2,null
1784905843477,bear,Walk,http://localhost:3251@alice,true,5,5
1784905843477,Bee,Walk,http://localhost:3251@bear,true,5,5
1784905843705,brice,Explore,null,false,-5,null
1784905844046,Ant,Exercise,http://localhost:3251@Bat,true,5,5
1784905844047,Bat,Exercise,http://localhost:3251@brice,true,5,5
1784905844600,alice,Exercise,http://localhost:3251@Bee,true,5,5
1784905844601,Ant,Exercise,http://localhost:3251@alice,true,5,5
1784905844713,Bee,Walk,http://localhost:3251@alice,true,5,5
1784905844713,brice,Walk,http://localhost:3251@Bee,true,5,5
1784905845041,bear,Fight,http://localhost:3251@alice,true,5,5
1784905845042,Bee,Fight,http://localhost:3251@bear,true,5,5
1784905845540,alice,Fight,http://localhost:3251@Bee,true,5,5
1784905845541,Bat,Explore,null,true,-4,null
1784905845541,Bee,Fight,http://localhost:3251@alice,true,5,5
1784905845923,bear,Sing,http://localhost:3251@brice,true,5,5
1784905845924,brice,Sing,http://localhost:3251@Bat,true,5,5
1784905846103,Ant,Explore,null,true,-1,null
1784905846772,Ant,Dance,http://localhost:3251@Bat,true,5,5
1784905846773,Bat,Dance,http://localhost:3251@alice,false,-5,-5
1784905846881,alice,Fight,http://localhost:3251@bear,true,5,5
1784905846882,bear,Fight,http://localhost:3251@alice,true,5,5
1784905847211,alice,Talk,http://localhost:3251@Bee,true,1,5
1784905847212,Bee,Talk,http://localhost:3251@Ant,true,5,5
1784905847893,Ant,Exercise,http://localhost:3251@bear,true,5,5
1784905847893,bear,Exercise,http://localhost:3251@Ant,true,5,5
1784905848055,Bat,Play,http://localhost:3251@Ant,true,5,5
1784905848056,Bee,Play,http://localhost:3251@Bat,true,5,5
1784905848223,bear,Talk,http://localhost:3251@brice,true,5,5
1784905848224,brice,Talk,http://localhost:3251@bear,true,5,5
1784905849052,alice,Play,http://localhost:3251@Bee,true,5,5
1784905849052,brice,Play,http://localhost:3251@alice,true,5,5
1784905849107,Ant,Sing,http://localhost:3251@Bat,true,5,5
1784905849108,Bee,Sing,http://localhost:3251@Ant,true,5,5
1784905850056,alice,Play,http://localhost:3251@bear,true,5,5
1784905850057,bear,Play,http://localhost:3251@brice,true,5,5
1784905850119,Bee,Talk,http://localhost:3251@Ant,true,5,5
1784905850120,brice,Talk,http://localhost:3251@Bee,true,5,5
1784905850170,Bat,Explore,null,false,-5,null
1784905850864,Ant,Exercise,http://localhost:3251@bear,true,5,5
1784905850864,Bat,Exercise,http://localhost:3251@Ant,true,5,5
1784905851048,alice,Fight,http://localhost:3251@Bee,true,5,5
1784905851050,Bee,Fight,http://localhost:3251@alice,true,5,5
1784905851111,bear,Talk,http://localhost:3251@brice,true,5,5
1784905851112,brice,Talk,http://localhost:3251@bear,true,5,5
1784905852079,alice,Talk,http://localhost:3251@brice,true,2,5
1784905852079,Ant,Talk,http://localhost:3251@alice,true,5,5
1784905852364,bear,Play,http://localhost:3251@Bee,false,4,-5
1784905852364,Bee,Play,http://localhost:3251@alice,true,5,5
1784905852427,Bat,Walk,http://localhost:3251@brice,true,5,5
1784905852428,brice,Walk,http://localhost:3251@Ant,true,5,5
1784905853200,Ant,Exercise,http://localhost:3251@bear,true,5,5
1784905853201,brice,Exercise,http://localhost:3251@Ant,true,5,5
1784905853325,alice,Walk,http://localhost:3251@Bee,true,5,5
1784905853325,Bee,Walk,http://localhost:3251@alice,true,5,5
1784905854349,alice,Sing,http://localhost:3251@bear,true,5,5
1784905854350,bear,Sing,http://localhost:3251@alice,true,5,5
1784905854406,Bat,Talk,http://localhost:3251@Bee,false,-5,4
1784905854406,Bee,Talk,http://localhost:3251@Ant,true,5,5
1784905854465,Ant,Exercise,http://localhost:3251@bear,true,5,5
1784905854465,brice,Exercise,http://localhost:3251@Ant,true,5,5
1784905855687,Ant,Sing,http://localhost:3251@Bat,true,5,5
1784905855688,Bat,Sing,http://localhost:3251@bear,true,5,5
1784905855745,Bee,Play,http://localhost:3251@brice,true,5,5
1784905855746,brice,Play,http://localhost:3251@Bat,true,5,5
1784905856023,Ant,Talk,http://localhost:3251@bear,true,5,5
1784905856024,bear,Talk,http://localhost:3251@Ant,true,5,5
1784905856579,alice,Talk,http://localhost:3251@brice,true,3,5
1784905856580,Ant,Talk,http://localhost:3251@alice,true,5,5
1784905856974,alice,Fight,http://localhost:3251@bear,true,5,5
1784905856974,Bat,Walk,http://localhost:3251@Bee,true,5,5
1784905856975,bear,Fight,http://localhost:3251@alice,true,5,5
1784905856975,Bee,Walk,http://localhost:3251@alice,true,5,5
1784905857575,Ant,Talk,http://localhost:3251@alice,true,5,5
1784905857576,Bee,Talk,http://localhost:3251@Ant,true,5,5
1784905858245,alice,Play,http://localhost:3251@Bee,true,5,5
1784905858246,Bee,Play,http://localhost:3251@alice,true,5,5
1784905858523,bear,Explore,null,true,5,null
1784905858821,Ant,Walk,http://localhost:3251@Bee,true,5,5
1784905858822,brice,Walk,http://localhost:3251@Ant,true,5,5
1784905859792,alice,Explore,null,false,4,null
1784905859793,Ant,Walk,http://localhost:3251@bear,true,5,5
1784905859793,bear,Walk,http://localhost:3251@alice,true,5,5
1784905860705,Ant,Sing,http://localhost:3251@brice,true,5,5
1784905860706,brice,Sing,http://localhost:3251@Bat,true,5,5
1784905861041,bear,Walk,http://localhost:3251@alice,true,5,5
1784905861041,Bee,Walk,http://localhost:3251@bear,true,5,5
1784905861451,Bat,Sing,http://localhost:3251@bear,true,5,5
1784905861451,brice,Sing,http://localhost:3251@Bat,true,5,5
1784905862316,alice,Sing,http://localhost:3251@Bat,true,5,5
1784905862316,Ant,Sing,http://localhost:3251@alice,true,5,5
1784905862316,Bee,Dance,http://localhost:3251@alice,true,5,5
1784905862317,brice,Dance,http://localhost:3251@Bee,true,5,5
1784905862630,bear,Explore,null,true,5,null
1784905863267,Bat,Exercise,http://localhost:3251@brice,true,5,5
1784905863268,brice,Exercise,http://localhost:3251@Bat,true,5,5
1784905863323,Ant,Fight,http://localhost:3251@bear,true,5,5
1784905863324,bear,Fight,http://localhost:3251@Ant,true,5,5
1784905864256,bear,Talk,http://localhost:3251@brice,true,5,5
1784905864257,brice,Talk,http://localhost:3251@bear,true,5,5
1784905864600,alice,Talk,http://localhost:3251@brice,true,4,5
1784905864601,bear,Talk,http://localhost:3251@alice,true,5,5
1784905864602,Bee,Explore,null,true,-4,null
1784905865216,Bat,Walk,http://localhost:3251@brice,true,5,5
1784905865217,bear,Walk,http://localhost:3251@Bat,true,5,5
1784905865502,alice,Dance,http://localhost:3251@brice,true,5,5
1784905865503,brice,Dance,http://localhost:3251@Ant,true,5,5
1784905865890,Ant,Sing,http://localhost:3251@Bat,true,5,5
1784905865891,Bat,Sing,http://localhost:3251@Ant,true,5,5
1784905866333,Bee,Exercise,http://localhost:3251@Ant,true,5,5
1784905866334,brice,Exercise,http://localhost:3251@Bee,true,5,5
1784905866398,alice,Exercise,http://localhost:3251@bear,true,5,5
1784905866398,bear,Exercise,http://localhost:3251@brice,true,5,5
1784905867156,Ant,Walk,http://localhost:3251@Bee,true,5,5
1784905867158,bear,Walk,http://localhost:3251@Ant,true,5,5
1784905867667,alice,Sing,http://localhost:3251@Bat,true,5,5
1784905867667,Bat,Sing,http://localhost:3251@alice,false,4,-5
1784905867889,Bee,Explore,null,false,-5,null
1784905867890,brice,Explore,null,true,-4,null
1784905868703,Ant,Explore,null,false,-2,null
1784905868927,alice,Play,http://localhost:3251@Bee,true,5,5
1784905868928,brice,Play,http://localhost:3251@alice,true,5,5
1784905869557,Bat,Exercise,http://localhost:3251@brice,true,5,5
1784905869559,brice,Exercise,http://localhost:3251@Bat,true,5,5
1784905869778,alice,Sing,http://localhost:3251@bear,true,5,5
1784905869778,bear,Sing,http://localhost:3251@alice,true,5,5
1784905870374,Bat,Exercise,http://localhost:3251@Bee,true,5,5
1784905870376,Bee,Exercise,http://localhost:3251@Ant,true,5,5
1784905870543,Ant,Fight,http://localhost:3251@brice,true,5,5
1784905870544,brice,Fight,http://localhost:3251@Bat,true,5,5
1784905870890,alice,Talk,http://localhost:3251@bear,true,5,5
1784905870890,bear,Talk,http://localhost:3251@Ant,true,5,5
1784905871345,Ant,Talk,http://localhost:3251@Bee,true,5,5
1784905871345,Bee,Talk,http://localhost:3251@Ant,true,5,5
1784905871646,Bat,Walk,http://localhost:3251@brice,true,5,5
1784905871647,brice,Walk,http://localhost:3251@Bat,true,5,5
1784905871992,alice,Fight,http://localhost:3251@Bee,true,5,5
1784905871993,bear,Fight,http://localhost:3251@alice,true,5,5
1784905872918,Ant,Sing,http://localhost:3251@Bat,true,5,5
1784905872918,Bat,Sing,http://localhost:3251@bear,false,3,4
1784905872918,Bee,Sing,http://localhost:3251@brice,true,5,5
1784905872919,brice,Sing,http://localhost:3251@Bat,true,5,5
1784905873595,bear,Fight,http://localhost:3251@alice,true,5,5
1784905873596,brice,Fight,http://localhost:3251@bear,true,5,5
1784905874152,alice,Explore,null,true,5,null
1784905874501,Bat,Explore,null,false,-5,null
1784905874820,alice,Sing,http://localhost:3251@Bee,true,5,5
1784905874821,Bee,Sing,http://localhost:3251@Bat,true,5,5
1784905875156,Ant,Fight,http://localhost:3251@brice,true,5,5
1784905875156,bear,Explore,null,false,4,null
1784905875157,brice,Fight,http://localhost:3251@Bat,true,5,5
1784905876044,alice,Exercise,http://localhost:3251@Bee,true,5,5
1784905876045,bear,Exercise,http://localhost:3251@alice,true,5,5
1784905876153,Ant,Play,http://localhost:3251@Bee,true,5,5
1784905876154,Bee,Play,http://localhost:3251@alice,true,5,5
1784905876722,Bat,Explore,null,false,-5,null
1784905876776,brice,Explore,null,true,-3,null
1784905877445,Bat,Sing,http://localhost:3251@Bee,true,4,5
1784905877446,Bee,Sing,http://localhost:3251@Bat,true,5,5
1784905877911,alice,Dance,http://localhost:3251@Ant,true,5,5
1784905877912,Ant,Dance,http://localhost:3251@alice,true,5,5
1784905878191,bear,Explore,null,true,5,null
1784905878300,brice,Explore,null,true,-2,null
1784905878411,alice,Talk,http://localhost:3251@Bee,true,5,5
1784905878412,Ant,Talk,http://localhost:3251@Bat,true,5,5
1784905878413,Bat,Talk,http://localhost:3251@alice,false,-5,-5
1784905878413,Bee,Talk,http://localhost:3251@Ant,true,5,5
1784905879288,alice,Exercise,http://localhost:3251@bear,true,5,5
1784905879288,bear,Exercise,http://localhost:3251@brice,true,5,5
1784905879508,Bee,Dance,http://localhost:3251@brice,true,5,5
1784905879509,brice,Dance,http://localhost:3251@Ant,true,5,5
1784905880179,Ant,Exercise,http://localhost:3251@bear,true,5,5
1784905880179,bear,Exercise,http://localhost:3251@Ant,true,5,5
1784905880289,Bat,Walk,http://localhost:3251@brice,true,5,5
1784905880289,brice,Walk,http://localhost:3251@Bat,true,5,5
1784905880910,alice,Fight,http://localhost:3251@Bee,true,5,5
1784905880910,Bee,Fight,http://localhost:3251@alice,true,5,5
1784905881259,Bat,Fight,http://localhost:3251@Ant,true,5,5
1784905881260,bear,Fight,http://localhost:3251@Bat,true,5,5
1784905882233,Bat,Walk,http://localhost:3251@Bee,true,5,5
1784905882234,Bee,Walk,http://localhost:3251@alice,true,5,5
1784905882400,Ant,Explore,null,true,-1,null
1784905882516,alice,Walk,http://localhost:3251@bear,true,5,5
1784905882517,bear,Walk,http://localhost:3251@alice,true,5,5
1784905883132,alice,Talk,http://localhost:3251@brice,true,5,5
1784905883133,brice,Talk,http://localhost:3251@bear,true,5,5
1784905883460,Ant,Dance,http://localhost:3251@Bee,true,5,5
1784905883461,Bee,Dance,http://localhost:3251@alice,true,5,5
1784905884076,Bat,Play,http://localhost:3251@Ant,true,5,5
1784905884076,bear,Play,http://localhost:3251@Bat,true,5,5
1784905884361,Ant,Dance,http://localhost:3251@brice,true,5,5
1784905884362,brice,Dance,http://localhost:3251@Ant,true,5,5
1784905885338,alice,Explore,null,false,4,null
1784905885388,Ant,Talk,http://localhost:3251@alice,true,5,5
1784905885390,Bat,Sing,http://localhost:3251@bear,false,3,3
1784905885391,bear,Talk,http://localhost:3251@Ant,true,5,5
1784905885391,brice,Sing,http://localhost:3251@Bat,true,5,5
1784905886220,Bee,Walk,http://localhost:3251@alice,true,5,5
1784905886221,brice,Walk,http://localhost:3251@Bee,true,5,5
1784905886984,Bat,Explore,null,false,-5,null
1784905886984,bear,Explore,null,true,5,null
1784905887044,alice,Fight,http://localhost:3251@Ant,true,5,5
1784905887045,Ant,Fight,http://localhost:3251@bear,true,5,5
1784905887821,bear,Fight,http://localhost:3251@Bee,true,5,-4
1784905887821,Bee,Fight,http://localhost:3251@alice,true,5,5
1784905888278,Ant,Walk,http://localhost:3251@Bee,true,5,5
1784905888279,brice,Walk,http://localhost:3251@Ant,true,5,5
1784905888778,Bat,Exercise,http://localhost:3251@brice,true,5,5
1784905888779,Bee,Exercise,http://localhost:3251@Bat,true,5,5
1784905888833,alice,Exercise,http://localhost:3251@Bee,true,5,5
1784905888834,brice,Exercise,http://localhost:3251@alice,true,5,5
1784905889522,Ant,Walk,http://localhost:3251@Bee,true,5,5
1784905889523,bear,Walk,http://localhost:3251@Ant,true,5,5
1784905890065,Bat,Play,http://localhost:3251@Ant,true,5,5
1784905890066,brice,Play,http://localhost:3251@Bat,true,5,5
1784905890512,alice,Fight,http://localhost:3251@Bee,true,5,5
1784905890514,bear,Fight,http://localhost:3251@alice,true,5,5
1784905890802,Bee,Play,http://localhost:3251@alice,true,5,5
1784905890803,brice,Play,http://localhost:3251@Bee,true,5,5
1784905891536,Ant,Sing,http://localhost:3251@Bat,true,5,5
1784905891537,bear,Sing,http://localhost:3251@Ant,true,5,5
1784905891791,alice,Exercise,http://localhost:3251@Bee,true,5,5
1784905891793,Bat,Fight,http://localhost:3251@Ant,true,5,5
1784905891794,Bee,Fight,http://localhost:3251@Bat,true,5,5
1784905891794,brice,Exercise,http://localhost:3251@alice,true,5,5
1784905893162,bear,Explore,null,true,5,null
1784905893228,Ant,Explore,null,true,null,null
1784905893401,brice,Explore,null,true,-1,null
1784905893461,Bat,Talk,http://localhost:3251@Bee,true,-4,5
1784905893462,Bee,Talk,http://localhost:3251@Ant,true,5,5
1784905894324,Ant,Exercise,http://localhost:3251@bear,true,5,5
1784905894324,bear,Exercise,http://localhost:3251@brice,true,5,5
1784905894479,alice,Play,http://localhost:3251@Bee,true,5,5
1784905894480,Bee,Play,http://localhost:3251@alice,true,5,5
1784905894990,Bat,Explore,null,false,-5,null
1784905895273,Bee,Walk,http://localhost:3251@brice,true,5,5
1784905895274,brice,Walk,http://localhost:3251@Ant,true,5,5
1784905895647,alice,Dance,http://localhost:3251@bear,true,5,5
1784905895647,bear,Dance,http://localhost:3251@Bee,false,-5,-5
1784905896246,Ant,Walk,http://localhost:3251@Bee,true,5,5
1784905896246,Bat,Walk,http://localhost:3251@Ant,true,5,5
1784905896604,alice,Walk,http://localhost:3251@Bee,true,5,5
1784905896605,Bee,Walk,http://localhost:3251@alice,true,5,5
1784905896887,brice,Explore,null,false,-2,null
1784905897503,alice,Dance,http://localhost:3251@Ant,true,5,5
1784905897504,Ant,Dance,http://localhost:3251@Bee,true,5,5
1784905897504,Bat,Play,http://localhost:3251@Ant,true,5,5
1784905897504,bear,Play,http://localhost:3251@Bat,true,5,5
1784905898017,alice,Exercise,http://localhost:3251@brice,true,5,5
1784905898018,brice,Exercise,http://localhost:3251@Bat,true,5,5
1784905898811,Bat,Sing,http://localhost:3251@bear,true,4,4
1784905898812,Bee,Sing,http://localhost:3251@Bat,true,5,5
1784905899161,Ant,Talk,http://localhost:3251@alice,true,5,5
1784905899162,bear,Fight,http://localhost:3251@alice,true,5,5
1784905899162,Bee,Fight,http://localhost:3251@bear,true,5,5
1784905899162,brice,Talk,http://localhost:3251@Ant,true,5,5
1784905899611,alice,Explore,null,true,5,null
1784905900093,Ant,Sing,http://localhost:3251@Bat,true,5,5
1784905900094,Bat,Sing,http://localhost:3251@bear,true,5,5
1784905900463,alice,Walk,http://localhost:3251@brice,true,5,5
1784905900464,brice,Walk,http://localhost:3251@Ant,true,5,5
1784905900795,Bee,Talk,http://localhost:3251@Ant,true,5,5
1784905900796,brice,Talk,http://localhost:3251@Bee,true,5,5
1784905901389,bear,Explore,null,false,4,null
1784905902055,alice,Play,http://localhost:3251@Bat,true,5,5
1784905902056,Bat,Play,http://localhost:3251@Ant,true,5,5
1784905902177,Bee,Play,http://localhost:3251@brice,true,5,5
1784905902178,brice,Play,http://localhost:3251@Bat,true,5,5
1784905902350,Ant,Explore,null,false,-1,null
1784905903156,alice,Fight,http://localhost:3251@brice,true,5,5
1784905903157,brice,Fight,http://localhost:3251@Bat,true,5,5
1784905903323,Bat,Walk,http://localhost:3251@brice,true,5,5
1784905903323,Bee,Walk,http://localhost:3251@Bat,true,5,5
1784905903376,Ant,Sing,http://localhost:3251@bear,true,5,5
1784905903376,bear,Sing,http://localhost:3251@alice,true,5,5
1784905904145,Ant,Talk,http://localhost:3251@brice,true,5,5
1784905904147,brice,Talk,http://localhost:3251@bear,true,5,5
1784905904334,bear,Fight,http://localhost:3251@Bee,true,5,-4
1784905904335,Bee,Fight,http://localhost:3251@alice,true,5,5
1784905904973,Bat,Fight,http://localhost:3251@Ant,true,5,5
1784905904974,bear,Fight,http://localhost:3251@Bat,true,5,5
1784905905141,alice,Dance,http://localhost:3251@Ant,true,5,5
1784905905141,brice,Dance,http://localhost:3251@alice,true,5,5
1784905905299,Ant,Fight,http://localhost:3251@Bee,true,5,5
1784905905300,Bee,Fight,http://localhost:3251@alice,true,5,5
1784905906185,bear,Walk,http://localhost:3251@alice,true,5,5
1784905906186,Bee,Walk,http://localhost:3251@bear,true,5,5
1784905906415,alice,Sing,http://localhost:3251@Bat,true,5,5
1784905906416,brice,Sing,http://localhost:3251@alice,true,5,5
1784905906695,Bat,Exercise,http://localhost:3251@brice,true,5,5
1784905906696,Bee,Exercise,http://localhost:3251@Bat,true,5,5
1784905906805,Ant,Explore,null,false,-2,null
1784905907313,Ant,Exercise,http://localhost:3251@bear,true,5,5
1784905907314,bear,Exercise,http://localhost:3251@brice,true,5,5
1784905907534,alice,Exercise,http://localhost:3251@Bee,true,5,5
1784905907535,Bee,Exercise,http://localhost:3251@alice,true,5,5
1784905907959,Bat,Play,http://localhost:3251@Ant,true,5,5
1784905907960,brice,Play,http://localhost:3251@Bat,true,5,5
1784905908335,alice,Talk,http://localhost:3251@Ant,true,5,5
1784905908336,Ant,Talk,http://localhost:3251@alice,true,5,5
1784905908580,bear,Talk,http://localhost:3251@Bee,false,4,-5
1784905908580,Bee,Talk,http://localhost:3251@Ant,true,5,5
1784905909318,Bat,Walk,http://localhost:3251@brice,true,5,5
1784905909320,Bee,Walk,http://localhost:3251@Bat,true,5,5
1784905909381,Ant,Dance,http://localhost:3251@brice,true,5,5
1784905909381,brice,Dance,http://localhost:3251@Ant,true,5,5
1784905909758,alice,Sing,http://localhost:3251@Bat,true,5,5
1784905909759,bear,Sing,http://localhost:3251@alice,true,5,5
1784905910595,Bee,Exercise,http://localhost:3251@brice,true,5,5
1784905910596,brice,Exercise,http://localhost:3251@Bat,true,5,5
1784905910659,Ant,Play,http://localhost:3251@Bat,true,5,5
1784905910659,Bat,Play,http://localhost:3251@Ant,true,5,5
1784905911441,alice,Talk,http://localhost:3251@brice,true,5,5
1784905911441,Ant,Talk,http://localhost:3251@alice,true,5,5
1784905911787,Bat,Sing,http://localhost:3251@bear,true,5,5
1784905911788,bear,Sing,http://localhost:3251@alice,true,5,5
1784905912613,Bat,Play,http://localhost:3251@Bee,true,5,5
1784905912613,Bee,Play,http://localhost:3251@alice,true,5,5
1784905912732,Ant,Play,http://localhost:3251@bear,true,5,5
1784905912732,bear,Play,http://localhost:3251@Ant,true,5,5
1784905912859,brice,Explore,null,false,-3,null
1784905913028,alice,Explore,null,true,5,null
1784905913864,alice,Exercise,http://localhost:3251@bear,true,5,5
1784905913865,Ant,Exercise,http://localhost:3251@bear,true,5,5
1784905913865,Bat,Exercise,http://localhost:3251@Ant,true,5,5
1784905913866,bear,Exercise,http://localhost:3251@brice,true,5,5
1784905914106,Bee,Walk,http://localhost:3251@brice,true,5,5
1784905914107,brice,Walk,http://localhost:3251@Ant,true,5,5
1784905915179,Ant,Walk,http://localhost:3251@Bee,true,5,5
1784905915181,Bee,Walk,http://localhost:3251@Ant,true,5,5
1784905915404,alice,Sing,http://localhost:3251@brice,true,5,5
1784905915405,brice,Sing,http://localhost:3251@Bat,true,5,5
1784905915702,Bat,Exercise,http://localhost:3251@brice,true,5,5
1784905915702,Bee,Exercise,http://localhost:3251@Bat,true,5,5
1784905916357,Ant,Exercise,http://localhost:3251@bear,true,5,5
1784905916358,brice,Exercise,http://localhost:3251@Ant,true,5,5
1784905916413,alice,Exercise,http://localhost:3251@bear,true,5,5
1784905916414,bear,Exercise,http://localhost:3251@brice,true,5,5
1784905917025,Bat,Sing,http://localhost:3251@bear,true,5,5
1784905917026,Bee,Sing,http://localhost:3251@Bat,true,5,5
1784905917439,alice,Fight,http://localhost:3251@Bee,true,5,5
1784905917440,Ant,Fight,http://localhost:3251@alice,true,5,5
1784905917612,bear,Exercise,http://localhost:3251@brice,true,5,5
1784905917613,Bee,Exercise,http://localhost:3251@bear,true,5,5
1784905917956,bear,Fight,http://localhost:3251@brice,true,5,5
1784905917958,brice,Fight,http://localhost:3251@Bat,true,5,5
1784905918271,Bat,Exercise,http://localhost:3251@brice,true,5,5
1784905918271,Bee,Exercise,http://localhost:3251@Bat,true,5,5
1784905918601,Ant,Exercise,http://localhost:3251@bear,true,5,5
1784905918602,brice,Exercise,http://localhost:3251@Ant,true,5,5
1784905919035,alice,Explore,null,true,5,null
1784905919546,Bee,Dance,http://localhost:3251@alice,true,5,5
1784905919546,brice,Dance,http://localhost:3251@Bee,true,5,5
1784905919657,Ant,Fight,http://localhost:3251@bear,true,5,5
1784905919658,Bat,Fight,http://localhost:3251@Ant,true,5,5
1784905919902,alice,Dance,http://localhost:3251@bear,true,5,5
1784905919903,bear,Dance,http://localhost:3251@Bee,false,-5,-5
1784905920869,alice,Dance,http://localhost:3251@Bee,true,5,5
1784905920870,Bee,Dance,http://localhost:3251@alice,true,5,5
1784905920979,Bat,Play,http://localhost:3251@Ant,true,5,5
1784905920980,bear,Play,http://localhost:3251@Bat,true,5,5
1784905921262,Ant,Explore,null,true,-1,null
1784905921935,Ant,Talk,http://localhost:3251@bear,true,5,5
1784905921936,bear,Talk,http://localhost:3251@Ant,true,5,5
1784905922100,alice,Sing,http://localhost:3251@Bee,false,4,4
1784905922101,Bee,Sing,http://localhost:3251@Bat,true,5,5
1784905922392,brice,Explore,null,true,-2,null
1784905922887,Bat,Play,http://localhost:3251@Ant,true,5,5
1784905922887,bear,Play,http://localhost:3251@Bat,true,5,5
1784905923315,alice,Walk,http://localhost:3251@Bee,true,5,5
1784905923316,Ant,Walk,http://localhost:3251@alice,true,5,5
1784905923591,Bat,Walk,http://localhost:3251@brice,true,5,5
1784905923592,brice,Walk,http://localhost:3251@Ant,true,5,5
1784905923812,Ant,Exercise,http://localhost:3251@Bee,true,5,5
1784905923813,Bee,Exercise,http://localhost:3251@Ant,true,5,5
1784905924265,alice,Talk,http://localhost:3251@brice,true,5,5
1784905924266,Ant,Talk,http://localhost:3251@alice,true,5,5
1784905925067,alice,Play,http://localhost:3251@Bee,true,5,5
1784905925068,Bee,Play,http://localhost:3251@alice,true,5,5
1784905925191,Bat,Fight,http://localhost:3251@Ant,true,5,5
1784905925191,bear,Fight,http://localhost:3251@Bat,true,5,5
1784905926112,bear,Walk,http://localhost:3251@brice,true,5,5
1784905926113,brice,Walk,http://localhost:3251@Ant,true,5,5
1784905926287,Ant,Walk,http://localhost:3251@Bee,true,5,5
1784905926287,Bat,Walk,http://localhost:3251@Ant,true,5,5
1784905926645,alice,Explore,null,true,5,null
1784905927047,Bee,Walk,http://localhost:3251@alice,true,5,5
1784905927048,brice,Walk,http://localhost:3251@Bee,true,5,5
1784905927632,alice,Fight,http://localhost:3251@Bee,true,5,5
1784905927633,Bee,Fight,http://localhost:3251@alice,true,5,5
1784905927690,bear,Explore,null,true,5,null
1784905927987,Bat,Fight,http://localhost:3251@Ant,true,5,5
1784905927987,brice,Fight,http://localhost:3251@Bat,true,5,5
1784905928738,alice,Exercise,http://localhost:3251@Ant,true,5,5
1784905928739,Ant,Exercise,http://localhost:3251@bear,true,5,5
1784905928965,Bat,Walk,http://localhost:3251@Bee,true,5,5
1784905928965,Bee,Walk,http://localhost:3251@alice,true,5,5
1784905929273,bear,Explore,null,false,4,null
1784905929739,Ant,Fight,http://localhost:3251@bear,true,5,5
1784905929740,Bee,Fight,http://localhost:3251@Ant,true,5,5
1784905929798,bear,Exercise,http://localhost:3251@brice,true,5,5
1784905929799,brice,Exercise,http://localhost:3251@Bat,true,5,5
1784905930743,alice,Dance,http://localhost:3251@Ant,true,5,5
1784905930744,bear,Dance,http://localhost:3251@alice,false,-5,4
1784905930982,Bat,Dance,http://localhost:3251@alice,false,-5,-5
1784905930983,Bee,Dance,http://localhost:3251@Bat,true,5,5
1784905931383,brice,Explore,null,false,-3,null
1784905932033,alice,Play,http://localhost:3251@Bee,true,5,5
1784905932033,bear,Walk,http://localhost:3251@alice,true,5,5
1784905932034,Bee,Walk,http://localhost:3251@bear,true,5,5
1784905932034,brice,Play,http://localhost:3251@alice,true,5,5
1784905932223,Ant,Exercise,http://localhost:3251@bear,true,5,5
1784905932224,Bat,Exercise,http://localhost:3251@Ant,true,5,5
1784905933085,bear,Fight,http://localhost:3251@brice,true,5,5
1784905933085,brice,Fight,http://localhost:3251@Bat,true,5,5
1784905933200,alice,Exercise,http://localhost:3251@Bee,true,5,5
1784905933200,Ant,Exercise,http://localhost:3251@alice,true,5,5
1784905933201,Bat,Exercise,http://localhost:3251@Bee,true,5,5
1784905933201,Bee,Exercise,http://localhost:3251@Ant,true,5,5
1784905934258,Ant,Exercise,http://localhost:3251@brice,true,5,5
1784905934259,brice,Exercise,http://localhost:3251@Bat,true,5,5
1784905934367,bear,Walk,http://localhost:3251@alice,true,5,5
1784905934368,Bee,Walk,http://localhost:3251@bear,true,5,5
1784905934967,Bat,Fight,http://localhost:3251@Ant,true,5,5
1784905934968,bear,Fight,http://localhost:3251@Bat,true,5,5
1784905935146,alice,Walk,http://localhost:3251@Bee,true,5,5
1784905935147,Ant,Walk,http://localhost:3251@alice,true,5,5
1784905935583,Ant,Fight,http://localhost:3251@Bee,true,5,5
1784905935584,Bee,Fight,http://localhost:3251@alice,true,5,5
1784905936003,brice,Explore,null,true,-2,null
1784905936346,alice,Sing,http://localhost:3251@bear,true,5,5
1784905936347,Bat,Play,http://localhost:3251@Ant,true,5,5
1784905936347,bear,Sing,http://localhost:3251@alice,true,5,5
1784905936347,Bee,Play,http://localhost:3251@Bat,true,5,5
1784905936568,Ant,Fight,http://localhost:3251@bear,true,5,5
1784905936569,brice,Fight,http://localhost:3251@Ant,true,5,5
1784905937789,Bat,Sing,http://localhost:3251@brice,true,5,5
1784905937790,brice,Sing,http://localhost:3251@Bat,true,5,5
1784905937840,Bee,Explore,null,false,-5,null
1784905938213,Ant,Walk,http://localhost:3251@bear,true,5,5
1784905938213,bear,Walk,http://localhost:3251@alice,true,5,5
1784905938496,alice,Fight,http://localhost:3251@Bee,true,5,5
1784905938496,Bee,Fight,http://localhost:3251@alice,true,5,5
1784905939030,Ant,Sing,http://localhost:3251@brice,true,5,5
1784905939031,Bat,Sing,http://localhost:3251@bear,true,5,5
1784905939031,bear,Sing,http://localhost:3251@Bat,true,5,5
1784905939031,brice,Sing,http://localhost:3251@Bat,true,5,5
1784905939512,Bat,Talk,http://localhost:3251@Bee,true,-3,5
1784905939513,Bee,Talk,http://localhost:3251@Ant,true,5,5
1784905940092,alice,Explore,null,true,5,null
1784905940678,Ant,Exercise,http://localhost:3251@Bat,true,5,5
1784905940679,Bat,Exercise,http://localhost:3251@brice,true,5,5
1784905941150,Bat,Fight,http://localhost:3251@Bee,true,5,5
1784905941151,Bee,Fight,http://localhost:3251@alice,true,5,5
1784905941252,bear,Explore,null,true,5,null
1784905941371,alice,Play,http://localhost:3251@Bee,true,5,5
1784905941372,brice,Play,http://localhost:3251@alice,true,5,5
1784905942005,alice,Sing,http://localhost:3251@Ant,true,5,5
1784905942005,Ant,Sing,http://localhost:3251@Bat,true,5,5
1784905942284,Bat,Exercise,http://localhost:3251@brice,true,5,5
1784905942285,bear,Exercise,http://localhost:3251@Bat,true,5,5
1784905942525,Bee,Exercise,http://localhost:3251@brice,true,5,5
1784905942526,brice,Exercise,http://localhost:3251@Bat,true,5,5
1784905943011,alice,Fight,http://localhost:3251@Bee,true,5,5
1784905943012,Bat,Fight,http://localhost:3251@alice,true,5,-4
1784905943283,Ant,Dance,http://localhost:3251@Bee,true,5,5
1784905943284,bear,Dance,http://localhost:3251@Ant,true,-4,5
1784905943808,Bat,Sing,http://localhost:3251@brice,true,5,5
1784905943809,brice,Sing,http://localhost:3251@Bat,true,5,5
1784905944186,alice,Sing,http://localhost:3251@Bat,true,5,5
1784905944186,bear,Sing,http://localhost:3251@alice,true,5,5
1784905944451,Ant,Walk,http://localhost:3251@Bee,true,5,5
1784905944452,Bat,Walk,http://localhost:3251@Ant,true,5,5
1784905944890,bear,Exercise,http://localhost:3251@Bee,true,5,-4
1784905944892,Bee,Exercise,http://localhost:3251@Ant,true,5,5
1784905945406,brice,Explore,null,false,-3,null
1784905945466,alice,Sing,http://localhost:3251@Bat,true,5,5
1784905945468,Ant,Sing,http://localhost:3251@alice,true,5,5
1784905946080,Ant,Exercise,http://localhost:3251@Bee,true,5,5
1784905946080,Bee,Exercise,http://localhost:3251@Ant,true,5,5
1784905946504,bear,Explore,null,true,5,null
1784905946740,Bee,Dance,http://localhost:3251@brice,true,5,5
1784905946740,brice,Dance,http://localhost:3251@Ant,true,5,5
1784905946802,Ant,Fight,http://localhost:3251@Bat,true,5,5
1784905946803,Bat,Fight,http://localhost:3251@Ant,true,5,5
1784905947523,alice,Sing,http://localhost:3251@Bat,true,5,5
1784905947524,bear,Sing,http://localhost:3251@alice,true,5,5
1784905947755,Ant,Talk,http://localhost:3251@Bee,true,5,5
1784905947756,Bee,Talk,http://localhost:3251@Ant,true,5,5
1784905948711,Bat,Sing,http://localhost:3251@bear,true,5,5
1784905948712,bear,Sing,http://localhost:3251@Bat,true,5,5
1784905948950,brice,Explore,null,true,-2,null
1784905949066,alice,Dance,http://localhost:3251@Bee,true,5,5
1784905949066,Bee,Dance,http://localhost:3251@alice,true,5,5
1784905949357,Ant,Explore,null,false,-2,null
1784905949912,Ant,Exercise,http://localhost:3251@bear,true,5,5
1784905949912,bear,Exercise,http://localhost:3251@brice,true,5,5
1784905950028,Bat,Sing,http://localhost:3251@bear,true,5,5
1784905950029,Bee,Sing,http://localhost:3251@Bat,true,5,5
1784905950262,alice,Exercise,http://localhost:3251@Bee,true,5,5
1784905950263,brice,Exercise,http://localhost:3251@alice,true,5,5
1784905951111,bear,Exercise,http://localhost:3251@brice,true,5,5
1784905951112,Bee,Exercise,http://localhost:3251@bear,true,5,5
1784905951224,Ant,Dance,http://localhost:3251@Bee,true,5,5
1784905951225,brice,Dance,http://localhost:3251@Ant,true,5,5
1784905952164,alice,Walk,http://localhost:3251@Bee,true,5,5
1784905952165,bear,Walk,http://localhost:3251@alice,true,5,5
1784905952219,Bat,Explore,null,false,-5,null
1784905952328,Ant,Exercise,http://localhost:3251@bear,true,5,5
1784905952328,Bee,Exercise,http://localhost:3251@Ant,true,5,5
1784905953121,Ant,Play,http://localhost:3251@brice,true,5,5
1784905953122,brice,Play,http://localhost:3251@Bat,true,5,5
1784905953408,alice,Play,http://localhost:3251@Bee,true,5,5
1784905953409,Bee,Play,http://localhost:3251@alice,true,5,5
1784905954083,alice,Walk,http://localhost:3251@bear,true,5,5
1784905954084,Bat,Play,http://localhost:3251@Ant,true,5,5
1784905954085,bear,Walk,http://localhost:3251@alice,true,5,5
1784905954085,Bee,Play,http://localhost:3251@Bat,true,5,5
1784905954692,Ant,Explore,null,true,-1,null
1784905955087,alice,Sing,http://localhost:3251@brice,true,5,5
1784905955088,brice,Sing,http://localhost:3251@Bat,true,5,5
1784905955980,Ant,Walk,http://localhost:3251@Bee,true,5,5
1784905955980,Bee,Walk,http://localhost:3251@Ant,true,5,5
1784905956170,bear,Fight,http://localhost:3251@brice,true,5,5
1784905956170,brice,Fight,http://localhost:3251@Bat,true,5,5
1784905956713,Bat,Play,http://localhost:3251@Ant,true,5,5
1784905956714,Bee,Play,http://localhost:3251@Bat,true,5,5
1784905957179,alice,Exercise,http://localhost:3251@Ant,true,5,5
1784905957181,Ant,Exercise,http://localhost:3251@bear,true,5,5
1784905957181,Bat,Talk,http://localhost:3251@brice,true,-2,5
1784905957181,brice,Talk,http://localhost:3251@bear,true,5,5
1784905957961,Bat,Play,http://localhost:3251@Bee,true,5,5
1784905957962,Bee,Play,http://localhost:3251@alice,true,5,5
1784905958451,bear,Explore,null,false,4,null
1784905958911,alice,Exercise,http://localhost:3251@Bee,true,5,5
1784905958911,Bee,Exercise,http://localhost:3251@alice,true,5,5
1784905958960,Ant,Exercise,http://localhost:3251@bear,true,5,5
1784905958961,bear,Exercise,http://localhost:3251@Ant,true,5,5
1784905959475,Bat,Explore,null,false,-5,null
1784905959645,alice,Play,http://localhost:3251@brice,true,5,5
1784905959646,brice,Play,http://localhost:3251@Bat,true,5,5
1784905960028,Bat,Exercise,http://localhost:3251@Bee,true,5,5
1784905960029,Bee,Exercise,http://localhost:3251@Ant,true,5,5
1784905960489,bear,Explore,null,true,5,null
1784905960921,Ant,Walk,http://localhost:3251@Bee,true,5,5
1784905960922,Bat,Walk,http://localhost:3251@Ant,true,5,5
1784905961278,alice,Sing,http://localhost:3251@Bee,true,5,5
1784905961278,Bee,Sing,http://localhost:3251@Bat,true,5,5
1784905961786,brice,Explore,null,true,-1,null
1784905961892,alice,Fight,http://localhost:3251@Bat,true,5,5
1784905961893,Bat,Fight,http://localhost:3251@Ant,true,5,5
1784905962000,Ant,Fight,http://localhost:3251@bear,true,5,5
1784905962000,bear,Fight,http://localhost:3251@Ant,true,5,5
1784905962438,Bat,Exercise,http://localhost:3251@Bee,true,5,5
1784905962438,Bee,Exercise,http://localhost:3251@Ant,true,5,5
1784905962965,bear,Talk,http://localhost:3251@Ant,true,5,5
1784905962966,brice,Talk,http://localhost:3251@bear,true,5,5
1784905963142,alice,Dance,http://localhost:3251@Ant,true,5,5
1784905963143,Ant,Dance,http://localhost:3251@alice,true,5,5
1784905963997,Bat,Explore,null,false,-5,null
1784905964223,Ant,Play,http://localhost:3251@bear,true,5,5
1784905964223,bear,Play,http://localhost:3251@brice,true,5,5
1784905964559,bear,Talk,http://localhost:3251@brice,true,5,5
1784905964559,brice,Talk,http://localhost:3251@bear,true,5,5
1784905964835,alice,Exercise,http://localhost:3251@Bee,true,5,5
1784905964836,Bee,Exercise,http://localhost:3251@Ant,true,5,5
1784905965344,Ant,Exercise,http://localhost:3251@bear,true,5,5
1784905965344,bear,Exercise,http://localhost:3251@Ant,true,5,5
1784905965562,Bat,Explore,null,false,-5,null
1784905966401,alice,Dance,http://localhost:3251@brice,true,5,5
1784905966401,brice,Dance,http://localhost:3251@Ant,true,5,5
1784905966511,Bat,Fight,http://localhost:3251@Ant,true,5,5
1784905966511,bear,Fight,http://localhost:3251@Bat,true,5,5
1784905966913,Ant,Fight,http://localhost:3251@bear,true,5,5
1784905966914,Bat,Fight,http://localhost:3251@Ant,true,5,5
1784905967557,Bee,Exercise,http://localhost:3251@brice,true,5,5
1784905967557,brice,Exercise,http://localhost:3251@Bat,true,5,5
1784905967671,alice,Play,http://localhost:3251@Bee,true,5,5
1784905967671,Ant,Play,http://localhost:3251@alice,true,5,5
1784905967900,Bat,Talk,http://localhost:3251@alice,false,-3,-5
1784905967900,bear,Talk,http://localhost:3251@Bat,true,5,5
1784905968755,bear,Exercise,http://localhost:3251@brice,true,5,5
1784905968755,brice,Exercise,http://localhost:3251@Bat,true,5,5
1784905968810,Bat,Walk,http://localhost:3251@Bee,true,5,5
1784905968811,Bee,Walk,http://localhost:3251@alice,true,5,5
1784905969313,alice,Explore,null,true,5,null
1784905969981,Bat,Sing,http://localhost:3251@bear,true,5,5
1784905969982,bear,Sing,http://localhost:3251@alice,true,5,5
1784905970037,alice,Walk,http://localhost:3251@Bee,true,5,5
1784905970037,Ant,Exercise,http://localhost:3251@bear,true,5,5
1784905970038,Bee,Walk,http://localhost:3251@alice,true,5,5
1784905970038,brice,Exercise,http://localhost:3251@Ant,true,5,5
1784905971254,Bat,Sing,http://localhost:3251@bear,true,5,5
1784905971254,Bee,Sing,http://localhost:3251@Bat,true,5,5
1784905971548,bear,Explore,null,true,5,null
1784905971611,alice,Explore,null,true,5,null
1784905972245,Ant,Explore,null,true,null,null
1784905972595,Bat,Walk,http://localhost:3251@Bee,true,5,5
1784905972595,Bee,Walk,http://localhost:3251@alice,true,5,5
1784905972871,alice,Play,http://localhost:3251@Bee,true,5,5
1784905972871,Ant,Play,http://localhost:3251@alice,true,5,5
1784905973287,Bat,Play,http://localhost:3251@brice,true,5,5
1784905973287,brice,Play,http://localhost:3251@Bat,true,5,5
1784905973567,bear,Fight,http://localhost:3251@Bee,false,4,-5
1784905973567,Bee,Fight,http://localhost:3251@alice,true,5,5
1784905974178,alice,Sing,http://localhost:3251@Bat,true,5,5
1784905974178,bear,Sing,http://localhost:3251@alice,true,5,5
1784905974533,Ant,Play,http://localhost:3251@Bat,true,5,5
1784905974534,Bat,Play,http://localhost:3251@Ant,true,5,5
1784905974534,Bee,Talk,http://localhost:3251@Ant,true,5,5
1784905974535,brice,Talk,http://localhost:3251@Bee,true,5,5
1784905975480,bear,Walk,http://localhost:3251@alice,true,5,5
1784905975481,brice,Walk,http://localhost:3251@bear,true,5,5
1784905975796,alice,Explore,null,true,5,null
1784905976256,alice,Fight,http://localhost:3251@Bee,true,5,5
1784905976260,Ant,Talk,http://localhost:3251@alice,true,5,5
1784905976261,bear,Talk,http://localhost:3251@Ant,true,5,5
1784905976261,Bee,Fight,http://localhost:3251@alice,true,5,5
