1784907456151,Bee,Talk,http://localhost:3251@brice,true,0.3,0.3
1784907456152,brice,Talk,http://localhost:3251@Bee,false,-0.5,-0.5
1784907456683,bear,Explore,null,true,0.3,null
1784907456787,Ant,Explore,null,false,-0.5,null
1784907457388,Ant,Walk,http://localhost:3251@brice,false,-0.5,-0.5
1784907457389,brice,Walk,http://localhost:3251@Ant,true,0.3,0.3
1784907457665,Bee,Explore,null,false,-0.5,null
1784907457721,Bat,Play,http://localhost:3251@bear,false,-0.5,-0.5
1784907457722,bear,Play,http://localhost:3251@Bat,false,-0.5,-0.5
1784907458333,Ant,Talk,http://localhost:3251@Bat,true,0.3,0.3
1784907458335,Bat,Talk,http://localhost:3251@Ant,false,-0.5,-0.5
1784907458916,Bee,Sing,http://localhost:3251@brice,false,-0.5,-0.2313239027798366
1784907458916,brice,Sing,http://localhost:3251@Bee,false,-0.5,-0.9367100480126935
1784907459644,Ant,Sing,http://localhost:3251@brice,true,0.3,-0.14779349536693914
1784907459645,brice,Sing,http://localhost:3251@Ant,true,-0.1975,0.5754949405063094
1784907460165,Bat,Exercise,http://localhost:3251@brice,true,0.3,0.3
1784907460166,brice,Exercise,http://localhost:3251@Bat,true,0.3,0.3
1784907460508,Bee,Explore,null,false,-0.9477934953669391,null
1784907460914,Ant,Play,http://localhost:3251@Bat,false,-0.5,-0.2313239027798366
1784907460915,Bat,Play,http://localhost:3251@Ant,true,-0.1323538652837669,-0.14332675525065391
1784907461665,bear,Play,http://localhost:3251@brice,false,-0.8757384217604294,-0.5
1784907461666,brice,Play,http://localhost:3251@bear,false,-0.5,-0.5
1784907461831,alice,Explore,null,false,-0.5,null
1784907462237,Ant,Sing,http://localhost:3251@Bat,false,-0.23266728326593744,-0.717819862641938
1784907462238,Bat,Sing,http://localhost:3251@Ant,true,0.3,0.1650402584149495
1784907463087,alice,Dance,http://localhost:3251@Bat,true,0.3,0.3
1784907463088,Bat,Dance,http://localhost:3251@alice,false,-0.5,-0.5
1784907463201,bear,Explore,null,true,0.504962963316379,null
1784907463326,Bee,Explore,null,false,-1.3032956005613183,null
1784907464384,Bat,Play,http://localhost:3251@bear,true,0.1843994742745212,-0.07762655453309486
1784907464385,Bee,Play,http://localhost:3251@Bat,true,0.3,0.3
1784907464445,Ant,Explore,null,false,-0.8573686193415653,null
1784907464498,alice,Play,http://localhost:3251@bear,false,-0.5,-0.5
1784907464499,bear,Play,http://localhost:3251@brice,true,-0.48429993781445885,-0.14779349536693914
1784907464499,brice,Explore,null,true,0.3,null
1784907465644,bear,Sing,http://localhost:3251@Bee,false,-0.5,-0.5
1784907465644,Bee,Sing,http://localhost:3251@brice,true,-0.06643842732183997,0.13046806572681294
1784907465887,Ant,Walk,http://localhost:3251@brice,false,-0.8331497906841058,-0.6099555320820842
1784907465888,brice,Walk,http://localhost:3251@Ant,true,0.5029184577572982,0.7238863536297646
1784907465942,Bat,Explore,null,true,0.3,null
1784907466044,alice,Explore,null,false,-0.9195443051852896,null
1784907466934,Ant,Talk,http://localhost:3251@Bat,false,-0.301109574961589,-1.0643172776520875
1784907466935,Bee,Talk,http://localhost:3251@Ant,false,-0.31826886905278173,-0.5
1784907467373,alice,Sing,http://localhost:3251@brice,true,0.3,0.3
1784907467374,brice,Sing,http://localhost:3251@alice,false,-0.6356120109044721,-0.5
1784907468143,Ant,Exercise,http://localhost:3251@brice,true,0.3,-0.24353689826158104
1784907468144,brice,Exercise,http://localhost:3251@Ant,true,0.5019038654685117,0.9614329759564282
1784907468272,Bat,Talk,http://localhost:3251@Bee,true,-0.010572269152660962,0.3
1784907468273,Bee,Talk,http://localhost:3251@Bat,false,-0.7937402450408928,-0.2581680227220815
1784907469128,Bee,Fight,http://localhost:3251@brice,true,0.3,0.40623082011848394
1784907469129,brice,Fight,http://localhost:3251@Bee,false,-0.5,-1.093615902398349
1784907469691,Ant,Explore,null,true,-0.3740241534003131,null
1784907470153,Bat,Play,http://localhost:3251@bear,true,0.4324594683995902,0.24423860378344758
1784907470154,bear,Play,http://localhost:3251@Bat,false,-0.8325412073312887,-0.7310598245195854
1784907470270,alice,Explore,null,false,-1.2338567490762344,null
1784907470711,Bee,Explore,null,false,-1.41761093735524,null
1784907470711,brice,Explore,null,true,0.5300088434595966,null
1784907471269,bear,Fight,http://localhost:3251@Bee,false,-0.5,-0.8381974295954973
1784907471269,Bee,Fight,http://localhost:3251@bear,true,0.5796690358246214,0.3
1784907471332,Ant,Explore,null,false,-0.8539594705312321,null
1784907471963,Bat,Explore,null,false,-0.28665093425308574,null
1784907472084,bear,Sing,http://localhost:3251@brice,false,-0.8348239102352821,-0.5946040016169944
1784907472085,brice,Sing,http://localhost:3251@bear,false,-1.02801478434501,-0.8074743107678631
1784907472376,alice,Play,http://localhost:3251@Ant,true,-0.03650644244751977,0.3
1784907472377,Ant,Play,http://localhost:3251@alice,false,-0.8044072545179537,-0.5
1784907472651,Bat,Walk,http://localhost:3251@Bee,false,-0.5,-0.24953204980438226
1784907472651,Bee,Walk,http://localhost:3251@Bat,true,0.3,0.08337415257200853
1784907473603,brice,Explore,null,false,-0.025330974823676744,null
1784907473917,Ant,Explore,null,false,-1.2842050450960043,null
1784907474045,alice,Fight,http://localhost:3251@Bee,false,-0.5,-0.5
1784907474046,Bee,Fight,http://localhost:3251@alice,false,-0.0012619250340620836,-0.5
1784907474877,Bat,Explore,null,true,0.04456275663921805,null
1784907474936,Ant,Sing,http://localhost:3251@brice,false,-0.638145173567166,-0.6943584397516778
1784907474937,bear,Explore,null,true,0.5592562679571247,null
1784907474937,brice,Sing,http://localhost:3251@bear,false,-1.4206766671414846,-1.2231634880755027
1784907475893,Bat,Talk,http://localhost:3251@Bee,false,-0.5074810194260414,-0.7114891047329929
1784907475893,bear,Talk,http://localhost:3251@Bat,false,-0.5,-1.0493745293548908
1784907476015,Bee,Walk,http://localhost:3251@Bat,false,-0.25450396369319794,-0.43177325337711103
1784907476015,brice,Walk,http://localhost:3251@Bee,false,-0.16322175088840785,-1.3469191144993564
1784907476725,alice,Play,http://localhost:3251@Ant,false,-0.527433746138638,-0.2745569469437425
1784907476725,bear,Play,http://localhost:3251@alice,false,-1.1162977514610306,-0.5
1784907477020,Ant,Fight,http://localhost:3251@Bee,true,0.3,0.3
1784907477021,Bee,Fight,http://localhost:3251@Ant,true,0.2989304644597631,0.00013606180663355838
1784907477817,Bat,Sing,http://localhost:3251@Ant,true,0.4414436212265056,0.37781297266122915
1784907477818,brice,Sing,http://localhost:3251@Bat,false,-1.7408475510357422,-0.3661441812668985
1784907478558,Ant,Explore,null,false,-1.519755569749079,null
1784907478558,Bee,Explore,null,true,-0.6636831661909661,null
1784907478621,bear,Walk,http://localhost:3251@brice,false,-0.5,-0.9228606941145421
1784907478621,brice,Walk,http://localhost:3251@bear,false,-0.6454483803169615,-1.552390529267402
1784907479772,Bat,Sing,http://localhost:3251@Ant,true,0.6933744084913477,0.6366725613296618
1784907479772,brice,Sing,http://localhost:3251@Bat,false,-2.1392217574162924,-0.844769711699903
1784907480203,bear,Explore,null,false,-0.05590838367736961,null
1784907480504,alice,Sing,http://localhost:3251@Ant,false,-0.37075944331760274,-0.7094492440039214
1784907480505,Ant,Sing,http://localhost:3251@brice,false,-0.9676818276099495,-1.008879229320503
1784907480882,Bee,Explore,null,false,-1.091414079561651,null
1784907481008,bear,Exercise,http://localhost:3251@brice,true,0.3,-0.5560169424027921
1784907481008,brice,Exercise,http://localhost:3251@bear,false,-0.20348680889835613,-1.9043087422543525
1784907481421,Bat,Explore,null,false,-0.46814933837157696,null
1784907481907,Ant,Sing,http://localhost:3251@brice,false,-1.4111912787141137,-1.4499836917503843
1784907481908,Bee,Sing,http://localhost:3251@Ant,true,0.2699069572943053,0.3001113421140709
1784907482632,bear,Explore,null,false,-0.5518588817959171,null
1784907482687,alice,Fight,http://localhost:3251@brice,false,-0.7767537615161446,-0.3888034680762102
1784907482688,brice,Fight,http://localhost:3251@Bee,true,0.020457805089624415,-0.6723928674799096
1784907482961,Ant,Fight,http://localhost:3251@Bee,false,-0.2745569469437425,-0.2745569469437425
1784907482962,Bee,Fight,http://localhost:3251@Ant,true,0.5303405373709554,0.582591684348292
1784907483818,Bee,Exercise,http://localhost:3251@brice,false,-0.5,-0.2935148753248651
1784907483818,brice,Exercise,http://localhost:3251@bear,false,-0.6724637900126413,-2.113983259265928
1784907484156,bear,Explore,null,false,-1.0222541801982916,null
1784907484554,alice,Walk,http://localhost:3251@Bee,false,-0.5,-0.7478570684505252
1784907484555,Bee,Walk,http://localhost:3251@alice,true,0.1217074142798957,-0.013701441026904349
1784907484857,Ant,Walk,http://localhost:3251@brice,false,-0.8448143257090285,-1.7227786944430483
1784907484858,brice,Walk,http://localhost:3251@Ant,false,-0.9778002361572204,-0.03520042535972062
1784907484920,Bat,Explore,null,false,-0.8754913758631637,null
1784907485625,alice,Fight,http://localhost:3251@Bee,false,-1.155040436533369,-1.2041992719651402
1784907485625,Bee,Fight,http://localhost:3251@alice,false,-0.020248391779761288,-0.5129015893585255
1784907486169,bear,Play,http://localhost:3251@brice,true,-0.44006978085835663,-0.1437380379413048
1784907486170,brice,Play,http://localhost:3251@bear,false,-0.6659769456761178,-2.43159911260529
1784907486788,alice,Exercise,http://localhost:3251@brice,true,0.3,-0.010290703235315557
1784907486788,Bat,Exercise,http://localhost:3251@Bee,false,-0.4205236978216499,-0.8840671703288203
1784907486789,Bee,Exercise,http://localhost:3251@Bat,false,-0.9411101214744007,-0.7695413046447361
1784907486790,brice,Exercise,http://localhost:3251@alice,true,-0.3083177920506249,0.07802243393427319
1784907487123,Ant,Explore,null,false,-1.4631060068966946,null
1784907488024,alice,Play,http://localhost:3251@Ant,true,0.038543635760397155,-0.16100567795189258
1784907488025,bear,Play,http://localhost:3251@alice,false,-0.894120770751853,-0.7968727954098875
1784907488330,Bat,Explore,null,false,-1.2383063738336169,null
1784907488331,brice,Explore,null,true,0.2864625459198166,null
1784907489353,Bat,Talk,http://localhost:3251@Bee,true,0.055887739419455934,-0.4878002613979961
1784907489354,brice,Talk,http://localhost:3251@Bat,true,0.18196324568157968,-0.24619328833201176
1784907489642,bear,Explore,null,true,-0.4682003446114155,null
1784907489928,Ant,Play,http://localhost:3251@Bee,false,-0.8166423480113927,-0.6811123804517165
1784907489928,Bee,Play,http://localhost:3251@Ant,true,0.3831438107264532,0.7000325562060521
1784907490935,Bat,Sing,http://localhost:3251@bear,false,-0.11428346595173383,-0.4143281422484003
1784907490936,bear,Sing,http://localhost:3251@Bat,false,-0.850742059884956,-1.046929080494981
1784907492086,alice,Dance,http://localhost:3251@Bat,false,-0.4473097482642225,-0.4473097482642225
1784907492087,Ant,Dance,http://localhost:3251@alice,false,-0.5,-0.6736361075944616
1784907492254,Bee,Explore,null,true,-0.3101925747135022,null
1784907492865,Bat,Play,http://localhost:3251@bear,true,0.4358554490780929,-0.07106689409260303
1784907492866,Bee,Play,http://localhost:3251@Bat,true,0.6414229194044807,-0.25001982713439225
1784907493320,alice,Dance,http://localhost:3251@Bat,false,-0.9233136288650452,-0.9233136288650452
1784907493321,brice,Dance,http://localhost:3251@alice,false,-0.5,-0.4477524471681054
1784907493498,bear,Dance,http://localhost:3251@Bee,false,-0.5,-0.7954929473166086
1784907493499,Bee,Dance,http://localhost:3251@bear,true,0.3,0.40314245245272395
1784907493936,Ant,Walk,http://localhost:3251@brice,false,-0.99164767556035,-1.5025873317393807
1784907493937,Bat,Walk,http://localhost:3251@Ant,true,0.13813119068238894,0.6047256436895112
1784907494617,alice,Exercise,http://localhost:3251@Bee,false,-0.3127202397069382,-1.2114130681566972
1784907494618,Bee,Exercise,http://localhost:3251@Bat,true,-0.33656204809789664,0.06339259154720259
1784907494846,brice,Explore,null,true,0.4918290195216539,null
1784907495020,bear,Explore,null,false,-0.855386699430787,null
1784907495503,Ant,Explore,null,true,-0.6042563036198632,null
1784907495503,Bat,Explore,null,true,-0.576235168086741,null
1784907495629,Bee,Talk,http://localhost:3251@brice,true,0.08221235774210081,0.13424702914136905
1784907495630,brice,Talk,http://localhost:3251@Bee,true,0.4249438058611823,-0.052209052580410975
1784907496239,alice,Explore,null,true,0.04431097026923991,null
1784907496966,alice,Sing,http://localhost:3251@bear,false,-0.6488993895065682,-0.5774740111456186
1784907496967,bear,Sing,http://localhost:3251@Bat,false,-1.1111125936821828,-1.2520393970754284
1784907497082,Ant,Explore,null,false,-1.0718407203117999,null
1784907497082,Bat,Explore,null,true,-0.24532279036845644,null
1784907497321,bear,Fight,http://localhost:3251@Bee,false,-0.6493937621198741,-1.174214359964132
1784907497322,Bee,Fight,http://localhost:3251@Ant,true,0.2890697658153448,0.7978376395299522
1784907498385,Ant,Play,http://localhost:3251@Bat,false,-1.046862768449793,-0.7307335456124137
1784907498387,Bee,Play,http://localhost:3251@Ant,true,0.7942477181263077,1.0703287137679114
1784907498498,brice,Explore,null,true,0.7024735827774231,null
1784907498562,alice,Explore,null,false,-0.45848440089898895,null
1784907498890,bear,Explore,null,true,-0.4249768813462845,null
1784907499530,bear,Exercise,http://localhost:3251@Bee,true,0.42859435389898526,-0.8001386864408502
1784907499531,Bee,Exercise,http://localhost:3251@Bat,false,-0.7593375123463664,-0.4511529089927012
1784907500076,Ant,Fight,http://localhost:3251@Bee,true,0.1919249474009242,-0.10643967110147545
1784907500077,brice,Fight,http://localhost:3251@Ant,true,0.30817490685584675,0.28460583154843105
1784907500328,alice,Walk,http://localhost:3251@Bat,true,0.07578589826951154,-0.3938488113992937
1784907500328,Bat,Walk,http://localhost:3251@alice,true,0.3992236239239634,0.22631368315158404
1784907501146,Ant,Talk,http://localhost:3251@Bat,false,-0.5550489371913284,-1.1162313520995844
1784907501147,Bat,Talk,http://localhost:3251@Ant,false,-0.4692203872071326,-0.08058565540002866
1784907501444,bear,Walk,http://localhost:3251@brice,false,-0.6798367628576703,-0.5698385702342229
1784907501444,brice,Walk,http://localhost:3251@Ant,false,-0.9046805663022937,-0.23066196787252907
1784907501969,alice,Explore,null,true,-0.09447273077297019,null
1784907501970,bear,Fight,http://localhost:3251@Bee,true,-0.24217441489328523,-0.4130108293675227
1784907501970,Bee,Fight,http://localhost:3251@Ant,true,0.52274238698266,1.1541926102955902
1784907502157,Bat,Talk,http://localhost:3251@Bee,false,-0.9440488623753069,-0.7542392072310251
1784907502158,brice,Talk,http://localhost:3251@Bat,false,-0.20230589404860755,-0.6184257102314024
1784907503766,brice,Explore,null,false,0.04949146782378511,null
1784907503829,alice,Exercise,http://localhost:3251@brice,true,0.08634644326885832,0.2956109676598565
1784907503830,Bat,Exercise,http://localhost:3251@alice,true,0.12243377454783885,0.48800300899532273
1784907504231,Bee,Explore,null,false,-0.6708354540742155,null
1784907504760,Ant,Explore,null,true,-0.3826648147190372,null
1784907504877,bear,Explore,null,false,-0.8177634839366272,null
1784907505444,alice,Explore,null,true,0.21993031248483075,null
1784907505445,Bat,Explore,null,false,-0.6546896740810572,null
1784907505881,Bee,Explore,null,true,-0.3348482042643645,null
1784907506937,bear,Walk,http://localhost:3251@brice,true,-0.20832717673841178,-0.1260793876256725
1784907506938,Bee,Walk,http://localhost:3251@bear,true,0.3392042621268777,0.5038907459916504
1784907507126,Bat,Explore,null,false,-1.1195685714231787,null
1784907507189,Ant,Explore,null,false,-0.8409960817245898,null
1784907507904,bear,Walk,http://localhost:3251@brice,true,0.09682918064446341,0.17704123442369332
1784907507904,brice,Walk,http://localhost:3251@Ant,false,-1.124314233559954,-0.659178338794613
1784907508525,alice,Explore,null,false,-0.31453163790827754,null
1784907509253,alice,Play,http://localhost:3251@bear,true,0.31379380974099075,-0.034386122374031214
1784907509254,bear,Play,http://localhost:3251@brice,true,-0.03474955625239101,0.46754378301268756
1784907509878,Bee,Explore,null,false,-0.7753899729023517,null
1784907510546,Bat,Play,http://localhost:3251@bear,false,-0.3223055214101923,-0.5289733550825002
1784907510547,bear,Play,http://localhost:3251@brice,false,-0.5328854017059351,-0.0575377996826405
1784907510850,Ant,Explore,null,false,-1.1711701078893615,null
1784907510850,brice,Explore,null,false,-0.4684784473365884,null
1784907511215,alice,Play,http://localhost:3251@Ant,true,0.581029653776853,0.2483963380909046
1784907511216,bear,Play,http://localhost:3251@alice,true,-0.23288540170593514,0.017663702619527877
1784907511892,alice,Dance,http://localhost:3251@Bat,false,-0.9182115318532231,-0.737389056560741
1784907511892,Bat,Dance,http://localhost:3251@alice,true,0.2588031305066648,0.628432312921402
1784907512542,alice,Sing,http://localhost:3251@bear,true,-0.03651230025707408,0.2692042361400345
1784907512543,bear,Sing,http://localhost:3251@Bat,true,-0.2820167536840476,-0.3558362397418829
1784907512940,Bee,Explore,null,true,-0.3506208948579153,null
1784907513464,Ant,Exercise,http://localhost:3251@brice,false,-0.47240008848750015,-1.0114487050311838
1784907513465,bear,Exercise,http://localhost:3251@Ant,false,-0.26864154401539747,-0.5
1784907514379,alice,Exercise,http://localhost:3251@brice,false,-0.4450051881975191,-0.31172276566640755
1784907514379,Ant,Exercise,http://localhost:3251@alice,false,-0.9584040592857374,-0.6992663560300039
1784907514776,Bat,Explore,null,false,-1.2130631043328228,null
1784907515454,Bat,Play,http://localhost:3251@bear,false,-0.7572209743648447,-0.9221554790995862
1784907515454,bear,Play,http://localhost:3251@brice,true,0.1103780639421271,0.2531510824963216
1784907515908,Ant,Explore,null,false,-1.4024438258294243,null
1784907516474,alice,Talk,http://localhost:3251@bear,true,0.3,0.5074350251557572
1784907516475,bear,Talk,http://localhost:3251@alice,false,-0.5798394538165699,-0.4863892535653874
1784907516852,Ant,Dance,http://localhost:3251@Bee,true,0.1628092479759051,0.25682244379836305
1784907516854,Bee,Dance,http://localhost:3251@Ant,true,0.38190287895838454,0.8124097328089261
1784907517531,Ant,Sing,http://localhost:3251@brice,false,-0.7121829121593028,-1.410392263337242
1784907517532,brice,Sing,http://localhost:3251@bear,true,0.058289269208986666,-0.0748876161358002
1784907517687,alice,Exercise,http://localhost:3251@brice,true,-0.062335915964204014,0.04618643373097081
1784907517687,Bat,Exercise,http://localhost:3251@alice,false,-0.43961130788686786,-0.039436503149710145
1784907518091,bear,Explore,null,false,-0.9664582271815314,null
1784907519047,alice,Play,http://localhost:3251@Bat,true,0.6989599987028262,-0.20632310267925863
1784907519048,Bat,Play,http://localhost:3251@bear,false,-1.1196491593831475,-1.2546183832584954
1784907519225,Ant,Fight,http://localhost:3251@Bee,true,0.36937720854715744,0.528856805396325
1784907519225,Bee,Fight,http://localhost:3251@Ant,false,-0.30429066430297047,0.1851093002554528
1784907519947,bear,Explore,null,false,-1.3964566611927622,null
1784907520436,Ant,Exercise,http://localhost:3251@brice,true,-0.4496863458167321,-0.889391039518656
1784907520437,brice,Exercise,http://localhost:3251@Ant,false,-0.5392902483279954,-0.7755617774215755
1784907521218,bear,Dance,http://localhost:3251@Bee,false,-0.6508989794397859,-0.676151021506739
1784907521218,Bee,Dance,http://localhost:3251@Ant,true,0.5884333366946485,0.4657814811726349
1784907522220,Bee,Fight,http://localhost:3251@brice,false,-0.7591953537122952,-0.4706033291567302
1784907522220,brice,Fight,http://localhost:3251@Bee,true,0.37497319929596323,0.29031050946432574
1784907522455,Ant,Sing,http://localhost:3251@brice,false,-1.0378783586321267,-1.296527044668189
1784907522456,bear,Sing,http://localhost:3251@Ant,true,0.11674330359116197,-0.03650644244751977
1784907523137,Ant,Sing,http://localhost:3251@Bat,false,-1.5378783586321267,-0.8613660797746933
1784907523138,Bat,Sing,http://localhost:3251@Ant,true,0.27941850025114734,0.2756794136852988
1784907524219,Bat,Play,http://localhost:3251@Bee,false,-1.3164621294619951,-0.7322378913666958
1784907524221,Bee,Play,http://localhost:3251@Ant,false,-0.3189640623321802,-0.10324646816974559
1784907525119,Ant,Sing,http://localhost:3251@brice,false,-1.877303851322102,-1.6611527543394717
1784907525119,brice,Sing,http://localhost:3251@Ant,true,0.3353099160514534,-0.27411810410705434
1784907525814,alice,Dance,http://localhost:3251@Bat,true,-0.0800186878211302,0.17564048621170486
1784907525815,brice,Dance,http://localhost:3251@alice,false,-0.5700838024312391,-0.5627603880908666
1784907526617,bear,Fight,http://localhost:3251@Bee,false,-0.5719969003908734,-0.9713087711927203
1784907526618,Bee,Fight,http://localhost:3251@Ant,true,-0.2733846512798164,0.21293172311334463
1784907526996,alice,Talk,http://localhost:3251@Bee,false,-0.34903255088064744,-0.7282328443296608
1784907526997,Bee,Talk,http://localhost:3251@alice,false,-0.486403626352701,-0.5513840234412277
1784907527199,Bat,Explore,null,true,-0.31044347493976493,null
1784907527423,Ant,Explore,null,false,-1.3326948379586376,null
1784907527602,brice,Explore,null,true,0.14053992059951945,null
1784907528240,bear,Explore,null,false,-1.3761409338955777,null
1784907529266,Ant,Exercise,http://localhost:3251@brice,false,-0.7878484447584355,-1.8257089986250932
1784907529268,Bee,Exercise,http://localhost:3251@Ant,false,-0.632698787515198,-0.3167969114761212
1784907530025,Bat,Explore,null,false,-0.7631141476082132,null
1784907530522,alice,Explore,null,false,-0.5871711965657571,null
1784907530687,Ant,Exercise,http://localhost:3251@bear,true,-0.43078376948970515,0.3
1784907530687,bear,Exercise,http://localhost:3251@Ant,true,0.19425345334383384,0.27864797089286464
1784907530928,Bat,Play,http://localhost:3251@brice,false,-1.4268810913564218,-0.491997814145001
1784907530929,brice,Play,http://localhost:3251@bear,true,0.2539572523412117,0.26641828083474783
1784907531489,alice,Fight,http://localhost:3251@Bee,true,0.20241658864762757,-0.2527639395015992
1784907531489,Bat,Fight,http://localhost:3251@alice,true,0.3,0.2813130927504003
1784907532054,bear,Exercise,http://localhost:3251@brice,false,-0.3198165245924609,-0.3962738731562537
1784907532054,brice,Exercise,http://localhost:3251@bear,false,-0.7796701690674434,-0.2478738397860124
1784907532231,Ant,Explore,null,true,-0.7424654543957452,null
1784907532758,alice,Walk,http://localhost:3251@Bee,false,-0.4872765423666073,-0.7392043117590265
1784907532759,Bee,Explore,null,false,-0.5996393902085241,null
1784907532759,brice,Walk,http://localhost:3251@alice,true,0.057478404359129015,-0.09424142271718833
1784907533375,alice,Walk,http://localhost:3251@Bat,false,-0.9872765423666072,-0.3817916896702931
1784907533376,Bat,Walk,http://localhost:3251@alice,true,0.3694178906360662,0.5519403461903712
1784907533500,Ant,Sing,http://localhost:3251@brice,false,-1.7445925363856631,-2.0166506086220823
1784907533500,brice,Sing,http://localhost:3251@Ant,true,0.5313952140039299,0.11083286140434304
1784907534357,Bee,Explore,null,false,-1.064634125744575,null
1784907535059,brice,Explore,null,true,0.39845514968400536,null
1784907535112,Ant,Fight,http://localhost:3251@Bee,true,0.46647151560626376,0.5383460373185784
1784907535112,bear,Fight,http://localhost:3251@Ant,false,-0.8362329217099018,-0.29578535153919366
1784907535726,Bee,Play,http://localhost:3251@Ant,false,-0.6645843028830404,-0.7252944169831279
1784907535729,brice,Play,http://localhost:3251@Bee,true,0.5240462288590738,0.45749929309731974
1784907536697,alice,Sing,http://localhost:3251@brice,false,-0.5081163995453909,-0.48592058642162206
1784907536699,Bee,Sing,http://localhost:3251@alice,false,-0.4862556551783909,-0.8290269676047202
1784907537464,Bat,Play,http://localhost:3251@bear,false,-1.4365405056547587,-0.9227855821464412
1784907537464,Bee,Play,http://localhost:3251@Bat,false,-1.1416698659790634,-0.5541360939845461
1784907537578,bear,Explore,null,false,-1.254106358676235,null
1784907537629,Ant,Explore,null,false,-1.0523800887715713,null
1784907538433,alice,Talk,http://localhost:3251@Bee,false,-0.6783030414010306,-1.0256951643662637
1784907538434,brice,Talk,http://localhost:3251@alice,true,0.2760866217413205,0.22738237639809894
1784907538496,Ant,Talk,http://localhost:3251@Bee,true,0.21942183694915418,0.7539899782433711
1784907538497,Bee,Talk,http://localhost:3251@brice,false,-0.7719406746460007,-0.6987123609833323
1784907539112,Bat,Explore,null,false,-0.9645949651144494,null
1784907539236,bear,Explore,null,false,-1.6868292961064155,null
1784907540104,brice,Explore,null,false,-0.18987735357227348,null
1784907540167,alice,Fight,http://localhost:3251@Bee,true,0.42200489533174723,-0.6185992456650728
1784907540168,Bee,Fight,http://localhost:3251@alice,true,0.16242605522634107,-0.3991226997057084
1784907541397,bear,Walk,http://localhost:3251@brice,true,0.3168368730444606,0.06938467697140843
1784907541398,brice,Walk,http://localhost:3251@Ant,true,0.33966547674433867,0.3772556693027688
1784907542419,alice,Explore,null,false,-0.7999560067008114,null
1784907542791,Bat,Sing,http://localhost:3251@Bee,false,-0.408171163259106,-0.7492381729857533
1784907542791,Bee,Sing,http://localhost:3251@brice,false,-0.8475450242762594,-1.0330215731679906
1784907542848,Ant,Explore,null,false,-1.263571640880294,null
1784907543464,alice,Fight,http://localhost:3251@Bee,false,-0.1423327681689881,-1.0242893678658564
1784907543465,bear,Fight,http://localhost:3251@alice,true,-0.2352805309950355,0.19349317537814092
1784907543769,brice,Explore,null,true,0.13987545251276176,null
1784907543829,alice,Talk,http://localhost:3251@Bee,false,-1.0148648049318396,-1.5242893678658564
1784907543829,Bat,Fight,http://localhost:3251@bear,true,0.4400327211047712,-0.34322455333518026
1784907543830,bear,Fight,http://localhost:3251@Bat,false,-0.7352805309950354,-0.5634439118099603
1784907543830,Bee,Talk,http://localhost:3251@brice,false,-1.057293751393829,-1.4776046968136156
1784907545234,Ant,Play,http://localhost:3251@bear,true,0.2158799795589178,0.433186539639436
1784907545235,bear,Play,http://localhost:3251@brice,false,-0.47846191456845366,-0.4432211227436379
1784907545418,brice,Explore,null,true,0.4323717750889298,null
1784907545475,Bee,Explore,null,false,-1.1258164028625868,null
1784907546110,alice,Explore,null,true,-0.3779969940356877,null
1784907546230,Ant,Talk,http://localhost:3251@Bat,false,-0.363707324394112,-0.7399238134102987
1784907546231,Bat,Talk,http://localhost:3251@Ant,false,-0.5789622368119115,-0.4276952388931705
1784907547149,Bat,Walk,http://localhost:3251@bear,false,-0.3416498167830968,-0.7822789527871337
1784907547149,bear,Walk,http://localhost:3251@brice,false,-0.26779758904803685,-0.8969430715476655
1784907547653,alice,Explore,null,true,-0.05771918646138785,null
1784907547654,Bee,Explore,null,false,-1.5082665243585436,null
1784907548209,bear,Talk,http://localhost:3251@alice,true,0.19968034647121624,0.4528799200201832
1784907548209,Bee,Talk,http://localhost:3251@bear,false,-1.3783136922430546,-0.45052078875829493
1784907548430,Ant,Explore,null,false,-1.4260424097853037,null
1784907548658,Bat,Explore,null,true,-0.25297685412963206,null
1784907548887,alice,Sing,http://localhost:3251@brice,true,0.024336628779922098,0.036378304030205755
1784907548888,brice,Sing,http://localhost:3251@alice,false,-0.25688137269712996,-0.36633941423558564
1784907549587,bear,Dance,http://localhost:3251@Bee,false,-0.6270099993222465,-0.7719066442059256
1784907549588,Bee,Dance,http://localhost:3251@Ant,true,0.43345325462092876,-0.07424929671171243
1784907550052,Ant,Explore,null,false,-1.849541765508521,null
1784907550108,alice,Exercise,http://localhost:3251@brice,false,-0.5097561444371265,-0.465573225375169
1784907550109,bear,Exercise,http://localhost:3251@alice,false,-0.6203376829150546,-0.07355793851543713
1784907550287,Bat,Explore,null,false,-0.7394058044923746,null
1784907551175,Bee,Explore,null,true,-1.0173502925371154,null
1784907551414,alice,Walk,http://localhost:3251@Bee,false,-0.8828256946773699,-1.594941079138187
1784907551414,brice,Walk,http://localhost:3251@alice,true,0.4908559455364655,-0.013616677679169409
1784907551663,Ant,Explore,null,true,-1.4503223203452298,null
1784907551908,Bat,Explore,null,false,-1.1997400694220022,null
1784907552077,bear,Dance,http://localhost:3251@Bee,false,-1.0615419984530619,-1.1913095486118712
1784907552077,Bee,Dance,http://localhost:3251@bear,false,-0.09794221158031707,-0.8934939105787031
1784907552976,brice,Explore,null,false,-0.22736552983968256,null
1784907553031,Bat,Talk,http://localhost:3251@bear,true,-0.14611870852894138,-0.31808249051599563
1784907553031,bear,Talk,http://localhost:3251@alice,false,-0.34064196897369114,-0.5623435048717382
1784907553630,alice,Explore,null,true,0.25618834670579466,null
1784907553882,Ant,Explore,null,true,-0.9988898024721597,null
1784907554314,Bee,Explore,null,false,-1.3930393871348976,null
1784907554376,Bat,Play,http://localhost:3251@bear,true,-0.3157699939146518,-0.0010188216582784904
1784907554377,brice,Play,http://localhost:3251@Bat,false,-0.3067307913307153,-0.532780294690341
1784907555041,alice,Dance,http://localhost:3251@bear,true,0.28238990046905865,0.3599808807119412
1784907555042,bear,Dance,http://localhost:3251@Bee,false,-1.3997023310845558,-1.5096858904229054
1784907555379,bear,Talk,http://localhost:3251@brice,false,-0.8050745159108113,-1.1006359729480677
1784907555380,brice,Talk,http://localhost:3251@Bee,true,0.4171634550502249,0.45967516880529913
1784907555500,Ant,Explore,null,false,-1.4453039392984741,null
1784907555563,alice,Exercise,http://localhost:3251@Bat,true,-0.10681888286273017,0.17515433203345543
1784907555564,Bat,Exercise,http://localhost:3251@brice,false,-0.5565859849881186,-0.6309955341644082
1784907556919,alice,Sing,http://localhost:3251@brice,false,-0.48269267662124715,-0.8498674978327572
1784907556919,Ant,Sing,http://localhost:3251@alice,false,-1.0186561723300456,-0.5864703674322991
1784907556981,bear,Explore,null,true,-0.39116145112365436,null
1784907557046,Bat,Fight,http://localhost:3251@brice,true,0.5328178245131396,-0.2736735409161853
1784907557047,brice,Fight,http://localhost:3251@Bee,false,-0.4364126374004367,-0.08832089885457467
1784907557451,Ant,Talk,http://localhost:3251@Bee,true,0.07294993156879923,0.5923666519097845
1784907557451,Bee,Talk,http://localhost:3251@brice,false,-1.351851361898175,-1.2586264875663828
1784907558195,alice,Play,http://localhost:3251@Ant,false,-0.417380089614933,-0.4798391590853413
1784907558195,Bat,Play,http://localhost:3251@alice,true,0.0403005631803347,0.4454894894985264
1784907558418,Bee,Talk,http://localhost:3251@brice,false,-1.7793307275593777,-1.6911069407829538
1784907558418,brice,Talk,http://localhost:3251@Bee,true,0.6413732490229369,0.219298996761574
1784907558530,bear,Explore,null,false,-0.8701774307173425,null
1784907558990,Ant,Explore,null,false,-1.762357505447944,null
1784907559153,Bat,Talk,http://localhost:3251@Bee,false,-0.6076251452374746,-0.8393646906657769
1784907559153,brice,Talk,http://localhost:3251@Bat,false,0.11925911424292646,-0.8983701938732903
1784907559434,alice,Sing,http://localhost:3251@brice,false,-0.9322932817045038,-1.2611302749065696
1784907559435,Bee,Sing,http://localhost:3251@alice,false,-0.8762719632399228,-0.6501782965798582
1784907559490,Bat,Talk,http://localhost:3251@bear,false,-1.1076251452374746,-0.5007929616900516
1784907559491,bear,Talk,http://localhost:3251@alice,false,-1.18233514992083,-0.9268459099673954
1784907560157,Ant,Exercise,http://localhost:3251@brice,false,-0.6006822119838646,-1.026279316073709
1784907560159,brice,Exercise,http://localhost:3251@Ant,true,0.10840969587308441,0.435010432290856
1784907560608,Bat,Exercise,http://localhost:3251@brice,true,-0.1331978612046711,0.06571293359214256
1784907560608,Bee,Exercise,http://localhost:3251@Bat,true,0.16888742213169672,0.13276285789396533
1784907560663,alice,Exercise,http://localhost:3251@bear,true,0.21560186948823834,0.5844226838723632
1784907560664,bear,Exercise,http://localhost:3251@Ant,true,-0.07578222895109954,0.2146702079694995
1784907561713,Ant,Explore,null,true,-1.2704527326268815,null
1784907561714,brice,Explore,null,true,0.15518888734106823,null
1784907561880,bear,Walk,http://localhost:3251@Bee,false,-0.636120195277543,-1.6459245853821698
1784907561880,Bee,Walk,http://localhost:3251@Bat,true,0.3167613790677044,0.4256407385970754
1784907562630,Bat,Dance,http://localhost:3251@alice,false,-0.4831519930995738,-0.1462477780198766
1784907562630,bear,Dance,http://localhost:3251@Bat,false,-1.5518438896322095,-0.7391098671072949
1784907562852,alice,Explore,null,true,0.4706981881614851,null
1784907563301,Bee,Talk,http://localhost:3251@brice,true,-1.0918346215452732,-1.0228238867912653
1784907563302,brice,Talk,http://localhost:3251@Bee,true,0.3966186512756452,0.4715408672684305
1784907563575,alice,Sing,http://localhost:3251@Ant,true,-0.47447346437808163,-0.07722768908803196
1784907563575,Ant,Sing,http://localhost:3251@brice,false,-1.257860697178592,-1.3698156967514525
1784907564146,bear,Explore,null,true,-0.3909864472441901,null
1784907564819,brice,Explore,null,true,0.4315292319122984,null
1784907565147,alice,Talk,http://localhost:3251@Ant,false,-0.8857116669591263,-0.5691641136716821
1784907565147,Ant,Talk,http://localhost:3251@Bat,false,-0.4506570413085294,-0.8124329956909073
1784907565406,Bat,Explore,null,false,-1.0829224629833532,null
1784907565639,bear,Explore,null,true,-0.07001181499452652,null
1784907566222,Ant,Fight,http://localhost:3251@Bee,true,0.39666571853799015,0.6753971310227156
1784907566223,Bee,Fight,http://localhost:3251@Ant,false,-0.460682350396677,-0.5286469035638249
1784907566279,alice,Exercise,http://localhost:3251@brice,true,0.4620198123402175,-0.5879236093374987
1784907566280,bear,Exercise,http://localhost:3251@alice,true,0.23672993484454363,-0.4286440344388634
1784907567344,Bat,Walk,http://localhost:3251@alice,true,0.1739989220503827,0.18954591095646617
1784907567344,bear,Walk,http://localhost:3251@Bat,true,-0.2391391234404135,-0.332738853518552
1784907567675,brice,Explore,null,true,0.6639108176277125,null
1784907568641,bear,Walk,http://localhost:3251@brice,true,0.07368959531959243,-0.3700831494976366
1784907568642,brice,Walk,http://localhost:3251@bear,true,0.5062277126151263,0.2598200857900651
1784907568860,Ant,Play,http://localhost:3251@Bat,false,-0.43184135629369286,-1.1419073497566639
1784907568860,Bee,Play,http://localhost:3251@Ant,false,-0.6985160926100945,-0.9458106489327431
1784907568912,alice,Play,http://localhost:3251@Ant,false,-0.7345233092720553,-0.9542303440896116
1784907568912,Bat,Play,http://localhost:3251@alice,true,0.32230666490275334,0.47493782064377177
1784907569808,bear,Fight,http://localhost:3251@Bee,true,0.06551477829595947,-0.9245363918307099
1784907569809,Bee,Fight,http://localhost:3251@Ant,true,-0.06765477216541665,-0.5950722392538261
1784907570142,brice,Explore,null,true,0.9127439571317988,null
1784907570812,alice,Sing,http://localhost:3251@brice,false,-0.8021963371148448,-0.9418109781763341
1784907570813,Bat,Sing,http://localhost:3251@alice,true,0.2036416013650422,0.7232213929081817
1784907570813,Bee,Fight,http://localhost:3251@Ant,true,0.2362947235324478,-0.2603335922430107
1784907570813,brice,Fight,http://localhost:3251@Bee,false,-0.7229410992126966,-0.1629721826023135
1784907570992,Ant,Explore,null,false,-1.221052083291442,null
1784907572290,Ant,Play,http://localhost:3251@Bat,true,-0.06417403372162911,-0.6629763329439906
1784907572290,Bat,Play,http://localhost:3251@Ant,true,0.5664074432763169,0.18264833707824207
1784907572341,brice,Explore,null,false,0.3381878072250616,null
1784907573123,alice,Explore,null,true,0.5618442092714071,null
1784907573174,bear,Explore,null,true,0.25288114641379594,null
1784907574013,alice,Sing,http://localhost:3251@Bee,false,-1.1901970472654848,-1.016342426823688
1784907574013,Bee,Sing,http://localhost:3251@brice,true,-0.036393301224959596,-0.18466302989858013
1784907574301,bear,Exercise,http://localhost:3251@Ant,true,0.4522945227199035,0.4153011899780076
1784907574301,brice,Exercise,http://localhost:3251@bear,true,0.35455445081921455,0.4982070428431513
1784907574407,Bat,Explore,null,true,-0.36261196746247787,null
1784907575273,alice,Exercise,http://localhost:3251@Ant,false,-0.22012205661130213,-1.1854512172887057
1784907575274,Ant,Exercise,http://localhost:3251@brice,false,-0.7436684527381762,-1.155624249075261
1784907576219,Bee,Sing,http://localhost:3251@brice,true,0.2682133593494149,0.13871159869364322
1784907576219,brice,Sing,http://localhost:3251@bear,true,0.23687589666480446,0.7461877462623223
1784907577123,bear,Explore,null,true,0.5028299130509578,null
1784907577174,alice,Walk,http://localhost:3251@Bee,false,-0.7398147872748331,-1.3528013545841504
1784907577175,Ant,Walk,http://localhost:3251@alice,true,0.2870834858509836,0.11297120169343708
1784907577732,brice,Explore,null,true,0.55160525633947,null
1784907577796,Bee,Explore,null,false,-0.8175208261889719,null
1784907577852,Bat,Explore,null,false,-0.7908423774356896,null
1784907578185,Ant,Fight,http://localhost:3251@Bee,false,-0.3091929322664523,-0.17511549371828883
1784907578186,Bee,Fight,http://localhost:3251@Ant,false,-0.3464538370585267,-0.6691668081966091
1784907578352,alice,Play,http://localhost:3251@bear,false,-0.9494356260400969,-0.2733846492469665
1784907578352,bear,Play,http://localhost:3251@brice,false,-0.5986547064533773,-0.7089924111207575
1784907579303,Ant,Fight,http://localhost:3251@bear,true,0.011761035830846034,0.3727263344541721
1784907579303,bear,Fight,http://localhost:3251@Bee,false,-0.4622533722929382,-1.0326757090806837
1784907579640,alice,Sing,http://localhost:3251@brice,false,-1.3944055202469126,-1.108936172820623
1784907579641,Bee,Sing,http://localhost:3251@alice,true,0.5330916233878663,0.11054314147332087
1784907579866,brice,Explore,null,true,0.7940104915980553,null
1784907579983,Bat,Explore,null,true,-0.40826814495245506,null
1784907580471,bear,Exercise,http://localhost:3251@Ant,true,0.6248962193370133,0.5983228399464313
1784907580472,brice,Exercise,http://localhost:3251@bear,true,0.5677783513144672,0.9292639588812126
1784907581204,alice,Explore,null,true,0.689673438290382,null
1784907581205,Bee,Explore,null,true,-0.4140391185127253,null
1784907581330,Ant,Play,http://localhost:3251@Bat,true,0.26412129951440666,-0.07065971856959025
1784907581330,Bat,Play,http://localhost:3251@bear,true,0.6431128841450917,0.15333955472198804
1784907582074,alice,Fight,http://localhost:3251@brice,false,-0.5225008337207323,-1.5031552838891606
1784907582074,brice,Fight,http://localhost:3251@Bee,false,-0.9062161641504252,-0.5915730686110255
1784907582468,Bat,Dance,http://localhost:3251@bear,false,-0.6611901348984843,-0.3534243176912629
1784907582469,bear,Dance,http://localhost:3251@Bee,true,-0.2637808773958474,-0.5665064256959635
1784907583085,Bat,Walk,http://localhost:3251@Bee,false,-0.42313852414253983,-0.7349704265757036
1784907583086,Bee,Walk,http://localhost:3251@Bat,false,-0.41221083951114823,-0.3820353566420566
1784907583318,Ant,Play,http://localhost:3251@Bat,true,0.534184077412616,0.23734931247923835
1784907583319,bear,Play,http://localhost:3251@Ant,true,-0.1659404753809049,0.8199742563585932
1784907583983,bear,Dance,http://localhost:3251@brice,true,0.04274802822230561,-0.24905860795945006
1784907583983,brice,Dance,http://localhost:3251@bear,false,-0.5299164584739218,0.2416136710899044
1784907584268,alice,Fight,http://localhost:3251@Ant,true,-0.1428418458970212,-0.42899159196953823
1784907584269,Ant,Fight,http://localhost:3251@Bee,true,0.30874998557552497,0.17854665864828706
1784907584607,Bat,Explore,null,true,-0.0477635650860852,null
1784907585241,alice,Dance,http://localhost:3251@bear,true,0.36060869726125017,0.10848056233346517
1784907585242,Ant,Fight,http://localhost:3251@Bee,true,0.5921869628667324,0.4689684481221939
1784907585242,bear,Dance,http://localhost:3251@Bee,false,-0.4595452077138268,-1.0228464122062029
1784907585243,brice,Fight,http://localhost:3251@Ant,true,-0.44530142826158753,0.4217761337556244
1784907586496,bear,Sing,http://localhost:3251@Bat,true,0.30431339379714234,0.17666864484146355
1784907586496,Bee,Sing,http://localhost:3251@bear,true,0.6534227318667644,0.18839848082201638
1784907587262,Ant,Walk,http://localhost:3251@brice,true,0.4573178130370136,-0.26714500592207496
1784907587263,brice,Walk,http://localhost:3251@Ant,false,-0.30952119331194644,-0.12603071035990643
1784907588131,alice,Explore,null,false,-0.04276852240241186,null
1784907588257,Ant,Talk,http://localhost:3251@Bat,true,0.18814314396850942,0.47836251215374404
1784907588258,Bat,Talk,http://localhost:3251@Ant,false,-0.7205082317327369,-0.42478559668832505
1784907588975,Bat,Exercise,http://localhost:3251@bear,true,0.2723977423480215,0.05240882482482531
1784907588975,bear,Exercise,http://localhost:3251@Ant,false,-0.08984625643662303,0.1192881064690644
1784907589440,alice,Talk,http://localhost:3251@Bee,true,0.06417725934293542,-0.40154834937996303
1784907589440,Bee,Talk,http://localhost:3251@brice,false,-0.7088206809073512,-0.43589864469403133
1784907589881,Ant,Talk,http://localhost:3251@Bat,false,-0.33150144786603186,-0.07158475726033003
1784907589882,Bat,Talk,http://localhost:3251@Ant,true,-0.3750547486512478,-0.09798786686100641
1784907590533,Ant,Exercise,http://localhost:3251@brice,false,-0.8062419282276708,-0.7241583317865941
1784907590534,brice,Exercise,http://localhost:3251@bear,true,0.5929715763585122,0.45621744445951956
1784907590602,Bat,Exercise,http://localhost:3251@Bee,true,0.5552134471131485,-0.1824014973049809
1784907590603,bear,Explore,null,false,-0.23661046116010453,null
1784907590604,Bee,Exercise,http://localhost:3251@Bat,false,-0.4736997265837469,-0.7268318085434815
1784907591305,alice,Exercise,http://localhost:3251@brice,false,-0.5911015514530558,-1.3574106849650258
1784907591307,Bee,Exercise,http://localhost:3251@alice,false,-0.9666296989520187,-0.44520220203422206
1784907591585,Ant,Fight,http://localhost:3251@Bat,true,0.7148561904777397,0.23326653319087975
1784907591585,Bat,Fight,http://localhost:3251@bear,true,0.38380994201058094,0.34646846851217944
1784907591879,bear,Sing,http://localhost:3251@Bat,true,0.5298336367957753,0.43342954329102573
1784907591879,brice,Sing,http://localhost:3251@bear,true,0.3970575320531631,0.7295847506152762
1784907592552,Bee,Dance,http://localhost:3251@Ant,false,-0.5086564731697216,-0.7911828516273592
1784907592552,brice,Dance,http://localhost:3251@Bee,false,-0.8210077243533684,-0.8193355920600343
1784907593340,Ant,Exercise,http://localhost:3251@brice,false,-1.1799079589739225,-1.1106864405096384
1784907593341,Bee,Exercise,http://localhost:3251@Ant,false,-1.3921326345206642,-1.2716000895409914
1784907593558,alice,Explore,null,true,0.2688126601248428,null
1784907594207,bear,Explore,null,true,0.10245554266129583,null
1784907594514,Bat,Walk,http://localhost:3251@brice,false,-0.7150792273391308,-0.49011958065045813
1784907594515,brice,Walk,http://localhost:3251@Ant,false,-0.7041766589590939,-0.5831365668120594
1784907594640,alice,Sing,http://localhost:3251@Ant,true,-0.31595821955111686,0.05283460720292818
1784907594641,Ant,Sing,http://localhost:3251@brice,false,-0.6978560536788629,-1.5511031997129876
1784907595582,Bat,Fight,http://localhost:3251@bear,true,0.5972304769076493,0.5683124558730135
1784907595583,Bee,Fight,http://localhost:3251@Bat,true,0.17413421572945273,-0.2657023234663029
1784907595878,bear,Explore,null,false,-0.40304072797521107,null
1784907596518,bear,Walk,http://localhost:3251@brice,false,-0.4818010764935677,-0.6406477410778665
1784907596518,brice,Walk,http://localhost:3251@Ant,false,-1.1306514549422113,-1.0222495230580975
1784907596696,alice,Dance,http://localhost:3251@Bat,true,0.49079520310693403,0.31989014397091403
1784907596696,Bat,Dance,http://localhost:3251@alice,true,-0.005548953087449682,0.4795096133204336
1784907597530,Ant,Explore,null,true,0.0431306416614442,null
1784907598052,brice,Explore,null,false,-0.21153803897068918,null
1784907598108,bear,Explore,null,false,-0.8795123415768316,null
1784907598222,alice,Explore,null,false,-0.2811250654770406,null
1784907599184,Bee,Talk,http://localhost:3251@brice,false,-0.8943091249880288,-0.7424856071534929
1784907599185,brice,Talk,http://localhost:3251@Bee,false,-0.43915774075532016,-1.0797682022790243
1784907599804,Ant,Explore,null,true,0.33862724157399404,null
1784907600229,alice,Dance,http://localhost:3251@Bat,true,0.7159699653559692,0.5711206044047361
1784907600230,Bat,Dance,http://localhost:3251@alice,false,-0.5043405224789416,-0.1249162278568618
1784907600407,bear,Explore,null,true,-0.48767981130610144,null
1784907601083,Ant,Walk,http://localhost:3251@brice,true,0.5199823852929055,-0.814202229020532
1784907601083,Bat,Walk,http://localhost:3251@Ant,false,-0.998443544744813,-0.5521051292337983
1784907601656,Bat,Exercise,http://localhost:3251@Bee,false,-0.2017901470844375,-0.5979693917100167
1784907601656,Bee,Exercise,http://localhost:3251@Bat,false,-1.2628695913004455,-0.6700785476142697
1784907602279,bear,Sing,http://localhost:3251@Bat,false,-0.16591040127163775,-0.22669854811250678
1784907602280,brice,Sing,http://localhost:3251@bear,false,-0.27351550157386906,-0.08383956237271306
1784907602982,alice,Play,http://localhost:3251@Bee,true,0.05222860628802492,0.10781003192328201
1784907602982,Ant,Sing,http://localhost:3251@brice,true,-0.14894894552313276,-0.4291889241373143
1784907602983,bear,Sing,http://localhost:3251@Ant,true,0.13491915073472044,0.3666921182181297
1784907602983,Bee,Play,http://localhost:3251@Ant,false,-0.5885698039170216,-1.1561410484707169
1784907604201,Bat,Play,http://localhost:3251@bear,true,0.4836781078041015,0.6530041780164066
1784907604201,Bee,Play,http://localhost:3251@Bat,true,-0.2597947029917323,-0.3001136300131915
1784907604871,Ant,Exercise,http://localhost:3251@brice,true,-0.3401238101961663,-0.08245413693932602
1784907604872,bear,Exercise,http://localhost:3251@Ant,false,-0.5447618688073076,-0.17323733277259779
1784907605179,brice,Explore,null,false,-0.6360879210451402,null
1784907605518,Ant,Sing,http://localhost:3251@Bee,true,0.1672702457954234,0.45962686522515017
1784907605519,Bee,Sing,http://localhost:3251@brice,false,-0.2905725675771201,-1.0333488569033722
1784907606203,Bat,Walk,http://localhost:3251@alice,false,-1.2503072034386098,-0.5920082534328543
1784907606204,Bee,Walk,http://localhost:3251@Bat,true,0.19717167195332042,0.01740616131371614
1784907606821,Bat,Talk,http://localhost:3251@brice,false,-0.6468962698942042,-0.7516354318297527
1784907606821,brice,Talk,http://localhost:3251@Bee,false,-0.770059447314228,-1.1640019675695954
1784907606882,alice,Play,http://localhost:3251@bear,true,0.3396440374685676,0.330673849028138
1784907606883,bear,Play,http://localhost:3251@brice,false,-0.5556395914603482,-0.8822932377222434
1784907607166,Ant,Talk,http://localhost:3251@Bat,true,0.16552549206476078,0.40150415933928346
1784907607167,brice,Talk,http://localhost:3251@Ant,false,-1.2700594473142282,-1.0573778253896515
1784907607218,Bat,Fight,http://localhost:3251@Bee,true,0.6223895036117708,-0.14044012760767
1784907607218,Bee,Fight,http://localhost:3251@Ant,true,0.3889563457568797,-0.6798790795724132
1784907608119,bear,Walk,http://localhost:3251@brice,false,-0.7720814735652005,-1.3349622462568758
1784907608119,brice,Walk,http://localhost:3251@bear,false,-1.098218721919968,-0.5617528389612226
1784907609799,Ant,Play,http://localhost:3251@Bat,true,0.4217586316391948,0.6352130792824169
1784907609799,Bat,Dance,http://localhost:3251@Bee,true,-0.003987005549820177,0.18215828848541332
1784907609799,Bee,Dance,http://localhost:3251@Ant,false,-0.6820355157474698,-1.0704787920984447
1784907609799,brice,Play,http://localhost:3251@Ant,false,-0.5154637029849247,-1.4328401220039337
1784907610540,alice,Exercise,http://localhost:3251@bear,false,-0.6820061547808028,-0.25025754743461515
1784907610540,bear,Exercise,http://localhost:3251@Ant,true,-0.08741478588194068,0.17679992300159647
1784907611705,Ant,Play,http://localhost:3251@Bat,true,0.6777215437257849,0.8688885701493398
1784907611705,bear,Play,http://localhost:3251@Ant,true,-0.12387669904365584,0.469001203851645
1784907611894,alice,Dance,http://localhost:3251@Bat,true,0.6210611252965946,0.556106586592763
1784907611894,brice,Dance,http://localhost:3251@alice,true,0.021943735363269712,0.29946032144920315
1784907613190,alice,Sing,http://localhost:3251@brice,true,0.1987327568411142,-0.07244838535178727
1784907613191,Ant,Sing,http://localhost:3251@alice,true,0.40442110512242807,0.3148359530559843
1784907613352,bear,Talk,http://localhost:3251@Bee,true,0.21448645478092837,0.0511605708138734
1784907613352,Bee,Talk,http://localhost:3251@brice,false,-0.8852700305320018,-1.1197281155173173
1784907613407,Bat,Talk,http://localhost:3251@Bee,false,-0.9079041046447057,-0.36242438627921564
1784907613407,brice,Talk,http://localhost:3251@Bat,true,-0.5942103690405698,0.2516594698246383
1784907614449,Ant,Dance,http://localhost:3251@Bee,true,0.30086024375854853,0.5715369175264993
1784907614449,Bee,Dance,http://localhost:3251@Ant,false,-0.9973488033186044,-1.2806064844652947
1784907614619,Bat,Play,http://localhost:3251@bear,false,-0.2466424521395466,-0.15794702175795927
1784907614619,bear,Play,http://localhost:3251@brice,false,-0.6049908105935058,-1.412059393027664
1784907614729,alice,Explore,null,true,0.19888675653291685,null
1784907615324,bear,Dance,http://localhost:3251@brice,false,-0.6052722682928714,-1.9049990960625256
1784907615324,brice,Dance,http://localhost:3251@bear,false,-0.4822221208986167,-0.8650313966157207
1784907615994,Ant,Explore,null,false,-0.3570145715139396,null
1784907616283,Bat,Exercise,http://localhost:3251@Bee,true,0.2189597722974927,-0.011824212719022786
1784907616284,Bee,Exercise,http://localhost:3251@Bat,false,-1.0495281061823056,-0.4910184836976893
1784907616874,bear,Explore,null,true,0.08990663234677657,null
1784907616929,brice,Explore,null,true,-0.03824027802471036,null
1784907617326,alice,Sing,http://localhost:3251@brice,true,0.45860179226599695,0.24218143024726607
1784907617326,Bat,Sing,http://localhost:3251@alice,false,-0.48504826565746223,-0.8039467476521738
1784907617563,Bee,Walk,http://localhost:3251@Bat,true,0.39628199174721274,-0.16467759082036065
1784907617563,brice,Walk,http://localhost:3251@Bee,false,-1.1719713487434646,-1.19112103594999
1784907618438,Ant,Exercise,http://localhost:3251@brice,true,0.13883302050417912,0.2609292739906048
1784907618439,Bat,Exercise,http://localhost:3251@Ant,true,0.5010743648079095,0.09740070441252136
1784907619401,Bat,Talk,http://localhost:3251@Bee,false,-1.1788575662241452,-0.5102758674834311
1784907619402,brice,Talk,http://localhost:3251@Bat,false,-0.9398707368592848,-0.3137063198541685
1784907619562,alice,Explore,null,true,0.4494587920174579,null
1784907619723,Bee,Explore,null,true,0.2595469900482709,null
1784907619785,bear,Explore,null,false,-0.42456036880104475,null
1784907620220,Ant,Exercise,http://localhost:3251@brice,true,0.4243370470478326,0.5336848632876213
1784907620221,Bat,Exercise,http://localhost:3251@Ant,false,-0.03754287329315964,-0.4101058584006693
1784907620554,alice,Talk,http://localhost:3251@Bee,true,0.3105606399274098,0.3370659703052459
1784907620555,Bat,Talk,http://localhost:3251@alice,false,-1.6496793715683857,-1.2057118045564414
1784907620728,bear,Talk,http://localhost:3251@Bee,false,-0.34746505085707036,-0.4636164667126042
1784907620729,Bee,Talk,http://localhost:3251@brice,true,-0.3078645520704208,-0.4688535767674848
1784907620963,brice,Explore,null,true,0.26823308589499684,null
1784907621707,alice,Exercise,http://localhost:3251@brice,false,-0.8870761548959634,-0.3067233127477427
1784907621707,Ant,Exercise,http://localhost:3251@alice,true,0.6896756984368857,0.49654133939987466
1784907622879,bear,Explore,null,true,-0.06164131165733905,null
1784907622942,Bee,Explore,null,true,0.5188773097542414,null
1784907623005,alice,Sing,http://localhost:3251@brice,false,-0.15537137271494011,-0.7888176666956054
1784907623006,Ant,Walk,http://localhost:3251@brice,false,-0.3477198083886426,-0.038518573028316294
1784907623006,Bat,Walk,http://localhost:3251@Ant,false,-0.9799822262428151,-0.8493289328186866
1784907623006,brice,Sing,http://localhost:3251@alice,true,0.20965943758285868,0.4674235910929537
1784907624438,bear,Explore,null,true,0.2416654624073694,null
1784907624501,Bee,Explore,null,false,-0.00895808155279526,null
1784907624561,brice,Explore,null,true,0.5239459706625499,null
1784907624611,Ant,Talk,http://localhost:3251@Bat,true,0.36074087400823657,0.7264239121473107
1784907624611,Bat,Talk,http://localhost:3251@Ant,true,-0.9584788003731026,-0.4606479430863037
1784907625673,Bat,Walk,http://localhost:3251@bear,false,-1.3431612158166892,-0.5887494615915111
1784907625673,bear,Walk,http://localhost:3251@brice,true,-0.01794238190807501,-0.8539921339362373
1784907625728,Bee,Play,http://localhost:3251@Ant,false,-0.5807993943919977,-1.2304672343466327
1784907625728,brice,Play,http://localhost:3251@Bee,true,0.0711572436323594,-0.4857268542224155
1784907626751,Ant,Explore,null,false,-0.6879491117670262,null
1784907626862,alice,Sing,http://localhost:3251@brice,false,-0.616757988741326,-1.0927782102819021
1784907626862,brice,Sing,http://localhost:3251@alice,false,-0.31961233421798246,-0.0978361312956238
1784907627618,Ant,Sing,http://localhost:3251@bear,false,-0.31310906083678997,-0.47423132335964585
1784907627619,bear,Sing,http://localhost:3251@Bat,false,-0.4627946537653296,-0.5622018885966504
1784907627870,Bat,Explore,null,false,-0.5039750700384089,null
1784907627933,Bee,Explore,null,false,-0.5075923579724969,null
1784907628551,alice,Talk,http://localhost:3251@Bee,false,-0.31467938629239456,-0.2988628807194684
1784907628551,bear,Talk,http://localhost:3251@alice,true,0.0637954028660706,0.28093530213579454
1784907629114,brice,Explore,null,true,0.7266117524713108,null
1784907629873,Ant,Explore,null,false,-1.1038880193569205,null
1784907630096,Bat,Explore,null,true,-0.15135351638059424,null
1784907630148,bear,Explore,null,true,0.4834357706905367,null
1784907630662,brice,Explore,null,true,0.9876323596974967,null
1784907631619,Bat,Explore,null,true,0.15676590660235565,null
1784907631808,Ant,Sing,http://localhost:3251@Bee,true,0.050118405174942454,0.5227324367587067
1784907631808,Bee,Sing,http://localhost:3251@brice,true,0.23540798473990782,0.046909312693957095
1784907632316,alice,Talk,http://localhost:3251@Bee,false,-0.7352919005724292,-0.723465591577374
1784907632316,brice,Talk,http://localhost:3251@alice,false,-1.0124610925626467,-0.5742623541105807
1784907632541,Ant,Talk,http://localhost:3251@bear,true,0.5452294197781281,-0.06725469295646147
1784907632541,bear,Talk,http://localhost:3251@alice,true,0.3506583568141942,0.5230837981723546
1784907632939,alice,Play,http://localhost:3251@Bat,true,0.36864149799267587,0.45803428144663505
1784907632940,Bat,Play,http://localhost:3251@bear,false,-0.5995509581870846,-0.922915743169946
1784907633402,Bee,Explore,null,false,-0.8627951603139214,null
1784907633619,Ant,Walk,http://localhost:3251@brice,false,-0.7033757050009743,-0.5225288918154173
1784907633619,brice,Walk,http://localhost:3251@Ant,false,-1.0281859361052967,-0.934601230373411
1784907634178,alice,Dance,http://localhost:3251@Bat,false,-0.33297499199304237,-0.06653716004141746
1784907634178,bear,Dance,http://localhost:3251@alice,true,0.0745253698364722,0.7779546838600688
1784907634685,Bat,Exercise,http://localhost:3251@brice,false,-0.5177006664994412,-0.6629471886208428
1784907634686,Bee,Exercise,http://localhost:3251@Bat,true,-0.10089032627080369,0.2335320752129396
1784907635607,Ant,Walk,http://localhost:3251@brice,false,-1.123650538040446,-0.9633020762664979
1784907635608,Bee,Walk,http://localhost:3251@Ant,false,-0.344009785296301,-1.21608202797931
1784907636284,Bat,Talk,http://localhost:3251@Bee,false,-1.030525226673476,-0.7101310940524603
1784907636285,Bee,Talk,http://localhost:3251@Bat,true,0.16125110754346014,0.5210041489111028
1784907636867,alice,Walk,http://localhost:3251@Ant,false,-0.5222564784549738,-0.4959822585429079
1784907636868,Ant,Walk,http://localhost:3251@brice,false,-1.5633718327844153,-1.411625331618599
1784907637085,brice,Explore,null,false,0.16468930361570755,null
1784907637374,Ant,Fight,http://localhost:3251@Bee,true,0.36161765511915267,0.7027908985517151
1784907637375,Bee,Fight,http://localhost:3251@Ant,false,-0.4281744314154877,-1.6056085903353716
1784907637868,Bat,Talk,http://localhost:3251@Bee,false,-1.422924986631846,-1.1359841695489998
1784907637869,Bee,Talk,http://localhost:3251@Bat,false,-0.35117633407282384,-0.01914905525023558
1784907637994,Ant,Sing,http://localhost:3251@bear,false,-0.46138131855836517,-0.5534052938010289
1784907637994,bear,Sing,http://localhost:3251@Bat,false,-0.7412064018720458,-0.7930169861962777
1784907638449,alice,Explore,null,true,0.4411957200465514,null
1784907638989,Ant,Play,http://localhost:3251@brice,false,-0.3257767248878485,-1.8493579430397529
1784907638989,brice,Play,http://localhost:3251@bear,true,0.3347471879519651,0.037623407170482626
1784907639307,Bat,Play,http://localhost:3251@bear,false,-0.903505520011075,-1.1211341868258544
1784907639307,bear,Play,http://localhost:3251@brice,false,-0.6602747749261816,-0.8753523271090419
1784907639524,Ant,Fight,http://localhost:3251@Bee,true,0.6456665478784962,0.9717904956901295
1784907639525,Bee,Fight,http://localhost:3251@Ant,false,-0.8777441509078364,-1.916500400646354
1784907640170,alice,Fight,http://localhost:3251@Bee,false,-0.5052512859200146,-0.979634596698298
1784907640171,Bat,Fight,http://localhost:3251@alice,false,-0.4025903157198368,-0.908346609488267
1784907640474,bear,Exercise,http://localhost:3251@Ant,true,0.28224484061404365,0.39965656367903696
1784907640474,brice,Exercise,http://localhost:3251@bear,false,-0.45732718747015727,-0.46527618653240616
1784907640705,alice,Exercise,http://localhost:3251@Ant,false,-0.7772781439765177,-0.9161730640892298
1784907640707,Ant,Exercise,http://localhost:3251@brice,false,-0.2159922342229063,-2.2240271760817762
1784907641159,Bee,Explore,null,true,-0.2924323376648971,null
1784907641441,alice,Sing,http://localhost:3251@Bat,true,0.030273816992017255,0.2538523962700632
1784907641441,Bat,Sing,http://localhost:3251@Ant,true,0.16353402427736446,0.10646384649629564
1784907641971,Ant,Sing,http://localhost:3251@brice,false,-0.8949803669677143,-2.604718303714548
1784907641972,bear,Sing,http://localhost:3251@Ant,false,-1.1157340196933898,-0.12929097334675937
1784907642080,Bee,Talk,http://localhost:3251@brice,false,-0.7816701296861057,-0.47100822394136954
1784907642080,brice,Talk,http://localhost:3251@Bee,true,-0.2632209361918753,0.10394869846784746
1784907642410,Bat,Fight,http://localhost:3251@bear,false,-0.8605546493541306,-1.459783100703302
1784907642411,bear,Fight,http://localhost:3251@Bat,false,-0.5189750322717371,-1.1522027699670094
1784907642977,alice,Explore,null,false,-0.1316487078828686,null
1784907643323,Bat,Sing,http://localhost:3251@brice,true,0.45093064083433804,-0.11593497679018694
1784907643324,brice,Sing,http://localhost:3251@bear,true,0.1722834120881862,-0.09434150531148106
1784907643659,bear,Play,http://localhost:3251@brice,false,-1.0430312901766952,-1.2199180123189457
1784907643659,Bee,Play,http://localhost:3251@bear,false,-0.7229639128320338,-0.4923818578208342
1784907643768,alice,Exercise,http://localhost:3251@Ant,false,-1.2102183835050235,-1.33713012855274
1784907643768,Ant,Exercise,http://localhost:3251@brice,false,-0.6821473604672715,-2.8210880681964987
1784907644617,Bat,Walk,http://localhost:3251@alice,false,-1.0130499458482438,-1.2508076133501425
1784907644618,bear,Walk,http://localhost:3251@Bat,false,-0.5063252965526939,-1.5634037975318802
1784907644985,Bee,Sing,http://localhost:3251@brice,false,-0.3735603741778063,-0.9093311079426999
1784907644985,brice,Sing,http://localhost:3251@Bee,true,0.45821069454486285,0.39033692778651385
1784907645446,alice,Fight,http://localhost:3251@Bee,false,-0.913457293440928,-1.3016547017281495
1784907645447,bear,Fight,http://localhost:3251@alice,false,-0.9601510342262651,-0.07154924875571972
1784907646529,brice,Explore,null,false,-0.3997347624757375,null
1784907646586,Bee,Explore,null,true,0.07239623950247323,null
1784907646988,alice,Explore,null,false,-0.6088162284459359,null
1784907647522,alice,Fight,http://localhost:3251@Bat,true,-0.5515524017453088,0.49560568199505706
1784907647523,Bat,Fight,http://localhost:3251@bear,false,-1.1370350088812402,-1.5806204361560905
1784907647644,bear,Explore,null,false,-0.31718305532501545,null
1784907648068,Ant,Fight,http://localhost:3251@Bee,true,0.6682928856446255,0.8543163527299391
1784907648069,Bat,Fight,http://localhost:3251@Ant,true,-0.8200646192443115,0.37347001494555143
1784907648493,Bee,Walk,http://localhost:3251@brice,false,-0.6820128503690237,-1.2706970790943455
1784907648493,brice,Walk,http://localhost:3251@Ant,false,-0.9474072969714915,-0.9066846234169614
1784907649390,Ant,Sing,http://localhost:3251@brice,false,-1.0367446748893667,-2.398628619319899
1784907649390,Bee,Sing,http://localhost:3251@Ant,true,-0.008771971017355995,-0.932934542057843
1784907649455,alice,Dance,http://localhost:3251@Bat,true,0.14063076543508873,0.7438580013285646
1784907649455,bear,Dance,http://localhost:3251@alice,false,-0.4667478186805061,-0.5579661517566009
1784907649763,Bat,Play,http://localhost:3251@brice,true,-0.21536610693875652,0.22079207868355877
1784907649763,brice,Play,http://localhost:3251@bear,false,-0.30713393514775966,-0.5694881464070636
1784907650769,Bee,Walk,http://localhost:3251@Bat,false,-1.1263036321231756,-0.5103887477961394
1784907650769,brice,Walk,http://localhost:3251@Bee,true,-0.5700197230480151,0.6038041323838395
1784907650984,Ant,Explore,null,true,-0.06828133029411187,null
1784907651041,bear,Explore,null,true,0.028465209688876447,null
1784907651673,alice,Explore,null,true,-0.18102872946246112,null
1784907651969,Bat,Explore,null,true,0.35100605154436004,null
1784907652427,Bee,Talk,http://localhost:3251@brice,false,-0.9711450923734575,-1.5398369875476432
1784907652427,brice,Talk,http://localhost:3251@Bee,true,0.14134579589660193,0.8380553302847513
1784907652742,bear,Explore,null,false,-0.4733305268065871,null
1784907653158,Bat,Exercise,http://localhost:3251@brice,false,-0.6880793151536937,-0.31286925230835694
1784907653158,brice,Exercise,http://localhost:3251@Bat,false,-0.7431841101211343,-0.556495893693134
1784907653940,alice,Explore,null,true,0.13787302494433712,null
1784907654389,Bee,Dance,http://localhost:3251@Ant,true,0.17162303744236682,-0.4010787048772056
1784907654389,brice,Dance,http://localhost:3251@Bee,true,0.23172705770251917,1.0851863523900205
1784907655007,bear,Fight,http://localhost:3251@Bee,false,-1.0845538805027828,-0.5766734209258313
1784907655007,brice,Fight,http://localhost:3251@bear,false,-0.5110729820957343,-0.9499554162828105
1784907655237,Ant,Explore,null,true,0.2486881614391756,null
1784907655412,Bat,Explore,null,false,-0.20399479394771763,null
1784907656187,alice,Exercise,http://localhost:3251@Bee,false,-1.124468310094378,-1.2499540822274176
1784907656187,Bee,Exercise,http://localhost:3251@Bat,true,0.26583078766654045,-0.06479384425475354
1784907656630,bear,Explore,null,false,-0.8796470830587255,null
1784907656756,Bat,Talk,http://localhost:3251@brice,true,-0.23006473601730854,0.04268622672035349
1784907656757,brice,Talk,http://localhost:3251@Bee,true,0.41508777826013266,1.2430844502693812
1784907656883,Ant,Explore,null,false,-0.2646528194766513,null
1784907657418,Ant,Exercise,http://localhost:3251@Bee,false,-0.808976152470883,0.04140101703336985
1784907657420,Bee,Exercise,http://localhost:3251@Bat,false,-0.24842981663635455,-0.5613179512542049
1784907658262,bear,Explore,null,true,-0.532458045672161,null
1784907659022,Ant,Explore,null,true,0.049544592227730666,null
1784907659141,alice,Explore,null,true,0.4005387291171083,null
1784907659141,bear,Talk,http://localhost:3251@brice,false,-0.4080298801400283,-1.0957049247022477
1784907659141,brice,Talk,http://localhost:3251@Bee,true,0.6500456553186993,1.3482995014570958
1784907659772,alice,Talk,http://localhost:3251@Bee,true,0.10907249262273594,-0.7383602321002518
1784907659775,Ant,Talk,http://localhost:3251@Bat,false,-0.36261905900587244,-0.37557302177383645
1784907659775,Bat,Talk,http://localhost:3251@Bee,false,-0.6845294165430773,-0.839417897595092
1784907659776,Bee,Talk,http://localhost:3251@brice,false,-1.1247628903877986,-1.4906171741187704
1784907660401,Bee,Exercise,http://localhost:3251@brice,false,-0.7095021403176046,-1.9831640882481765
1784907660401,brice,Exercise,http://localhost:3251@bear,true,-0.19024380842022198,-0.37557366855052926
1784907661139,alice,Walk,http://localhost:3251@Bee,false,-0.6624282816028093,-1.1987505872001902
1784907661155,brice,Walk,http://localhost:3251@alice,false,-0.8284193708841853,-0.6244944452729053
1784907661192,Bat,Play,http://localhost:3251@bear,true,0.18662124256661827,-0.4489737965646107
1784907661193,bear,Play,http://localhost:3251@brice,true,-0.15614787938360247,-0.6812990762463769
1784907661633,Ant,Exercise,http://localhost:3251@brice,false,-1.1653281035119902,-1.8276589857541157
1784907661633,brice,Exercise,http://localhost:3251@Ant,true,0.11070741062187911,-0.17971964678779256
1784907662010,Bee,Explore,null,false,-0.46769780696066243,null
1784907662881,alice,Fight,http://localhost:3251@Bee,true,0.06119618277696165,-0.768217503875932
1784907662882,Ant,Fight,http://localhost:3251@alice,true,0.6247061132849361,0.3598818881996555
1784907662882,bear,Talk,http://localhost:3251@alice,true,-0.027270997797405216,0.012091483135314718
1784907662882,brice,Talk,http://localhost:3251@bear,false,0.07061601878326029,-0.8483704804527309
1784907664173,bear,Sing,http://localhost:3251@Bat,true,-0.08746342458056527,-0.2941905581371976
1784907664174,Bee,Sing,http://localhost:3251@bear,false,-0.5039335992041247,-0.6727133541923469
1784907665153,Ant,Explore,null,false,-0.4642318476396759,null
1784907665434,Bat,Explore,null,true,0.19260763176980275,null
1784907665705,bear,Explore,null,false,-0.865608639472744,null
1784907666321,alice,Explore,null,true,0.5655443935948221,null
1784907666321,brice,Explore,null,false,-0.6416281662791743,null
1784907666711,Ant,Explore,null,false,-0.9371312954335185,null
1784907667582,alice,Sing,http://localhost:3251@brice,false,-0.49233360299319995,-0.6210220413270151
1784907667583,Bee,Sing,http://localhost:3251@alice,false,-0.894188792150117,-0.5066060997963531
1784907668016,Bee,Talk,http://localhost:3251@brice,true,-0.42722534104414917,-0.9886755644885061
1784907668016,brice,Talk,http://localhost:3251@Bee,false,-0.44952810172805646,0.34592699308589514
1784907668567,Ant,Exercise,http://localhost:3251@brice,false,-1.3122879934111062,-1.7739634835063545
1784907668568,bear,Exercise,http://localhost:3251@Ant,true,0.37005553582503986,0.26540300003656453
1784907668899,Bat,Explore,null,false,-0.34628645982492556,null
1784907669116,alice,Explore,null,true,0.8064942015860026,null
1784907669287,bear,Dance,http://localhost:3251@brice,true,0.1261281784915706,-0.14049991096835496
1784907669287,brice,Dance,http://localhost:3251@bear,true,0.4003300969375128,-0.27096426450928285
1784907669783,alice,Exercise,http://localhost:3251@Bee,true,-0.2574148378110172,-0.24359664769548312
1784907669783,Bee,Exercise,http://localhost:3251@Bat,true,-0.11083696398079795,0.025899720711327068
1784907670118,Bat,Dance,http://localhost:3251@alice,true,0.29986674129583235,0.02883717894353316
1784907670119,brice,Dance,http://localhost:3251@Bat,false,-0.10761665540153903,-0.7246154259485914
1784907670401,Ant,Walk,http://localhost:3251@brice,false,-0.773208610496349,-2.0887386178652445
1784907670402,bear,Walk,http://localhost:3251@Ant,true,0.1596739512580252,0.5511653445808303
1784907670806,bear,Fight,http://localhost:3251@Bee,false,-1.0113440942452412,-0.7718892564027553
1784907670807,Bee,Fight,http://localhost:3251@Ant,false,-0.6653688980425502,-0.6563035291857315
1784907671028,alice,Play,http://localhost:3251@Ant,false,-0.4459439698931196,-0.8236722938030019
1784907671028,Ant,Play,http://localhost:3251@alice,true,0.24044140752071547,0.5409941220597304
1784907671419,bear,Play,http://localhost:3251@brice,false,-0.5960229231826732,-0.6336308886515414
1784907671420,brice,Play,http://localhost:3251@bear,false,-0.5994308087668004,-0.7500813532004047
1784907671985,alice,Dance,http://localhost:3251@Bat,false,-0.4558213955562499,-0.2663199208129059
1784907671985,Bat,Dance,http://localhost:3251@alice,false,-0.2314432475416911,-0.47417379768870677
1784907672587,Bee,Exercise,http://localhost:3251@Bat,false,-0.5930020340843417,-0.47826783933934647
1784907672588,brice,Exercise,http://localhost:3251@Bee,true,0.36036281200928977,0.5830790188470595
1784907672887,Ant,Dance,http://localhost:3251@Bee,true,0.31435406193155735,0.31903656234401895
1784907672888,bear,Dance,http://localhost:3251@Ant,true,0.41127283227152317,0.8086876509696328
1784907673549,alice,Explore,null,false,0.19042538760588335,null
1784907673550,Bat,Explore,null,false,-0.7777480786253737,null
1784907673924,Ant,Fight,http://localhost:3251@Bee,true,0.654555217097788,0.6019217119021993
1784907673925,Bat,Fight,http://localhost:3251@Ant,false,-0.6907060944597867,-0.4131495173956702
1784907673925,bear,Dance,http://localhost:3251@brice,true,0.6990878502813764,-0.27032319678740396
1784907673925,brice,Dance,http://localhost:3251@bear,false,-0.5902999098336069,-1.1684042864087538
1784907674538,alice,Talk,http://localhost:3251@Bee,true,0.35352944049413804,0.09965825304232614
1784907674538,bear,Talk,http://localhost:3251@alice,true,0.2835626355819245,0.3072880397016164
1784907674919,Bee,Explore,null,false,-0.713976426253621,null
1784907675198,Bat,Play,http://localhost:3251@brice,false,-0.41461891427946385,-0.4852503781913224
1784907675198,brice,Play,http://localhost:3251@bear,true,-0.20550307974014764,-0.8057247475165816
1784907675506,Ant,Explore,null,true,-0.2998665257115292,null
1784907676187,Bat,Exercise,http://localhost:3251@Bee,false,-0.688796237396319,-0.8491542680882802
1784907676187,Bee,Exercise,http://localhost:3251@Bat,true,-0.1975812527267573,-0.10130909669619181
1784907676600,bear,Play,http://localhost:3251@brice,true,-0.16622324162194285,0.06507481606653573
1784907676600,brice,Play,http://localhost:3251@bear,false,-0.6935063867744666,-1.2586887983569404
1784907677173,Bat,Talk,http://localhost:3251@Bee,false,-0.7694543100148421,-1.3036010305734762
1784907677173,bear,Talk,http://localhost:3251@Bat,true,0.5476693043991763,0.13634503805627443
1784907677785,Bee,Explore,null,true,-0.336230859048192,null
1784907677911,Bat,Dance,http://localhost:3251@brice,false,-0.6884476930065064,-0.9411684197679316
1784907677912,brice,Dance,http://localhost:3251@bear,true,-0.1978029457730246,-0.8911659088849697
1784907678145,alice,Explore,null,false,-0.3554579235834396,null
1784907678841,Ant,Exercise,http://localhost:3251@brice,true,-0.44479590403251995,-1.0236843804002356
1784907678842,Bat,Exercise,http://localhost:3251@Ant,false,-1.1262234121833505,-0.8432110306089009
1784907679360,Bee,Explore,null,false,-0.8181936133348647,null
1784907679756,Bat,Dance,http://localhost:3251@bear,true,-0.34825804910251307,0.12415213716729159
1784907679756,bear,Dance,http://localhost:3251@Bee,true,0.8046984871160192,-0.20157968728453207
1784907680032,alice,Walk,http://localhost:3251@Bee,false,-0.7467662564906805,-0.42841259840054585
1784907680033,Ant,Walk,http://localhost:3251@alice,true,-0.16604498289136865,0.6260796542317457
1784907681058,Ant,Sing,http://localhost:3251@Bat,true,0.09047561661693626,0.17718783294088916
1784907681059,Bat,Sing,http://localhost:3251@Ant,true,0.3601157412501635,-0.47822570422734706
1784907681128,Bee,Dance,http://localhost:3251@brice,false,-0.4592807511437876,-1.0050642401758743
1784907681128,brice,Dance,http://localhost:3251@bear,false,-0.65865300700083,-1.2147828391972806
1784907681363,bear,Explore,null,false,-0.9081160684399121,null
1784907682061,alice,Play,http://localhost:3251@Ant,false,-0.7480737107404285,-0.9581998101841441
1784907682062,Ant,Talk,http://localhost:3251@Bat,true,0.18778484308902543,0.46768251719082965
1784907682062,bear,Play,http://localhost:3251@alice,false,-0.6300237550060434,-0.28580591644858566
1784907682062,brice,Talk,http://localhost:3251@Ant,true,0.07604277893377759,0.24034136389634297
1784907683351,Bee,Explore,null,true,-0.3661965752007446,null
1784907683589,Ant,Exercise,http://localhost:3251@Bat,false,-0.8567601453083906,-0.0705194425022378
1784907683590,Bat,Exercise,http://localhost:3251@brice,false,-1.376553823766995,-1.2072662733087203
1784907684096,alice,Play,http://localhost:3251@Ant,true,-0.3632821817417407,-0.5495912254614581
1784907684096,Bee,Play,http://localhost:3251@alice,false,-0.5894007764620612,-0.7283180534613577
1784907684790,Bee,Walk,http://localhost:3251@brice,false,-0.6890915971556236,-1.3911437368312685
1784907684791,brice,Walk,http://localhost:3251@Ant,true,0.06925312102203623,0.5016677010463522
1784907685339,Bat,Walk,http://localhost:3251@bear,false,-0.6099652910496112,-0.40946671335446694
1784907685339,bear,Walk,http://localhost:3251@brice,true,0.3779712719629912,0.340828127149266
1784907686122,alice,Play,http://localhost:3251@Ant,false,-0.8253507959333233,-0.9922067517447718
1784907686123,Bat,Play,http://localhost:3251@alice,true,0.04374941728764259,0.037541235754510294
1784907686227,Ant,Sing,http://localhost:3251@brice,false,-0.4333593112279721,-1.1958943239566209
1784907686227,bear,Sing,http://localhost:3251@Ant,false,-0.5305262484443238,-0.08062321213737794
1784907686416,Bee,Explore,null,false,-0.8430949517878416,null
1784907686583,brice,Explore,null,true,0.07718036536862458,null
1784907687155,alice,Fight,http://localhost:3251@Bee,false,-0.4828688371910166,-0.7868855627810569
1784907687155,Ant,Fight,http://localhost:3251@Bat,false,-0.18196866218441204,-0.5571318466226219
1784907687155,Bat,Fight,http://localhost:3251@bear,false,-0.8823110194877428,-0.8836353799870031
1784907687156,bear,Fight,http://localhost:3251@alice,true,-0.16502516800099643,0.0852234720476305
1784907688342,alice,Exercise,http://localhost:3251@brice,false,-0.5958915820110888,-0.7156636999727797
1784907688343,Ant,Play,http://localhost:3251@Bee,true,0.39417277349485935,0.5781598502533012
1784907688343,Bat,Exercise,http://localhost:3251@alice,false,-1.6096491101035078,-0.4665466648539761
1784907688343,Bee,Play,http://localhost:3251@Ant,false,-0.9995424140530706,-0.800265431273689
1784907688919,Bat,Exercise,http://localhost:3251@bear,true,-1.3016008645529902,-0.5278909706582517
1784907688920,bear,Exercise,http://localhost:3251@Ant,true,0.44349248816530873,0.23097989746173686
1784907689461,Ant,Exercise,http://localhost:3251@brice,true,-0.3247601820752866,-0.7289285715327887
1784907689462,brice,Exercise,http://localhost:3251@Ant,true,0.43973404403253763,0.6807900411390405
1784907689979,alice,Explore,null,false,-0.688069969585171,null
1784907690436,Ant,Talk,http://localhost:3251@Bat,false,-0.3809961851871653,-0.9745659429957247
1784907690436,bear,Talk,http://localhost:3251@Ant,false,-0.2352322355335859,-0.2920978982032395
1784907691127,Bat,Explore,null,true,-0.061218762949997285,null
1784907691318,Bee,Explore,null,false,-1.1335663331578978,null
1784907691695,alice,Exercise,http://localhost:3251@bear,true,-0.2075815576772379,0.296707476006998
1784907691696,bear,Exercise,http://localhost:3251@Ant,false,-0.12223227386200514,-0.7764281837185166
1784907692512,Bat,Play,http://localhost:3251@bear,true,0.3328766740091945,-0.14741021792056624
1784907692512,brice,Play,http://localhost:3251@Bat,true,0.03774237152207954,0.09510850883421076
1784907693140,alice,Sing,http://localhost:3251@bear,true,0.1628660237804375,0.5793865263901892
1784907693141,bear,Sing,http://localhost:3251@Bat,false,-0.8642821842488115,-0.4412623046024148
1784907693202,Ant,Walk,http://localhost:3251@brice,false,-0.5818992911538408,-1.084656155198008
1784907693203,brice,Walk,http://localhost:3251@Ant,true,0.3432323596818445,0.8599037073928957
1784907693957,Bat,Play,http://localhost:3251@bear,true,0.6134442681368594,0.16119517683377657
1784907693957,bear,Play,http://localhost:3251@Bat,false,-0.8366991484610009,-0.9368607131140056
1784907694377,Bee,Explore,null,false,-1.460746041011423,null
1784907694492,alice,Sing,http://localhost:3251@brice,false,-0.34587099249937786,-1.0432233512062858
1784907694493,Ant,Sing,http://localhost:3251@alice,false,-0.7844375406795991,-0.2062926713219237
1784907695564,Ant,Fight,http://localhost:3251@Bee,false,-0.6182446625820355,-0.10499547940509801
1784907695565,brice,Fight,http://localhost:3251@Ant,false,-0.5535635383275801,0.23246757703450127
1784907695628,Bat,Explore,null,false,-0.5516260972184112,null
1784907695816,alice,Dance,http://localhost:3251@Bee,true,0.1665097676015274,-0.23491994918263254
1784907695817,Bee,Dance,http://localhost:3251@Ant,false,-0.7311214780993263,-1.035896001850362
1784907696695,alice,Sing,http://localhost:3251@bear,false,-0.8240516147135876,0.013715097561019962
1784907696696,Ant,Talk,http://localhost:3251@Bat,false,-0.7736805641703326,-1.2000588653380757
1784907696696,Bat,Talk,http://localhost:3251@Bee,false,-0.8298249328371603,-1.0587857742288251
1784907696696,bear,Sing,http://localhost:3251@Bat,true,-0.42520933694938406,-0.49402959912893213
1784907697700,Ant,Dance,http://localhost:3251@brice,true,0.3862529403164384,-0.5965389320366878
1784907697700,brice,Dance,http://localhost:3251@bear,true,0.050922588601820695,-0.15938447373976494
1784907697951,Bat,Exercise,http://localhost:3251@brice,true,-0.5803961335021963,-0.3549662462347903
1784907697953,Bee,Exercise,http://localhost:3251@Bat,true,0.22857814494121953,0.2633786934716023
1784907698770,Bat,Play,http://localhost:3251@bear,false,0.014734098490754466,-0.36474296307210663
1784907698771,bear,Play,http://localhost:3251@brice,true,-0.3350951087720649,0.4723750517381946
1784907699448,alice,Play,http://localhost:3251@Ant,true,-0.14330291483170704,-0.23292266431604786
1784907699450,Bee,Play,http://localhost:3251@alice,true,-0.2532542457682297,-0.04166954390594374
1784907700452,Bat,Explore,null,false,-0.9628631753591427,null
1784907700515,bear,Talk,http://localhost:3251@alice,false,-0.6410753290742613,-0.4587991731636822
1784907700515,brice,Talk,http://localhost:3251@bear,false,-0.4751340540224481,-0.631082936522472
1784907700578,alice,Talk,http://localhost:3251@Bee,false,-0.40911745754333495,-0.6846833628996947
1784907700578,Bee,Talk,http://localhost:3251@brice,true,0.2145197222748924,-0.31451737449127654
1784907701836,Bat,Play,http://localhost:3251@bear,true,0.31319566692851136,-0.026659052689105955
1784907701836,brice,Play,http://localhost:3251@Bat,true,0.32240936667831654,0.35647025776975627
1784907701963,bear,Dance,http://localhost:3251@Bee,false,-0.24079138392138566,-0.5649326332870935
1784907701963,Bee,Dance,http://localhost:3251@Ant,false,-1.0385145821425854,-1.2629991995719165
1784907702951,Ant,Explore,null,true,0.23466520472304736,null
1784907703188,alice,Dance,http://localhost:3251@Bat,false,-0.3879367809432934,-0.5524906335495164
1784907703188,Bat,Dance,http://localhost:3251@alice,false,-0.6265212498466677,-0.7634670411785478
1784907703622,bear,Explore,null,true,0.007478623226088166,null
1784907703844,Ant,Exercise,http://localhost:3251@Bee,false,-0.6485810327004375,-0.5665381847745055
1784907703844,Bee,Exercise,http://localhost:3251@Bat,false,-0.3290876730560104,-0.3030666257254159
1784907704197,alice,Fight,http://localhost:3251@Bee,true,0.09093387831440916,-0.25470127792069647
1784907704198,Bee,Fight,http://localhost:3251@alice,true,0.16553004663418114,0.2667449672040071
1784907704198,brice,Explore,null,true,0.3273454166263022,null
1784907704921,bear,Sing,http://localhost:3251@Bat,true,0.01239059040742535,-0.034159081138997516
1784907704921,brice,Sing,http://localhost:3251@bear,false,-0.4811909155511061,-1.0321954816434429
1784907705419,Ant,Exercise,http://localhost:3251@Bee,false,-1.0956026433910926,-1.0202613450300166
1784907705420,Bee,Exercise,http://localhost:3251@Bat,true,-0.01143362655670438,0.013191510756146108
1784907706491,alice,Fight,http://localhost:3251@Bee,false,-0.42215311894584384,-0.7180452484175217
1784907706492,Bee,Fight,http://localhost:3251@Ant,true,0.4482465563411448,-0.7130214192141351
1784907706554,Ant,Dance,http://localhost:3251@Bat,false,-0.26366191535434347,-1.2161102110740354
1784907706554,Bat,Dance,http://localhost:3251@alice,false,-1.0025176943125578,-1.1123586347798555
1784907707621,bear,Fight,http://localhost:3251@Bee,true,0.24410980503070623,-0.12029906748866864
1784907707621,Bee,Fight,http://localhost:3251@Ant,true,0.7220791805716515,-0.3713972301504857
1784907707988,brice,Explore,null,false,-0.22394792889633935,null
1784907708667,Ant,Play,http://localhost:3251@Bat,false,-0.3651577772812994,-1.583686821914854
1784907708668,Bee,Play,http://localhost:3251@Ant,false,-0.6653935611899475,-0.8603936621890933
1784907708919,alice,Explore,null,true,0.04239372965740379,null
1784907708982,Bat,Explore,null,true,-0.3163377432305959,null
1784907709727,Bat,Fight,http://localhost:3251@Bee,true,-0.0253979193931817,-0.2831156618586453
1784907709728,Bee,Fight,http://localhost:3251@Ant,true,0.9630972029747729,-0.5142374826551088
1784907709973,bear,Explore,null,false,-0.4947345280183085,null
1784907710623,alice,Talk,http://localhost:3251@Bee,true,0.07355040944592095,-0.27304726778460126
1784907710623,Bee,Talk,http://localhost:3251@alice,true,0.4345902920126501,0.4974608848832143
1784907710673,bear,Sing,http://localhost:3251@brice,false,-0.4908277296785717,-0.2359024824324057
1784907710674,brice,Sing,http://localhost:3251@bear,false,-0.8456533329250301,-1.2414558274683798
1784907711378,Ant,Dance,http://localhost:3251@Bee,false,-0.6981358239071459,-1.240267359353664
1784907711378,bear,Dance,http://localhost:3251@Ant,false,-0.6588388173008102,-0.8056288239247411
1784907712005,Bat,Sing,http://localhost:3251@brice,false,-0.41625505483873354,-0.6804275943117206
1784907712006,brice,Sing,http://localhost:3251@bear,false,-1.3002879045481044,-1.6748574079607883
1784907712684,alice,Walk,http://localhost:3251@Bee,false,-0.6318167572605634,-0.743314892978902
1784907712684,Bat,Walk,http://localhost:3251@alice,false,-0.6840862798261564,-1.3401123173141083
1784907713273,Ant,Exercise,http://localhost:3251@brice,true,-0.4119311827466044,0.05434586187279228
1784907713274,brice,Exercise,http://localhost:3251@Ant,true,0.42187054709006394,0.39196706504661916
1784907713328,Bat,Dance,http://localhost:3251@Bee,true,-0.4571546055234274,0.05272109143313097
1784907713328,Bee,Dance,http://localhost:3251@Ant,false,-1.0806172914771404,-0.9145302240696811
1784907714106,Ant,Dance,http://localhost:3251@bear,true,-0.3128300083977306,0.29026252422403354
1784907714106,bear,Dance,http://localhost:3251@Bee,false,-1.052824147667133,-0.5895002039288264
1784907714217,alice,Explore,null,true,0.3320179961286657,null
1784907715562,Bat,Explore,null,true,0.05988435769860348,null
1784907715563,brice,Explore,null,true,0.14928015830720545,null
1784907716095,bear,Exercise,http://localhost:3251@Ant,false,-0.535796508903495,-1.0993724268810037
1784907716095,Bee,Exercise,http://localhost:3251@bear,false,-0.5062341431937563,-0.5458143288439774
1784907716582,Ant,Fight,http://localhost:3251@brice,true,0.1077181953771277,0.3446957912209296
1784907716584,brice,Fight,http://localhost:3251@Bee,true,0.11531902446376613,0.3528424678106091
1784907717329,Bee,Exercise,http://localhost:3251@Bat,true,-0.17907699986934555,0.30680677185354305
1784907717329,brice,Exercise,http://localhost:3251@Bee,false,-0.14954424692778512,-0.15242375012677278
1784907717707,alice,Dance,http://localhost:3251@Bat,true,0.13203629639300332,0.06078995965912923
1784907717708,bear,Dance,http://localhost:3251@alice,false,-1.3658765667684043,-0.6966632774745749
1784907717896,Bat,Explore,null,false,-0.4463683482966766,null
1784907718652,Ant,Dance,http://localhost:3251@Bee,false,-0.7350845072693304,-1.3181463858393414
1784907718653,brice,Dance,http://localhost:3251@Ant,true,0.31786217534598465,0.6096951271679981
1784907718967,Bat,Talk,http://localhost:3251@Bee,true,-0.002988196019147238,0.34001785750576385
1784907718968,bear,Talk,http://localhost:3251@Bat,false,-0.7561726969146523,-0.5161862115044216
1784907719471,Bee,Dance,http://localhost:3251@Ant,true,-0.45324060982819975,-0.33747018404909473
1784907719471,brice,Dance,http://localhost:3251@Bee,true,0.6146915001469084,0.15647432056521274
1784907720039,alice,Walk,http://localhost:3251@Ant,true,-0.11677997293651465,0.2286393486917683
1784907720040,Ant,Walk,http://localhost:3251@brice,false,-0.6380613139055051,-0.20785554662139122
1784907720670,Bat,Explore,null,true,-0.09976168580987205,null
1784907720670,bear,Explore,null,false,-0.7981970732297615,null
1784907720796,Bee,Exercise,http://localhost:3251@brice,true,0.14973852903029836,0.1907768546450102
1784907720796,brice,Exercise,http://localhost:3251@bear,false,-0.6325939315137951,-1.661616394787699
1784907721488,alice,Play,http://localhost:3251@Ant,true,0.25865918357240286,0.5152920252862175
1784907721489,brice,Play,http://localhost:3251@alice,false,-0.36522054365180945,-0.5269525715334739
1784907721739,Ant,Explore,null,true,0.3896355323232157,null
1784907722181,Bat,Play,http://localhost:3251@Bee,true,0.42083732054654693,0.601478026990619
1784907722182,Bee,Play,http://localhost:3251@Ant,false,-0.8152953930837743,-0.8007227370619621
1784907722369,bear,Explore,null,true,-0.4553774558446709,null
1784907722811,alice,Fight,http://localhost:3251@Ant,false,-0.6729730227951762,-0.022031107464955568
1784907722811,Ant,Fight,http://localhost:3251@Bee,false,-0.4182366814456533,-1.6171855449700108
1784907723755,alice,Walk,http://localhost:3251@bear,false,-0.5999732644335692,-0.49695124079213043
1784907723755,bear,Walk,http://localhost:3251@brice,true,0.35798170621035996,0.1720181563817191
1784907723945,brice,Explore,null,false,-0.3900462584111605,null
1784907724617,Bee,Explore,null,true,-0.013516575586355828,null
1784907725436,bear,Explore,null,false,-0.9078301253279784,null
1784907725563,Ant,Walk,http://localhost:3251@brice,false,-0.9843193880422021,-0.6577724098718172
1784907725564,brice,Walk,http://localhost:3251@Ant,false,-0.42958231527863133,-0.03020009694183229
1784907726504,Ant,Fight,http://localhost:3251@bear,false,-0.8388375331462559,-0.3502255870044315
1784907726505,bear,Fight,http://localhost:3251@Bee,true,0.40569141404958114,-0.04306521111691253
1784907727008,Bee,Play,http://localhost:3251@brice,false,-1.1345546421573158,-0.3594814661597492
1784907727009,brice,Play,http://localhost:3251@bear,true,0.01574426477636054,-0.993256905094392
1784907727574,alice,Fight,http://localhost:3251@Ant,true,-0.2006790496064354,0.28360927767725924
1784907727574,Ant,Fight,http://localhost:3251@Bee,false,-1.29383774121237,-1.7398899228604325
1784907728203,bear,Explore,null,false,-1.313040850040044,null
1784907728392,Ant,Dance,http://localhost:3251@Bat,true,-0.1728989777608535,-0.2667621717527024
1784907728393,Bat,Dance,http://localhost:3251@alice,true,0.10206728406107374,-0.2802239929869786
1784907728957,alice,Walk,http://localhost:3251@Bee,false,-0.9309781249296012,-0.8015278066437526
1784907728957,Bee,Walk,http://localhost:3251@alice,false,-0.5704334064911925,-0.3165355148636022
1784907729459,Bat,Exercise,http://localhost:3251@bear,false,-0.6227098829248335,-0.5063569062450459
1784907729460,bear,Exercise,http://localhost:3251@Ant,true,-0.014953499761066358,-0.3462363745064157
1784907730088,Ant,Explore,null,false,-0.23512816982756823,null
1784907730340,Bat,Walk,http://localhost:3251@Bee,true,0.01970248148417253,0.6661885496981801
1784907730341,Bee,Walk,http://localhost:3251@Bat,false,-1.0398322667115234,-0.33767096912814887
1784907731001,Bat,Fight,http://localhost:3251@brice,false,-0.5088643132953367,-0.7718978004374131
1784907731002,brice,Fight,http://localhost:3251@Bee,true,0.35861609204557804,0.38574578170110907
1784907731315,alice,Explore,null,false,-0.37254113509365205,null
1784907732133,alice,Play,http://localhost:3251@Ant,true,0.4497765089715842,0.5379733146944151
1784907732133,Ant,Play,http://localhost:3251@Bat,false,-0.6107576601532636,-0.7260923714001292
1784907732364,bear,Walk,http://localhost:3251@brice,false,-0.2602783306678985,-0.38480841649761705
1784907732365,brice,Walk,http://localhost:3251@Ant,false,-0.786230516833339,-0.5201223119496222
1784907733117,Bat,Play,http://localhost:3251@bear,true,0.5226616902433885,-0.133483170212069
1784907733118,brice,Play,http://localhost:3251@Bat,false,-0.48891494028432,-0.41834006320932926
1784907733747,alice,Play,http://localhost:3251@Bee,true,0.7171987326254798,-0.3592023434530192
1784907733748,Bee,Play,http://localhost:3251@Ant,false,-1.2790341088807964,-0.9279246005883358
1784907734188,bear,Explore,null,false,-1.471992877145538,null
1784907734880,Ant,Play,http://localhost:3251@Bat,false,-1.0176432881302881,-1.1153943980392547
1784907734881,bear,Play,http://localhost:3251@Ant,false,-0.5637687370089555,-0.7708342894394615
1784907735447,Bee,Explore,null,false,-0.5076714030638166,null
1784907735510,Bat,Explore,null,false,-0.5442897124053783,null
1784907736238,Ant,Dance,http://localhost:3251@Bee,true,0.18246434199314632,-0.870968336384107
1784907736239,Bat,Dance,http://localhost:3251@Ant,true,0.37480275010470265,0.2647113614727626
1784907736239,bear,Walk,http://localhost:3251@brice,true,0.0692233044058875,-0.04119173335806153
1784907736239,Bee,Walk,http://localhost:3251@bear,false,-1.281409869579515,-0.7053741022876096
1784907736792,alice,Explore,null,true,0.010046556532005202,null
1784907737295,Ant,Play,http://localhost:3251@brice,false,-1.4345185904003297,-0.8885967207836682
1784907737295,brice,Play,http://localhost:3251@bear,false,-0.8692545287186432,-1.0281651806515733
1784907737603,alice,Play,http://localhost:3251@bear,true,0.9017932879182544,0.0536542445888229
1784907737605,bear,Play,http://localhost:3251@brice,false,-1.0049039466476892,-0.5389819855138557
1784907738969,Ant,Play,http://localhost:3251@bear,false,-1.8239618550001133,-0.6997712170287591
1784907738970,bear,Play,http://localhost:3251@brice,false,-1.4509954521826447,-1.0100680704279803
1784907739311,Bee,Explore,null,true,-0.12385138566109177,null
1784907739691,Ant,Fight,http://localhost:3251@brice,false,-1.2567448170275952,-1.2958156631426374
1784907739692,brice,Fight,http://localhost:3251@Bee,true,0.5161528314779936,0.5325050236027602
1784907739938,alice,Explore,null,true,0.30890781461755223,null
1784907740310,bear,Play,http://localhost:3251@brice,false,-1.873156191461524,-1.4558825443728467
1784907740311,Bee,Play,http://localhost:3251@bear,false,-1.4855583119901108,-1.0801224329148311
1784907740734,Bat,Talk,http://localhost:3251@Bee,false,-0.500892835690504,-0.13125962598408714
1784907740734,Bee,Talk,http://localhost:3251@Bat,true,0.39327511854185127,0.09234970300201198
1784907740986,alice,Fight,http://localhost:3251@Bee,true,0.18892263632786804,0.04454838536732025
1784907740988,brice,Fight,http://localhost:3251@alice,true,0.7787673496467027,0.12854837121411744
1784907741546,alice,Exercise,http://localhost:3251@bear,true,0.28381409950739267,0.34547427138963016
1784907741547,bear,Exercise,http://localhost:3251@Ant,true,0.2911214254495423,-0.285100496154754
1784907741733,Ant,Walk,http://localhost:3251@brice,false,-0.966417751049069,-1.6605156502997396
1784907741734,Bee,Walk,http://localhost:3251@Ant,false,-1.5226492359542574,-1.1938272806260988
1784907742808,Bat,Walk,http://localhost:3251@alice,false,-0.4902332013962645,-0.63145905613672
1784907742809,bear,Walk,http://localhost:3251@Bat,false,-0.44692675937716736,-0.6991552415554485
1784907743227,alice,Explore,null,true,0.5766538201075122,null
1784907743394,Bee,Explore,null,false,-0.6109196897824382,null
1784907743395,brice,Explore,null,true,0.17309281723054518,null
1784907744084,alice,Play,http://localhost:3251@bear,false,0.2089488041887776,-0.17954878633385757
1784907744086,bear,Play,http://localhost:3251@brice,false,-2.1035758062400296,-1.7463552348306286
1784907745058,alice,Dance,http://localhost:3251@Ant,false,-0.46228939322967,-0.17897559439345895
1784907745059,Ant,Dance,http://localhost:3251@Bee,true,0.413906260768359,-0.2437158042028748
1784907745059,brice,Explore,null,false,-0.337011855582657,null
1784907745487,Bat,Play,http://localhost:3251@Bee,true,0.5514145787530401,0.200865759380653
1784907745488,Bee,Play,http://localhost:3251@Ant,true,-0.9095839463657176,-0.7017268739230411
1784907746136,alice,Play,http://localhost:3251@bear,true,0.496750959501639,0.13093276783424349
1784907746138,bear,Play,http://localhost:3251@brice,false,-2.3745154504606445,-2.0561929643667463
1784907746384,Bee,Sing,http://localhost:3251@brice,false,-0.5192268914015075,-0.6517911294812865
1784907746385,brice,Sing,http://localhost:3251@bear,false,-0.733000159587691,-1.1418484285803308
1784907747099,Bat,Explore,null,false,-0.7766597795131303,null
1784907747162,bear,Fight,http://localhost:3251@Bee,true,0.46456987934458727,0.2825304742668443
1784907747163,brice,Fight,http://localhost:3251@bear,false,0.09707792472111199,-1.6024782333212741
1784907747827,bear,Sing,http://localhost:3251@Bee,true,0.20325973957990717,0.5825304742668442
1784907747828,Bee,Sing,http://localhost:3251@brice,false,-0.9864713034923785,-1.11067268589974
1784907748120,Ant,Explore,null,true,0.2115280888591895,null
1784907748773,alice,Walk,http://localhost:3251@Bee,true,-0.1030825163317795,0.33297743041585437
1784907748774,Ant,Walk,http://localhost:3251@alice,false,-1.1504115986473096,-0.5124568724407838
1784907749072,Bat,Play,http://localhost:3251@bear,false,-0.0326525162253814,-0.5544199283994689
1784907749073,brice,Play,http://localhost:3251@Bat,false,-0.9715880732235552,-0.6714106613030275
1784907749788,Ant,Fight,http://localhost:3251@Bee,false,-1.2168563660341918,-0.6935287123507429
1784907749789,Bat,Fight,http://localhost:3251@Ant,true,0.12060811640469293,0.4175199674593373
1784907750143,Bee,Explore,null,false,-0.9432628049032863,null
1784907750447,alice,Talk,http://localhost:3251@Bee,true,0.3103093847286893,0.5982102548884343
1784907750447,Ant,Talk,http://localhost:3251@alice,true,0.25161337404995054,-0.17296239727009427
1784907750677,brice,Explore,null,false,-0.7623005590809857,null
1784907751404,bear,Explore,null,true,-0.3836551073112113,null
1784907751459,Bat,Explore,null,false,-1.1355563247646283,null
1784907751827,Bee,Explore,null,true,-0.5881977700109597,null
1784907752429,alice,Walk,http://localhost:3251@Bee,false,-0.5826800183452037,0.03574932200167913
1784907752430,brice,Walk,http://localhost:3251@alice,false,-0.777172852703045,-0.42329142852719004
1784907752737,Ant,Explore,null,false,-0.32515826239241746,null
1784907753148,bear,Dance,http://localhost:3251@Bee,true,0.012664314588677561,0.7269231017147761
1784907753148,Bee,Dance,http://localhost:3251@Ant,false,-0.598751877636431,-1.0117079872587622
1784907754078,Ant,Play,http://localhost:3251@Bat,false,-1.3344807983858593,-0.9325045890840842
1784907754079,Bat,Play,http://localhost:3251@Ant,true,0.27458613660189807,0.6348827696242844
1784907754079,brice,Explore,null,false,-1.1591671864532813,null
1784907754430,alice,Dance,http://localhost:3251@Bat,false,-0.7717443280809599,-0.4897941636383593
1784907754430,Bee,Dance,http://localhost:3251@alice,false,-1.0694789764554118,-0.6045498199306053
1784907755481,bear,Explore,null,true,-0.01395269384587755,null
1784907755733,brice,Explore,null,false,-1.596983175669526,null
1784907756114,Bee,Explore,null,true,-0.20102795430811254,null
1784907756766,Bat,Walk,http://localhost:3251@alice,false,-0.7311345308365018,-0.7977195185208303
1784907756767,Bee,Walk,http://localhost:3251@Bat,true,-0.5385838180048481,0.3496018089839482
1784907757034,Ant,Dance,http://localhost:3251@brice,false,-0.2754475247904102,-1.2225607670667282
1784907757034,brice,Dance,http://localhost:3251@bear,true,0.3952452322669971,-0.7570799635179004
1784907757094,bear,Explore,null,false,-0.5132041957217811,null
1784907757372,alice,Explore,null,false,-0.22538065702009374,null
1784907757737,Bat,Talk,http://localhost:3251@Bee,true,0.09984400777151023,0.4062764809870781
1784907757739,brice,Talk,http://localhost:3251@Bat,false,-0.5301655028055985,-0.9774827910717296
1784907758682,Bat,Play,http://localhost:3251@Bee,true,0.5147877769992188,0.696220631505391
1784907758682,Bee,Play,http://localhost:3251@Ant,false,-1.0346743445951856,-1.3155444766221662
1784907758961,alice,Play,http://localhost:3251@Ant,true,0.5365672737545454,0.2177054018266561
1784907758961,Ant,Play,http://localhost:3251@Bat,false,-1.487864033840979,-1.1902967401719557
1784907759632,bear,Walk,http://localhost:3251@brice,false,-0.6877713494783306,-1.524405950384999
1784907759632,brice,Walk,http://localhost:3251@Ant,false,-1.0724341666366466,-0.6350561001345603
1784907759915,Ant,Talk,http://localhost:3251@Bat,false,-0.35060566856655495,-1.626442771398742
1784907759917,Bee,Talk,http://localhost:3251@Ant,false,-0.32540349278373926,-1.7141569424469942
1784907760472,Bat,Exercise,http://localhost:3251@brice,false,-0.6185019468133209,-0.6529026048982197
1784907760472,bear,Exercise,http://localhost:3251@Bat,false,-0.38597757623757784,-0.786471875031798
1784907760955,Bee,Sing,http://localhost:3251@brice,false,-1.0655179819745897,-1.1367193589318338
1784907760956,brice,Sing,http://localhost:3251@bear,false,-0.8839560236819209,-1.122647002381719
1784907761254,alice,Play,http://localhost:3251@Ant,false,-0.03369460343205877,-0.31080246839616
1784907761255,Ant,Play,http://localhost:3251@Bat,false,-1.832511672688812,-2.039191565517668
1784907762838,Bat,Explore,null,true,-0.30383301473484353,null
1784907762959,bear,Play,http://localhost:3251@brice,false,-1.4926383491915725,-1.7791116705491912
1784907762959,brice,Play,http://localhost:3251@bear,false,-1.0244705499014475,-1.5054280505194524
1784907763247,Bee,Explore,null,false,-0.6444041858897478,null
1784907763615,alice,Talk,http://localhost:3251@Bee,true,0.4434000639643828,0.3184465208938182
1784907763617,brice,Talk,http://localhost:3251@alice,true,-0.0924608228446272,0.04229403676211091
1784907764262,Ant,Fight,http://localhost:3251@Bee,true,-0.23484083822075236,-0.004824372208122929
1784907764263,Bee,Fight,http://localhost:3251@Ant,false,-0.42785555992591057,-1.9097780066282226
1784907764505,alice,Talk,http://localhost:3251@Bat,true,0.7238415001866289,0.030250769460415772
1784907764506,Bat,Talk,http://localhost:3251@Bee,false,-0.4304040737690761,-0.002385188323611287
1784907765894,Ant,Explore,null,false,-0.654849834110256,null
1784907765957,brice,Explore,null,false,-1.4674051953936775,null
1784907766803,bear,Fight,http://localhost:3251@Bee,true,0.4534447003572068,0.6276108749308928
1784907766803,brice,Fight,http://localhost:3251@bear,false,-0.46062006292195323,-1.7568715932686412
1784907766867,Bat,Explore,null,false,-0.742478700806499,null
1784907766930,alice,Fight,http://localhost:3251@Ant,true,0.3466577213818715,0.08765668357159234
1784907766931,Ant,Fight,http://localhost:3251@Bee,false,-0.7103203996035451,-0.504320644988053
1784907767240,Bee,Explore,null,false,-1.0168611691589526,null
1784907768171,Bat,Play,http://localhost:3251@bear,false,-0.1881567836270917,-0.7044710846703983
1784907768173,bear,Play,http://localhost:3251@brice,true,-0.7562024410384942,-0.9589131790241556
1784907768298,Ant,Dance,http://localhost:3251@Bee,false,-0.6501867586275366,-0.9772661520789134
1784907768299,brice,Dance,http://localhost:3251@Ant,true,0.5277222792081648,-0.12102192559666153
1784907768727,alice,Fight,http://localhost:3251@Bee,true,0.6089098347795181,0.528749333680299
1784907768728,brice,Fight,http://localhost:3251@alice,true,-0.12940389626286364,0.3337534191104574
1784907769509,Bat,Sing,http://localhost:3251@Ant,false,-0.5210907762418181,-0.21530066020905303
1784907769509,brice,Sing,http://localhost:3251@Bat,true,-0.31001236014312766,-0.2717139115018166
1784907769571,Ant,Walk,http://localhost:3251@bear,true,-0.08573127630890198,0.1627673917993414
1784907769571,bear,Walk,http://localhost:3251@brice,false,-0.8845222252592873,-1.402934519219913
1784907770813,alice,Dance,http://localhost:3251@Bat,true,0.01537927883204665,0.32025736183672493
1784907770814,brice,Dance,http://localhost:3251@alice,false,-0.005569242849852163,-0.18573016867994108
1784907770940,Bee,Explore,null,false,-1.3155999980635715,null
1784907771538,Bat,Sing,http://localhost:3251@Ant,true,-0.16668212019359058,0.10717952962035696
1784907771539,bear,Sing,http://localhost:3251@Bat,true,0.35384777494515157,-0.10581664386510659
1784907771871,alice,Talk,http://localhost:3251@Bee,true,0.7564223551429584,0.7436675436321719
1784907771872,Bee,Talk,http://localhost:3251@alice,true,0.12696642362184865,0.04853865934296414
1784907772715,Bee,Play,http://localhost:3251@brice,false,-0.9977066797680167,-1.1105416116916433
1784907772716,brice,Play,http://localhost:3251@bear,true,-0.3724163440423966,-1.0811724170583323
1784907772776,Ant,Play,http://localhost:3251@Bat,true,-0.6550964847185239,-0.7628170750126095
1784907772776,Bat,Play,http://localhost:3251@bear,false,-0.6509160512922637,-1.0650393905475255
1784907773394,alice,Explore,null,true,0.21260654650647975,null
1784907773396,bear,Sing,http://localhost:3251@Bat,false,-0.18309853605899307,-0.5947680096487092
1784907773396,Bee,Sing,http://localhost:3251@bear,false,-1.0694372543100177,-0.7474336292453903
1784907773939,Ant,Walk,http://localhost:3251@brice,false,-0.565729839040419,-0.9860906998984265
1784907773939,brice,Walk,http://localhost:3251@Ant,false,-1.0645793340961678,-0.5961005278403404
1784907773993,Bat,Play,http://localhost:3251@bear,false,-1.1159973862145156,-1.5079049049263689
1784907773994,bear,Play,http://localhost:3251@Bat,true,-0.27399421575654753,-0.29476800964870925
1784907774334,Bee,Talk,http://localhost:3251@brice,false,-0.38281873593969823,-1.5457113095963
1784907774334,brice,Talk,http://localhost:3251@Bee,false,-0.5585946685485575,-0.3862811186467165
1784907775149,Ant,Exercise,http://localhost:3251@Bat,true,0.28317518937646324,-0.3831690486909621
1784907775150,Bat,Exercise,http://localhost:3251@brice,false,-0.8005139924768175,-0.8172283765756647
1784907775314,bear,Fight,http://localhost:3251@brice,true,0.599116267131775,-0.7385376507834993
1784907775314,brice,Fight,http://localhost:3251@Bee,false,-0.5972440315029174,-0.8655589057267801
1784907775716,alice,Talk,http://localhost:3251@Bee,true,0.900656345873553,0.8905280644679527
1784907775716,brice,Talk,http://localhost:3251@alice,false,-1.0259854797260983,-0.647483748568864
1784907775894,Bee,Explore,null,false,-1.5928935220612659,null
1784907776305,Bat,Exercise,http://localhost:3251@brice,false,-1.2575700829851804,-1.2733878169258854
1784907776306,brice,Exercise,http://localhost:3251@Bat,true,0.255602571485577,0.09581328744390874
1784907776871,Bee,Fight,http://localhost:3251@Ant,false,-0.7286558269377907,-1.5206291802046474
1784907776872,brice,Fight,http://localhost:3251@Bee,false,-1.0795491895475386,-1.339914567345759
1784907776996,alice,Play,http://localhost:3251@Ant,false,-0.5129350696558491,-0.4507462477906188
1784907776996,Ant,Play,http://localhost:3251@alice,true,-0.22807759402431488,0.2591681600142097
1784907778143,Ant,Play,http://localhost:3251@brice,false,-0.7180169951847091,-1.2988886557179335
1784907778143,bear,Explore,null,true,0.1474276839861836,null
1784907778144,brice,Play,http://localhost:3251@bear,false,-0.8047557877275959,-1.3847451431735516
1784907778441,Bee,Explore,null,false,-1.9265747159823374,null
1784907779405,alice,Dance,http://localhost:3251@bear,true,0.3093163124510015,0.3178087929814351
1784907779406,bear,Dance,http://localhost:3251@Bee,false,-0.4969801679963336,-0.16793606126529842
1784907779798,Ant,Fight,http://localhost:3251@Bee,false,-0.8538852902640006,-1.01447845521913
1784907779798,Bat,Explore,null,false,-0.8831163250312488,null
1784907779799,Bee,Fight,http://localhost:3251@Ant,false,-1.1300743264761866,-1.81489980744953
1784907780371,Ant,Fight,http://localhost:3251@bear,true,-0.5369352408432932,0.38830458530417405
1784907780371,bear,Fight,http://localhost:3251@Bee,true,0.7547582145159829,0.14107293930575387
1784907780927,brice,Explore,null,false,-1.2686479417282381,null
1784907781337,alice,Walk,http://localhost:3251@Bee,false,-0.6038890803368838,0.14290656273089808
1784907781338,Bat,Walk,http://localhost:3251@alice,true,0.0953273535266135,0.07668765717803991
1784907781395,Bee,Explore,null,true,-1.3575944301737484,null
1784907781972,Bat,Fight,http://localhost:3251@bear,false,-0.4776163108758031,-1.470074435045857
1784907781972,bear,Fight,http://localhost:3251@Bee,true,0.9759516380700439,0.42634308918682323
1784907782571,alice,Dance,http://localhost:3251@Bat,true,0.560848034954234,0.4636032556347011
1784907782572,bear,Dance,http://localhost:3251@alice,true,-0.12121198812735096,0.2703814503451911
1784907782889,Bee,Explore,null,true,-0.9847657065241482,null
1784907783113,alice,Fight,http://localhost:3251@brice,false,-0.22831291843650003,-0.5089635682024021
1784907783114,brice,Fight,http://localhost:3251@Bee,false,-1.2338708764359394,-1.4108656533746704
1784907783449,Bat,Explore,null,false,-1.2522401279050424,null
1784907783804,alice,Dance,http://localhost:3251@bear,true,0.8469663467799704,0.5613762109895859
1784907783804,bear,Dance,http://localhost:3251@Bee,true,0.18529047990738876,0.7034717350237614
1784907784380,Bat,Dance,http://localhost:3251@brice,false,-0.4714985948216846,-1.3442154804904118
1784907784381,brice,Dance,http://localhost:3251@bear,true,0.29722537445979214,-0.6413412021430023
1784907785004,Ant,Exercise,http://localhost:3251@bear,true,0.4483312360798395,0.5706663912751109
1784907785005,bear,Exercise,http://localhost:3251@Ant,true,0.20027733503551215,0.27114999625277386
1784907785193,Bee,Explore,null,true,-0.5775336389054639,null
1784907785707,bear,Play,http://localhost:3251@brice,true,0.1475800405139887,-0.14738427507995722
1784907785707,brice,Play,http://localhost:3251@bear,true,-0.21772032412604309,-0.30693618387108906
1784907785983,Bat,Explore,null,true,-0.8557313887330422,null
1784907786605,Ant,Explore,null,false,-0.6986254706604035,null
1784907786716,alice,Fight,http://localhost:3251@bear,true,0.11779129602444119,0.7502664183496518
1784907786716,bear,Fight,http://localhost:3251@Bee,true,1.1189099037770835,0.9237356833972641
1784907787439,bear,Talk,http://localhost:3251@brice,false,-0.5279388240704795,-0.6339953365477452
1784907787439,brice,Talk,http://localhost:3251@Bee,true,-0.23742594731849215,-0.814731968327139
1784907787661,alice,Dance,http://localhost:3251@Bee,true,0.9592045431134046,0.40265391159394937
1784907787662,Bee,Dance,http://localhost:3251@Ant,true,0.08601606425044647,-0.9214509552070598
1784907788093,Ant,Explore,null,false,-1.161147413733795,null
1784907788658,alice,Sing,http://localhost:3251@bear,true,0.2943493725360403,1.0029356309260944
1784907788658,bear,Sing,http://localhost:3251@Bat,false,-0.5876350303877693,-0.6410825233173029
1784907788771,Bat,Talk,http://localhost:3251@Bee,false,-0.6247892910630891,-0.500691550052835
1784907788771,Bee,Talk,http://localhost:3251@Bat,true,0.1139983433764521,0.36890517385109994
1784907790428,alice,Exercise,http://localhost:3251@brice,false,-0.4813376293011618,-0.8408263441456598
1784907790428,Bat,Exercise,http://localhost:3251@alice,false,-1.0724741411553271,-0.45260405118548747
1784907790982,Bee,Explore,null,true,-0.1066239336049169,null
1784907791194,Ant,Sing,http://localhost:3251@brice,false,-0.5042927862498713,-1.0652015283568141
1784907791194,Bat,Sing,http://localhost:3251@Ant,true,0.2400488541562631,0.33854963930306553
1784907791554,bear,Explore,null,true,0.37607215188166726,null
1784907791661,Bat,Fight,http://localhost:3251@brice,false,-0.7951854190915117,-1.4001509667531966
1784907791661,brice,Fight,http://localhost:3251@Bee,true,-0.38983794606978234,-0.27651064251785323
1784907792237,Ant,Dance,http://localhost:3251@Bee,false,-0.6613818047582463,-0.978305021208218
1784907792238,Bee,Dance,http://localhost:3251@Ant,true,0.36762191148278633,-0.42440276675897
1784907793242,Bat,Explore,null,true,-0.27303865937333066,null
1784907793449,Ant,Walk,http://localhost:3251@bear,false,-0.6831480308818325,-0.12544027397762492
1784907793449,bear,Walk,http://localhost:3251@brice,false,-0.7564541279850288,-0.9508743758012066
1784907793860,bear,Talk,http://localhost:3251@Bee,true,-0.07357359537508884,0.9311053433006129
1784907793860,Bee,Talk,http://localhost:3251@brice,false,-0.4139023967365395,-1.067210855186959
1784907794445,alice,Talk,http://localhost:3251@Ant,true,0.593041548363623,0.145029755230041
1784907794445,Ant,Talk,http://localhost:3251@Bat,true,0.24960920825905375,0.17533041672569305
1784907795410,alice,Exercise,http://localhost:3251@brice,true,-0.03720076216943746,-0.28904034681373664
1784907795410,brice,Exercise,http://localhost:3251@bear,true,0.37227391267434273,0.15455891010997827
1784907795463,Bee,Explore,null,true,0.21447949564872515,null
1784907796304,Ant,Talk,http://localhost:3251@bear,true,0.5191092448707975,0.19579441848774448
1784907796304,bear,Talk,http://localhost:3251@alice,true,0.23857390792626565,0.42941057382160397
1784907796421,alice,Play,http://localhost:3251@Bat,false,-0.6643999655946768,-0.29418095538812405
1784907796421,Bat,Play,http://localhost:3251@bear,true,-0.036805733274477836,-0.3896432943585613
1784907797476,Bat,Talk,http://localhost:3251@Bee,false,-0.8939644240093851,-0.8157138909780277
1784907797478,brice,Talk,http://localhost:3251@Bat,false,-0.6097191954476142,-0.4766904165948407
1784907797904,Ant,Explore,null,true,-0.3723620001752254,null
1784907798259,alice,Exercise,http://localhost:3251@brice,false,-0.5321677866309168,-0.749935422335759
1784907798260,brice,Exercise,http://localhost:3251@alice,false,-0.18605949742398736,-0.6536218696582771
1784907799195,Ant,Play,http://localhost:3251@Bat,false,-0.7134618477515359,-0.3621632130767559
1784907799195,Bat,Play,http://localhost:3251@Ant,false,-0.5316670710811895,-0.2811077525702689
1784907799195,bear,Explore,null,true,0.5371344240710912,null
1784907800197,alice,Play,http://localhost:3251@Ant,false,-1.03023480879415,-0.39210063768732795
1784907800197,bear,Play,http://localhost:3251@alice,false,-0.4351346348046007,-0.14860468726188908
1784907800431,brice,Explore,null,true,-0.04462129739370285,null
1784907800664,Ant,Sing,http://localhost:3251@Bee,false,-0.819582583765172,-1.1421153695266606
1784907800665,Bee,Sing,http://localhost:3251@brice,false,-0.736538922052961,-1.1797160127583275
1784907801464,alice,Walk,http://localhost:3251@Bee,false,-0.6916208081456159,-0.3221335308276861
1784907801464,Bat,Walk,http://localhost:3251@alice,true,0.33244739955234276,0.050732851450371486
1784907801515,bear,Walk,http://localhost:3251@brice,true,-0.18421337738444477,-0.3086636002654482
1784907801515,Bee,Walk,http://localhost:3251@bear,false,-0.55004878906761,-0.6620362790371966
1784907802220,Ant,Explore,null,false,-0.8093280772668532,null
1784907802336,Bee,Play,http://localhost:3251@brice,false,-0.7119994969069483,-1.6390401676899262
1784907802336,brice,Play,http://localhost:3251@bear,false,-0.5697811787749248,-0.39545714775944774
1784907802448,alice,Fight,http://localhost:3251@Bee,true,0.3477823752321653,-0.004852542210255717
1784907802449,bear,Fight,http://localhost:3251@alice,true,0.7677471690335486,0.16691157532617562
1784907803019,Bat,Explore,null,true,0.14581030552439117,null
1784907803325,bear,Fight,http://localhost:3251@Bee,true,1.033881517692689,0.8445884906628216
1784907803326,Bee,Fight,http://localhost:3251@Ant,true,-0.011629641592744766,0.0788032694811972
1784907804089,alice,Talk,http://localhost:3251@Bee,false,-0.14611476933283019,-0.504345873675492
1784907804089,Bat,Talk,http://localhost:3251@alice,true,-0.3294132602950463,0.34520850335297815
1784907804892,alice,Sing,http://localhost:3251@Ant,true,0.4124332119344713,-0.009800663575618374
1784907804893,Ant,Sing,http://localhost:3251@brice,true,-0.35081032647819416,-0.23603585844687985
1784907804893,bear,Explore,null,true,0.7201592634053904,null
1784907805741,bear,Exercise,http://localhost:3251@Bee,true,0.36885698502086195,1.075599519958226
1784907805741,Bee,Exercise,http://localhost:3251@Bat,true,0.302289722777611,0.437423704994925
1784907806260,Bat,Explore,null,true,0.4229625795378603,null
1784907806443,alice,Explore,null,true,0.3322890296228955,null
1784907807093,bear,Walk,http://localhost:3251@brice,false,-0.6448201659537263,-0.7426572621869287
1784907807093,Bee,Walk,http://localhost:3251@bear,true,-0.10922577223628316,-0.19254232155782647
1784907807148,Ant,Explore,null,true,-0.3051503523329138,null
1784907807148,brice,Explore,null,false,-0.5285625106863164,null
1784907808392,alice,Sing,http://localhost:3251@Ant,true,0.6478070459022816,0.2917350500699747
1784907808393,Ant,Sing,http://localhost:3251@brice,false,-0.7958401500987308,-0.6990502517204213
1784907808502,Bat,Explore,null,false,-0.12309421511765595,null
1784907808612,Bee,Explore,null,false,-0.40038674446704803,null
1784907809569,alice,Sing,http://localhost:3251@bear,false,0.1161358439447654,-0.19273003100288089
1784907809569,bear,Sing,http://localhost:3251@Bat,false,-0.6883419256998633,-0.7054722927161652
1784907810248,Ant,Walk,http://localhost:3251@brice,false,-0.7827333455062747,-1.1260603113100522
1784907810249,Bee,Walk,http://localhost:3251@Ant,true,0.2055516303700773,0.35438162885410424
1784907810493,alice,Walk,http://localhost:3251@Bat,false,-0.9516790157072375,-0.6451005101009857
1784907810493,Bat,Walk,http://localhost:3251@alice,false,-0.2903734104417749,-0.25572779293380904
1784907811484,alice,Sing,http://localhost:3251@bear,true,0.40990568779762804,0.11760905249283682
1784907811485,bear,Sing,http://localhost:3251@Bat,false,-1.1164700738335034,-1.1318118076798003
1784907811863,Bat,Fight,http://localhost:3251@Bee,true,0.04127494075363103,-0.07133128044651404
1784907811864,Bee,Fight,http://localhost:3251@Ant,false,-0.5071875699159929,-0.18262042344318263
1784907813104,alice,Explore,null,true,0.550962322731279,null
1784907813168,Bat,Walk,http://localhost:3251@alice,true,0.04891186723973773,0.07887020052916183
1784907813169,brice,Walk,http://localhost:3251@Bat,false,-0.584690326635688,-0.6672092491909002
1784907813522,Ant,Dance,http://localhost:3251@Bee,true,0.09222949510151984,-0.24664180975515365
1784907813523,bear,Dance,http://localhost:3251@Ant,false,-0.461794706438952,-0.44092195034945725
1784907813872,alice,Sing,http://localhost:3251@Bee,false,-0.11787357171536361,-0.8515525768909096
1784907813872,Bee,Sing,http://localhost:3251@brice,false,-0.8706446741315108,-1.3542600441808714
1784907814437,Ant,Play,http://localhost:3251@brice,false,-0.8089052139868018,-1.3764268803092379
1784907814438,brice,Play,http://localhost:3251@bear,true,0.059409769835003096,0.13301813091754958
1784907815100,Ant,Dance,http://localhost:3251@Bat,false,-0.41005329990118267,-0.6568046072627323
1784907815100,Bat,Dance,http://localhost:3251@alice,true,0.21293199087942355,0.37063512555048955
1784907815150,alice,Talk,http://localhost:3251@bear,true,0.20600056949922713,0.40118896959090244
1784907815151,bear,Talk,http://localhost:3251@alice,false,-0.4128911712345451,-0.4168437914556685
1784907815151,Bee,Dance,http://localhost:3251@Ant,false,-0.400137511819895,-0.6540047410374138
1784907815151,brice,Dance,http://localhost:3251@Bee,true,0.3378766943491512,0.2403549290461452
1784907816091,Bat,Fight,http://localhost:3251@bear,false,-0.4668943582273095,-0.6339625498730019
1784907816092,bear,Fight,http://localhost:3251@Bat,false,0.01250968420097942,-1.3548043866279937
1784907816155,Ant,Talk,http://localhost:3251@brice,true,0.4895387417470247,-0.9960749425491819
1784907816155,brice,Talk,http://localhost:3251@Bee,false,-0.6905831939315266,-0.2725390121164454
1784907817065,Bat,Sing,http://localhost:3251@Bee,false,-0.4398175417706558,-0.5555180312833068
1784907817065,Bee,Sing,http://localhost:3251@brice,false,-1.237908668713977,-1.6477934178956355
1784907817687,Ant,Explore,null,false,-0.6793743890143265,null
1784907817850,alice,Exercise,http://localhost:3251@bear,true,0.09774318403213803,0.6316088039681718
1784907817850,bear,Exercise,http://localhost:3251@Ant,true,0.47832191533709434,-0.03636289372183099
1784907818293,brice,Explore,null,false,-0.7633325716413262,null
1784907818349,Ant,Dance,http://localhost:3251@Bat,true,-0.06357519785002913,-0.2823581107429343
1784907818350,Bat,Dance,http://localhost:3251@alice,true,0.48412393859857317,0.6204910582833767
1784907818576,Bee,Explore,null,false,-0.7341797460615722,null
1784907819092,alice,Exercise,http://localhost:3251@brice,false,-0.4084229747514353,-0.7670413415341572
1784907819094,brice,Exercise,http://localhost:3251@alice,true,0.2481752239943751,0.11794099491611956
1784907819798,alice,Walk,http://localhost:3251@bear,false,-1.1122398570964753,0.08880475074706984
1784907819798,Bat,Walk,http://localhost:3251@alice,true,0.33531136378350646,0.8784404533597032
1784907819798,bear,Walk,http://localhost:3251@brice,false,-0.7950116776977962,-0.8397731281374665
1784907819798,brice,Walk,http://localhost:3251@Bat,false,-0.9527964641010356,-1.01670085015343
1784907820537,Bee,Sing,http://localhost:3251@brice,false,-1.5439347382883466,-1.8895926524621467
1784907820538,brice,Sing,http://localhost:3251@Bee,false,-0.5152423011379456,-0.7344882577050373
1784907820760,Ant,Talk,http://localhost:3251@Bat,true,0.6848530591381958,0.06426114260369983
1784907820760,Bat,Talk,http://localhost:3251@Bee,false,-0.6377073519726538,-0.9614792175975794
1784907822063,alice,Explore,null,true,0.6456753491846653,null
1784907822064,Ant,Dance,http://localhost:3251@Bee,true,0.2497689200480309,0.13149187931623013
1784907822065,Bee,Dance,http://localhost:3251@Ant,false,-0.7803160728450558,-0.9581625946436461
1784907822626,bear,Explore,null,false,-0.24484371768578111,null
1784907823371,brice,Explore,null,false,-1.1215271503940492,null
1784907823604,alice,Explore,null,true,0.9110378237735519,null
1784907824215,bear,Explore,null,true,0.06829102642951135,null
1784907824648,Bat,Exercise,http://localhost:3251@brice,false,-0.6653468583948586,-0.721344420488131
1784907824648,brice,Exercise,http://localhost:3251@Bat,false,-0.30489594385177643,-1.3033003972990156
1784907825389,Ant,Sing,http://localhost:3251@brice,true,-0.010145172544670511,-0.2914151052646377
1784907825390,Bat,Sing,http://localhost:3251@Ant,false,-0.7731902639217156,-0.5677060932153349
1784907825565,bear,Dance,http://localhost:3251@Bee,true,0.061715601191522806,0.6517204385712118
1784907825565,brice,Dance,http://localhost:3251@bear,true,0.5151966486948225,0.38429681947736827
1784907826090,Ant,Dance,http://localhost:3251@Bee,false,-0.3016646575702008,-0.3955855400027064
1784907826092,Bee,Dance,http://localhost:3251@Ant,false,-1.086389459370195,-1.2200370022025633
1784907826537,alice,Explore,null,true,1.0721435938942816,null
1784907827311,Bat,Play,http://localhost:3251@bear,false,-0.6146839047123411,-0.8422177528853969
1784907827312,Bee,Play,http://localhost:3251@Bat,false,-0.6758406234235719,-0.365312810699971
1784907827548,alice,Fight,http://localhost:3251@Bee,false,-0.39556478907553994,-0.909620097285869
1784907827549,Ant,Fight,http://localhost:3251@alice,true,0.25997994000387326,0.31612754931496406
1784907828571,Ant,Walk,http://localhost:3251@Bee,false,-0.7974872929010433,-0.8472486033521792
1784907828571,Bee,Walk,http://localhost:3251@Bat,true,0.3735618222136835,-0.04571545147043887
1784907828926,Bat,Talk,http://localhost:3251@Bee,false,-0.8824508759547662,-1.0766258893597738
1784907828927,Bee,Talk,http://localhost:3251@Bat,true,0.24051188744237248,0.2542845485295611
1784907829371,alice,Walk,http://localhost:3251@brice,false,-1.1771477625283582,-0.9646509682675801
1784907829371,brice,Walk,http://localhost:3251@Ant,false,-1.0600756554810626,-0.5215873314682533
1784907829882,bear,Exercise,http://localhost:3251@Ant,false,-0.26759583505321843,-0.5176677833055485
1784907829883,brice,Exercise,http://localhost:3251@bear,true,0.07316325287079742,0.5916998670497795
1784907830372,alice,Talk,http://localhost:3251@Bee,true,0.3914550100511841,-0.47481609039795186
1784907830372,Bee,Talk,http://localhost:3251@alice,true,0.5186628884532657,0.30214804809295204
1784907830761,Ant,Explore,null,false,-0.8334161533813086,null
1784907830872,Bee,Talk,http://localhost:3251@brice,true,0.8109217800102397,-0.7617505076498232
1784907830872,brice,Talk,http://localhost:3251@Bee,true,-0.03385871175657129,-0.11270444159751491
1784907831645,alice,Play,http://localhost:3251@Ant,false,-0.7233448006883766,-0.4050797885607227
1784907831645,Bee,Play,http://localhost:3251@alice,true,-0.267090169540471,0.5946695071608598
1784907832149,Ant,Dance,http://localhost:3251@brice,true,0.07780598452541557,0.0864286142579953
1784907832149,brice,Dance,http://localhost:3251@bear,true,0.6502275021604087,0.8299187033487476
1784907833193,Bee,Explore,null,false,-0.8444193890151155,null
1784907833379,Ant,Walk,http://localhost:3251@Bat,false,-1.1364472368517786,-0.46616993916443544
1784907833379,Bat,Walk,http://localhost:3251@alice,true,0.4367035288391493,0.65813253834984
1784907833751,bear,Sing,http://localhost:3251@Bat,false,-0.7785097818936593,-0.9474839252214298
1784907833752,brice,Sing,http://localhost:3251@bear,true,0.04713485100021192,1.0659578016889004
1784907834218,alice,Walk,http://localhost:3251@Bee,false,-1.3935120678189459,-0.8808386180479537
1784907834218,Bat,Walk,http://localhost:3251@alice,true,0.7301856740832839,0.9483098279484012
1784907834409,Ant,Fight,http://localhost:3251@Bee,false,-0.3104193857030112,-1.13988714183372
1784907834409,brice,Fight,http://localhost:3251@Ant,true,0.2672292788446134,-0.12045498564026957
1784907834535,bear,Dance,http://localhost:3251@Bee,true,0.33331454572823765,0.6518035947738613
1784907834536,Bee,Dance,http://localhost:3251@Ant,false,-1.276483002324712,-1.3720058780455044
1784907835474,Bat,Exercise,http://localhost:3251@brice,false,-0.8555766252823314,-0.8855030071415613
1784907835474,brice,Exercise,http://localhost:3251@Bat,false,-0.44334084096679666,-1.2509022569697943
1784907835842,Ant,Dance,http://localhost:3251@Bee,true,0.36594390589525083,-0.7733437300590722
1784907835843,Bee,Dance,http://localhost:3251@Ant,false,-1.7140759148783973,-1.8049286896676657
1784907836690,alice,Explore,null,true,0.9146316466171411,null
1784907836817,Bat,Play,http://localhost:3251@bear,false,-0.8488670602818248,-0.9780050840989483
1784907836817,bear,Play,http://localhost:3251@Bat,false,-0.5530050887244055,-1.323413743444665
1784907837127,brice,Explore,null,true,-0.275810434718111,null
1784907837863,alice,Sing,http://localhost:3251@Bee,true,0.267002658396326,-0.45029997286104667
1784907837863,Bee,Sing,http://localhost:3251@brice,true,-0.3552028025443948,-0.27531443923527726
1784907838175,Ant,Explore,null,false,-1.092695192340964,null
1784907838864,bear,Sing,http://localhost:3251@Bat,false,-1.1059239390486044,-1.6852321319874644
1784907838865,brice,Sing,http://localhost:3251@bear,true,0.3383785399900047,1.1679332436967087
1784907839226,alice,Talk,http://localhost:3251@Ant,false,-0.2531658276376729,-0.7699044935387329
1784907839227,Ant,Talk,http://localhost:3251@Bat,false,-0.22770212179899396,-0.8520762959071364
1784907840220,Ant,Dance,http://localhost:3251@bear,true,0.6009640817685546,0.321683668271268
1784907840220,bear,Dance,http://localhost:3251@Bee,true,0.5467397448350273,0.7825047532974532
1784907840534,brice,Explore,null,false,-0.7384954150719426,null
1784907840896,alice,Explore,null,false,0.26361971237412707,null
1784907841627,alice,Dance,http://localhost:3251@Bat,false,-0.43970909558527244,-0.6405542337895075
1784907841628,Bat,Dance,http://localhost:3251@alice,true,0.41486315256286577,0.9009669646067306
1784907842137,bear,Dance,http://localhost:3251@Bee,true,0.7896530027914106,1.000801077240622
1784907842138,Bee,Dance,http://localhost:3251@bear,true,-0.8306957360732552,0.270315118326915
1784907842593,alice,Fight,http://localhost:3251@Bee,false,-0.6874375751978001,-0.8666470806467179
1784907842594,brice,Fight,http://localhost:3251@alice,true,0.48075251043581324,0.3376120666536296
1784907842881,Bat,Sing,http://localhost:3251@Ant,false,-0.7631774878387368,-0.6932350553476225
1784907842882,bear,Sing,http://localhost:3251@Bat,true,-0.6233283402858913,-1.106988792342304
1784907843287,Bee,Exercise,http://localhost:3251@Bat,true,0.3415301364127859,0.4198897578865608
1784907843287,brice,Exercise,http://localhost:3251@Bee,false,-0.8074840800764178,-0.56396599442315
1784907844004,Ant,Dance,http://localhost:3251@Bee,true,0.756160795168652,-0.182772094632018
1784907844004,Bee,Dance,http://localhost:3251@Ant,false,-1.2782910404396366,-1.6155159896295646
1784907844471,Ant,Talk,http://localhost:3251@bear,true,0.13395677325435998,0.5417378276447036
1784907844472,bear,Talk,http://localhost:3251@alice,true,0.22451511993584405,0.22379250079521557
1784907845122,Bat,Explore,null,false,-0.5146233528878441,null
1784907845186,Bee,Dance,http://localhost:3251@brice,false,-1.7219050836640903,-0.6816120626984083
1784907845187,brice,Dance,http://localhost:3251@bear,true,0.6492427079875691,1.134765381566017
1784907845459,alice,Explore,null,false,-0.291712754391785,null
1784907846064,bear,Explore,null,true,0.3193098983782573,null
1784907846254,Bat,Exercise,http://localhost:3251@brice,false,-0.9572397768921186,-0.9732331219183308
1784907846254,brice,Exercise,http://localhost:3251@Bat,true,-0.3878164410067682,-0.4390041111242094
1784907846310,alice,Exercise,http://localhost:3251@Bee,false,-0.6065849299338175,-1.2091947439187698
1784907846311,Bee,Exercise,http://localhost:3251@Bat,false,-0.194130052885142,-0.12395219529439838
1784907846660,Ant,Explore,null,true,-0.37532804250129786,null
1784907847881,alice,Explore,null,true,0.0321153736130117,null
1784907848059,bear,Walk,http://localhost:3251@brice,true,0.1393294553745921,0.13028324030364966
1784907848060,Bee,Walk,http://localhost:3251@bear,false,-0.356592816091657,-0.29170898580898563
1784907848563,Bat,Explore,null,true,-0.13181459403890955,null
1784907848860,bear,Dance,http://localhost:3251@brice,true,0.8787184089457061,0.4283387466567126
1784907848860,brice,Dance,http://localhost:3251@bear,true,0.8207420318895824,1.2101681439692953
1784907849526,Ant,Explore,null,false,-0.81651606594525,null
1784907849582,Bee,Explore,null,false,-0.8656054670342491,null
1784907850149,Bat,Explore,null,true,0.17588037196880302,null
1784907850793,alice,Walk,http://localhost:3251@Ant,true,-0.31248573227423676,-0.13044158399035688
1784907850794,Ant,Walk,http://localhost:3251@brice,true,-0.1473446994003641,0.3323579780459015
1784907851181,Bee,Explore,null,false,-1.315073849549219,null
1784907851672,Bat,Explore,null,false,-0.3335548044880313,null
1784907851726,bear,Explore,null,true,0.5351907879196485,null
1784907852227,brice,Explore,null,false,-0.8606187884644243,null
1784907852390,alice,Dance,http://localhost:3251@Bee,false,-0.7409545539859596,-1.3556355535884772
1784907852390,Bee,Dance,http://localhost:3251@Ant,true,-0.9493564865031368,-0.8204594795208453
1784907852805,Ant,Dance,http://localhost:3251@Bee,false,-0.027954625126013044,-0.6140983802364839
1784907852805,Bat,Dance,http://localhost:3251@Ant,true,0.5500552738468671,-0.14152752516993167
1784907853213,Bee,Fight,http://localhost:3251@brice,false,-0.5630333213550195,-0.9751153713923957
1784907853213,brice,Fight,http://localhost:3251@Bee,true,0.5582162520941867,-0.007500402274506712
1784907853793,Bat,Fight,http://localhost:3251@bear,true,0.24226445136415142,-0.09474689936509628
1784907853794,brice,Fight,http://localhost:3251@Bat,false,0.04713538073087631,-0.7754324445527997
1784907853959,Ant,Exercise,http://localhost:3251@brice,false,-0.48786004337754085,-0.22251659502560955
1784907853960,Bee,Exercise,http://localhost:3251@Ant,false,-0.6401499739345334,-1.2725633580659261
1784907854595,alice,Explore,null,false,-0.47849401005644887,null
1784907855159,bear,Explore,null,false,-0.07073628256260628,null
1784907855215,alice,Walk,http://localhost:3251@Bee,false,-0.7557133622525123,-1.7140895659701594
1784907855215,Bee,Walk,http://localhost:3251@Bat,false,-0.7679712438587722,-0.5846853641903682
1784907855750,Bat,Dance,http://localhost:3251@brice,true,0.7638644375469107,-0.31986076500203725
1784907855750,brice,Dance,http://localhost:3251@bear,true,0.8441257718980277,1.1023028550733274
1784907856178,Ant,Explore,null,true,-0.2777730837919376,null
1784907856480,bear,Play,http://localhost:3251@brice,true,0.10504699993280084,0.572812728217982
1784907856480,Bee,Play,http://localhost:3251@bear,true,0.21734696635491157,0.09150472498382906
1784907856860,Ant,Fight,http://localhost:3251@Bat,false,-0.5941547105545922,-0.8238419214791591
1784907856860,Bat,Fight,http://localhost:3251@bear,true,0.5032813418373366,0.2204989558748202
1784907857519,alice,Fight,http://localhost:3251@bear,false,-0.8036654823314202,-0.4874270354661487
1784907857520,bear,Fight,http://localhost:3251@Bee,true,0.3011979760490106,0.7420892206112435
1784907857889,Bat,Fight,http://localhost:3251@bear,true,0.7762826027824183,0.5086701967362184
1784907857889,brice,Fight,http://localhost:3251@Bat,false,-0.46367988473053057,-1.0975086088865573
1784907858390,bear,Exercise,http://localhost:3251@Bee,false,-0.5574334809005999,0.22372158710629908
1784907858390,Bee,Exercise,http://localhost:3251@Bat,false,-1.0160291131699881,-0.9980360804984616
1784907858894,Ant,Sing,http://localhost:3251@brice,false,-0.5018179257175929,-0.6740577488086328
1784907858895,Bat,Sing,http://localhost:3251@Ant,false,-0.8562327343598728,-0.6037222474920438
1784907859246,alice,Fight,http://localhost:3251@Bee,false,-1.2197523508778876,-1.80761493287228
1784907859246,Ant,Fight,http://localhost:3251@alice,false,-1.0321172292559457,-0.43737937102171126
1784907860024,Bee,Explore,null,false,-1.3939790867252295,null
1784907860192,brice,Explore,null,false,-1.0508901528674257,null
1784907861016,bear,Walk,http://localhost:3251@brice,true,0.3683786315982681,0.7480676776088466
1784907861016,Bee,Walk,http://localhost:3251@bear,true,-0.3007252890079461,0.3752564398220236
1784907861141,Bat,Explore,null,true,0.09072675434131455,null
1784907861848,alice,Sing,http://localhost:3251@brice,true,0.37289428804067065,0.1297229401836502
1784907861848,Bat,Sing,http://localhost:3251@alice,false,-1.2629967434435327,-0.14534843072153675
1784907862375,Ant,Exercise,http://localhost:3251@brice,false,-0.8060847972539651,-1.0406455820097495
1784907862378,Bee,Exercise,http://localhost:3251@Ant,false,-1.3698045105590824,-1.3781877793558572
1784907862563,brice,Explore,null,false,-1.431775443191159,null
1784907863723,Bat,Walk,http://localhost:3251@Bee,false,-0.3352261499064506,-0.6719144459425264
1784907863724,Bee,Walk,http://localhost:3251@Bat,false,-0.7653059375294388,-1.3085662939418659
1784907864032,bear,Explore,null,false,-0.544158246807824,null
1784907864376,alice,Talk,http://localhost:3251@Bee,false,-0.5625236915963311,-1.779082307908934
1784907864377,Bat,Talk,http://localhost:3251@alice,false,-0.6374211236164433,-0.6282293278633811
1784907864729,Ant,Explore,null,false,-0.6734042551613957,null
1784907865304,bear,Dance,http://localhost:3251@Bee,false,-0.1506211732584275,-0.3486758685912491
1784907865305,Bee,Dance,http://localhost:3251@bear,false,-1.0388122318914876,-0.19445550422655228
1784907865835,Bat,Play,http://localhost:3251@brice,false,-0.69445782355023,-0.7037221442869652
1784907865835,brice,Play,http://localhost:3251@bear,true,0.3040258003222761,0.9070822583283429
1784907866324,alice,Dance,http://localhost:3251@Bat,true,-0.02080863997823401,0.14802222568555565
1784907866325,Ant,Explore,null,false,-1.1372792009378472,null
1784907866326,bear,Talk,http://localhost:3251@alice,true,0.3698270038371039,0.3696022602674063
1784907866327,Bee,Dance,http://localhost:3251@alice,true,-0.7080348322105257,0.41958081483157494
1784907866327,brice,Talk,http://localhost:3251@bear,true,0.2950101524748522,1.1980341128015177
1784907867686,alice,Dance,http://localhost:3251@Bee,true,0.2804061100156246,-1.2003092477167738
1784907867687,Bee,Dance,http://localhost:3251@Ant,false,-1.1667017460992242,-1.5998843641045524
1784907868321,bear,Sing,http://localhost:3251@Bat,false,-0.6547153201406936,-0.7747638994255368
1784907868321,Bee,Sing,http://localhost:3251@bear,true,0.21183568633294905,0.12232116656607217
1784907868702,Bat,Explore,null,false,-0.43707542816014194,null
1784907869259,Ant,Explore,null,false,-1.4542780243183007,null
1784907869534,Bee,Dance,http://localhost:3251@Ant,false,-1.6041135406973415,-2.014057895142261
1784907869535,brice,Dance,http://localhost:3251@Bee,false,-0.1326850848208898,-0.5028506187721805
1784907870148,alice,Play,http://localhost:3251@Ant,false,-0.5850747815435543,-0.5411836311354599
1784907870148,Bat,Play,http://localhost:3251@alice,false,-1.0459511067131673,-0.960414733799428
1784907870760,Bat,Sing,http://localhost:3251@brice,false,-1.3166016547467134,-1.0532342936651253
1784907870760,brice,Sing,http://localhost:3251@bear,true,0.3529593551246157,1.2048189884607
1784907871041,Bee,Explore,null,false,-1.401289441015117,null
1784907872041,Ant,Explore,null,true,-0.9325629418627959,null
1784907872100,alice,Sing,http://localhost:3251@brice,false,-0.3017131539717572,-0.4310197192837641
1784907872100,brice,Sing,http://localhost:3251@alice,false,-0.16764542130087134,-0.4385862786749709
1784907872518,bear,Explore,null,false,-0.8247151354275021,null
1784907872570,Ant,Exercise,http://localhost:3251@Bat,true,-0.18343152364475046,-0.054912628500874916
1784907872570,Bat,Exercise,http://localhost:3251@brice,false,-0.773395223869745,-1.4432629316012715
1784907873706,bear,Talk,http://localhost:3251@brice,false,-0.27143255656651777,-0.15082015844635482
1784907873707,brice,Talk,http://localhost:3251@Bee,false,-0.31210543016046793,-0.9013078198431855
1784907873896,Bee,Explore,null,false,-1.6876528469365328,null
1784907874134,Ant,Explore,null,false,-1.3825352109961542,null
1784907874135,Bat,Explore,null,false,-0.8436087918216122,null
1784907874959,Bat,Play,http://localhost:3251@brice,false,-1.3688911451825616,-1.8387259091991082
1784907874959,brice,Play,http://localhost:3251@bear,true,0.4814210838560855,1.2615246825099153
1784907875248,alice,Dance,http://localhost:3251@Bat,true,0.46986173165883194,0.3844329519879854
1784907875248,bear,Dance,http://localhost:3251@alice,true,0.21869355775071123,0.5108238121084676
1784907875415,Bee,Explore,null,false,-2.097118000833583,null
1784907875650,Ant,Explore,null,false,-1.8083685286795552,null
1784907876233,Bee,Play,http://localhost:3251@brice,true,0.3941039963984557,-0.07246674680408322
1784907876233,brice,Play,http://localhost:3251@bear,true,0.7555950475259581,1.4938496608409582
1784907876538,Bat,Explore,null,false,-1.2825053371160482,null
1784907877580,alice,Talk,http://localhost:3251@Bat,true,0.056445979735520846,0.6258233998780417
1784907877580,Bat,Talk,http://localhost:3251@Bee,false,-0.8475515436543462,-0.8572910622654175
1784907878077,bear,Dance,http://localhost:3251@Bee,false,-0.3174142428973079,-0.6571418023543412
1784907878077,brice,Dance,http://localhost:3251@bear,true,0.21378019217168892,1.6581427730164962
1784907878387,alice,Dance,http://localhost:3251@Ant,false,-0.1057443725160766,-0.8245629098361302
1784907878388,Ant,Dance,http://localhost:3251@Bee,true,0.2924820258500739,0.1348475170989405
1784907878639,bear,Fight,http://localhost:3251@Bee,true,0.38820776780709576,-0.3473338788114773
1784907878640,Bee,Fight,http://localhost:3251@Ant,false,-0.6822750666677538,-1.7763573930309668
1784907879370,Ant,Fight,http://localhost:3251@Bat,false,-0.8566335083556743,-0.5394453270990431
1784907879370,Bat,Fight,http://localhost:3251@bear,true,0.5891790057694402,0.4894886491459277
1784907880182,alice,Dance,http://localhost:3251@brice,true,0.2033787352762747,0.034945017771733755
1784907880182,brice,Dance,http://localhost:3251@bear,true,0.4905014651906253,1.7775860408115072
1784907880308,Bee,Explore,null,true,-1.356943360476496,null
1784907881190,alice,Talk,http://localhost:3251@Bee,false,-0.4516775974817285,-1.027567938248286
1784907881190,bear,Talk,http://localhost:3251@alice,false,-0.6720134019575938,-0.14924635758016463
1784907881649,Ant,Explore,null,true,-0.9990033454370864,null
1784907881869,Bee,Explore,null,false,-1.7841495637343758,null
1784907882731,Bat,Dance,http://localhost:3251@alice,true,0.5013519175248831,-0.20560708315100124
1784907882731,bear,Dance,http://localhost:3251@Bat,true,0.05906724240192701,-0.014285185817168533
1784907882920,alice,Fight,http://localhost:3251@Bee,true,0.01634649076993594,-0.6110967197264341
1784907882921,Bee,Fight,http://localhost:3251@alice,false,-1.0753660679203416,-0.30018339655750814
1784907883036,brice,Explore,null,true,-0.14530002876487214,null
1784907883254,Ant,Explore,null,true,-0.640684334247321,null
1784907883792,bear,Talk,http://localhost:3251@alice,true,-0.284015260017808,0.1702970058707389
1784907883793,Bee,Talk,http://localhost:3251@bear,false,-0.42650891787901457,-0.44086449330193367
1784907883900,Ant,Exercise,http://localhost:3251@Bat,false,-0.6100089981378488,-0.9503792177370065
1784907883900,Bat,Exercise,http://localhost:3251@brice,false,-0.930231230843362,-1.6027351847812463
1784907884629,brice,Explore,null,true,0.16249465233133825,null
1784907884806,Ant,Fight,http://localhost:3251@Bee,true,-0.38364980137089894,0.4023557854661618
1784907884807,Bee,Fight,http://localhost:3251@Ant,false,-1.4727874151724474,-1.8551167333141574
1784907884996,alice,Exercise,http://localhost:3251@bear,true,0.24013749022438108,0.21088845227138897
1784907884997,bear,Exercise,http://localhost:3251@Ant,false,-0.6149379600571427,-0.5229090648518988
1784907885531,Bat,Explore,null,false,-1.269154202283259,null
1784907885925,Bee,Walk,http://localhost:3251@brice,true,0.01633544628680611,0.25498767601388905
1784907885926,brice,Walk,http://localhost:3251@Ant,true,0.248140124475761,0.2926898394204577
1784907886378,Ant,Explore,null,true,-0.2737885549188965,null
1784907887001,alice,Walk,http://localhost:3251@Bee,true,0.195654434780658,-0.1756242505465399
1784907887002,bear,Walk,http://localhost:3251@alice,false,-0.4205384305663968,-0.3571057219936514
1784907887064,Bat,Explore,null,true,-0.9010698918202391,null
1784907888151,Ant,Fight,http://localhost:3251@Bat,true,-0.02191617870125634,-0.4622764165407866
1784907888152,Bat,Fight,http://localhost:3251@bear,true,0.6733770422619065,0.6102008426118337
1784907888153,Bee,Explore,null,false,-1.807561920483543,null
1784907888640,alice,Explore,null,false,-0.5625240768579313,null
1784907889326,bear,Explore,null,false,-0.8166010766233851,null
1784907889578,brice,Explore,null,false,-0.3772754086201272,null
1784907890129,Bat,Exercise,http://localhost:3251@brice,false,-1.199047229098693,-1.7044183776592312
1784907890130,Bee,Exercise,http://localhost:3251@Bat,true,-0.08346091246236687,-0.08708322501985
1784907890370,alice,Explore,null,true,-0.22968550020788342,null
1784907890737,Ant,Exercise,http://localhost:3251@brice,false,-0.9146803521614973,-0.7544418439981264
1784907890738,Bat,Exercise,http://localhost:3251@Ant,true,-0.8930519929531995,0.1704244774074838
1784907891270,brice,Explore,null,true,-0.055251129244652364,null
1784907891726,alice,Talk,http://localhost:3251@Bat,false,-0.7550702194225146,-0.19744906058180545
1784907891726,Bat,Talk,http://localhost:3251@Bee,false,-0.9016105846250773,-0.9062256358188896
1784907891969,bear,Walk,http://localhost:3251@brice,false,-0.819209002177977,-0.552903361550274
1784907891970,brice,Walk,http://localhost:3251@bear,false,-0.3144608002955417,0.5088782408352317
1784907892799,Ant,Sing,http://localhost:3251@Bee,true,0.21274278424636464,0.5537077180025065
1784907892799,Bee,Sing,http://localhost:3251@brice,false,-0.4373374959910942,-0.3283900085532108
1784907893605,bear,Explore,null,false,-1.154976172473583,null
1784907893605,brice,Explore,null,false,-0.5520257234045385,null
1784907893718,alice,Dance,http://localhost:3251@Bat,true,0.397341584645002,0.12316719001030968
1784907893718,Ant,Dance,http://localhost:3251@alice,true,0.437209560984998,0.22545718333080245
1784907894804,Bat,Walk,http://localhost:3251@Bee,true,0.23087926874107528,-0.4415826719771639
1784907894805,Bee,Walk,http://localhost:3251@Bat,false,-0.4901539472247078,-0.5657698764437523
1784907895168,Ant,Sing,http://localhost:3251@brice,true,0.4953652022969962,-0.3142880663796909
1784907895169,bear,Sing,http://localhost:3251@Ant,false,-0.6398174486834469,-0.8089225768972294
1784907895996,alice,Explore,null,false,-0.6691770723111697,null
1784907896495,Ant,Dance,http://localhost:3251@Bee,false,-0.1123466079279159,-0.018798649013391844
1784907896495,Bat,Dance,http://localhost:3251@Ant,true,0.5522927336660921,0.4211996767843093
1784907896806,bear,Explore,null,true,-0.7138486426823223,null
1784907897232,alice,Exercise,http://localhost:3251@brice,true,0.43225331786428134,0.31417554613982
1784907897233,Bee,Exercise,http://localhost:3251@alice,false,-0.5539623871377675,-0.6346107012270974
1784907897837,bear,Talk,http://localhost:3251@alice,false,-0.642208913397596,-0.7130954250153195
1784907897837,brice,Talk,http://localhost:3251@bear,true,0.2117493987892894,0.6494177293427645
1784907898203,Bat,Talk,http://localhost:3251@Bee,true,-0.3067955406104264,-0.06317184479785776
1784907898203,brice,Talk,http://localhost:3251@Bat,true,0.5117493987892894,0.17536931581057524
1784907898481,Ant,Walk,http://localhost:3251@brice,true,0.28697716320185396,0.03362739640454415
1784907898482,Bee,Walk,http://localhost:3251@Ant,false,-0.899097323225601,-1.374648095192801
1784907899152,Ant,Dance,http://localhost:3251@bear,true,0.19938383948667893,0.334222099746924
1784907899153,bear,Dance,http://localhost:3251@Bee,true,0.3263549803067217,0.18058377306488985
1784907899880,alice,Sing,http://localhost:3251@brice,false,-0.5637895114451456,-0.23372276212936105
1784907899881,Bat,Explore,null,false,-0.9511735397704026,null
1784907899881,brice,Sing,http://localhost:3251@alice,true,0.2610140435276723,0.19800672492512783
1784907900821,Bee,Explore,null,false,-1.387096058184561,null
1784907900936,alice,Fight,http://localhost:3251@Bat,false,-0.4936614956235695,-0.41627170437791566
1784907900936,Bat,Fight,http://localhost:3251@bear,true,0.6388600478860486,0.6070682155319606
1784907902131,Ant,Exercise,http://localhost:3251@Bat,true,-0.21653595269739717,0.07874422874660034
1784907902131,Bat,Exercise,http://localhost:3251@brice,true,-0.1796658021329406,-0.6108802831944622
1784907902552,alice,Explore,null,true,-0.180689218948489,null
1784907902784,bear,Explore,null,false,-1.012778098199461,null
1784907902903,brice,Explore,null,false,-0.8101798640552618,null
1784907903081,Bee,Explore,null,true,-0.9422651846083352,null
1784907904018,alice,Talk,http://localhost:3251@brice,false,-0.8975041591731061,-0.6912600389914525
1784907904018,bear,Exercise,http://localhost:3251@Ant,false,-0.7337146233640597,-1.0204009279469353
1784907904019,Bee,Exercise,http://localhost:3251@bear,true,-0.11007672723055628,0.14690001081289533
1784907904019,brice,Talk,http://localhost:3251@Bee,false,-0.1268259566982638,-0.6858418730589292
1784907904704,Bat,Talk,http://localhost:3251@Bee,true,0.08399455697180813,0.2555226184340252
1784907904705,Bee,Talk,http://localhost:3251@Bat,true,0.15555132671486388,-0.04966774434725996
1784907905703,alice,Explore,null,true,0.14375663554503187,null
1784907905703,brice,Explore,null,false,-1.2219586136704221,null
1784907906392,bear,Explore,null,true,-0.5583728360717597,null
1784907906393,Bee,Explore,null,false,-1.3438804411566814,null
1784907906455,Ant,Fight,http://localhost:3251@Bat,true,0.2923891200739384,0.3571341672038665
1784907906456,Bat,Fight,http://localhost:3251@bear,true,0.7520623112923998,0.7295661648174944
1784907907344,alice,Explore,null,true,0.4360447504266129,null
1784907907402,Ant,Talk,http://localhost:3251@brice,false,-0.4952212603145917,-0.48101002257509146
1784907907403,brice,Talk,http://localhost:3251@Bee,false,-0.6074904328323683,-1.0812803759490641
1784907907680,Bat,Dance,http://localhost:3251@bear,true,0.596641112943604,0.9938977702029799
1784907907680,bear,Dance,http://localhost:3251@Bee,true,0.5099526449653027,0.4161742368912356
1784907908703,Ant,Dance,http://localhost:3251@Bee,false,-0.39344470198364856,-0.5089974513887255
1784907908703,Bat,Dance,http://localhost:3251@Ant,true,0.8789641339522001,0.5195272950545544
1784907909067,brice,Explore,null,false,-1.5304839749498234,null
1784907910191,bear,Explore,null,false,-0.9661816656526914,null
1784907910629,alice,Exercise,http://localhost:3251@brice,true,0.5142740803877077,-0.19406929148074348
1784907910630,Bee,Exercise,http://localhost:3251@alice,false,-0.5748294798143896,-0.8193518624936618
1784907911037,Bat,Explore,null,true,-0.22648170997217026,null
1784907911425,brice,Explore,null,true,-1.0638281298042778,null
1784907911647,alice,Fight,http://localhost:3251@Bee,true,0.012709030314706937,0.24908034785249822
1784907911648,Bat,Fight,http://localhost:3251@alice,true,0.9062423859201418,0.2528996850428135
1784907912174,Bee,Explore,null,true,-0.6367472934375706,null
1784907912281,Ant,Explore,null,true,0.23913893983585938,null
1784907912670,bear,Dance,http://localhost:3251@brice,true,0.6832176039836388,0.1011352985713494
1784907912670,brice,Dance,http://localhost:3251@bear,true,0.393811688992052,0.6187143418362246
1784907913441,Ant,Exercise,http://localhost:3251@brice,true,0.19266006710056313,-0.0455233922756092
1784907913441,brice,Exercise,http://localhost:3251@Ant,false,-0.5102414101021859,-0.42771516825922035
1784907913556,Bat,Dance,http://localhost:3251@alice,true,0.987546555445187,0.5264936678850389
1784907913557,bear,Dance,http://localhost:3251@Bat,true,0.9696553933627725,0.2969797636855249
1784907913745,Bee,Explore,null,true,-0.3025887173284593,null
1784907913870,alice,Explore,null,true,0.5934637354279522,null
1784907914754,alice,Dance,http://localhost:3251@Ant,true,0.437985692286347,0.17477179485238334
1784907914754,Ant,Dance,http://localhost:3251@Bee,false,-0.7826226933369851,-0.8656275707561091
1784907914880,bear,Sing,http://localhost:3251@Bat,true,0.05682962550090401,0.5810481594757104
1784907914880,brice,Sing,http://localhost:3251@bear,true,0.4280977025020922,0.8681755693152373
1784907915719,Bee,Walk,http://localhost:3251@Bat,false,-0.8815518048325426,-0.5277684605421609
1784907915719,brice,Walk,http://localhost:3251@Bee,false,-0.5958598294758528,-1.276714924771951
1784907915781,Ant,Talk,http://localhost:3251@Bat,false,-0.8185887138856627,-0.28147893199379936
1784907915782,bear,Talk,http://localhost:3251@Ant,false,-0.7605138776216354,-1.0762382062813978
1784907916731,alice,Play,http://localhost:3251@Ant,true,0.25227436098772804,0.4565233458170047
1784907916732,Bat,Play,http://localhost:3251@alice,true,0.15581098698777368,0.7265427294101936
1784907917096,Ant,Walk,http://localhost:3251@brice,true,0.3986650947018828,0.26141697435529837
1784907917097,brice,Walk,http://localhost:3251@Ant,false,-1.061075205158574,-0.8717071482158203
1784907917349,Bee,Explore,null,false,-0.7564569039538931,null
1784907918255,Bat,Fight,http://localhost:3251@brice,true,0.8978057288562113,0.05711373012190027
1784907918255,brice,Fight,http://localhost:3251@Bee,true,0.27937702102942025,-0.8263437511086711
1784907918380,alice,Explore,null,true,0.7930014236714442,null
1784907918756,Ant,Explore,null,false,-0.3184819821006781,null
1784907918820,bear,Explore,null,true,-0.3153696302710473,null
1784907919940,brice,Explore,null,true,-0.46035757992974863,null
1784907920317,Bat,Dance,http://localhost:3251@alice,true,0.9514382879564116,0.8915718115877982
1784907920318,Bee,Dance,http://localhost:3251@Bat,false,-0.6219828028547418,-0.9149075226027119
1784907920442,alice,Dance,http://localhost:3251@Bat,true,0.6324523174128351,0.1385867610902547
1784907920446,Ant,Dance,http://localhost:3251@alice,false,-1.1121859996694035,-0.44623926838586714
1784907921239,bear,Explore,null,true,0.01897126654741349,null
1784907921367,Ant,Talk,http://localhost:3251@Bee,false,-1.1467710133119384,-1.147246579163748
1784907921367,Bee,Talk,http://localhost:3251@brice,false,-0.43529872333567116,-0.5756053613646016
1784907921619,brice,Explore,null,false,-0.9356615041183508,null
1784907922360,alice,Exercise,http://localhost:3251@brice,false,-0.2110325523274479,-0.6090463431260874
1784907922361,Bee,Exercise,http://localhost:3251@alice,false,-0.8311905334026893,-0.9720731798087052
1784907922611,Bat,Sing,http://localhost:3251@Ant,true,0.21765863750014003,0.535317988505598
1784907922611,brice,Sing,http://localhost:3251@Bat,false,-0.17505314492583124,-0.44000806262976433
1784907923469,Ant,Talk,http://localhost:3251@Bee,true,-0.6966047843232137,-0.6970180762513078
1784907923470,Bee,Talk,http://localhost:3251@brice,false,-0.8957545599795068,-1.0233152184851024
1784907924017,alice,Explore,null,false,0.10192642283595288,null
1784907924505,Bat,Fight,http://localhost:3251@Bee,false,0.12268336935230661,-0.41560238111990144
1784907924505,Bee,Fight,http://localhost:3251@Ant,true,0.11137329853637504,-0.07341566122731746
1784907924631,Ant,Play,http://localhost:3251@brice,true,0.2973716758402715,0.48221981337506054
1784907924632,brice,Play,http://localhost:3251@bear,true,0.37308777319960795,0.8901803939296897
1784907925380,alice,Dance,http://localhost:3251@Bat,true,0.8072748616055931,0.4111571230223461
1784907925381,bear,Dance,http://localhost:3251@alice,true,0.7978369836011612,0.13582375866654461
1784907926203,Bat,Explore,null,false,-0.5956319526866837,null
1784907926392,brice,Explore,null,false,-1.2695182264184786,null
1784907927276,Bee,Exercise,http://localhost:3251@Bat,false,-1.1214973362138423,-1.1250738566436629
1784907927276,brice,Exercise,http://localhost:3251@Bee,false,-0.7984319673391743,-1.0935865837894183
1784907928341,bear,Fight,http://localhost:3251@brice,true,0.32643842020269354,0.34143917815616837
1784907928341,brice,Fight,http://localhost:3251@Bee,false,-0.31008122532623705,-1.5349206719916535
1784907928467,alice,Explore,null,true,0.38175274343142424,null
1784907928468,Ant,Fight,http://localhost:3251@Bee,false,-0.41042057626644,-1.008274273276083
1784907928468,Bat,Fight,http://localhost:3251@Ant,false,-0.4001077016924302,-0.11546562721417186
1784907929410,Bat,Talk,http://localhost:3251@bear,true,0.3215926540076814,0.5999563183822166
1784907929411,bear,Talk,http://localhost:3251@alice,false,-0.8325948087905799,-0.3953411536173289
1784907929660,Bee,Explore,null,false,-0.8845033177904346,null
1784907929912,Ant,Dance,http://localhost:3251@Bee,false,-1.134398967296164,-1.4494140513417775
1784907929913,brice,Dance,http://localhost:3251@Ant,false,-0.30082832120430836,-1.0175722757392234
1784907930163,alice,Explore,null,true,0.6612734571026745,null
1784907930477,Ant,Talk,http://localhost:3251@Bat,true,-0.1711798950040736,0.16926940174382388
1784907930478,Bat,Talk,http://localhost:3251@Bee,true,0.6043406809545293,-0.006115945585504823
1784907930981,Ant,Fight,http://localhost:3251@brice,false,-0.8768959741369604,-0.1638703182313872
1784907930982,brice,Fight,http://localhost:3251@Bee,false,-0.7735599339411748,-1.8541380881516143
1784907931045,bear,Dance,http://localhost:3251@Bee,false,0.07024380257837204,-0.3875137946169743
1784907931049,Bee,Dance,http://localhost:3251@Ant,false,-0.8601589225068741,-0.5522105424468005
1784907931973,Ant,Talk,http://localhost:3251@Bat,false,-0.6603809587549387,-0.3414090104512371
1784907931974,Bat,Talk,http://localhost:3251@Ant,false,0.04944011421886041,-0.5949626593325228
1784907932036,alice,Fight,http://localhost:3251@Bee,true,0.3048060698706629,0.3941926744641435
1784907932036,Bee,Fight,http://localhost:3251@Ant,false,-0.42504433505175776,-1.0225869758657953
1784907932683,bear,Explore,null,true,0.3096430013290113,null
1784907933370,brice,Explore,null,true,-0.6165141805593275,null
1784907933686,Bat,Talk,http://localhost:3251@Bee,true,0.3442779231148084,0.2950202226749601
1784907933686,bear,Talk,http://localhost:3251@Bat,true,-0.3916520784192748,0.5017818814725766
1784907933686,Bee,Explore,null,true,-0.4496544630619857,null
1784907934631,alice,Exercise,http://localhost:3251@brice,true,0.18665262572947225,-0.027123958086299582
1784907934631,bear,Exercise,http://localhost:3251@alice,false,-0.6460693763500395,-0.8186871095953735
1784907935323,bear,Exercise,http://localhost:3251@brice,false,-1.1396248343209479,-0.2421269991405492
1784907935324,brice,Exercise,http://localhost:3251@bear,true,-0.22933491116114407,0.8419547394836944
1784907935449,alice,Talk,http://localhost:3251@Bat,false,-0.686922139484783,-0.2619196130036131
1784907935449,Bat,Talk,http://localhost:3251@Bee,false,-0.19166917086149932,-0.23578372656889385
1784907935876,Ant,Fight,http://localhost:3251@Bee,false,-1.12361645613117,-1.5052575920025342
1784907935877,bear,Fight,http://localhost:3251@Ant,false,-0.2571360627454823,-0.8700194933972806
1784907936507,Bat,Dance,http://localhost:3251@Bee,true,0.6840238872112359,0.07120195358397088
1784907936507,Bee,Dance,http://localhost:3251@Ant,true,-0.34963770051434045,-0.5160915678830253
1784907937251,Ant,Sing,http://localhost:3251@brice,false,-0.4527990906773207,-0.610286835621574
1784907937252,brice,Sing,http://localhost:3251@Ant,false,-0.5863424370554794,-1.1917393529299414
1784907937568,Bat,Fight,http://localhost:3251@bear,true,0.05762658290247458,0.6802068869567891
1784907937568,bear,Fight,http://localhost:3251@Bat,true,0.06855506266996564,0.7274187397521017
1784907938251,alice,Sing,http://localhost:3251@brice,false,-0.5810306347102576,-0.5220851002604756
1784907938252,brice,Sing,http://localhost:3251@alice,true,-0.2718297306407978,0.3354810641132777
1784907938440,bear,Fight,http://localhost:3251@Bee,true,0.36586037180891406,0.016000109070074875
1784907938441,Bee,Fight,http://localhost:3251@Ant,false,-0.7992608357892081,-0.9553064284015904
1784907939250,Bat,Explore,null,true,0.006213136559916899,null
1784907939312,Bee,Fight,http://localhost:3251@brice,false,-1.267844324944982,-0.9408460949952792
1784907939314,brice,Fight,http://localhost:3251@Bee,false,-1.012845546847485,-1.7292343747746044
1784907939813,Ant,Dance,http://localhost:3251@bear,false,-1.1406148879513818,-0.4676711102003871
1784907939814,bear,Dance,http://localhost:3251@Bee,false,-0.45128161220207125,-0.48485822350402
1784907939997,alice,Talk,http://localhost:3251@Bee,true,-0.21880008153228142,0.5436263736494535
1784907939998,Bat,Talk,http://localhost:3251@alice,true,0.13836440378989287,0.6127376763315027
1784907940849,bear,Talk,http://localhost:3251@alice,false,-0.7870327433465778,-1.1183159848743185
1784907940849,Bee,Talk,http://localhost:3251@bear,true,-0.050836788695265256,0.32121929719915016
1784907941711,brice,Explore,null,true,-0.11078314041424575,null
1784907942819,alice,Dance,http://localhost:3251@Bat,false,-0.20376417525091878,-0.6659848186307266
1784907942819,Ant,Dance,http://localhost:3251@alice,true,-0.6427924680171098,0.1811877824519897
1784907943189,bear,Explore,null,true,0.49329955688440486,null
1784907943579,Bat,Walk,http://localhost:3251@Bee,true,0.3158027670138059,0.3488903296498692
1784907943580,Bee,Walk,http://localhost:3251@Bat,true,0.1020634933766251,-0.17032393727348077
1784907943641,alice,Exercise,http://localhost:3251@brice,true,0.4119407828507442,-0.08454682023640969
1784907943642,brice,Exercise,http://localhost:3251@bear,false,-0.6528057552997862,0.060994090448966864
1784907944988,bear,Sing,http://localhost:3251@brice,false,-0.4881641604931002,-0.6511516211984016
1784907944989,brice,Sing,http://localhost:3251@bear,false,-0.6942868310701829,-0.4422779631620648
1784907945169,Ant,Explore,null,true,0.22991013029179658,null
1784907946015,alice,Explore,null,false,-0.23575616277623967,null
1784907946330,Ant,Sing,http://localhost:3251@Bee,false,-0.7770559357614255,-1.371618877471657
1784907946331,Bee,Sing,http://localhost:3251@brice,false,-0.5256259760614703,-1.1113691649367543
1784907946576,Bat,Explore,null,true,0.30403734482236805,null
1784907946990,Ant,Dance,http://localhost:3251@brice,true,-0.25304847816375403,-0.07341857306535321
1784907946991,bear,Sing,http://localhost:3251@Bat,false,-0.9371934714801455,-0.04132199620058463
1784907946992,Bee,Sing,http://localhost:3251@bear,true,-0.22562597606147033,0.5295873934918565
1784907946993,brice,Dance,http://localhost:3251@bear,true,0.1723368583854112,-0.09609839009622279
1784907947052,alice,Talk,http://localhost:3251@Bee,true,0.14824871617086713,0.677038251297494
1784907947053,Bat,Talk,http://localhost:3251@alice,false,-0.40826881640013957,-0.09377447705792996
1784907948217,alice,Exercise,http://localhost:3251@Bee,true,0.6304078392267274,0.9439379395218774
1784907948217,Bee,Exercise,http://localhost:3251@Bat,false,-0.8741561858264834,-0.6359296884256107
1784907948395,bear,Sing,http://localhost:3251@brice,false,-1.3824827472369627,-1.049119506504439
1784907948396,brice,Sing,http://localhost:3251@bear,false,-1.0854956505339424,-0.590488435822358
1784907948828,Bat,Fight,http://localhost:3251@bear,true,0.33126358080353663,0.6690259234958477
1784907948828,Bee,Fight,http://localhost:3251@Bat,false,-1.264182497073593,-1.1233061665429742
1784907949773,bear,Play,http://localhost:3251@brice,false,-0.4992576863774743,-1.4878748545033342
1784907949774,Bee,Play,http://localhost:3251@bear,true,0.30873277369067664,0.7790703063740512
1784907949836,alice,Explore,null,true,0.09918246213495702,null
1784907950265,Ant,Exercise,http://localhost:3251@brice,true,0.32607359556357407,0.2414071567321604
1784907950266,brice,Exercise,http://localhost:3251@bear,false,-0.9665845829394244,-1.0288337613013003
1784907950442,Bat,Explore,null,false,-0.24616129819807742,null
1784907951190,alice,Sing,http://localhost:3251@brice,true,-0.00741870288442098,0.23926757705003973
1784907951192,Ant,Sing,http://localhost:3251@alice,true,-0.307831550098333,0.4219417121757484
1784907951809,Bee,Dance,http://localhost:3251@Ant,false,-0.6560034688743535,-0.9831496637290038
1784907951810,brice,Dance,http://localhost:3251@Bee,false,-0.3645166122803709,-1.4195218087660257
1784907952419,alice,Exercise,http://localhost:3251@brice,true,0.8342976569111631,0.5264319673421709
1784907952420,Bat,Exercise,http://localhost:3251@alice,true,0.2888197335507853,0.22953065197768757
1784907952473,bear,Walk,http://localhost:3251@brice,false,-0.5383086679964685,-1.7610376950789426
1784907952474,brice,Walk,http://localhost:3251@bear,true,0.08981522842826956,-0.6591098201565113
1784907953459,Bee,Explore,null,true,0.1398844387575368,null
1784907954414,alice,Play,http://localhost:3251@Ant,true,0.33736516280698164,0.3676171334845643
1784907954414,brice,Play,http://localhost:3251@alice,false,-0.4096885390862627,-0.3488048533914633
1784907955446,Ant,Explore,null,false,-0.36951330485634537,null
1784907956048,bear,Explore,null,false,-0.2579036781770208,null
1784907956215,Ant,Talk,http://localhost:3251@Bat,true,0.1360879093003735,0.21525942117976865
1784907956216,Bat,Talk,http://localhost:3251@Bee,false,-0.7282567220999124,-0.3363280997386537
1784907956678,bear,Dance,http://localhost:3251@Bee,false,-0.6877097229658053,-0.7016758501803951
1784907956679,Bee,Dance,http://localhost:3251@Ant,true,-0.19544865942556078,-0.44252684020870864
1784907957291,brice,Explore,null,false,-0.5499279242509802,null
1784907958092,alice,Sing,http://localhost:3251@Ant,true,0.2952033723895637,0.5818506390290561
1784907958092,Ant,Sing,http://localhost:3251@brice,false,-0.7010365360823183,-0.3454730163249652
1784907958146,Bat,Dance,http://localhost:3251@alice,false,-0.3036556656466616,-0.34782850356271366
1784907958147,brice,Dance,http://localhost:3251@Bat,true,0.030162583496974482,0.22115442399025015
1784907958824,bear,Explore,null,false,-0.7309751790377567,null
1784907959157,alice,Dance,http://localhost:3251@Bee,false,-0.5891119924305528,0.025102262111515228
1784907959158,Bee,Dance,http://localhost:3251@Ant,false,-0.6656511138973121,-0.8750604594857794
1784907959426,Ant,Play,http://localhost:3251@Bat,true,0.34085446951178955,0.48062172858690744
1784907959427,bear,Play,http://localhost:3251@Ant,false,-0.8024355465982338,-0.7652156332342501
1784907959759,alice,Fight,http://localhost:3251@Bat,true,0.3674172317373802,0.015954406596468407
1784907959759,Bat,Fight,http://localhost:3251@bear,true,0.4650372261756549,0.6333121690755503
1784907960348,brice,Explore,null,true,-0.1803181004063329,null
1784907960403,bear,Sing,http://localhost:3251@Bee,false,-1.2652146010580057,-1.1097934995010394
1784907960403,Bee,Sing,http://localhost:3251@brice,true,0.18926967772443923,-0.24542596534647304
1784907960569,Ant,Exercise,http://localhost:3251@brice,false,-0.3149352279314614,-0.806314862708006
1784907960569,Bat,Exercise,http://localhost:3251@Ant,false,-0.3335952400304979,-0.6155146624880342
1784907961002,alice,Sing,http://localhost:3251@brice,true,0.5617431064410313,0.6188969226395397
1784907961003,brice,Sing,http://localhost:3251@alice,false,-1.094836729451692,-0.7556310038379856
1784907961724,Ant,Exercise,http://localhost:3251@brice,true,0.001959604702470863,-0.46305976309536895
1784907961724,brice,Exercise,http://localhost:3251@Ant,true,-0.2826007228888617,-0.07815232191311577
1784907962113,Bat,Explore,null,false,-0.6196033656739777,null
1784907962824,Ant,Exercise,http://localhost:3251@Bee,true,0.3018637998842284,-0.25919709566965615
1784907962825,Bee,Exercise,http://localhost:3251@Bat,true,-0.08421496588542715,-0.20372216619950284
1784907963750,Bat,Talk,http://localhost:3251@Bee,false,-0.9779949239593375,-0.7207506221108528
1784907963754,bear,Talk,http://localhost:3251@Bat,false,-0.7316458386798596,-0.5165951808331666
1784907963969,brice,Explore,null,true,0.14250654742798538,null
1784907964537,Bee,Explore,null,false,-0.4292529417396394,null
1784907964992,Ant,Walk,http://localhost:3251@Bat,true,0.3284034938864584,0.6575733679332557
1784907964992,Bat,Walk,http://localhost:3251@alice,true,0.39202245056040524,0.05754732391791367
1784907965111,alice,Explore,null,true,0.34084323913262854,null
1784907965536,brice,Explore,null,false,-0.3651382761881244,null
1784907965772,Bat,Walk,http://localhost:3251@bear,true,0.6881120266160652,0.7904502396672002
1784907965773,bear,Walk,http://localhost:3251@brice,true,0.04492352650238729,-0.5344641497766989
1784907966291,Ant,Play,http://localhost:3251@Bat,false,-0.2600146972523132,0.1222975683069869
1784907966291,Bee,Play,http://localhost:3251@Ant,true,0.42031559271621427,-0.2948606997763726
1784907967046,Ant,Walk,http://localhost:3251@bear,true,0.6076860586152858,0.18904044233860123
1784907967047,bear,Walk,http://localhost:3251@brice,true,0.34251358504690477,-0.20579259588727689
1784907967102,alice,Walk,http://localhost:3251@Bee,true,0.30303717485690457,0.3156704854368606
1784907967103,Bee,Walk,http://localhost:3251@alice,true,0.329889951597422,0.21101670640779097
1784907968020,Bat,Explore,null,true,-0.16328949356422345,null
1784907968079,bear,Walk,http://localhost:3251@brice,false,-0.16929606182447715,-0.6986970002896864
1784907968080,brice,Walk,http://localhost:3251@Ant,false,-0.4584946181603551,-0.5558583747608554
1784907968191,alice,Exercise,http://localhost:3251@Ant,true,0.6251323657448378,0.6318918280129119
1784907968191,Ant,Exercise,http://localhost:3251@brice,false,-0.26623033595552087,-0.8410711383812879
1784907969340,Ant,Sing,http://localhost:3251@Bat,true,-0.11415616554093289,0.4095281111741253
1784907969341,Bat,Sing,http://localhost:3251@Ant,false,-0.4833652480669661,-0.9101171619417732
1784907969341,Bee,Explore,null,true,-0.042572039846396514,null
1784907970013,bear,Dance,http://localhost:3251@Bee,false,-0.8324695477524136,-1.1173658803880975
1784907970013,brice,Dance,http://localhost:3251@bear,false,-0.4832208875581257,-0.7714207675414029
1784907970069,alice,Walk,http://localhost:3251@Bee,false,-0.2418723709288531,-0.231111293483938
1784907970070,Ant,Walk,http://localhost:3251@alice,false,0.04423572854619473,-0.33883008976606177
1784907970891,Bat,Explore,null,false,-0.6455087464288437,null
1784907971390,alice,Walk,http://localhost:3251@Bee,false,-0.7277525408290617,-0.7176196648799578
1784907971391,brice,Walk,http://localhost:3251@alice,false,-0.8827940239544889,-0.9441772673617896
1784907971836,Bat,Fight,http://localhost:3251@bear,false,-0.22936719425726237,0.09400505106541379
1784907971836,brice,Fight,http://localhost:3251@Bat,false,-0.7057230242709827,-0.3858851168504715
1784907971894,Ant,Sing,http://localhost:3251@Bee,true,0.19827440711333008,0.12901979525390914
1784907971895,Bee,Sing,http://localhost:3251@brice,true,0.40064430764535547,0.16949453997353464
1784907972847,Bee,Fight,http://localhost:3251@brice,false,-0.8382828721362329,-0.33879202597253555
1784907972848,brice,Fight,http://localhost:3251@Bee,false,-1.167864216098638,-1.0131300641092396
1784907973125,Bat,Play,http://localhost:3251@bear,false,-0.4927864910369846,-0.41103788939864905
1784907973125,bear,Play,http://localhost:3251@Bat,true,-0.04917373044148554,-0.0006374443865453383
1784907973179,alice,Fight,http://localhost:3251@Bee,false,-0.3335797084431212,-1.133098595095234
1784907973180,Ant,Fight,http://localhost:3251@alice,false,-0.6614917496031807,-0.7814724921935373
1784907974022,Bat,Exercise,http://localhost:3251@Bee,true,0.1171943835585284,-0.1660076549926272
1784907974022,Bee,Exercise,http://localhost:3251@Bat,true,0.25244233952089146,0.18495453853931895
1784907974192,Ant,Dance,http://localhost:3251@brice,false,-0.5609478881101688,-1.1416217693576496
1784907974193,brice,Dance,http://localhost:3251@bear,false,-0.8994135251001232,-1.1376294900168027
1784907974747,alice,Explore,null,false,-0.29660887397414215,null
1784907975248,Bee,Walk,http://localhost:3251@Bat,true,0.5111656499960827,0.4750325746039664
1784907975248,brice,Walk,http://localhost:3251@Bee,false,-1.2482057632922645,-1.4164880738745134
1784907975690,Ant,Explore,null,false,-0.6425658218807093,null
1784907975867,Bat,Play,http://localhost:3251@bear,true,-0.12825757619992895,-0.0572137090644973
1784907975867,brice,Play,http://localhost:3251@Bat,false,-0.6495867218198245,-0.8303494071611346
1784907976370,bear,Walk,http://localhost:3251@brice,true,0.2029470326199272,-0.10054456345224583
1784907976371,Bee,Walk,http://localhost:3251@bear,true,0.7910732840659531,0.4839178607005006
1784907977025,Ant,Sing,http://localhost:3251@brice,true,0.45903115485414836,-0.722421604975303
1784907977025,Bee,Sing,http://localhost:3251@Ant,false,-0.1721447016806072,-0.6786178948074948
1784907977691,bear,Dance,http://localhost:3251@Bee,true,-0.20681953900222966,-0.380268559881954
1784907977692,brice,Dance,http://localhost:3251@bear,true,-0.48556584745948145,-0.693628458411788
1784907977750,alice,Explore,null,false,-0.7488811278865453,null
1784907979033,Bat,Sing,http://localhost:3251@bear,false,-0.7898876137423481,-0.5465850336791864
1784907979033,bear,Sing,http://localhost:3251@Bat,true,-0.10551182632799155,0.2995443947593465
1784907979334,Ant,Explore,null,true,-0.24460206818364522,null
1784907979397,alice,Explore,null,true,-0.4087070851112888,null
1784907979397,Bee,Explore,null,false,-0.5261796172195056,null
1784907980340,alice,Dance,http://localhost:3251@bear,false,-0.6907177135389183,-0.4984947438343525
1784907980340,Ant,Dance,http://localhost:3251@Bat,true,-0.1365927851772803,0.5543761495383023
1784907980340,Bat,Dance,http://localhost:3251@alice,false,-0.5997942030361331,-0.47286766037718525
1784907980340,bear,Dance,http://localhost:3251@Bee,false,-0.6852248885599748,-0.8405635752153848
1784907981252,brice,Explore,null,false,-0.6596855740893273,null
1784907981302,Bat,Fight,http://localhost:3251@bear,true,0.16244209967530868,-0.18951444549291818
1784907981303,Bee,Fight,http://localhost:3251@Bat,false,-1.0613542982638333,-0.1448089001656893
1784907982248,bear,Play,http://localhost:3251@brice,false,-0.5297879921534161,-0.5763181850723733
1784907982250,brice,Play,http://localhost:3251@bear,true,-0.1596525887358367,-0.23985973912205855
1784907982552,Ant,Explore,null,false,-0.7125721600715628,null
1784907982967,alice,Dance,http://localhost:3251@Bat,true,-0.2824857953886582,0.3044662513987345
1784907982967,Bat,Dance,http://localhost:3251@alice,false,-1.0212529488592335,-0.9109470567472715
1784907983717,Bee,Talk,http://localhost:3251@brice,false,-0.5050929823502034,-0.6913217677503005
1784907983717,brice,Talk,http://localhost:3251@Bee,true,0.28279122909597476,-0.6158428246625385
1784907984336,alice,Walk,http://localhost:3251@Bee,false,-0.8755176797283606,-1.1627310842054221
1784907984336,Ant,Walk,http://localhost:3251@alice,false,-0.47728865139349735,-0.9829803335100544
1784907984840,alice,Exercise,http://localhost:3251@bear,true,0.5720215986096204,-0.09783154555903001
1784907984840,bear,Exercise,http://localhost:3251@Ant,true,0.22392788212074005,0.12989853353582864
1784907985790,bear,Walk,http://localhost:3251@Bee,false,-0.37330709459583933,-1.1191252152079372
1784907985791,Bee,Walk,http://localhost:3251@Bat,true,0.760372568827477,0.19172356746581182
1784907986133,alice,Walk,http://localhost:3251@Bee,false,-1.3285501659185732,-1.6003558866292515
1784907986134,brice,Walk,http://localhost:3251@alice,false,-1.194363095753296,-0.9451595059179942
1784907986758,Bee,Talk,http://localhost:3251@brice,false,-0.9238177686681637,-1.0800802214205323
1784907986758,brice,Talk,http://localhost:3251@Bee,true,0.5372868994471297,-0.21674669995278179
1784907987391,alice,Walk,http://localhost:3251@Bee,false,-1.7572795340289513,-2.014504122642996
1784907987392,Bat,Walk,http://localhost:3251@alice,true,0.5066324510876478,-0.36095258385924195
1784907987672,Ant,Play,http://localhost:3251@bear,true,0.20647959710145375,0.3686779044960604
1784907987673,bear,Play,http://localhost:3251@brice,false,-0.8902204596154635,-0.9244927223616031
1784907987928,Bat,Exercise,http://localhost:3251@brice,false,-0.44900375454776525,-0.49877193776501233
1784907987929,brice,Exercise,http://localhost:3251@bear,false,-0.5733807234408239,-0.6740341693430726
1784907988344,Bee,Explore,null,true,-0.007753967497743097,null
1784907989092,bear,Walk,http://localhost:3251@brice,true,-0.014811790196885777,-0.5705234322020454
1784907989092,brice,Walk,http://localhost:3251@bear,false,-1.5589862316628695,-1.1475399376200377
1784907989582,Bat,Explore,null,true,0.06898845532538886,null
1784907990696,Ant,Explore,null,true,-0.13600429124283897,null
1784907990753,alice,Talk,http://localhost:3251@Bee,false,-0.4858031259290007,-2.075792819014664
1784907990754,Bee,Talk,http://localhost:3251@brice,true,-0.44097211417763177,-0.5663064862902503
1784907991523,Bat,Sing,http://localhost:3251@Ant,true,-0.09948850297371792,0.02394823938161217
1784907991524,bear,Sing,http://localhost:3251@Bat,true,0.24663701416193962,0.45149565552703164
1784907991688,Ant,Walk,http://localhost:3251@brice,false,-0.8085951761499399,-0.8321759924567542
1784907991689,brice,Walk,http://localhost:3251@Ant,true,-1.0213076343656606,0.1355731357648109
1784907992248,Bee,Explore,null,false,-0.506219271684231,null
1784907992656,Ant,Talk,http://localhost:3251@Bat,false,-0.47760615795517836,-0.22241903539111907
1784907992656,bear,Talk,http://localhost:3251@Ant,true,0.1565164381188473,0.3856879889135774
1784907993057,Bat,Explore,null,true,0.35847067206443606,null
1784907993390,bear,Exercise,http://localhost:3251@Bee,false,-0.35521745797605164,-1.2419442990796998
1784907993391,Bee,Exercise,http://localhost:3251@Bat,true,0.39079682629530815,0.4303324979091787
1784907993557,alice,Explore,null,true,0.11207278314220603,null
1784907994265,Ant,Fight,http://localhost:3251@Bee,true,0.0759680944201323,0.3403284082959369
1784907994266,Bee,Fight,http://localhost:3251@Ant,false,-1.0156844198260264,-0.7566273694502694
1784907994328,Bat,Walk,http://localhost:3251@alice,false,-0.1154414735298791,-0.7739804635026806
1784907994330,bear,Walk,http://localhost:3251@Bat,false,-0.5113561424425063,-0.09766813271444047
1784907995535,bear,Sing,http://localhost:3251@Bee,false,-0.2909645620271298,-1.6519889928271583
1784907995535,Bee,Sing,http://localhost:3251@brice,false,-0.561606312327746,-0.9587973779728034
1784907995869,brice,Explore,null,true,0.01580623056449454,null
1784907996312,Ant,Walk,http://localhost:3251@brice,false,-1.1046023479060532,-1.1222341831249136
1784907996313,Bee,Walk,http://localhost:3251@Ant,false,-0.039388777085803295,-1.2053508229755883
1784907996368,alice,Explore,null,true,0.3949864860656619,null
1784907997599,alice,Play,http://localhost:3251@Ant,true,0.33042138568515567,0.4302906269125477
1784907997599,brice,Play,http://localhost:3251@alice,true,0.2358824881621548,-0.1828340912303652
1784907998027,bear,Walk,http://localhost:3251@brice,true,-0.11220755673360122,-0.052605626318069476
1784907998028,Bee,Walk,http://localhost:3251@bear,true,0.26418944667636346,0.455099708240245
1784907998501,Ant,Explore,null,false,-0.5879347708995275,null
1784907998834,Bat,Play,http://localhost:3251@bear,true,0.2663608055338396,0.23183667121557439
1784907998835,Bee,Play,http://localhost:3251@Bat,false,-0.4196118289940693,-0.15656640342756434
1784907998890,bear,Play,http://localhost:3251@brice,false,-1.0077882120561124,-0.5515613783657212
1784907998891,brice,Play,http://localhost:3251@bear,false,-0.27677152702995456,-1.12569196712854
1784907999167,alice,Explore,null,false,-0.1462552415639049,null
1784907999834,bear,Fight,http://localhost:3251@Bee,false,-0.48648230939303116,-1.7987184942365648
1784907999835,Bee,Fight,http://localhost:3251@bear,false,-1.298484824089871,-0.07786363291807408
1784908000636,Ant,Explore,null,false,-1.02654673221772,null
1784908000762,alice,Sing,http://localhost:3251@brice,false,-0.4352431741559457,-0.4286545757744925
1784908000763,brice,Sing,http://localhost:3251@bear,false,-0.6313749349764002,-1.5081550813339488
1784908000813,Bat,Talk,http://localhost:3251@Bee,true,0.17156473009621376,0.26628153528095666
1784908000813,Bee,Talk,http://localhost:3251@brice,false,-0.7808590314928167,-1.2537628231213576
1784908001779,bear,Dance,http://localhost:3251@Bee,true,0.08257042363789144,-1.3028543390135443
1784908001779,brice,Dance,http://localhost:3251@bear,true,0.17579871313649556,-1.1561548696185644
1784908001907,Ant,Walk,http://localhost:3251@brice,false,-1.3384465904903107,-1.3518300059351227
1784908001908,Bat,Walk,http://localhost:3251@Ant,true,0.23179984842342702,0.312670823614545
1784908001970,alice,Exercise,http://localhost:3251@Bee,false,-0.27819328581102665,-1.648966941581019
1784908001970,Bee,Exercise,http://localhost:3251@Bat,false,-0.23698870052716897,-0.6320332521434718
1784908002990,Bat,Fight,http://localhost:3251@Bee,true,0.3454737849697786,0.5396766621811748
1784908002990,Bee,Fight,http://localhost:3251@Ant,false,-1.5950189212390515,-1.3572015732637202
1784908003045,alice,Sing,http://localhost:3251@bear,false,-0.893725536809459,-0.5364439818388891
1784908003046,bear,Sing,http://localhost:3251@Bat,false,-0.6929002180423032,-0.561585193919451
1784908004268,Ant,Walk,http://localhost:3251@Bat,true,-0.8515782881799858,0.1852325819400866
1784908004269,Bat,Walk,http://localhost:3251@alice,false,-0.2944738506616974,-0.90542209614407
1784908004601,brice,Explore,null,true,0.3099168746105709,null
1784908004712,alice,Talk,http://localhost:3251@Bee,true,0.06980317140852924,-1.1116513640786019
1784908004712,Bat,Talk,http://localhost:3251@alice,false,-0.3553185819446879,-1.3963905107350327
1784908005767,alice,Fight,http://localhost:3251@Bee,true,0.23931978955293637,-0.7415224963651181
1784908005768,Ant,Fight,http://localhost:3251@alice,false,-0.46060375674123427,-0.7793431950414821
1784908005830,Bee,Explore,null,true,0.04397778177144074,null
1784908006145,brice,Explore,null,true,0.5932912536491823,null
1784908006256,Bat,Explore,null,true,0.4664887850907064,null
1784908006611,bear,Fight,http://localhost:3251@Bee,false,-0.8098448764936577,-1.4311985126728763
1784908006611,brice,Fight,http://localhost:3251@bear,true,0.10491127164406905,-0.6180740819297366
1784908007106,alice,Dance,http://localhost:3251@Bat,true,0.22131676547837115,0.3848056428103487
1784908007108,Bee,Dance,http://localhost:3251@alice,true,0.24487891041744564,0.3260940512582766
1784908007895,Bat,Explore,null,false,-0.05853620179780106,null
1784908007946,bear,Sing,http://localhost:3251@Bat,true,-0.19524158852649476,-0.10138585078731849
1784908007946,Bee,Sing,http://localhost:3251@bear,true,-0.010853318855828742,0.24811949398287914
1784908008743,alice,Talk,http://localhost:3251@Bee,false,-0.4445710222819784,-1.1284720901326026
1784908008743,bear,Talk,http://localhost:3251@alice,true,0.364777199341327,0.2732847225930165
1784908008853,brice,Explore,null,false,0.02604377279776926,null
1784908009013,Ant,Play,http://localhost:3251@Bat,false,-0.4404336253045515,-0.36627345356935015
1784908009013,Bat,Play,http://localhost:3251@Ant,true,0.46627995937281463,0.5349648835909256
1784908010001,Bat,Talk,http://localhost:3251@Bee,true,0.012136029362579404,0.7096406804048201
1784908010002,brice,Talk,http://localhost:3251@Bat,false,-0.3473138942571148,-0.6280176934580675
1784908010116,Bee,Explore,null,true,0.3369012557937788,null
1784908010357,Bat,Talk,http://localhost:3251@bear,true,0.3121360293625794,0.4369637413179583
1784908010358,bear,Talk,http://localhost:3251@alice,true,0.6266897142464312,0.5447502423206224
1784908010967,Ant,Sing,http://localhost:3251@brice,false,-0.4336942288525396,-1.248248078145875
1784908010968,brice,Sing,http://localhost:3251@Ant,false,-0.8921750924834689,-0.45148174260585006
1784908011284,alice,Exercise,http://localhost:3251@Bee,false,-0.6586834695632762,-1.4468880779513484
1784908011285,Bee,Exercise,http://localhost:3251@Bat,true,0.1505654334422785,-0.09853214467201599
1784908012026,bear,Explore,null,false,-0.5374101554256586,null
1784908012383,alice,Dance,http://localhost:3251@brice,false,-0.33941998943756135,-0.7222956896588892
1784908012385,brice,Dance,http://localhost:3251@bear,true,0.4064936631912031,-0.1715056407774191
1784908012699,Ant,Explore,null,true,-0.2063293587131511,null
1784908012761,Bat,Talk,http://localhost:3251@Bee,true,0.563225916707977,0.8984436305359931
1784908012761,Bee,Talk,http://localhost:3251@Bat,true,-0.12576053995830505,0.20996872734098584
1784908014461,Bee,Explore,null,false,-0.22430692358614385,null
1784908014768,alice,Explore,null,true,0.23762146566071962,null
1784908014768,brice,Explore,null,false,-0.48013217809921094,null
1784908015328,Bat,Talk,http://localhost:3251@Bee,true,0.772596451775192,1.0538738174427447
1784908015329,bear,Talk,http://localhost:3251@Bat,false,-0.03375484618418395,-0.5648980333539727
1784908015856,Ant,Explore,null,false,-0.6731286148812707,null
1784908016023,alice,Exercise,http://localhost:3251@brice,false,-1.036318866846012,-1.1091156648367202
1784908016024,brice,Exercise,http://localhost:3251@alice,false,-0.6326730355885327,-0.5764316485957771
1784908016691,Bee,Explore,null,true,0.09911363730471145,null
1784908017063,Ant,Fight,http://localhost:3251@brice,false,-0.7412708709787966,-1.4148121253265673
1784908017063,brice,Fight,http://localhost:3251@Bee,false,-0.4364478531833749,-0.5446912939306073
1784908017250,alice,Walk,http://localhost:3251@Bat,false,-0.8360914753931563,-0.27605872193107833
1784908017251,Bat,Walk,http://localhost:3251@alice,false,-0.6496796076420617,-1.2169297923283255
1784908017580,bear,Explore,null,true,-0.07837420478667745,null
1784908018011,Bat,Walk,http://localhost:3251@Bee,false,-1.143199053555832,0.43442091986102416
1784908018012,Bee,Walk,http://localhost:3251@Bat,true,0.4014200657381118,0.468410889123006
1784908018371,Ant,Play,http://localhost:3251@Bat,false,-0.772205076139715,-0.7263712114347756
1784908018372,bear,Play,http://localhost:3251@Ant,false,-0.8246276610803958,-0.40616931549069
1784908019542,alice,Explore,null,true,0.4905904884666228,null
1784908019732,Bee,Dance,http://localhost:3251@brice,false,-0.3624040440093388,-1.0035192557155788
1784908019732,brice,Dance,http://localhost:3251@bear,false,-0.22642452704413601,-0.6154255060753832
1784908019970,Bat,Dance,http://localhost:3251@bear,true,0.16655444681882048,0.5467610481437774
1784908019970,bear,Dance,http://localhost:3251@Bee,false,-0.47074485687384027,-1.2094653354437026
1784908020159,alice,Fight,http://localhost:3251@Ant,true,0.4156978584768735,0.4365360632460339
1784908020159,Ant,Fight,http://localhost:3251@Bee,false,-1.1251175327012937,-0.42203782586690275
1784908021383,alice,Exercise,http://localhost:3251@brice,false,-1.3188006898393352,-1.376317801917296
1784908021383,Bee,Exercise,http://localhost:3251@alice,true,0.3925900057462583,0.4674220346320157
1784908021554,Ant,Sing,http://localhost:3251@brice,true,0.0476075475633817,-0.8234674326033662
1784908021555,Bat,Sing,http://localhost:3251@Ant,true,0.28039119816481134,0.5651896555416467
1784908022064,brice,Explore,null,true,-0.023135142313488677,null
1784908022417,Bat,Fight,http://localhost:3251@bear,false,-0.36803869514430443,-0.012776278651201123
1784908022418,bear,Fight,http://localhost:3251@Bee,false,-0.8385461573425299,-1.5199483292551181
1784908022725,alice,Play,http://localhost:3251@Ant,true,0.39389909690027514,0.6909560192293294
1784908022725,Ant,Play,http://localhost:3251@alice,true,-0.3224796014230437,-0.011424319485443202
1784908023105,Bee,Explore,null,true,0.3741091952950577,null
1784908023773,alice,Sing,http://localhost:3251@Bat,true,-0.01349314102040905,0.08940510792829906
1784908023774,Bat,Sing,http://localhost:3251@Ant,true,0.5549194135041664,0.8138457143173614
1784908024383,Ant,Explore,null,false,-0.9507591098516127,null
1784908024384,brice,Explore,null,false,-0.5207195324847373,null
1784908024447,Bat,Sing,http://localhost:3251@bear,false,0.0549194135041664,-0.5120908898145369
1784908024448,bear,Sing,http://localhost:3251@Bat,false,-0.5772400009535804,-0.8491289114766514
1784908025133,alice,Walk,http://localhost:3251@Bee,false,-1.1036066891331116,-1.3089325382003496
1784908025134,bear,Walk,http://localhost:3251@alice,true,0.2751818496980577,0.5504810918412332
1784908025576,Bee,Explore,null,true,0.6317052313191822,null
1784908026320,alice,Fight,http://localhost:3251@Bat,false,-0.1796844768613171,-0.42072864719862535
1784908026321,Bat,Fight,http://localhost:3251@bear,false,-0.8088170772712358,-0.9540471851497977
1784908026445,Ant,Sing,http://localhost:3251@brice,false,-0.4612365769867591,-1.1704906692606862
1784908026446,Bee,Sing,http://localhost:3251@Ant,true,0.29534774824691673,-0.1596526788076567
1784908027140,Ant,Walk,http://localhost:3251@brice,false,-0.7595940397453391,-1.6704906692606862
1784908027141,brice,Walk,http://localhost:3251@Ant,true,0.14254164989457838,0.1055008275122705
1784908028136,Bee,Explore,null,true,0.8888946432280171,null
1784908028383,alice,Play,http://localhost:3251@Ant,true,0.6035185116174604,0.8324153931805196
1784908028383,Ant,Play,http://localhost:3251@alice,false,-0.7612592282878718,-0.5092554967176529
1784908029168,Ant,Play,http://localhost:3251@Bat,false,-1.2536656674857003,-0.9696416964629582
1784908029168,Bat,Play,http://localhost:3251@bear,false,-0.34365703192003416,-1.3005301268153064
1784908029472,Bee,Play,http://localhost:3251@Ant,true,0.19893456388746183,0.15701713782404828
1784908029473,brice,Play,http://localhost:3251@Bee,false,-0.5579325443195775,-0.7741021840074109
1784908030461,alice,Dance,http://localhost:3251@Bat,true,0.15304245097472732,-0.03576909294676206
1784908030462,Bee,Dance,http://localhost:3251@alice,false,-0.7378656979084286,-0.16423725192709804
1784908030898,bear,Explore,null,true,0.26304822888074864,null
1784908031055,alice,Exercise,http://localhost:3251@Ant,false,-1.3526821871825803,0.23806403055883396
1784908031056,Ant,Exercise,http://localhost:3251@brice,true,0.2894483217366279,-1.1158124232286741
1784908031464,Bat,Explore,null,false,-0.516802412594712,null
1784908031464,bear,Talk,http://localhost:3251@Bee,true,0.28609978795737306,-0.606997606803126
1784908031464,Bee,Talk,http://localhost:3251@brice,false,-0.5575367053330382,-1.1233305047719533
1784908032709,alice,Explore,null,false,-0.22156280618138174,null
1784908033151,bear,Explore,null,false,-0.2560046255875965,null
1784908033209,Bee,Explore,null,true,1.0310556502741286,null
1784908033462,Ant,Explore,null,true,-0.3430885742326369,null
1784908033962,Bat,Explore,null,true,-0.15822467336264667,null
1784908034527,bear,Dance,http://localhost:3251@Bee,false,-0.7121560507099808,-1.0436191600594773
1784908034528,Bee,Dance,http://localhost:3251@bear,false,-1.1253727967456388,-0.42126888943387203
1784908034653,alice,Walk,http://localhost:3251@brice,true,-0.4028968406244004,-0.4618022574444867
1784908034654,brice,Walk,http://localhost:3251@Ant,true,0.3863475174747473,0.36390928233224107
1784908035587,Bat,Explore,null,true,0.15026335572377322,null
1784908035800,Ant,Explore,null,true,-0.005729335433423022,null
1784908036743,bear,Explore,null,false,-0.7169748900610964,null
1784908036806,Bee,Explore,null,true,1.1738638446536729,null
1784908037360,Ant,Explore,null,true,0.2945780171732927,null
1784908037468,alice,Sing,http://localhost:3251@Bat,false,-0.5067223525176042,-0.5251839343991408
1784908037468,Bat,Sing,http://localhost:3251@Ant,true,0.3274986284834522,0.7074996346995779
1784908038591,Ant,Sing,http://localhost:3251@brice,false,-0.7780064651539245,-1.2935251268154613
1784908038591,Bee,Sing,http://localhost:3251@Ant,false,-0.3246385767198441,-0.3959026490662009
1784908038750,Bat,Sing,http://localhost:3251@Ant,false,-0.19161982218680346,0.1661977919167119
1784908038750,bear,Sing,http://localhost:3251@Bat,false,-0.7721563868388865,-0.9003462270912622
1784908039034,alice,Explore,null,false,-0.6559956576049147,null
1784908039731,alice,Exercise,http://localhost:3251@Bee,false,-1.387839685625012,-1.1391721011043647
1784908039731,Ant,Exercise,http://localhost:3251@brice,false,-0.3051975499600046,-1.7241334278655764
1784908039731,Bat,Exercise,http://localhost:3251@Ant,true,0.26911304532506664,0.45966506255198314
1784908039732,Bee,Exercise,http://localhost:3251@Bat,false,-0.31857644432825305,-0.3183693055310413
1784908040010,brice,Explore,null,true,0.11916857446188489,null
1784908040959,alice,Walk,http://localhost:3251@Bee,false,-0.7923284134538922,-1.5780607350758185
1784908040960,bear,Walk,http://localhost:3251@alice,true,0.41275301359729405,0.5255541275761184
1784908041143,Bee,Play,http://localhost:3251@Ant,true,0.4163536163417356,-0.04927333124325772
1784908041143,brice,Play,http://localhost:3251@Bee,true,0.04980731149835982,-0.047129251669661865
1784908041250,Bat,Explore,null,false,-0.38479366445205637,null
1784908042156,Ant,Exercise,http://localhost:3251@brice,false,-0.7586680013983946,-1.9612769597547437
1784908042157,Bee,Exercise,http://localhost:3251@Ant,true,0.014687080905360972,0.25266345344081403
1784908042547,alice,Explore,null,true,-0.2787326484255664,null
1784908042548,bear,Explore,null,true,-0.22021289562116703,null
1784908043134,alice,Fight,http://localhost:3251@Bee,false,-0.5822074460042741,-1.9637601687669692
1784908043134,Bee,Fight,http://localhost:3251@Ant,false,-0.757257017749694,-0.260890783684805
1784908043188,Ant,Sing,http://localhost:3251@brice,false,-1.1025045403033364,-2.393653398754939
1784908043189,brice,Sing,http://localhost:3251@bear,true,0.16652568608248838,0.1547143414761811
1784908043610,bear,Talk,http://localhost:3251@alice,false,-0.34322123991775055,-0.03167395761425357
1784908043611,brice,Talk,http://localhost:3251@bear,true,0.24983147582594334,0.45394076976880016
1784908044411,alice,Walk,http://localhost:3251@Bee,false,-1.1955131245854682,-2.3584134293678414
1784908044411,bear,Walk,http://localhost:3251@alice,false,-0.13768163138601358,-0.5312012198376161
1784908045116,Bat,Play,http://localhost:3251@bear,false,-0.6502912020204407,-1.0687596000315511
1784908045116,Bee,Play,http://localhost:3251@Bat,true,0.6373119540594099,0.05955059216643746
1784908155021,Ant,Explore,null,true,0.5,null
1784908155021,Bee,Explore,null,false,-0.9,null
1784908155074,brice,Explore,null,false,-0.9,null
